sequence,stamp_ns,submap,online_x,online_y,online_yaw,optimized_x,optimized_y,optimized_yaw
0,1333736129871894972,0,0,0,0,-2.0325532861370034e-20,-3.5862705673810959e-20,6.5252267809787936e-21
1,1333736129921899972,0,-0.0025593557247889412,0.00047685756999413524,-0.00043862949481920937,-0.0025593557247889412,0.00047685756999413519,-0.00043862949481920937
2,1333736129971897972,0,-0.00079242643118615638,-0.00093634297967069879,1.4339875598204059e-05,-0.00079242643118615638,-0.00093634297967069879,1.4339875598204066e-05
3,1333736130021895972,0,-0.0015518669885597426,0.0012325424441398274,-0.0005206016819864302,-0.0015518669885597426,0.0012325424441398274,-0.0005206016819864302
4,1333736130071896972,0,-0.00097889277490703034,0.0025933336954505359,-0.00025336015826715101,-0.00097889277490703034,0.0025933336954505359,-0.00025336015826715101
5,1333736130121894972,0,-0.0032612165648011459,0.0017744932038222978,-0.0011199788665960772,-0.0032612165648011459,0.0017744932038222978,-0.0011199788665960772
6,1333736130171894972,0,-0.0013836489464835518,0.0025513257523763133,-0.00050914884489174962,-0.0013836489464835518,0.0025513257523763133,-0.00050914884489174962
7,1333736130221893972,0,-0.0018847959608240283,0.0002224421150738903,-0.00011446938790644226,-0.0018847959608240283,0.00022244211507389027,-0.00011446938790644226
8,1333736130271894972,0,-0.0020091190979197831,-0.0027444381841016225,0.00067131775551426969,-0.0020091190979197831,-0.0027444381841016225,0.00067131775551426969
9,1333736130321894972,0,-0.0010965199131949381,0.00066688708230657444,-9.8874395583778749e-05,-0.0010965199131949381,0.00066688708230657444,-9.8874395583778749e-05
10,1333736130371898972,0,0.00065021515050966657,0.00053509649690558947,6.7547811714947586e-05,0.00065021515050966657,0.00053509649690558947,6.7547811714947586e-05
11,1333736130421894972,0,-0.0031026745543154058,0.00020713018882083649,-0.0003004082852007505,-0.0031026745543154058,0.00020713018882083647,-0.0003004082852007505
12,1333736130471894972,0,-0.00039755529712375394,0.0007193534807586209,-0.00015738673066494226,-0.00039755529712375389,0.0007193534807586209,-0.00015738673066494226
13,1333736130521896972,0,-0.0021516926516324864,-0.00051758928514001907,-0.00044681224861599486,-0.0021516926516324864,-0.00051758928514001907,-0.00044681224861599486
14,1333736130571892972,0,-0.0015849164703583677,0.0016574165234668988,-0.00065577418571638934,-0.0015849164703583677,0.0016574165234668988,-0.00065577418571638934
15,1333736130621893972,0,-0.0032737355663158829,8.1218017254501519e-05,5.876967065607567e-05,-0.0032737355663158829,8.1218017254501492e-05,5.8769670656075677e-05
16,1333736130671895972,0,-0.0037107501036169137,0.00085473129361367337,-0.00092701956289333585,-0.0037107501036169137,0.00085473129361367337,-0.00092701956289333585
17,1333736130721893972,0,-0.00064123200047376061,-0.00068581618840069783,-0.0011553056914956215,-0.00064123200047376051,-0.00068581618840069783,-0.0011553056914956215
18,1333736130771894972,0,0.0002563280244759034,0.0019030927041204823,-0.00063627756851601333,0.00025632802447590346,0.0019030927041204823,-0.00063627756851601333
19,1333736130821895972,0,-0.0036171437683858499,0.00017391089517272804,-0.00014204308549530567,-0.0036171437683858499,0.00017391089517272801,-0.00014204308549530567
20,1333736130871891972,0,-0.0049878785175953046,0.0017122837077168799,-0.00051517126239168849,-0.0049878785175953046,0.0017122837077168799,-0.00051517126239168849
21,1333736130921890972,0,-0.004064792229006518,0.00071008447943254264,-0.00020382426597040192,-0.004064792229006518,0.00071008447943254264,-0.00020382426597040192
22,1333736130971892972,0,-0.0020218898180760559,-0.00037661955702525775,-0.00061258196929490992,-0.0020218898180760559,-0.00037661955702525781,-0.00061258196929490992
23,1333736131021890972,0,-0.00062439658052842453,-0.00042138206710226698,-0.00045143265352548019,-0.00062439658052842442,-0.00042138206710226703,-0.00045143265352548019
24,1333736131071895972,0,-0.0034072393066907252,0.0010573314686034773,-0.00050054413969018163,-0.0034072393066907252,0.0010573314686034773,-0.00050054413969018163
25,1333736131121893972,0,-0.0031673803199626155,0.0013389279336031659,-0.00067520239328770456,-0.0031673803199626155,0.0013389279336031659,-0.00067520239328770456
26,1333736131171896972,0,-0.0015113352133619847,0.0012001275652766387,0.00030680475002115004,-0.0015113352133619847,0.0012001275652766387,0.00030680475002115004
27,1333736131220881972,0,-0.0041682555989830377,-0.0013202809323204039,2.2634161060328371e-08,-0.0041682555989830377,-0.0013202809323204039,2.2634161060333152e-08
28,1333736131270876972,0,-0.0018017642497310613,-0.0015224646104172938,0.0001226950009288771,-0.0018017642497310613,-0.0015224646104172938,0.0001226950009288771
29,1333736131320879972,0,-0.003836521656939664,0.0027334683426740898,-0.0019596673860402397,-0.003836521656939664,0.0027334683426740898,-0.0019596673860402397
30,1333736131370878972,0,-0.00050997795377096455,-0.0013565872513305773,1.9096085984784961e-05,-0.00050997795377096444,-0.0013565872513305773,1.9096085984784964e-05
31,1333736131420878972,0,-0.0012057178912363905,0.0011326520936452459,-0.00060458998392163481,-0.0012057178912363903,0.0011326520936452459,-0.00060458998392163481
32,1333736131470886972,0,-0.0043464679828514249,-0.00084079598378253902,-0.00050746853899401713,-0.0043464679828514249,-0.00084079598378253902,-0.00050746853899401713
33,1333736131520888972,0,-8.0159574033405664e-05,-0.00087045245847073953,0.00015266814198398046,-8.0159574033405542e-05,-0.00087045245847073953,0.00015266814198398046
34,1333736131570886972,0,0.00033064313047740442,0.00085107694375940427,0.00047608476093322262,0.00033064313047740453,0.00085107694375940427,0.00047608476093322262
35,1333736131620884972,0,-0.00093731957912935877,-0.00082267313169305306,-5.184413809124173e-05,-0.00093731957912935866,-0.00082267313169305306,-5.1844138091241723e-05
36,1333736131670885972,0,-0.0016200236783678297,0.00072724864332187017,2.6298509774892049e-05,-0.0016200236783678295,0.00072724864332187017,2.6298509774892053e-05
37,1333736131720886972,0,-0.0035382328294990043,0.00023755111719285602,-0.00057195736254312757,-0.0035382328294990043,0.00023755111719285599,-0.00057195736254312757
38,1333736131770882972,0,0.0012371708416436516,0.00027425285831601527,0.00024447544751832239,0.0012371708416436518,0.00027425285831601527,0.00024447544751832239
39,1333736131820881972,0,0.00056828854707634984,0.00090349020208518546,6.9423646116446034e-05,0.00056828854707634995,0.00090349020208518546,6.9423646116446034e-05
40,1333736131870884972,0,-0.0024985478184849693,-0.00077798913362867083,-0.00019533431898983772,-0.0024985478184849693,-0.00077798913362867083,-0.00019533431898983772
41,1333736131920883972,0,-0.00080553913414167203,0.001616383259038544,-0.00046184750945238196,-0.00080553913414167181,0.001616383259038544,-0.00046184750945238196
42,1333736131970895972,0,-0.0014794942237022963,0.00093529078466529354,-0.0001549885606061682,-0.0014794942237022961,0.00093529078466529354,-0.0001549885606061682
43,1333736132020882972,0,-0.0041310078980791205,0.0007240167617553262,7.6222345625892276e-05,-0.0041310078980791205,0.0007240167617553262,7.6222345625892276e-05
44,1333736132070882972,0,-0.0022228784068990034,0.0015562840043022532,-5.285002487419191e-05,-0.0022228784068990034,0.0015562840043022532,-5.2850024874191903e-05
45,1333736132120884972,0,-0.0011723037458438385,0.0007825702896300656,0.00046246536549928547,-0.0011723037458438383,0.0007825702896300656,0.00046246536549928547
46,1333736132170886972,0,-0.0028422616834984189,0.00061694407309589362,-0.0004994651611398128,-0.0028422616834984189,0.00061694407309589362,-0.0004994651611398128
47,1333736132220881972,0,-0.00016487663086548398,-7.4395553995259384e-05,-0.00028236893230859444,-0.00016487663086548379,-7.4395553995259398e-05,-0.00028236893230859444
48,1333736132270881972,0,-0.0019561109195941886,-0.00025836586798100064,-0.00015894611799908482,-0.0019561109195941886,-0.00025836586798100064,-0.00015894611799908482
49,1333736132320880972,0,-0.00040147518660773435,-0.0021329023199259732,0.00061239817402498854,-0.00040147518660773414,-0.0021329023199259732,0.00061239817402498854
50,1333736132370881972,0,0.0019486945190119623,0.0017600636208217404,-3.7416889302049937e-05,0.0019486945190119625,0.0017600636208217404,-3.7416889302049937e-05
51,1333736132420879972,0,0.00086516282228999634,0.00050065466218492919,-0.00095110883095684683,0.00086516282228999656,0.00050065466218492919,-0.00095110883095684683
52,1333736132470879972,0,-0.002208027883262167,3.1010317719813068e-05,-0.0006088878035087552,-0.002208027883262167,3.1010317719813047e-05,-0.0006088878035087552
53,1333736132520881972,0,-0.0012329073427544764,-0.00058112794459104825,-0.00042377478267771195,-0.0012329073427544762,-0.00058112794459104825,-0.00042377478267771195
54,1333736132570881972,0,-0.0019141681265741938,2.6481356796415512e-05,-7.1854713469255115e-06,-0.0019141681265741936,2.6481356796415495e-05,-7.1854713469255081e-06
55,1333736132620881972,0,-0.0029917976101165029,0.00020607455001643782,-0.00046576286224279907,-0.0029917976101165025,0.0002060745500164378,-0.00046576286224279907
56,1333736132670882972,0,-0.002954369524139893,-0.00064150117060461902,-0.0007457040084441703,-0.0029543695241398926,-0.00064150117060461902,-0.0007457040084441703
57,1333736132720882972,0,-0.0043958845362631772,-0.00036006919093432908,-0.0007230106945150781,-0.0043958845362631772,-0.00036006919093432908,-0.0007230106945150781
58,1333736132770879972,0,-0.0034479300613036836,0.00051705830990662438,-0.00024241298194328364,-0.0034479300613036831,0.00051705830990662438,-0.00024241298194328364
59,1333736132820881972,0,-0.0027493917174738298,-0.00025872800381992653,0.00027589170211301953,-0.0027493917174738294,-0.00025872800381992653,0.00027589170211301953
60,1333736132870884972,0,-0.0047794336445999442,0.0013573408881357462,-0.00024215202921388894,-0.0047794336445999442,0.0013573408881357462,-0.00024215202921388894
61,1333736132920881972,0,-0.0034323682054408101,-0.0016875303821776888,-6.7478953504635457e-05,-0.0034323682054408096,-0.0016875303821776888,-6.7478953504635457e-05
62,1333736132970885972,0,-0.0031385835578644538,0.0027564139752378424,-0.00051316217303515451,-0.0031385835578644533,0.0027564139752378424,-0.00051316217303515451
63,1333736133020885972,0,0.002218390995008162,0.001374988047590682,-0.00027341466395354881,0.0022183909950081624,0.001374988047590682,-0.00027341466395354881
64,1333736133070885972,0,-0.0042492739000831361,0.0010770051984505531,-0.00030576824805027622,-0.0042492739000831361,0.0010770051984505531,-0.00030576824805027622
65,1333736133120884972,0,-0.0041385669472318786,0.0017300943469207601,-0.00059498654874305505,-0.0041385669472318786,0.0017300943469207601,-0.00059498654874305505
66,1333736133170885972,0,-0.0016904776209889748,0.0031824232185302384,4.5722879443911026e-05,-0.0016904776209889746,0.0031824232185302384,4.5722879443911026e-05
67,1333736133220884972,0,-0.0026407222689442756,-0.00074004435266790793,-9.0728315246018874e-06,-0.0026407222689442751,-0.00074004435266790793,-9.0728315246018857e-06
68,1333736133270884972,0,-0.00046587550739486065,-0.0010106515702121182,-2.2087320559762596e-05,-0.00046587550739486037,-0.0010106515702121182,-2.2087320559762593e-05
69,1333736133320885972,0,-0.00022624411395905829,-8.3971647485279436e-05,0.00015971349475439288,-0.00022624411395905799,-8.3971647485279449e-05,0.00015971349475439288
70,1333736133370885972,0,-0.0044322791056135872,-0.00066652768454034236,-2.152550528263669e-05,-0.0044322791056135872,-0.00066652768454034236,-2.1525505282636686e-05
71,1333736133420886972,0,-0.0029140791674122776,0.002269121104323344,-0.00095998047944454053,-0.0029140791674122772,0.002269121104323344,-0.00095998047944454053
72,1333736133470885972,0,0.00038865105188881166,0.00024832782940382384,6.6378884889074091e-05,0.00038865105188881199,0.00024832782940382384,6.6378884889074091e-05
73,1333736133520885972,0,-0.0027433063516179154,0.00014206397780882696,-3.0674260664296013e-05,-0.0027433063516179149,0.00014206397780882696,-3.0674260664296013e-05
74,1333736133570885972,0,-0.0039252945588645581,-0.00097318554779160277,0.00030939591207657222,-0.0039252945588645581,-0.00097318554779160277,0.00030939591207657222
75,1333736133620884972,0,-0.0035528119842543589,-0.00027446071958744868,-0.00053450144607697933,-0.0035528119842543585,-0.00027446071958744868,-0.00053450144607697933
76,1333736133670885972,0,-0.0026836792153044431,0.00077547852553354053,-0.00085329489018941881,-0.0026836792153044427,0.00077547852553354053,-0.00085329489018941881
77,1333736133720886972,0,-0.00082224049754514258,0.0014888693294613652,-0.00018902530928435372,-0.00082224049754514225,0.0014888693294613652,-0.00018902530928435372
78,1333736133770885972,0,-0.0019496549227286681,0.0015184527118053918,-6.4669578152279171e-05,-0.0019496549227286677,0.0015184527118053918,-6.4669578152279171e-05
79,1333736133820885972,0,-0.0029553109303733409,-0.00038018466432367484,-7.6696781680729773e-05,-0.0029553109303733405,-0.00038018466432367484,-7.6696781680729773e-05
80,1333736133870886972,0,-0.00040330002196953653,-0.0005945724611628692,0.00034587242456304965,-0.00040330002196953621,-0.0005945724611628692,0.00034587242456304965
81,1333736133920884972,0,-0.0036691359467342878,0.0025529838871035048,-0.00077534654573350071,-0.0036691359467342873,0.0025529838871035048,-0.00077534654573350071
82,1333736133970882972,0,-0.0022663989708800536,0.00067271753345700359,-0.00019004927683704013,-0.0022663989708800532,0.00067271753345700359,-0.00019004927683704013
83,1333736134020891972,0,-0.0013189767910193155,0.0042689038771698351,-0.00065001819429538743,-0.0013189767910193151,0.0042689038771698351,-0.00065001819429538743
84,1333736134070886972,0,0.00086822403354178839,0.0023094318147763295,-0.00050293979736587362,0.00086822403354178872,0.0023094318147763295,-0.00050293979736587362
85,1333736134120892972,0,-0.00089084916906690575,0.00067552520443456732,0.0002200329048809667,-0.00089084916906690542,0.00067552520443456732,0.0002200329048809667
86,1333736134170896972,0,-0.00092663916149012242,0.001728245203678867,-0.00059964149921578605,-0.0009266391614901221,0.001728245203678867,-0.00059964149921578605
87,1333736134220884972,0,-0.0045341915661624762,0.0022119573680625089,-0.00088823566517856145,-0.0045341915661624762,0.0022119573680625089,-0.00088823566517856145
88,1333736134270890972,0,-0.00079170433784743997,-0.00020985946943714515,0.00021176842621875613,-0.00079170433784743965,-0.00020985946943714515,0.00021176842621875613
89,1333736134320891972,0,-0.00057748194759788549,-0.00054421942517861549,0.00013476835958620262,-0.00057748194759788506,-0.00054421942517861549,0.00013476835958620262
90,1333736134370878972,0,-0.0023484150073752423,-0.00028927998405833756,-2.6985374684243091e-05,-0.0023484150073752419,-0.00028927998405833756,-2.6985374684243091e-05
91,1333736134419875972,0,0.00027880424439645892,0.003135265791038757,-0.00052547446035938923,0.0002788042443964593,0.003135265791038757,-0.00052547446035938923
92,1333736134469880972,0,-0.0018209401873642834,0.002671554255465264,-0.00047554050726362839,-0.001820940187364283,0.002671554255465264,-0.00047554050726362839
93,1333736134519891972,0,-0.002834407873254079,6.8153327993612789e-05,-0.00056134956910895706,-0.0028344078732540786,6.8153327993612789e-05,-0.00056134956910895706
94,1333736134569881972,0,-0.0015587594821714044,0.0026167774504318444,-0.00086519319521907452,-0.001558759482171404,0.0026167774504318444,-0.00086519319521907452
95,1333736134619884972,0,-0.0014563578537320251,0.00015365246382320098,-0.00086696839225728554,-0.0014563578537320247,0.00015365246382320098,-0.00086696839225728554
96,1333736134669880972,0,-0.00030285723481846515,-0.00010700459792557427,-9.03365963762226e-05,-0.00030285723481846471,-0.00010700459792557427,-9.03365963762226e-05
97,1333736134719880972,0,-0.0036416641190898115,0.0014765668260364926,-0.00054910507946043198,-0.0036416641190898111,0.0014765668260364926,-0.00054910507946043198
98,1333736134769881972,0,-0.00048538432154662196,0.00054091460459380653,-0.00076024914063180606,-0.00048538432154662152,0.00054091460459380653,-0.00076024914063180606
99,1333736134819881972,0,-0.0042328358065282659,-8.8628308403039318e-05,0.00015860070071639225,-0.0042328358065282659,-8.8628308403039318e-05,0.00015860070071639225
100,1333736134869879972,0,-0.0027528549141105003,-0.0022093899158523388,-5.6350443083266652e-05,-0.0027528549141104999,-0.0022093899158523388,-5.6350443083266652e-05
101,1333736134919879972,0,-0.0034165461040851827,0.0018702394866414443,-0.0011069933110799649,-0.0034165461040851827,0.0018702394866414443,-0.0011069933110799649
102,1333736134969878972,0,-0.0051998455613746497,0.0003305074862120607,-0.00074023708656208176,-0.0051998455613746497,0.0003305074862120607,-0.00074023708656208176
103,1333736135019878972,0,-0.0049835651225377817,0.0028423681368014275,-0.00089736256107011535,-0.0049835651225377817,0.0028423681368014275,-0.00089736256107011535
104,1333736135069878972,0,-0.0010202450501856641,0.0020819051240423239,-0.00036689458189312764,-0.0010202450501856637,0.0020819051240423239,-0.00036689458189312764
105,1333736135119877972,0,-0.0055184185922781655,0.00060130884789937251,-0.00078465293792473467,-0.0055184185922781655,0.00060130884789937251,-0.00078465293792473467
106,1333736135169879972,0,-0.0028787778343306683,-0.001673773525003441,-0.00037709984213074978,-0.0028787778343306678,-0.001673773525003441,-0.00037709984213074978
107,1333736135219877972,0,-0.0024620050547370779,0.0012364015846543024,-0.00046455890245389808,-0.0024620050547370775,0.0012364015846543024,-0.00046455890245389808
108,1333736135269876972,0,-0.0049886899103895252,0.00076944290657548283,-0.00066922320957230703,-0.0049886899103895252,0.00076944290657548283,-0.00066922320957230703
109,1333736135319876972,0,-0.0020002889308199201,0.00068106677762543272,-0.00057427370414959457,-0.0020002889308199196,0.00068106677762543272,-0.00057427370414959457
110,1333736135369878972,0,-0.004888938200842647,0.00038700648102532104,-0.00092731056105336564,-0.004888938200842647,0.00038700648102532104,-0.00092731056105336564
111,1333736135419882972,0,-0.0047511572513853906,0.00035572488558593078,-0.00062492438618586216,-0.0047511572513853906,0.00035572488558593078,-0.00062492438618586216
112,1333736135469882972,0,-0.0030275704099155323,0.00060880766923965865,-0.00013349538016647086,-0.0030275704099155319,0.00060880766923965865,-0.00013349538016647086
113,1333736135519881972,0,-0.0058207816142252632,0.00082830452734164103,-0.00074603414490895335,-0.0058207816142252632,0.00082830452734164103,-0.00074603414490895335
114,1333736135569881972,0,-0.0049125419018043997,-0.00011442793366002349,-0.0008204730123244577,-0.0049125419018043997,-0.00011442793366002347,-0.0008204730123244577
115,1333736135644873972,0,-0.0036440514318597473,-0.00069929721294845172,-0.00094737457429424124,-0.0036440514318597469,-0.00069929721294845172,-0.00094737457429424124
116,1333736135694873972,0,-0.0032954926819581589,-0.00091059884647460058,-0.00061281497511592631,-0.0032954926819581585,-0.00091059884647460058,-0.00061281497511592631
117,1333736135744873972,0,-0.0027638791062478333,-0.00060504036078926364,-0.00098930429461833937,-0.0027638791062478329,-0.00060504036078926364,-0.00098930429461833937
118,1333736135794874972,0,-0.003125659783377966,0.00044116629930088485,-0.00065159817816494783,-0.0031256597833779656,0.00044116629930088485,-0.00065159817816494783
119,1333736135844874972,0,-0.0078849885245691996,0.0014059651556374705,-0.0011739009537039364,-0.0078849885245691996,0.0014059651556374705,-0.0011739009537039364
120,1333736135894873972,0,-0.0051803104422766619,0.00059881773823984433,-0.00097676966896987445,-0.0051803104422766619,0.00059881773823984433,-0.00097676966896987445
121,1333736135944872972,0,-0.0029600038347766663,-0.00060686834831042693,-0.00085158184741644465,-0.0029600038347766659,-0.00060686834831042693,-0.00085158184741644465
122,1333736135994872972,0,-0.0049490476865526219,0.0016566937125945722,-0.001162262590388162,-0.0049490476865526219,0.0016566937125945722,-0.001162262590388162
123,1333736136044875972,0,-0.0046160268663094778,0.00019587935319110498,-0.00046546794452543476,-0.0046160268663094778,0.00019587935319110501,-0.00046546794452543476
124,1333736136094875972,0,-0.0033652322829827589,0.002568319972229097,-0.00095737314871102881,-0.0033652322829827584,0.002568319972229097,-0.00095737314871102881
125,1333736136144875972,0,-0.0034837842865663693,0.0015044603379230318,-0.0002196366645167623,-0.0034837842865663689,0.0015044603379230318,-0.0002196366645167623
126,1333736136194873972,0,-0.0024790584471352274,0.0025332847082496163,-0.00030877178740677265,-0.002479058447135227,0.0025332847082496163,-0.00030877178740677265
127,1333736136244876972,0,-0.0014481327243886153,0.00070685728305131131,-0.0007974612406399296,-0.001448132724388615,0.00070685728305131131,-0.0007974612406399296
128,1333736136294874972,0,-0.0043141934570536233,0.00063966945704557071,-0.00043783164608649162,-0.0043141934570536233,0.00063966945704557071,-0.00043783164608649162
129,1333736136344874972,0,-0.0035901991020584447,4.3219282115239312e-05,-0.00067091558737170044,-0.0035901991020584442,4.3219282115239346e-05,-0.00067091558737170044
130,1333736136394873972,0,-0.0048162936302144172,0.00067826549640915483,-0.00048285619572045117,-0.0048162936302144172,0.00067826549640915483,-0.00048285619572045117
131,1333736136444872972,0,-0.0032395913182736861,-0.00041510474201561379,-0.00037788321013227923,-0.0032395913182736856,-0.00041510474201561374,-0.00037788321013227923
132,1333736136494872972,0,-0.0027480088425424118,-0.001170365412393186,-0.00034235933645231076,-0.0027480088425424114,-0.001170365412393186,-0.00034235933645231076
133,1333736136544872972,0,-0.0022976080235642669,0.0012546270276702414,-0.00081625158802362181,-0.0022976080235642665,0.0012546270276702414,-0.00081625158802362181
134,1333736136594876972,0,-0.0039743608627485754,0.0013702063718224202,-0.00053849367954014456,-0.0039743608627485754,0.0013702063718224202,-0.00053849367954014456
135,1333736136644871972,0,-0.0048724113637799004,0.00015759438398149509,-0.00093709954032097497,-0.0048724113637799004,0.00015759438398149511,-0.00093709954032097497
136,1333736136694870972,0,-0.003273736369340057,9.6590753610308674e-05,-0.00092147348329674032,-0.0032737363693400565,9.6590753610308714e-05,-0.00092147348329674032
137,1333736136744882972,0,-0.0034046274029585644,0.00048953559469817334,-0.0006984280978899254,-0.003404627402958564,0.00048953559469817334,-0.0006984280978899254
138,1333736136794881972,0,-0.0044661149078960103,0.0010840789856157117,-0.00067016245328809258,-0.0044661149078960103,0.0010840789856157117,-0.00067016245328809258
139,1333736136843856972,0,-0.002359720622582591,-0.00044949848241342908,-0.00044827727413460588,-0.0023597206225825906,-0.00044949848241342903,-0.00044827727413460588
140,1333736136893858972,0,-0.0018658566971007855,-0.001653965870916289,-0.00061005445470364362,-0.0018658566971007852,-0.001653965870916289,-0.00061005445470364362
141,1333736136943861972,0,-0.0020633892340196905,0.00025987360520372685,-0.00065069274103155396,-0.00206338923401969,0.00025987360520372691,-0.00065069274103155396
142,1333736136993860972,0,-0.0047781323900344657,0.0011280849047691096,-0.00075351120960528441,-0.0047781323900344657,0.0011280849047691096,-0.00075351120960528441
143,1333736137043859972,0,-0.0012200822040889128,0.00023858846800719905,-0.00049658114075540728,-0.0012200822040889126,0.0002385884680071991,-0.00049658114075540728
144,1333736137093860972,0,-0.0023533628477938342,0.0008387115879841913,-0.00042909295200185078,-0.0023533628477938337,0.0008387115879841913,-0.00042909295200185078
145,1333736137143862972,0,-0.0010355836203421176,0.00069142875473551075,-0.00039902083457963585,-0.0010355836203421174,0.00069142875473551075,-0.00039902083457963585
146,1333736137193859972,0,-0.0025905723674841995,0.00050903166978973893,-0.00037052318519919619,-0.0025905723674841991,0.00050903166978973893,-0.00037052318519919619
147,1333736137243859972,0,-0.00029436866217770821,0.0022110667554589474,-0.00026624263242681348,-0.000294368662177708,0.0022110667554589474,-0.00026624263242681348
148,1333736137293859972,0,-0.0045086291595849599,0.0011200918339319703,-0.00049544389160841853,-0.0045086291595849599,0.0011200918339319703,-0.00049544389160841853
149,1333736137343859972,0,-0.0029817560432844623,0.0017396444639124898,-0.00075102475050668521,-0.0029817560432844619,0.0017396444639124898,-0.00075102475050668521
150,1333736137393859972,0,-0.0036283557460478127,0.0032015354395638846,-0.00096240787463859568,-0.0036283557460478123,0.0032015354395638846,-0.00096240787463859568
151,1333736137443861972,0,-0.0028797053187569173,0.00070308560050024674,-0.00024240541031375423,-0.0028797053187569173,0.00070308560050024685,-0.00024240541031375423
152,1333736137493861972,0,-0.0027039585522427786,0.00073469450213233065,-0.0010216854332123317,-0.0027039585522427786,0.00073469450213233076,-0.0010216854332123317
153,1333736137543860972,0,-0.0019464199967828884,0.00153866705024313,-0.0003471638832557287,-0.0019464199967828882,0.00153866705024313,-0.0003471638832557287
154,1333736137593859972,0,-0.003884498955802819,-0.0011707867768373031,-0.00047231968187714401,-0.003884498955802819,-0.0011707867768373031,-0.00047231968187714401
155,1333736137643860972,0,-0.0047584989154541976,-0.00080058028360665829,-7.4474355287454966e-05,-0.0047584989154541976,-0.00080058028360665819,-7.4474355287454966e-05
156,1333736137693860972,0,-0.0062458257096344684,0.00040280419369972064,-0.00098460830497105827,-0.0062458257096344684,0.00040280419369972069,-0.00098460830497105827
157,1333736137743859972,0,-0.0045267441893847345,0.00054859133735483544,-0.00073813485533920245,-0.0045267441893847345,0.00054859133735483555,-0.00073813485533920245
158,1333736137793861972,0,-0.0041377089974466543,8.0453468749364001e-05,-0.00073506777630208268,-0.0041377089974466543,8.0453468749364069e-05,-0.00073506777630208268
159,1333736137843861972,0,-0.0051963855731923959,-0.00094670917176623698,-0.0009018351253222011,-0.0051963855731923959,-0.00094670917176623687,-0.0009018351253222011
160,1333736137893859972,0,-0.0045495086194942361,0.0028035853701586064,-0.0008983472467098384,-0.0045495086194942361,0.0028035853701586064,-0.0008983472467098384
161,1333736137943860972,0,-0.0019468095444775311,9.1058333594492939e-06,-0.00032177120801936312,-0.0019468095444775309,9.10583335944936e-06,-0.00032177120801936312
162,1333736137993853972,0,-0.003189605381842057,0.0014363879419074692,-0.00069137083782899484,-0.003189605381842057,0.0014363879419074692,-0.00069137083782899484
163,1333736138043859972,0,-0.0035560207954316273,0.00053782111999582975,-0.0014072639334856258,-0.0035560207954316273,0.00053782111999582985,-0.0014072639334856258
164,1333736138093860972,0,-0.0021876226380639053,0.0016750201383388032,-0.0006852896814687502,-0.0021876226380639053,0.0016750201383388032,-0.0006852896814687502
165,1333736138143861972,0,-0.0043853143603354416,0.001753491526782574,-0.00080896808972258046,-0.0043853143603354416,0.001753491526782574,-0.00080896808972258046
166,1333736138193860972,0,-0.0028997915396471287,0.0011823302074519585,-0.0009509798897845965,-0.0028997915396471287,0.0011823302074519585,-0.0009509798897845965
167,1333736138243860972,0,-0.00332872903900365,0.0011083360769537354,-0.0012634268434497621,-0.00332872903900365,0.0011083360769537354,-0.0012634268434497621
168,1333736138293861972,0,-0.0052536945772150333,0.00011249184330013777,-0.0011556846375665164,-0.0052536945772150333,0.00011249184330013784,-0.0011556846375665164
169,1333736138343860972,0,-0.0047818283793061942,-0.0001944987963738731,-0.00092762024156214321,-0.0047818283793061942,-0.00019449879637387302,-0.00092762024156214321
170,1333736138393860972,0,-0.0032667079527005528,-0.0003108333242980262,-0.00047486907409996704,-0.0032667079527005528,-0.00031083332429802615,-0.00047486907409996704
171,1333736138443860972,0,-0.0036033733211967103,0.0022433484249882694,-0.0005089283532732806,-0.0036033733211967103,0.0022433484249882694,-0.0005089283532732806
172,1333736138493860972,0,-0.0038527173050096558,0.0036404520210282631,-0.00062135421261253821,-0.0038527173050096558,0.0036404520210282631,-0.00062135421261253821
173,1333736138543860972,0,-0.0038078069734258798,0.0015167947786670312,-0.00050161919786752707,-0.0038078069734258798,0.0015167947786670312,-0.00050161919786752707
174,1333736138593860972,0,-0.0047734105437576566,0.00073926015599068027,-0.00047413539064578041,-0.0047734105437576566,0.00073926015599068038,-0.00047413539064578041
175,1333736138643858972,0,-0.004522753034773357,-0.0017945248668244222,-0.00057107946921509294,-0.004522753034773357,-0.0017945248668244222,-0.00057107946921509294
176,1333736138693858972,0,-0.0010519315167054678,0.00167037931020574,-0.00037702966935458844,-0.0010519315167054678,0.00167037931020574,-0.00037702966935458844
177,1333736138743857972,0,-0.0018894696251977232,-0.0014373221732299321,-0.00024704128480117086,-0.0018894696251977232,-0.0014373221732299321,-0.00024704128480117086
178,1333736138793861972,0,-0.0059181359582653661,0.00050002233805182842,-0.00083907575174553778,-0.0059181359582653661,0.00050002233805182853,-0.00083907575174553778
179,1333736138843862972,0,-0.0051701779941310758,0.0010890617587471217,-0.00057491125692781442,-0.0051701779941310758,0.0010890617587471217,-0.00057491125692781442
180,1333736138893861972,0,-0.00096166472094568953,0.00019827053235288124,-0.00071124175071192669,-0.00096166472094568942,0.00019827053235288132,-0.00071124175071192669
181,1333736138943861972,0,-0.0047698390857271846,-0.0011940784196467829,-0.00043577210125692739,-0.0047698390857271846,-0.0011940784196467829,-0.00043577210125692739
182,1333736138993861972,0,-0.0039605518748469784,-0.001103413800479303,-0.00051849640787974725,-0.0039605518748469784,-0.001103413800479303,-0.00051849640787974725
183,1333736139043861972,0,-0.0020861076754455626,0.00188492480375335,-0.00051531603129421433,-0.0020861076754455626,0.00188492480375335,-0.00051531603129421433
184,1333736139093860972,0,-0.0025251248865820891,0.00084295641708133058,-0.00066472613438732574,-0.0025251248865820891,0.00084295641708133069,-0.00066472613438732574
185,1333736139143861972,0,-0.002084401990886236,0.0013171847120907957,-0.00085468457645528648,-0.002084401990886236,0.0013171847120907957,-0.00085468457645528648
186,1333736139193860972,0,-0.00571890137209774,0.002935165570915227,-0.00076674260614493356,-0.00571890137209774,0.002935165570915227,-0.00076674260614493356
187,1333736139243860972,0,-0.001705855356776708,0.0001878002055543896,-0.00090836952805590783,-0.001705855356776708,0.00018780020555438968,-0.00090836952805590783
188,1333736139293860972,0,-0.0056830241429522716,0.00078936325443568851,-0.00047087275033751955,-0.0056830241429522716,0.00078936325443568862,-0.00047087275033751955
189,1333736139343865972,0,-0.0040206605217520675,0.0030990634126444446,-0.00101542740887704,-0.0040206605217520675,0.0030990634126444446,-0.00101542740887704
190,1333736139393862972,0,-0.0030759449429351112,0.0022698414883278915,-0.00049909992602957651,-0.0030759449429351112,0.0022698414883278915,-0.00049909992602957651
191,1333736139443864972,0,-0.002795495026694348,-0.0019355496020154808,-0.00032567806936053135,-0.002795495026694348,-0.0019355496020154808,-0.00032567806936053135
192,1333736139493856972,0,-0.002295285670989927,0.0053069104792743422,-0.00059452436931613922,-0.002295285670989927,0.0053069104792743422,-0.00059452436931613922
193,1333736139542846972,0,-0.0022521960997770136,0.0012813115086923099,-0.00039852838350533577,-0.0022521960997770136,0.0012813115086923099,-0.00039852838350533577
194,1333736139592847972,0,-0.0034812318950415257,-0.00049297817222721647,-0.00040768451758177237,-0.0034812318950415257,-0.00049297817222721636,-0.00040768451758177237
195,1333736139642850972,0,-0.0038683957108766719,1.2165600838689203e-05,-0.0005409205647975584,-0.0038683957108766719,1.2165600838689304e-05,-0.0005409205647975584
196,1333736139692848972,0,-0.0023934800181748786,0.0016316365992110771,-0.00028179441313907051,-0.0023934800181748786,0.0016316365992110771,-0.00028179441313907051
197,1333736139742845972,0,-0.0021556555890983324,0.0011667248641117256,-0.00059605907122225522,-0.0021556555890983324,0.0011667248641117256,-0.00059605907122225522
198,1333736139792846972,0,-0.0046862855885674657,-0.00036178386437996633,-0.00073808899430017445,-0.0046862855885674657,-0.00036178386437996622,-0.00073808899430017445
199,1333736139842849972,0,-0.0016185996026558836,0.00040167457589981252,-0.00044631298752242254,-0.0016185996026558836,0.00040167457589981262,-0.00044631298752242254
200,1333736139892846972,0,-0.0032134832438277124,-0.0001201784353637286,-0.00067470287514043365,-0.0032134832438277124,-0.00012017843536372849,-0.00067470287514043365
201,1333736139942846972,0,-0.0039862157510676399,-0.00094507249908317651,-0.00055025123531073561,-0.0039862157510676399,-0.00094507249908317651,-0.00055025123531073561
202,1333736139992849972,0,-0.00057569380403943438,-0.00055261074452771306,-1.155034013098613e-05,-0.00057569380403943438,-0.00055261074452771296,-1.155034013098613e-05
203,1333736140042851972,0,-0.0048164448040044269,0.00070284897123522056,-0.00092582118728793533,-0.0048164448040044269,0.00070284897123522067,-0.00092582118728793533
204,1333736140092846972,0,-0.00022345741428582682,0.00050605091850264208,8.0993594827517769e-05,-0.00022345741428582682,0.00050605091850264218,8.0993594827517769e-05
205,1333736140142843972,0,-0.0028435283015725114,-0.00063854103711796144,-0.00064178723696302277,-0.0028435283015725114,-0.00063854103711796133,-0.00064178723696302277
206,1333736140192848972,0,-0.003472077480691135,-0.0011199639112722355,-0.00060997670518577352,-0.003472077480691135,-0.0011199639112722353,-0.00060997670518577352
207,1333736140242845972,0,-0.0014392368495598838,0.0011745303619158454,-0.00030633464485372008,-0.0014392368495598838,0.0011745303619158456,-0.00030633464485372008
208,1333736140292844972,0,-0.0029027063513390348,0.00089737709302833643,-0.00071008863208176073,-0.0029027063513390348,0.00089737709302833654,-0.00071008863208176073
209,1333736140342846972,0,-0.0044435404336078755,0.0020837560144365682,-0.00086410487286190459,-0.0044435404336078755,0.0020837560144365682,-0.00086410487286190459
210,1333736140392844972,0,-0.0068337359793702399,-0.00089544623657963375,-0.00076396421148148598,-0.0068337359793702399,-0.00089544623657963364,-0.00076396421148148598
211,1333736140442846972,0,-0.0028979270908913194,-0.00095452242613807672,-0.0011813831060223613,-0.0028979270908913194,-0.00095452242613807661,-0.0011813831060223613
212,1333736140492849972,0,-0.0010389209834955242,-0.0013898378139026732,-0.00029585021169052444,-0.0010389209834955242,-0.001389837813902673,-0.00029585021169052444
213,1333736140542844972,0,-0.0018178630278782328,-0.00024225180989896123,-0.00022635328214596942,-0.0018178630278782328,-0.00024225180989896112,-0.00022635328214596942
214,1333736140592848972,0,-0.0037815813416148631,-0.00056288777584486446,-0.0007132411579316584,-0.0037815813416148631,-0.00056288777584486435,-0.0007132411579316584
215,1333736140642847972,0,-0.0036632340997468471,-0.0017489471491489378,-0.000366958083090276,-0.0036632340997468471,-0.0017489471491489376,-0.000366958083090276
216,1333736140692843972,0,-0.0034960857505618725,-0.00074956595945682258,-0.00047445303675795216,-0.0034960857505618725,-0.00074956595945682247,-0.00047445303675795216
217,1333736140742843972,0,-0.0037871332154758293,0.00039810005478414356,-0.00059560875013938536,-0.0037871332154758293,0.00039810005478414367,-0.00059560875013938536
218,1333736140792843972,0,-0.0019784334542779156,-0.0013659852267364899,-0.00046520202755891263,-0.0019784334542779156,-0.0013659852267364897,-0.00046520202755891263
219,1333736140842847972,0,-0.0014934959949334987,-0.00092846743018417614,-0.00010012514726461669,-0.0014934959949334987,-0.00092846743018417603,-0.00010012514726461669
220,1333736140892847972,0,-0.0035565062747600872,-0.00022821235110716015,-0.00060501039852138181,-0.0035565062747600872,-0.00022821235110716002,-0.00060501039852138181
221,1333736140942845972,0,-0.0040078611932855869,0.0010585069082394475,-0.00093541943104230823,-0.0040078611932855869,0.0010585069082394477,-0.00093541943104230823
222,1333736140992848972,0,-0.0032864611668712556,0.00046384283993486288,-0.00093097038313328826,-0.0032864611668712556,0.00046384283993486299,-0.00093097038313328826
223,1333736141042850972,0,-0.0032526819849771115,0.00085338748376202062,-0.00045161680237984568,-0.0032526819849771115,0.00085338748376202072,-0.00045161680237984568
224,1333736141092848972,0,-0.0012674364075582222,-2.8391065109476627e-05,-0.0003527917600940105,-0.0012674364075582222,-2.8391065109476495e-05,-0.0003527917600940105
225,1333736141142851972,0,-0.0038249990230073737,-0.0011129815160613316,-0.00064667327931299478,-0.0038249990230073737,-0.0011129815160613313,-0.00064667327931299478
226,1333736141192847972,0,-0.0025422136131107958,0.00045028971700781053,-0.00035942893991344023,-0.0025422136131107958,0.00045028971700781064,-0.00035942893991344023
227,1333736141242847972,0,-0.003680912411237647,0.0018279905774392258,-0.00073228307372839657,-0.003680912411237647,0.001827990577439226,-0.00073228307372839657
228,1333736141292846972,0,-0.003093795806831637,0.0011449254831291237,-0.00056739766878894076,-0.003093795806831637,0.0011449254831291239,-0.00056739766878894076
229,1333736141342845972,0,-0.0024628327232510362,-6.7271451097474086e-05,-0.00059841480726328055,-0.0024628327232510362,-6.727145109747395e-05,-0.00059841480726328055
230,1333736141392845972,0,-0.0034147278553493909,-0.00019608334973051961,-0.00033037137721320255,-0.0034147278553493909,-0.00019608334973051947,-0.00033037137721320255
231,1333736141442848972,0,-0.0011135862102583465,0.00063846170317718705,-0.00061224787194764799,-0.0011135862102583465,0.00063846170317718716,-0.00061224787194764799
232,1333736141492848972,0,-0.0031868066425976057,0.00086570872549815718,-0.00083231759329471453,-0.0031868066425976057,0.00086570872549815729,-0.00083231759329471453
233,1333736141542846972,0,-0.0038275001184047298,-0.00040074568955651777,-0.00072979735629632157,-0.0038275001184047298,-0.00040074568955651761,-0.00072979735629632157
234,1333736141592847972,0,-0.0047522295614317624,-0.00029906081996324652,-0.00039699202044929019,-0.0047522295614317624,-0.00029906081996324636,-0.00039699202044929019
235,1333736141642849972,0,-0.0035033921602453224,-0.0017056064648617501,-0.0008917319389561318,-0.0035033921602453224,-0.0017056064648617499,-0.0008917319389561318
236,1333736141692848972,0,-0.0035368484793539515,0.00052274210171965861,-0.00062986736433656167,-0.0035368484793539515,0.00052274210171965871,-0.00062986736433656167
237,1333736141742847972,0,-0.0038973089460727453,-0.00094988708597900458,-0.00059999450215556145,-0.0038973089460727453,-0.00094988708597900447,-0.00059999450215556145
238,1333736141792847972,0,-0.0022974196758922113,-0.00068359805260557625,-0.00052563544272538911,-0.0022974196758922113,-0.00068359805260557614,-0.00052563544272538911
239,1333736141842847972,0,-0.0042967922379096562,-0.00062505327596432396,-0.00062025220858560881,-0.0042967922379096562,-0.00062505327596432386,-0.00062025220858560881
240,1333736141892847972,0,-0.003998543059684446,-0.0017424780865076973,-0.00040069296481864177,-0.003998543059684446,-0.0017424780865076971,-0.00040069296481864177
241,1333736141942846972,0,-0.0026021470047225166,0.0007673107324642236,-0.0006855242921694584,-0.0026021470047225166,0.00076731073246422371,-0.0006855242921694584
242,1333736141992846972,0,-0.003770422043207395,-0.0016343886162727339,-0.00063620404547874601,-0.003770422043207395,-0.0016343886162727337,-0.00063620404547874601
243,1333736142042847972,0,-0.0034832768756891657,0.00025445208255656885,-0.00082364620737404495,-0.0034832768756891657,0.00025445208255656901,-0.00082364620737404495
244,1333736142092847972,0,-0.0021551746286818134,-0.0010625634127356101,-0.00073410122017392089,-0.0021551746286818134,-0.0010625634127356099,-0.00073410122017392089
245,1333736142142848972,0,-0.004899263989683671,0.0015785244430778348,-0.0009359816276411397,-0.004899263989683671,0.001578524443077835,-0.0009359816276411397
246,1333736142192853972,0,-0.0035250468528399935,2.1567888553465295e-05,-0.00055997282654940536,-0.0035250468528399935,2.1567888553465451e-05,-0.00055997282654940536
247,1333736142242850972,0,-0.0030247866225108565,0.0013763577085920665,-0.00057522572126241477,-0.0030247866225108565,0.0013763577085920667,-0.00057522572126241477
248,1333736142292851972,0,-0.0029111362040716115,-0.00029427700296491837,-0.00049040905197802207,-0.0029111362040716115,-0.0002942770029649182,-0.00049040905197802207
249,1333736142341838972,0,-0.0036240517324278082,0.00097053845174643926,-0.00063762325032859285,-0.0036240517324278082,0.00097053845174643937,-0.00063762325032859285
250,1333736142391839972,0,-0.0015734376552488001,7.6335370585726677e-05,-0.00044318614719526697,-0.0015734376552488001,7.6335370585726839e-05,-0.00044318614719526697
251,1333736142441839972,0,-0.0057038810391470815,0.0013055758629480568,-0.0010228358265145668,-0.0057038810391470815,0.001305575862948057,-0.0010228358265145668
252,1333736142491841972,0,-0.0036405432424356635,-0.00073421642789302244,-0.00064281635514900021,-0.0036405432424356635,-0.00073421642789302222,-0.00064281635514900021
253,1333736142541840972,0,-0.0037582339916871622,-0.00077044660405126218,-0.00063055675101298867,-0.0037582339916871622,-0.00077044660405126196,-0.00063055675101298867
254,1333736142591841972,0,-0.0041966963071132356,-0.0023627596540577115,-0.00037329022481777391,-0.0041966963071132356,-0.0023627596540577115,-0.00037329022481777391
255,1333736142641843972,0,-0.0049798311853059725,-0.0025309745147430204,-0.00034718234821709142,-0.0049798311853059725,-0.0025309745147430204,-0.00034718234821709142
256,1333736142691843972,0,-0.0031547306682747972,-0.0020817863125974704,-0.00059044039928960075,-0.0031547306682747972,-0.0020817863125974704,-0.00059044039928960075
257,1333736142741844972,0,-0.0033916039145875767,0.0014119451444286413,-0.0004212399089931671,-0.0033916039145875767,0.0014119451444286415,-0.0004212399089931671
258,1333736142791844972,0,-0.0027944033684676873,-0.0024621776871094421,-0.0003194969984331421,-0.0027944033684676873,-0.0024621776871094421,-0.0003194969984331421
259,1333736142841844972,0,-0.0038423640990025796,-0.0030489306892644043,-0.00078862722374646132,-0.0038423640990025796,-0.0030489306892644043,-0.00078862722374646132
260,1333736142891846972,0,-0.0025837652049819819,0.00060731632946982913,-0.0010106077792086914,-0.0025837652049819819,0.00060731632946982935,-0.0010106077792086914
261,1333736142941846972,0,-0.0067236462780435133,-0.00079480992540118466,-0.00081488569022078396,-0.0067236462780435133,-0.00079480992540118445,-0.00081488569022078396
262,1333736142991847972,0,-0.0034411267080011261,-3.5134093233671684e-05,-0.0012417351966874273,-0.0034411267080011261,-3.5134093233671508e-05,-0.0012417351966874273
263,1333736143041848972,0,-0.0032117788236412093,-0.0015450205162195138,-0.00061768857015017417,-0.0032117788236412093,-0.0015450205162195136,-0.00061768857015017417
264,1333736143091848972,0,-0.0051722209725053019,0.00044504763768097211,-0.00085032805813393714,-0.0051722209725053019,0.00044504763768097227,-0.00085032805813393714
265,1333736143141847972,0,-0.0040860670692813832,0.00019746813451478214,-0.00066453121202448716,-0.0040860670692813832,0.00019746813451478233,-0.00066453121202448716
266,1333736143191847972,0,-0.0051111068105587796,-0.00032375249482147434,-0.00071694062148673209,-0.0051111068105587796,-0.00032375249482147417,-0.00071694062148673209
267,1333736143241847972,0,-0.0043905265801318242,-0.00078364811220011342,-0.00068989964225194217,-0.0043905265801318242,-0.0007836481122001132,-0.00068989964225194217
268,1333736143291847972,0,-0.0033041815379532095,-0.001214160846261914,-0.00037561116468378693,-0.0033041815379532095,-0.0012141608462619138,-0.00037561116468378693
269,1333736143341847972,0,-0.0034201077200373127,-0.00017022970205537395,-0.00073862674620277821,-0.0034201077200373127,-0.00017022970205537376,-0.00073862674620277821
270,1333736143391850972,0,-0.0019064927012986874,-0.0019414176846183702,-0.00023224539313269909,-0.0019064927012986874,-0.00194141768461837,-0.00023224539313269909
271,1333736143441850972,0,-0.0058544816968674179,-0.00012143943731337419,-0.00092297018308859762,-0.0058544816968674179,-0.000121439437313374,-0.00092297018308859762
272,1333736143491853972,0,-0.0033206591473101533,0.00023445937689009261,-0.00073690818496194473,-0.0033206591473101533,0.0002344593768900928,-0.00073690818496194473
273,1333736143541849972,0,-0.0039625267036009432,0.00034249865101517959,-0.00063644942774064366,-0.0039625267036009432,0.00034249865101517975,-0.00063644942774064366
274,1333736143591849972,0,-0.0045446963721360607,0.001109741175424791,-0.00089458310447164326,-0.0045446963721360607,0.0011097411754247913,-0.00089458310447164326
275,1333736143641847972,0,-0.00086781414045797355,-3.313934419690856e-05,-0.00040226600673201889,-0.00086781414045797355,-3.313934419690837e-05,-0.00040226600673201889
276,1333736143691847972,0,-0.0052367833153740056,0.00060546062785389316,-0.0010314591860138211,-0.0052367833153740056,0.00060546062785389338,-0.0010314591860138211
277,1333736143741854972,0,-0.0026413273347774533,-0.00091072273040519313,-0.00057539583945163215,-0.0026413273347774533,-0.00091072273040519291,-0.00057539583945163215
278,1333736143791851972,0,-0.0049595648357856625,-0.00061277345052804157,-0.0010524421383253549,-0.0049595648357856625,-0.00061277345052804136,-0.0010524421383253549
279,1333736143841848972,0,-0.0037951226828474441,0.00026071857690979127,-0.00077388574510812774,-0.0037951226828474441,0.00026071857690979148,-0.00077388574510812774
280,1333736143891849972,0,-0.0035030493934227191,0.00082089541595371384,-0.00088141941361933403,-0.0035030493934227191,0.00082089541595371405,-0.00088141941361933403
281,1333736143941848972,0,-0.0052402217773295703,1.3874434256314267e-05,-0.00095937043519218976,-0.0052402217773295703,1.3874434256314462e-05,-0.00095937043519218976
282,1333736143991850972,0,-0.0037245710262446066,-0.0011950283647156256,-0.00064657090514732098,-0.0037245710262446066,-0.0011950283647156254,-0.00064657090514732098
283,1333736144041849972,0,-0.0043023703039244254,0.0018494804819121162,-0.00096478298528300619,-0.0043023703039244254,0.0018494804819121165,-0.00096478298528300619
284,1333736144091848972,0,-0.0054264208945899407,-0.0014102573662031488,-0.00094496441725892485,-0.0054264208945899407,-0.0014102573662031486,-0.00094496441725892485
285,1333736144141849972,0,-0.0032312258626499583,0.00078545537129450145,-0.00067050614308712816,-0.0032312258626499583,0.00078545537129450166,-0.00067050614308712816
286,1333736144191849972,0,-5.2561674763139474e-05,-0.00066299298891900696,-8.5402589697346231e-05,-5.2561674763139474e-05,-0.00066299298891900674,-8.5402589697346231e-05
287,1333736144241850972,0,-0.0042962717209323077,0.00041427990197608522,-0.00038123348922322365,-0.0042962717209323077,0.00041427990197608544,-0.00038123348922322365
288,1333736144291848972,0,-0.0034537106440482865,0.00015702847559497619,-0.00069182062200074312,-0.0034537106440482865,0.00015702847559497638,-0.00069182062200074312
289,1333736144341848972,0,-0.0032405719909922325,0.00067137685535961246,-0.00078760667501909958,-0.0032405719909922325,0.00067137685535961268,-0.00078760667501909958
290,1333736144391848972,0,-0.0034568332569691494,0.0024939584007629386,-0.00043107754806516653,-0.0034568332569691494,0.0024939584007629386,-0.00043107754806516653
291,1333736144441849972,0,-0.0022542095493378812,-0.00019102220583212641,-0.00036534165484604499,-0.0022542095493378812,-0.00019102220583212619,-0.00036534165484604499
292,1333736144491847972,0,-0.0013274085287485178,-0.00044584714576084868,-0.00067593768540407371,-0.0013274085287485178,-0.00044584714576084846,-0.00067593768540407371
293,1333736144541847972,0,-0.0045102755282314683,0.00045116529401083191,-0.00099872525650081473,-0.0045102755282314683,0.00045116529401083213,-0.00099872525650081473
294,1333736144591850972,0,-0.0029181465394815336,-0.00037040446094215187,-0.00062170671331100485,-0.0029181465394815336,-0.00037040446094215165,-0.00062170671331100485
295,1333736144641847972,0,-0.0033130461152508328,-0.0012230289109943161,-0.00077567625795413558,-0.0033130461152508328,-0.0012230289109943159,-0.00077567625795413558
296,1333736144691853972,0,-0.0037535569174278771,0.0020664168846740707,-0.00088379620989241449,-0.0037535569174278771,0.0020664168846740707,-0.00088379620989241449
297,1333736144741845972,0,-0.0035082707783197541,-0.001182594872667613,-0.0006323287999724259,-0.0035082707783197541,-0.0011825948726676128,-0.0006323287999724259
298,1333736144791848972,0,-0.0025981856152707044,-0.0015929649006946596,-0.00028039578806509139,-0.0025981856152707044,-0.0015929649006946594,-0.00028039578806509139
299,1333736144841848972,0,-0.0053950827605866586,0.0009385145432297768,-0.00072119572500848846,-0.0053950827605866586,0.00093851454322977702,-0.00072119572500848846
300,1333736144891847972,0,-0.0015852975219372359,-0.00016354258963781701,-0.00081414267480789263,-0.0015852975219372359,-0.00016354258963781679,-0.00081414267480789263
301,1333736144941847972,0,-0.0023063963660522901,-0.0027379438304252234,-0.00066457531204163454,-0.0023063963660522901,-0.0027379438304252234,-0.00066457531204163454
302,1333736144991848972,0,-0.0018854693844201414,0.001157595447822716,-0.00063857138498512819,-0.0018854693844201414,0.001157595447822716,-0.00063857138498512819
303,1333736145041847972,0,-0.0036804532697879201,-0.00029592993924221819,-0.00077148840397341383,-0.0036804532697879201,-0.00029592993924221797,-0.00077148840397341383
304,1333736145091847972,0,-0.0043649720144879802,0.00031207490743749133,-0.00101323038440174,-0.0043649720144879802,0.00031207490743749154,-0.00101323038440174
305,1333736145141845972,0,-0.0017762556044381593,0.00073276889398752308,-0.00041878175363488856,-0.0017762556044381593,0.00073276889398752329,-0.00041878175363488856
306,1333736145191848972,0,-0.0037556925968056576,-0.0013688906235146394,-0.0010558481689422704,-0.0037556925968056576,-0.0013688906235146392,-0.0010558481689422704
307,1333736145241846972,0,-0.0019146077824659874,0.0010202100650620093,-0.00051876195710631983,-0.0019146077824659874,0.0010202100650620095,-0.00051876195710631983
308,1333736145290834972,0,-0.0015630905029069561,0.0011041340796606874,-0.0007172559009550588,-0.0015630905029069561,0.0011041340796606877,-0.0007172559009550588
309,1333736145340834972,0,-0.0027641467810198628,0.00045970473852129416,-0.00093854741252187687,-0.0027641467810198628,0.00045970473852129437,-0.00093854741252187687
310,1333736145390835972,0,-0.0028119233493729199,4.4033175462732468e-05,-0.00067180234947780693,-0.0028119233493729199,4.4033175462732678e-05,-0.00067180234947780693
311,1333736145440836972,0,-0.0037037228561936607,-0.00098057029390569844,-0.00074230629084866338,-0.0037037228561936607,-0.00098057029390569823,-0.00074230629084866338
312,1333736145490836972,0,-0.0021429701952843249,0.0012365013819226058,-0.00066204623614333938,-0.0021429701952843249,0.001236501381922606,-0.00066204623614333938
313,1333736145540834972,0,-0.0045516934579535821,-9.5601430588815534e-05,-0.00094764660670682867,-0.0045516934579535821,-9.5601430588815331e-05,-0.00094764660670682867
314,1333736145590832972,0,-0.0050519259525633508,0.00049551630767377523,-0.00085485925722041936,-0.0050519259525633508,0.00049551630767377544,-0.00085485925722041936
315,1333736145640833972,0,-0.0028819743380238756,0.0019549449470712354,-0.0003878680529612493,-0.0028819743380238756,0.0019549449470712354,-0.0003878680529612493
316,1333736145690832972,0,-0.0030196902110893424,-7.8822240387509471e-07,-0.0004746625545173655,-0.0030196902110893424,-7.882224038748929e-07,-0.0004746625545173655
317,1333736145740834972,0,-0.0045648946151460278,-0.00097941994875331401,-0.00081318122967703938,-0.0045648946151460278,-0.0009794199487533138,-0.00081318122967703938
318,1333736145790838972,0,-0.0042432965875042255,0.0017881329840944392,-0.0010480796090450086,-0.0042432965875042255,0.0017881329840944394,-0.0010480796090450086
319,1333736145840835972,0,-0.0038192712692246655,0.00049151926334271151,-0.00065692468255426888,-0.0038192712692246655,0.00049151926334271173,-0.00065692468255426888
320,1333736145890835972,0,-0.0033941491753602467,-0.00069389420462635679,-0.0007406973666245015,-0.0033941491753602467,-0.00069389420462635657,-0.0007406973666245015
321,1333736145940837972,0,-0.0037002231629674328,0.001178091990066475,-0.0011603723599556675,-0.0037002231629674328,0.0011780919900664752,-0.0011603723599556675
322,1333736145990836972,0,-0.0029996375116181709,0.0011628324172576921,-0.00085183402546659052,-0.0029996375116181709,0.0011628324172576923,-0.00085183402546659052
323,1333736146040836972,0,-0.0043911762514339545,0.0005190816927071834,-0.0005337386075709152,-0.0043911762514339545,0.00051908169270718362,-0.0005337386075709152
324,1333736146090903972,0,-0.001585943238832111,-0.00066208228880031443,-0.00048103857924253858,-0.001585943238832111,-0.00066208228880031421,-0.00048103857924253858
325,1333736146140831972,0,-0.0020230103039305461,0.00031085819981290191,-0.00084169277622121535,-0.0020230103039305461,0.00031085819981290213,-0.00084169277622121535
326,1333736146190829972,0,-0.0040412719677064904,0.00099433723792361579,-0.00091078351878890558,-0.0040412719677064904,0.00099433723792361601,-0.00091078351878890558
327,1333736146240836972,0,-0.0041349457233283721,0.00093051499705950279,-0.00092822248305703191,-0.0041349457233283721,0.00093051499705950301,-0.00092822248305703191
328,1333736146290835972,0,-0.0045476062763029059,-0.00031087544110543566,-0.00096064806406028836,-0.0045476062763029059,-0.0003108754411054355,-0.00096064806406028836
329,1333736146340835972,0,-0.0039028877945789337,0.0015103556256291408,-0.00085919914800169862,-0.0039028877945789337,0.0015103556256291411,-0.00085919914800169862
330,1333736146390835972,0,-0.0033673343901290927,-0.00084117544237663901,-0.00073660108646268351,-0.0033673343901290927,-0.00084117544237663879,-0.00073660108646268351
331,1333736146440835972,0,-0.0040263188896703253,0.00061841374269028704,-0.00059376685569454194,-0.0040263188896703253,0.00061841374269028726,-0.00059376685569454194
332,1333736146490834972,0,-0.0022575562746115639,-0.0010815181793625808,-0.00042667107894265287,-0.0022575562746115639,-0.0010815181793625806,-0.00042667107894265292
333,1333736146540833972,0,-0.0018769647725959912,0.00083520901635325594,-0.00062779562932866492,-0.0018769647725959914,0.00083520901635325616,-0.00062779562932866492
334,1333736146590835972,0,-0.0031058129574335043,-0.00031240866334095955,-0.00070860488398250042,-0.0031058129574335043,-0.00031240866334095939,-0.00070860488398250042
335,1333736146640832972,0,-0.0020668568774017582,0.00020278649035476937,-0.00087907243377161959,-0.0020668568774017582,0.00020278649035476956,-0.00087907243377161959
336,1333736146690835972,0,-0.0039631881267676574,0.00061149962482748396,-0.0010745808556779631,-0.0039631881267676574,0.00061149962482748418,-0.0010745808556779631
337,1333736146740835972,0,-0.0031502713444109954,-0.00055143751946568835,-0.00072270434588829718,-0.0031502713444109954,-0.00055143751946568813,-0.00072270434588829718
338,1333736146790832972,0,-0.0042827408288618665,0.0022645187206458855,-0.00070294285441329805,-0.0042827408288618665,0.0022645187206458855,-0.00070294285441329805
339,1333736146840832972,0,-0.00021724137988125402,4.7156002372406546e-05,-0.00072140900374218734,-0.00021724137988125418,4.7156002372406722e-05,-0.00072140900374218734
340,1333736146890834972,0,-0.001773322317555013,0.00054834274402242738,-0.00078722398652649882,-0.0017733223175550132,0.0005483427440224276,-0.00078722398652649882
341,1333736146940836972,0,-0.0024210707855929978,-0.00050693313639170359,-0.00081162134753710088,-0.0024210707855929978,-0.00050693313639170337,-0.00081162134753710088
342,1333736146990836972,0,-0.0021566066789624598,0.0010328913987731865,-0.00065603899391454166,-0.0021566066789624598,0.0010328913987731868,-0.00065603899391454166
343,1333736147040831972,0,-0.0048920060635561195,0.00018102835942841581,-0.00095006901589061543,-0.0048920060635561195,0.00018102835942841597,-0.00095006901589061543
344,1333736147090834972,0,-0.0038760350228273979,0.00058939810737966721,-0.00062646519407015371,-0.0038760350228273979,0.00058939810737966742,-0.00062646519407015371
345,1333736147140827972,0,-0.0030139518366700249,0.00019283525773063656,-0.0010575208347984439,-0.0030139518366700249,0.00019283525773063672,-0.0010575208347984439
346,1333736147190832972,0,-0.0042695087928762612,0.0011164149457414973,-0.00089217625402090441,-0.0042695087928762612,0.0011164149457414975,-0.00089217625402090441
347,1333736147240834972,0,-0.0025191789170257613,0.00022344522873742696,-0.00068628700969515706,-0.0025191789170257613,0.00022344522873742712,-0.00068628700969515706
348,1333736147290834972,0,-0.002592679386786324,0.00081287285184350911,-0.00095501987253160696,-0.002592679386786324,0.00081287285184350932,-0.00095501987253160696
349,1333736147340831972,0,-0.0040943650020071175,0.0030585446640108522,-0.00092178761557395767,-0.0040943650020071175,0.0030585446640108522,-0.00092178761557395767
350,1333736147390832972,0,-0.0049758088546607189,0.0023237745202492758,-0.0011114458088057836,-0.0049758088546607189,0.0023237745202492758,-0.0011114458088057836
351,1333736147440830972,0,-0.0036267375821445944,-0.00094195657038311734,-0.00088380568299992635,-0.0036267375821445944,-0.00094195657038311713,-0.00088380568299992635
352,1333736147490832972,0,-0.0047295344281878295,0.0015128187337916958,-0.0013125523386640155,-0.0047295344281878295,0.001512818733791696,-0.0013125523386640155
353,1333736147540835972,0,-0.0027269392540215194,0.0007690899190128331,-0.00076876827783398647,-0.0027269392540215198,0.00076908991901283321,-0.00076876827783398658
354,1333736147590832972,0,-0.0011034274562341179,-0.0011846071799146208,-0.00023377695728596935,-0.0011034274562341181,-0.0011846071799146206,-0.0002337769572859694
355,1333736147640831972,0,-0.0036358976844601569,0.002503338233447624,-0.0010394653440322604,-0.0036358976844601573,0.002503338233447624,-0.0010394653440322604
356,1333736147690831972,0,-0.0021022125516867518,-0.00055664340865104215,-0.0006447901554918553,-0.0021022125516867523,-0.00055664340865104205,-0.00064479015549185541
357,1333736147740831972,0,-0.0036425396368767334,0.00054378055730942561,-0.0008932580088532575,-0.0036425396368767338,0.00054378055730942571,-0.00089325800885325761
358,1333736147790834972,0,-0.0030165070449995439,0.001485986479445321,-0.00093933869025445544,-0.0030165070449995443,0.0014859864794453212,-0.00093933869025445555
359,1333736147840840972,0,-0.0039976596352949856,0.0010455016981832169,-0.00049015258379842799,-0.0039976596352949856,0.0010455016981832171,-0.0004901525837984281
360,1333736147890831972,0,-0.0046642431988142925,5.8485491236077687e-05,-0.00075417060038870899,-0.0046642431988142925,5.8485491236077843e-05,-0.0007541706003887091
361,1333736147940830972,0,-0.003202785492483538,0.00081626323183336177,-0.00072999366678684564,-0.0032027854924835384,0.00081626323183336188,-0.00072999366678684575
362,1333736147990833972,0,-0.003850303960261676,-4.1707198150814752e-05,-0.00094281505209284962,-0.0038503039602616764,-4.1707198150814603e-05,-0.00094281505209284973
363,1333736148040830972,0,-0.0031676309789212282,2.2707103992767073e-06,-0.00077438565634827265,-0.0031676309789212286,2.2707103992768585e-06,-0.00077438565634827276
364,1333736148090835972,0,-0.0011490863991769898,0.0027270915416631228,-0.00078896439281588091,-0.00114908639917699,0.0027270915416631228,-0.00078896439281588102
365,1333736148140833972,0,-0.0017652650956809981,0.00087350426674939296,-0.00034088481977302931,-0.0017652650956809983,0.00087350426674939307,-0.00034088481977302936
366,1333736148189822972,0,-0.0024654490103080589,0.0007895730111101304,-0.0004461873775049969,-0.0024654490103080593,0.00078957301111013051,-0.00044618737750499695
367,1333736148239818972,0,-0.0034209419429894745,0.00094702145487484139,-0.00084305545059343192,-0.003420941942989475,0.0009470214548748415,-0.00084305545059343203
368,1333736148289821972,0,-0.0040095279001767159,0.0012337690818641886,-0.0008265924336520198,-0.0040095279001767159,0.0012337690818641888,-0.00082659243365201991
369,1333736148339821972,0,-0.00057234114467300803,0.0016139930812828233,-0.00051216258648692178,-0.00057234114467300836,0.0016139930812828236,-0.00051216258648692189
370,1333736148389830972,0,-0.0047292664976335882,0.0017338863685780338,-0.00082680920153460483,-0.0047292664976335882,0.001733886368578034,-0.00082680920153460494
371,1333736148439818972,0,-0.0047124215574899878,0.00069601068110963175,-0.00075229913101957637,-0.0047124215574899878,0.00069601068110963186,-0.00075229913101957648
372,1333736148489821972,0,-0.0054501790921299125,0.0017569688278536591,-0.00076981862070681572,-0.0054501790921299125,0.0017569688278536594,-0.00076981862070681583
373,1333736148539816972,0,-0.0031315427965931519,0.0020491186946568216,-0.00085638831312416074,-0.0031315427965931523,0.0020491186946568216,-0.00085638831312416085
374,1333736148589817972,0,-0.0043165260509955058,0.0035297917405901196,-0.00091916052714180658,-0.0043165260509955058,0.0035297917405901196,-0.00091916052714180669
375,1333736148639818972,0,-0.0048530838327147628,0.0038670022891451219,-0.0010598730785095392,-0.0048530838327147628,0.0038670022891451219,-0.0010598730785095392
376,1333736148689824972,0,-0.0045700086016604961,0.0017878473098206899,-0.00081711972787155995,-0.0045700086016604961,0.0017878473098206901,-0.00081711972787156006
377,1333736148739824972,0,-0.0016017009600930859,0.0017666942654917018,-0.00059186256924850127,-0.0016017009600930862,0.0017666942654917021,-0.00059186256924850138
378,1333736148789819972,0,-0.0030523927123256751,0.0025300902662289725,-0.00085863181027157304,-0.0030523927123256756,0.0025300902662289725,-0.00085863181027157314
379,1333736148839820972,0,-0.0025795156528463318,0.00099036007346819878,-0.00070679936539191056,-0.0025795156528463322,0.000990360073468199,-0.00070679936539191066
380,1333736148889825972,0,-0.0028020199695286863,0.0024172947222240396,-0.00076260699415251409,-0.0028020199695286867,0.0024172947222240396,-0.0007626069941525142
381,1333736148939825972,0,-0.0022754451530393703,0.00078877175500028361,-0.0010630358933795064,-0.0022754451530393707,0.00078877175500028371,-0.0010630358933795064
382,1333736148989824972,0,-0.0031502310329566863,-0.00012567416047867049,-0.00055544795772467326,-0.0031502310329566867,-0.00012567416047867035,-0.00055544795772467337
383,1333736149039820972,0,-0.0023669469109951829,-0.00035031015128811756,-0.00049066304081982117,-0.0023669469109951834,-0.00035031015128811745,-0.00049066304081982128
384,1333736149089819972,0,-0.0039826264162741935,0.00052471334890930661,-0.00065210649010271726,-0.0039826264162741935,0.00052471334890930672,-0.00065210649010271737
385,1333736149139823972,0,-0.00285057185905004,0.00049266794338728226,-0.00074846235611857211,-0.0028505718590500404,0.00049266794338728237,-0.00074846235611857222
386,1333736149189822972,0,-0.0032273092317649361,0.0020438714767040643,-0.00078041386721429439,-0.0032273092317649365,0.0020438714767040643,-0.0007804138672142945
387,1333736149239820972,0,-0.004783259990444072,0.0002876915354615003,-0.00044292793454184508,-0.004783259990444072,0.00028769153546150041,-0.00044292793454184519
388,1333736149289819972,0,-0.001198151916896136,0.0003905303707879233,-0.0010270016568647553,-0.0011981519168961364,0.00039053037078792341,-0.0010270016568647553
389,1333736149339821972,0,-0.0018458506881579625,0.00068334812429366582,-0.00092536728106582477,-0.0018458506881579629,0.00068334812429366593,-0.00092536728106582488
390,1333736149389822972,0,-0.0025418766277337927,0.001416789891491496,-0.00089428372568023439,-0.0025418766277337931,0.0014167898914914962,-0.00089428372568023449
391,1333736149439821972,0,-0.0037597788159466389,0.00031967399803438704,-0.00078931472327291156,-0.0037597788159466393,0.00031967399803438715,-0.00078931472327291167
392,1333736149489821972,0,-0.0015033257157319128,-0.00025062432725175062,-0.00090715178143582255,-0.0015033257157319132,-0.00025062432725175051,-0.00090715178143582265
393,1333736149539820972,0,-0.0036713224901019034,0.0010342606846207407,-0.00077411175481997677,-0.0036713224901019038,0.0010342606846207409,-0.00077411175481997688
394,1333736149589823972,0,-0.0040678130793023147,-0.00039845037535573679,-0.0010545997637156175,-0.0040678130793023147,-0.00039845037535573668,-0.0010545997637156175
395,1333736149639822972,0,-0.002744254827607772,0.00087318268036178234,-0.00067963751994586129,-0.0027442548276077725,0.00087318268036178245,-0.0006796375199458614
396,1333736149689823972,0,-0.0054024303524163944,8.1979130525903273e-05,-0.00077896902702436204,-0.0054024303524163944,8.1979130525903395e-05,-0.00077896902702436215
397,1333736149739822972,0,-0.00097276187391946538,-0.00090796875017120022,-0.00043843313321085842,-0.00097276187391946581,-0.00090796875017120011,-0.00043843313321085853
398,1333736149789820972,0,-0.0025638440450257375,0.00041663993885479285,-0.00050895086603726055,-0.0025638440450257379,0.00041663993885479296,-0.00050895086603726066
399,1333736149839821972,0,-0.0033826235896136673,0.0005959258803241136,-0.00093584292817251984,-0.0033826235896136678,0.00059592588032411371,-0.00093584292817251995
400,1333736149889822972,0,-0.0033400031469939724,-8.6206627452679136e-05,-0.00074953036833378859,-0.0033400031469939728,-8.6206627452679028e-05,-0.0007495303683337887
401,1333736149939822972,0,-0.0055009010785015949,-0.0010871112579972366,-0.00046798513861571453,-0.0055009010785015949,-0.0010871112579972364,-0.00046798513861571464
402,1333736149989822972,0,-0.0048783599183304218,0.00046019695265008117,-0.00074685061031443925,-0.0048783599183304218,0.00046019695265008128,-0.00074685061031443936
403,1333736150039822972,0,-0.0033967454916375853,0.00078435655349009398,-0.00051421914643580283,-0.0033967454916375853,0.00078435655349009398,-0.00051421914643580294
404,1333736150089821972,0,-0.0035578040521915362,-0.0010889067401763054,-0.00072946465574363168,-0.0035578040521915366,-0.0010889067401763054,-0.00072946465574363179
405,1333736150139824972,0,-0.0039182081133044572,0.0002814136474503313,-0.00065893170085301221,-0.0039182081133044572,0.00028141364745033141,-0.00065893170085301231
406,1333736150189822972,0,-0.0054053298132612625,0.001537433592827771,-0.00099926474683086964,-0.0054053298132612625,0.001537433592827771,-0.00099926474683086986
407,1333736150239823972,0,-0.0052496547203099292,0.002013420574932949,-0.00065516712481978375,-0.0052496547203099292,0.002013420574932949,-0.00065516712481978386
408,1333736150289821972,0,-0.0024195158335523813,-0.00038164135963330301,-0.00066158507376245189,-0.0024195158335523818,-0.0003816413596333029,-0.000661585073762452
409,1333736150339823972,0,-0.0041837421152762485,0.0012085021657174239,-0.00059499630530729646,-0.0041837421152762485,0.0012085021657174239,-0.00059499630530729657
410,1333736150389822972,0,-0.0045353686285875298,0.00097182170992007454,-0.00075840414370951983,-0.0045353686285875298,0.00097182170992007465,-0.00075840414370951994
411,1333736150439823972,0,-0.0044301631048943779,0.0016617294177532389,-0.00087443622579829155,-0.0044301631048943779,0.0016617294177532389,-0.00087443622579829166
412,1333736150489826972,0,-0.0034913064436583288,0.00060825971534622333,-0.00046353216671355258,-0.0034913064436583293,0.00060825971534622344,-0.00046353216671355269
413,1333736150539822972,0,-0.004839824600577013,0.001145274714691658,-0.00065021380855568005,-0.004839824600577013,0.001145274714691658,-0.00065021380855568016
414,1333736150589827972,0,-0.0042618102096698002,0.00038251166298915802,-0.0009514416356184933,-0.0042618102096698002,0.00038251166298915813,-0.00095144163561849341
415,1333736150639825972,0,-0.0031121176069668771,0.00037276512000837243,-0.00093785261183875878,-0.0031121176069668775,0.00037276512000837254,-0.00093785261183875889
416,1333736150689826972,0,-0.003272348734911197,0.00011296300847600646,-0.00046699112445924428,-0.0032723487349111974,0.00011296300847600655,-0.00046699112445924444
417,1333736150739821972,0,-0.0041320762793854585,0.000626171542219066,-0.00057252539532642378,-0.0041320762793854585,0.00062617154221906611,-0.00057252539532642388
418,1333736150789828972,0,-0.0022226142781866963,-9.9366905694762172e-05,-0.00016965133971279624,-0.0022226142781866967,-9.9366905694762078e-05,-0.00016965133971279638
419,1333736150839827972,0,-0.0035266736016506435,0.0014601146911513521,-0.0011170119202767383,-0.0035266736016506439,0.0014601146911513521,-0.0011170119202767385
420,1333736150888806972,0,-0.0046099598422973311,0.0018298855059283204,-0.00079229015808025653,-0.0046099598422973311,0.0018298855059283204,-0.00079229015808025664
421,1333736150938808972,0,-0.0019911354095375837,0.0017919715180175213,-0.00069151121954497,-0.0019911354095375842,0.0017919715180175213,-0.00069151121954497011
422,1333736150988806972,0,-0.0039582572617208808,-6.1668121403205597e-05,-0.00070504073126916283,-0.0039582572617208808,-6.1668121403205515e-05,-0.00070504073126916294
423,1333736151038806972,0,-0.0038828122137252795,0.0017604977159491762,-0.00067582138863855532,-0.0038828122137252799,0.0017604977159491762,-0.00067582138863855543
424,1333736151088806972,0,-0.0040934880989541948,0.0010410519881160546,-0.0009186113965759309,-0.0040934880989541948,0.0010410519881160546,-0.00091861139657593101
425,1333736151138805972,0,-0.0033929738931031015,0.0010445224530938903,-0.00065345649727262158,-0.003392973893103102,0.0010445224530938903,-0.00065345649727262169
426,1333736151188807972,0,-0.0023517635792388962,0.0013957875384635022,-0.0007395595721174928,-0.0023517635792388966,0.0013957875384635022,-0.00073955957211749291
427,1333736151238809972,0,-0.0034797932926170306,0.00046887318188439662,-0.00068122186375843021,-0.003479793292617031,0.00046887318188439673,-0.00068122186375843032
428,1333736151288806972,0,-0.0027971138970281184,0.0021789784709324027,-0.00030636011264191808,-0.0027971138970281188,0.0021789784709324027,-0.00030636011264191824
429,1333736151338803972,0,-0.0015931520385405152,0.0015700910482813885,-0.00070394289887652848,-0.0015931520385405154,0.0015700910482813885,-0.0007039428988765287
430,1333736151388808972,0,-0.0041114774602789466,0.00088024693186419692,-0.0010707692491176593,-0.0041114774602789466,0.00088024693186419703,-0.0010707692491176595
431,1333736151438805972,0,-0.0045016747647558817,8.0730440647396712e-05,-0.0008716311850763595,-0.0045016747647558817,8.0730440647396794e-05,-0.00087163118507635972
432,1333736151488805972,0,-0.0030522646318050595,0.0012308041841997783,-0.00070692072992279862,-0.0030522646318050599,0.0012308041841997783,-0.00070692072992279884
433,1333736151538807972,0,-0.0025926379801187571,0.0007894995354431535,-0.00075080085030068537,-0.0025926379801187575,0.00078949953544315361,-0.00075080085030068558
434,1333736151588807972,0,0.00065440156943603282,0.002570581071114646,-0.00056244052081000882,0.00065440156943603249,0.002570581071114646,-0.00056244052081000904
435,1333736151638806972,0,-0.0015740052959693249,0.0013069885949323176,-0.00060642255762063447,-0.0015740052959693251,0.0013069885949323176,-0.00060642255762063469
436,1333736151688806972,0,-0.0017487469126078253,0.00046001209765268421,-0.00030328127676374357,-0.0017487469126078255,0.00046001209765268426,-0.00030328127676374373
437,1333736151738805972,0,-0.0032909063408300167,0.0018380058276340969,-0.00086411568539958045,-0.0032909063408300171,0.0018380058276340969,-0.00086411568539958067
438,1333736151788809972,0,-0.0024804477565927947,-0.0012653629852839405,-0.00028741583490161774,-0.0024804477565927951,-0.0012653629852839405,-0.00028741583490161791
439,1333736151838805972,0,-0.0026907193863140309,0.00013485660962299232,-0.00066130089083370788,-0.0026907193863140314,0.0001348566096229924,-0.0006613008908337081
440,1333736151888808972,0,-0.0044512688889186249,0.00050902558057326619,-0.00063037804999920108,-0.0044512688889186249,0.0005090255805732663,-0.0006303780499992013
441,1333736151938806972,0,-0.0018685124535394696,-0.00012848791919954031,-0.00067750329640033601,-0.0018685124535394698,-0.00012848791919954026,-0.00067750329640033622
442,1333736151988806972,0,-0.0021464914439404399,0.0017278282349956172,-0.00066812287778132294,-0.0021464914439404403,0.0017278282349956172,-0.00066812287778132316
443,1333736152038808972,0,-0.0032345944108629612,0.0030035179635338185,-0.00098388565142149562,-0.0032345944108629616,0.0030035179635338185,-0.00098388565142149584
444,1333736152088807972,0,-0.0036548803519601972,0.0011850383566239793,-0.00074875943032890629,-0.0036548803519601976,0.0011850383566239793,-0.00074875943032890651
445,1333736152138806972,0,-0.0027925698992619218,0.00012901688771680873,-0.00035679141515027686,-0.0027925698992619223,0.00012901688771680878,-0.00035679141515027708
446,1333736152188807972,0,-0.0047072198057599964,0.00073105655170016342,-0.00091199923335047559,-0.0047072198057599964,0.00073105655170016353,-0.0009119992333504758
447,1333736152238805972,0,-0.0037793267425093695,-0.00073068182186951879,-0.00062225779519920973,-0.0037793267425093699,-0.00073068182186951868,-0.00062225779519920995
448,1333736152288808972,0,-0.0021469869317762898,7.0524629474330602e-05,-0.00068171563823840153,-0.0021469869317762903,7.0524629474330656e-05,-0.00068171563823840175
449,1333736152338805972,0,-0.0027622686360548065,-0.00080162252178256983,-0.00045440132522511632,-0.0027622686360548069,-0.00080162252178256972,-0.00045440132522511653
450,1333736152388805972,0,-0.0018748441170874624,0.0033860848709724939,-0.00091852665810723149,-0.0018748441170874626,0.0033860848709724939,-0.00091852665810723171
451,1333736152438808972,0,-0.0015798648247886151,0.0023531189033799624,-0.00058294653491318838,-0.0015798648247886153,0.0023531189033799624,-0.0005829465349131886
452,1333736152488809972,0,-0.0052258855337688698,0.00025281521760318329,-0.0010418842980789672,-0.0052258855337688698,0.00025281521760318334,-0.0010418842980789674
453,1333736152538804972,0,-0.0031628185643244934,0.0012373122958176444,-0.00043984709922898629,-0.0031628185643244938,0.0012373122958176444,-0.00043984709922898651
454,1333736152588808972,0,-0.0052180916066453652,0.0021627554750363173,-0.00088850496872694158,-0.0052180916066453652,0.0021627554750363173,-0.00088850496872694179
455,1333736152638805972,0,-0.0016169229035790374,0.0011256111471115908,-0.00034002149226656001,-0.0016169229035790376,0.0011256111471115908,-0.00034002149226656023
456,1333736152688808972,0,-0.003370941739347765,0.0014133934126946057,-0.00065444286410164829,-0.003370941739347765,0.0014133934126946057,-0.0006544428641016485
457,1333736152738808972,0,-0.0017216616726642949,-0.0010640505003083063,-0.00059444656584686415,-0.0017216616726642951,-0.0010640505003083063,-0.00059444656584686437
458,1333736152788805972,0,-0.0039088714423092356,0.0018422700247851859,-0.00095525203714724532,-0.0039088714423092356,0.0018422700247851859,-0.00095525203714724553
459,1333736152838807972,0,-0.0013558910598742363,0.0017203176660142165,-0.00066658472098303446,-0.0013558910598742366,0.0017203176660142165,-0.00066658472098303468
460,1333736152888811972,0,-0.0014305762945033382,0.00060739819799206338,-0.00045380618213789305,-0.0014305762945033384,0.00060739819799206338,-0.00045380618213789327
461,1333736152938807972,0,-0.001832131814763098,0.0022789513536314188,-0.00068983495529434868,-0.0018321318147630982,0.0022789513536314188,-0.0006898349552943489
462,1333736152988809972,0,-0.003895554622420722,0.00091035115077930766,-0.00075379997129520343,-0.003895554622420722,0.00091035115077930766,-0.00075379997129520365
463,1333736153038809972,0,-0.003100590427463544,-4.1762365750031916e-05,-0.00055850106912222876,-0.003100590427463544,-4.1762365750031875e-05,-0.00055850106912222898
464,1333736153088809972,0,0.00017132290547515168,0.00067631401824447236,-0.00070487659661115924,0.00017132290547515152,0.00067631401824447236,-0.00070487659661115946
465,1333736153138808972,0,-0.0020465248012068787,0.0015691276081452876,-0.00037658219713334511,-0.0020465248012068787,0.0015691276081452876,-0.00037658219713334533
466,1333736153188811972,0,-0.0036873173220403422,-0.0010637388381249124,-0.00037503020524230887,-0.0036873173220403422,-0.0010637388381249124,-0.00037503020524230909
467,1333736153238807972,0,-0.0027229801529770033,-0.00058943885533296967,-0.00030510211954431761,-0.0027229801529770033,-0.00058943885533296967,-0.00030510211954431788
468,1333736153288813972,0,-0.0032118908652120377,-0.00098312571874777576,-0.00064683779627473814,-0.0032118908652120377,-0.00098312571874777576,-0.00064683779627473835
469,1333736153338805972,0,-0.0017360635534413023,-0.00040283638164059006,-0.00048670491559417016,-0.0017360635534413025,-0.00040283638164059001,-0.00048670491559417043
470,1333736153388807972,0,-0.0011173264199523781,0.00066122597879421808,-0.00046734400335835636,-0.0011173264199523783,0.00066122597879421808,-0.00046734400335835663
471,1333736153438806972,0,-0.0019967975451658086,0.0014499488870312899,-0.00032282113674365128,-0.0019967975451658086,0.0014499488870312899,-0.00032282113674365155
472,1333736153488805972,0,-0.0031026897550321042,0.000236460159173499,-0.00045982248174614561,-0.0031026897550321042,0.00023646015917349903,-0.00045982248174614588
473,1333736153538808972,0,-0.0026472627882593472,0.0014213307301729021,-0.00070140070639383299,-0.0026472627882593472,0.0014213307301729021,-0.00070140070639383321
474,1333736153588805972,0,-0.0027703640071604172,0.0010844922530254624,-0.00076313337499983385,-0.0027703640071604172,0.0010844922530254624,-0.00076313337499983407
475,1333736153638806972,0,-0.0021751950139220558,0.0005193177434371076,-0.00037173877819994777,-0.0021751950139220558,0.0005193177434371076,-0.00037173877819994804
476,1333736153688804972,0,-0.0028006653515236946,0.00089348320828947956,-0.00048260816755843581,-0.0028006653515236946,0.00089348320828947956,-0.00048260816755843608
477,1333736153738804972,0,-0.002978956672614658,0.0010996161037124181,-0.00084303985363496248,-0.002978956672614658,0.0010996161037124181,-0.0008430398536349627
478,1333736153788805972,0,-0.0036627973212842199,0.0016403515148157429,-0.0006802525742413126,-0.0036627973212842199,0.0016403515148157429,-0.00068025257424131282
479,1333736153838806972,0,-0.0020173049567361505,0.0002436731244677946,-0.00040983400021228275,-0.0020173049567361505,0.00024367312446779463,-0.00040983400021228302
480,1333736153888805972,0,-0.0038923642782647564,0.00084747419384133705,-0.00046282603963452104,-0.0038923642782647564,0.00084747419384133705,-0.00046282603963452131
481,1333736153938805972,0,-0.003288164698668172,-0.00015027704349443438,-0.00048803582038681588,-0.003288164698668172,-0.00015027704349443436,-0.00048803582038681615
482,1333736153988805972,0,-0.003171602648810373,0.00010609764247805837,-0.00069043460568079965,-0.003171602648810373,0.0001060976424780584,-0.00069043460568079997
483,1333736154038804972,0,-0.0025255155265255505,8.8845331769822993e-05,-0.00083558057251405704,-0.0025255155265255505,8.884533176982302e-05,-0.00083558057251405737
484,1333736154088805972,0,-0.00094641957996891663,0.00094024643182620473,-0.0004460337025733821,-0.00094641957996891674,0.00094024643182620473,-0.00044603370257338237
485,1333736154138804972,0,-0.0026952941702350166,0.002283699070352755,-0.00053755896269848998,-0.0026952941702350166,0.002283699070352755,-0.00053755896269849031
486,1333736154187796972,0,-0.0042097913793738666,0.0011176338007518381,-0.00062744229215458869,-0.0042097913793738666,0.0011176338007518381,-0.00062744229215458901
487,1333736154237792972,0,-0.0019436782121880665,0.0029602056326095321,-0.00078773501662481645,-0.0019436782121880665,0.0029602056326095321,-0.00078773501662481678
488,1333736154287792972,0,-0.0024626747631326142,0.0006937611688335784,-0.00032615384606731433,-0.0024626747631326142,0.0006937611688335784,-0.0003261538460673146
489,1333736154337792972,0,-0.0043008774654565663,0.0018154345073385194,-0.00089759440928533895,-0.0043008774654565663,0.0018154345073385194,-0.00089759440928533927
490,1333736154387792972,0,-0.0024444342472273056,0.0018042522152173521,-0.00080439776800213844,-0.0024444342472273056,0.0018042522152173521,-0.00080439776800213876
491,1333736154437791972,0,-0.0023982119730644874,0.0019317528203488367,-0.00054154599115284463,-0.0023982119730644874,0.0019317528203488367,-0.00054154599115284496
492,1333736154487794972,0,0.00073073147004481913,8.7978224799276691e-05,-0.0003002123827341469,0.00073073147004481913,8.7978224799276704e-05,-0.00030021238273414722
493,1333736154537797972,0,-0.0021628590977615892,0.00196359619669254,-0.00039570259202282264,-0.0021628590977615892,0.00196359619669254,-0.00039570259202282296
494,1333736154587793972,0,-0.0025523284422762338,-0.00077504584516913068,-0.00076418013405946963,-0.0025523284422762338,-0.00077504584516913068,-0.00076418013405946995
495,1333736154637792972,0,-0.0025619622484356059,0.002784943544031737,-0.00075923795969207002,-0.0025619622484356059,0.002784943544031737,-0.00075923795969207034
496,1333736154687792972,0,-0.0025425569300217806,0.003332447923882589,-0.00048859744336194342,-0.0025425569300217806,0.003332447923882589,-0.00048859744336194374
497,1333736154737793972,0,-0.0019123217231623827,0.00047368976739591223,-0.00057661885663346619,-0.0019123217231623827,0.00047368976739591223,-0.00057661885663346651
498,1333736154787796972,0,-0.002899380031987493,0.00027813378884685119,-0.00060351369990585438,-0.002899380031987493,0.00027813378884685119,-0.0006035136999058547
499,1333736154837793972,0,-0.0015930612409300374,0.0011884800935408242,-0.00059531232236585598,-0.0015930612409300374,0.0011884800935408242,-0.00059531232236585631
500,1333736154887793972,0,-0.0036449222269835666,0.0021999661896731719,-0.00092240205419908132,-0.0036449222269835666,0.0021999661896731719,-0.00092240205419908165
501,1333736154937792972,0,-0.001066414495956812,0.0011942585014351941,-0.00030596165987005117,-0.001066414495956812,0.0011942585014351941,-0.0003059616598700515
502,1333736154987788972,0,-0.0013123734339327644,0.0017698084336332806,-0.00061904963567645851,-0.0013123734339327644,0.0017698084336332806,-0.00061904963567645883
503,1333736155037790972,0,-0.0021645062896565193,0.0015424899707462201,-0.00068313113133060309,-0.0021645062896565193,0.0015424899707462201,-0.00068313113133060342
504,1333736155087793972,0,-0.0029343753256262954,0.0015939234479376775,-0.00056329032729052165,-0.0029343753256262954,0.0015939234479376775,-0.00056329032729052198
505,1333736155137792972,0,-0.0020757321910383876,0.0022176423413759758,-0.00070967717435666748,-0.0020757321910383876,0.0022176423413759758,-0.0007096771743566678
506,1333736155187792972,0,-0.0036492047186101797,0.001752719242138252,-0.0010989275347668688,-0.0036492047186101797,0.001752719242138252,-0.0010989275347668692
507,1333736155237792972,0,-0.0038584903174677557,0.00026772442646862539,-0.00053122256103050886,-0.0038584903174677557,0.00026772442646862539,-0.00053122256103050919
508,1333736155287792972,0,-0.0023358918017709952,0.0009408434130402806,-0.0004933615467886855,-0.0023358918017709952,0.0009408434130402806,-0.00049336154678868583
509,1333736155337805972,0,-0.001769829256505749,-0.00027186380846249271,-0.00067239146345322918,-0.001769829256505749,-0.00027186380846249271,-0.00067239146345322951
510,1333736155387805972,0,-0.0014580577177549865,0.0031995070106770637,-0.00050398527949925282,-0.0014580577177549865,0.0031995070106770637,-0.00050398527949925326
511,1333736155437797972,0,-0.0027142319401215723,0.0015379475154879247,-0.00067119500610041496,-0.0027142319401215723,0.0015379475154879247,-0.00067119500610041539
512,1333736155487795972,0,-0.0019925005450906479,0.0028213608525892698,-0.00067002929314291786,-0.0019925005450906479,0.0028213608525892698,-0.0006700292931429183
513,1333736155537795972,0,-0.0031319203256881395,0.0011860980877634894,-0.00074387938374257171,-0.0031319203256881395,0.0011860980877634894,-0.00074387938374257214
514,1333736155587792972,0,-0.001748339464046592,-0.00046411235808053162,-0.00022355822668856435,-0.001748339464046592,-0.00046411235808053162,-0.00022355822668856479
515,1333736155637796972,0,-0.0022241697429656575,0.00073757679755613419,-0.00052762350731766538,-0.0022241697429656575,0.00073757679755613419,-0.00052762350731766581
516,1333736155687786972,0,-0.0023827646348177265,0.0020304196377404229,-0.00065141363365857894,-0.0023827646348177265,0.0020304196377404229,-0.00065141363365857938
517,1333736155737792972,0,-0.0019243120845729789,0.00075734823775523794,-0.00039016362456086154,-0.0019243120845729789,0.00075734823775523794,-0.00039016362456086202
518,1333736155787792972,0,-0.0043764578795455348,0.0020070739506775348,-0.00069415859878444461,-0.0043764578795455348,0.0020070739506775348,-0.00069415859878444505
519,1333736155837793972,0,-0.0016398897429131948,0.0021120791260806162,-0.00091336998400673387,-0.0016398897429131948,0.0021120791260806162,-0.00091336998400673431
520,1333736155887792972,0,-0.0026392069121645555,0.0029023909254295207,-0.00064432294780933071,-0.0026392069121645555,0.0029023909254295207,-0.00064432294780933125
521,1333736155937792972,0,-0.003544547303476306,0.0019339594455902271,-0.00065420329456018582,-0.003544547303476306,0.0019339594455902271,-0.00065420329456018637
522,1333736155987793972,0,-0.0034744294769279817,0.0022311044414922115,-0.0008658477330175864,-0.0034744294769279817,0.0022311044414922115,-0.00086584773301758694
523,1333736156037792972,0,-0.0038364393497769445,0.0017610400543374718,-0.00054299802422119845,-0.0038364393497769445,0.0017610400543374718,-0.00054299802422119899
524,1333736156087794972,0,-0.0052964433743934421,0.0015001085205725133,-0.0011937491397677013,-0.0052964433743934421,0.0015001085205725133,-0.0011937491397677018
525,1333736156137791972,0,-0.0040220228435652247,0.0012522288666971828,-0.000715002806876958,-0.0040220228435652247,0.0012522288666971828,-0.00071500280687695854
526,1333736156187791972,0,-0.002318378314371059,0.0025763742979796021,-0.00073935147904042329,-0.002318378314371059,0.0025763742979796021,-0.00073935147904042383
527,1333736156237793972,0,-0.0028722816740343144,0.00012985985316838269,-0.00058298754922074449,-0.0028722816740343144,0.00012985985316838264,-0.00058298754922074503
528,1333736156287792972,0,-0.0049701952828636493,-0.0001608474638509811,-0.0010303352832658525,-0.0049701952828636493,-0.00016084746385098116,-0.0010303352832658531
529,1333736156337795972,0,-0.0037790570762226772,0.00029335619015975842,-0.00023226558120780991,-0.0037790570762226772,0.00029335619015975837,-0.0002322655812078105
530,1333736156387792972,0,-0.0022086597306335059,0.00014117848203664538,-0.00039707684226711505,-0.0022086597306335059,0.00014117848203664532,-0.00039707684226711565
531,1333736156437794972,0,-0.0027200798286193309,0.0022985620189360629,-0.00083272578063435412,-0.0027200798286193309,0.0022985620189360629,-0.00083272578063435477
532,1333736156487792972,0,-0.0028318579442708548,-0.00063815855780783659,-0.0007563750659323736,-0.0028318579442708548,-0.0006381585578078367,-0.00075637506593237425
533,1333736156537791972,0,-0.0044114707426178082,0.00050967711160044996,-0.00087183185817324969,-0.0044114707426178082,0.00050967711160044985,-0.00087183185817325034
534,1333736156587790972,0,-0.002961088624670317,8.9692124863778762e-05,-0.00045434784227138943,-0.002961088624670317,8.9692124863778694e-05,-0.00045434784227139008
535,1333736156637790972,0,-0.0031221423498295352,0.0002434311243980819,-0.00050843366161444691,-0.0031221423498295352,0.00024343112439808185,-0.00050843366161444756
536,1333736156687791972,0,-0.0032141071400515874,0.00097807645482732904,-0.00075715264523101107,-0.0032141071400515874,0.00097807645482732904,-0.00075715264523101172
537,1333736156737794972,0,-0.0023160042834138748,-2.5559322580863799e-05,-0.00079868098332121109,-0.0023160042834138748,-2.555932258086387e-05,-0.00079868098332121175
538,1333736156787790972,0,-0.0024133316777256268,0.0010801713528534123,-0.00063208419016527924,-0.0024133316777256268,0.0010801713528534123,-0.00063208419016527989
539,1333736156837788972,0,-0.0045932793092573563,0.002363385106088915,-0.00099662310701453013,-0.0045932793092573563,0.002363385106088915,-0.00099662310701453078
540,1333736156887792972,0,-0.0031692935143452557,0.0024414769620176237,-0.00076658699135075971,-0.0031692935143452557,0.0024414769620176237,-0.00076658699135076047
541,1333736156937789972,0,-0.0043556203452830731,0.0011161456404280192,-0.00074103926453561735,-0.0043556203452830731,0.0011161456404280192,-0.00074103926453561811
542,1333736156987788972,0,-0.0044017313104291423,0.0011117308396016707,-0.00091129774074480202,-0.0044017313104291423,0.0011117308396016707,-0.00091129774074480278
543,1333736157037789972,0,-0.0044660152227671739,-1.4040129279418003e-05,-0.00079802240830776814,-0.0044660152227671739,-1.4040129279418082e-05,-0.0007980224083077689
544,1333736157086777972,0,-0.004681374260543273,0.00068155110620898439,-0.00062080216562119725,-0.004681374260543273,0.00068155110620898428,-0.00062080216562119801
545,1333736157136780972,0,-0.0013304592718070963,-0.00071651249560429685,-0.00021038327039624307,-0.0013304592718070963,-0.00071651249560429695,-0.00021038327039624383
546,1333736157186782972,0,-0.0036315556091008503,0.0016370161065359769,-0.00090217272861021331,-0.0036315556091008503,0.0016370161065359769,-0.00090217272861021407
547,1333736157236782972,0,-0.0036794541191186251,0.00056651265806394592,-0.00050552996758999186,-0.0036794541191186251,0.00056651265806394581,-0.00050552996758999262
548,1333736157286782972,0,-0.0028447619228012164,0.0010486560579615462,-0.00071842026406043692,-0.0028447619228012164,0.0010486560579615462,-0.00071842026406043768
549,1333736157336781972,0,-0.0025679799859077645,0.00080117422345068481,-0.00049253622600519624,-0.0025679799859077645,0.0008011742234506847,-0.00049253622600519699
550,1333736157386781972,0,-0.0026761444133973442,0.0010099453732227016,-0.00066148956229333193,-0.0026761444133973442,0.0010099453732227016,-0.00066148956229333279
551,1333736157436780972,0,-0.0026116530054681049,0.00022093932950063041,-0.00055344533675158241,-0.0026116530054681049,0.00022093932950063031,-0.00055344533675158328
552,1333736157486781972,0,-0.0012935427928344248,0.00263268101003009,-0.00040064830320076352,-0.0012935427928344248,0.00263268101003009,-0.00040064830320076439
553,1333736157536780972,0,-0.0029541320493360538,0.000652369657979861,-0.0003791902948075105,-0.0029541320493360538,0.00065236965797986089,-0.00037919029480751136
554,1333736157586780972,0,-0.0037971431195409364,0.00016472130750421377,-0.00067189100830170934,-0.0037971431195409364,0.00016472130750421366,-0.00067189100830171021
555,1333736157636782972,0,-0.0045521301781898836,0.0021472938503344923,-0.00080360226973950693,-0.0045521301781898836,0.0021472938503344923,-0.0008036022697395078
556,1333736157686785972,0,-0.0028846396165970265,5.8087917777188518e-05,-0.00049317624526675754,-0.0028846396165970265,5.8087917777188409e-05,-0.00049317624526675841
557,1333736157736779972,0,-0.0033532282996598991,-0.0015418214870499783,-0.00070764618705423748,-0.0033532282996598991,-0.0015418214870499786,-0.00070764618705423834
558,1333736157786789972,0,-0.001842503363023754,0.0030869041751060578,-0.00057922571801618129,-0.001842503363023754,0.0030869041751060578,-0.00057922571801618215
559,1333736157836776972,0,-0.0017717716410412256,0.0012495714800253366,-0.00080200136965844176,-0.0017717716410412256,0.0012495714800253364,-0.00080200136965844263
560,1333736157886776972,0,-0.0024989610094745093,0.0029487029196091212,-0.00050833387636729733,-0.0024989610094745093,0.0029487029196091212,-0.00050833387636729831
561,1333736157936780972,0,-0.0036140729539091854,0.002021973091085965,-0.00060476895440502592,-0.0036140729539091854,0.002021973091085965,-0.0006047689544050269
562,1333736157986780972,0,-0.004110600039567652,0.00083583053187071227,-0.00084748566512921704,-0.004110600039567652,0.00083583053187071216,-0.00084748566512921801
563,1333736158036786972,0,-0.0037352576499747954,0.0019546715841181018,-0.0005531633917510092,-0.0037352576499747954,0.0019546715841181018,-0.00055316339175101017
564,1333736158086782972,0,-0.0017586905826914492,0.001157473744715119,-0.00060398928207732263,-0.0017586905826914492,0.0011574737447151188,-0.00060398928207732361
565,1333736158136781972,0,-0.0024954579812121354,0.0019808244504329548,-0.00049405363200473343,-0.0024954579812121354,0.0019808244504329548,-0.0004940536320047344
566,1333736158186781972,0,-0.00039038653198397201,0.0010328802657260275,-0.00051726385818302574,-0.00039038653198397201,0.0010328802657260272,-0.00051726385818302671
567,1333736158236784972,0,-0.002703571762682576,0.0025530502867083292,-0.00088415982189139373,-0.002703571762682576,0.0025530502867083292,-0.00088415982189139471
568,1333736158286779972,0,-0.00015932581998181171,0.0017154071355931963,-0.00047689540467853067,-0.00015932581998181171,0.0017154071355931961,-0.0004768954046785317
569,1333736158336780972,0,-0.0020214809491080955,0.0019090804256658455,-0.00072721034023078891,-0.0020214809491080955,0.0019090804256658453,-0.00072721034023078988
570,1333736158386779972,0,-0.0019969217534937822,0.0011770302814940441,-0.00024214227716044362,-0.0019969217534937822,0.0011770302814940439,-0.00024214227716044465
571,1333736158436779972,0,-0.00091859791134779579,0.0020613986309270631,-0.00039985083406257301,-0.00091859791134779579,0.0020613986309270631,-0.00039985083406257404
572,1333736158486781972,0,-0.0021871350774444517,0.0010213972364687025,-0.00069894998233509416,-0.0021871350774444517,0.0010213972364687023,-0.00069894998233509524
573,1333736158536778972,0,-0.0025728860825722393,0.00041692859419219794,-0.000778015113596818,-0.0025728860825722393,0.00041692859419219778,-0.00077801511359681908
574,1333736158586778972,0,-0.0031257552929136656,0.0029247702043773273,-0.00053748432028882646,-0.0031257552929136656,0.0029247702043773273,-0.00053748432028882754
575,1333736158636780972,0,-0.0041952516929697811,0.002945133160558798,-0.00080184253571764948,-0.0041952516929697811,0.002945133160558798,-0.00080184253571765056
576,1333736158686778972,0,-0.0026992743519992516,0.00098726046809728555,-0.00039656660273359388,-0.0026992743519992516,0.00098726046809728533,-0.00039656660273359497
577,1333736158736779972,0,-0.00210895561606648,0.0021414813005767278,-0.0010036659018010882,-0.00210895561606648,0.0021414813005767278,-0.0010036659018010893
578,1333736158786779972,0,-0.0026267234879709255,0.000994356086154484,-0.00060045226456284626,-0.0026267234879709255,0.00099435608615448378,-0.00060045226456284734
579,1333736158836778972,0,-0.0028269048172743713,0.0026635958076451287,-0.00052657359100447454,-0.0028269048172743713,0.0026635958076451287,-0.00052657359100447563
580,1333736158886780972,0,-0.0014124924734864289,0.00016379335947102822,-0.00046109121889690072,-0.0014124924734864289,0.00016379335947102805,-0.00046109121889690186
581,1333736158936779972,0,-0.0037838504842489635,-0.00030931855889931989,-0.00049460243767074255,-0.0037838504842489635,-0.00030931855889932005,-0.00049460243767074374
582,1333736158986778972,0,-0.0031622513008770256,0.0022587348791464337,-0.00088074003202762781,-0.0031622513008770256,0.0022587348791464337,-0.000880740032027629
583,1333736159036781972,0,-0.0018499064806801447,0.00049560088499286991,-0.00050796718210725463,-0.0018499064806801447,0.00049560088499286969,-0.00050796718210725583
584,1333736159086780972,0,-0.0019629702450578768,0.00074217587696809501,-0.00043592862072040122,-0.0019629702450578768,0.0007421758769680948,-0.00043592862072040241
585,1333736159136783972,0,-0.0025030018854857892,0.0024845557489704762,-0.00067875710639091441,-0.0025030018854857892,0.0024845557489704762,-0.0006787571063909156
586,1333736159186779972,0,-0.0031140644920651071,0.0015738210864832177,-0.00075650819778466389,-0.0031140644920651071,0.0015738210864832175,-0.00075650819778466508
587,1333736159236779972,0,-0.003393586397030923,0.00053494946711882783,-0.00050556706144058348,-0.003393586397030923,0.00053494946711882762,-0.00050556706144058467
588,1333736159286783972,0,-0.0048222035485363784,0.0011515505146725506,-0.00084592325615629686,-0.0048222035485363784,0.0011515505146725503,-0.00084592325615629805
589,1333736159336789972,0,-0.0032617794889966438,0.0028459305207540479,-0.00071508019510877451,-0.0032617794889966438,0.0028459305207540479,-0.0007150801951087757
590,1333736159386782972,0,-0.0016935159457651346,0.0026805249627793269,-0.00039630575702911876,-0.0016935159457651346,0.0026805249627793269,-0.00039630575702912001
591,1333736159436778972,0,-0.0022082422377422669,8.5042386803740964e-05,-0.00077813079952106451,-0.0022082422377422669,8.5042386803740774e-05,-0.00077813079952106581
592,1333736159486784972,0,-0.0037560567813430391,0.00081430266196394821,-0.00079603688706232579,-0.0037560567813430391,0.000814302661963948,-0.0007960368870623271
593,1333736159536782972,0,-0.0025812860146708127,0.0022553232014620086,-0.0010055677582644362,-0.0025812860146708127,0.0022553232014620086,-0.0010055677582644375
594,1333736159586779972,0,-0.0029422910406935463,-0.00054513522919440345,-0.00060716466439524725,-0.0029422910406935463,-0.00054513522919440367,-0.00060716466439524855
595,1333736159635768972,0,-0.0021424305035050357,-0.00057673540203400709,-0.00036242170911565327,-0.0021424305035050357,-0.00057673540203400731,-0.00036242170911565457
596,1333736159685765972,0,-0.00088166774788242855,0.00062445201180501568,-0.00088167251075236175,-0.00088166774788242855,0.00062445201180501547,-0.00088167251075236305
597,1333736159736779972,0,-0.002587894978996471,0.0019103107862874699,-0.00070433139703931114,-0.002587894978996471,0.0019103107862874697,-0.00070433139703931244
598,1333736159785770972,0,-0.0052900652150793485,0.002600586363811417,-0.0010302793550312065,-0.0052900652150793485,0.002600586363811417,-0.0010302793550312078
599,1333736159835767972,0,-0.001803081491268556,0.00047741417853546181,-0.00053006493829950375,-0.001803081491268556,0.0004774141785354616,-0.00053006493829950505
600,1333736159885765972,0,-0.0007753825520663807,0.0018851799929962285,-0.00057204728272536819,-0.0007753825520663807,0.0018851799929962283,-0.0005720472827253696
601,1333736159935772972,0,-0.0034854064149412891,0.00036480481730043158,-0.00044690268949509443,-0.0034854064149412891,0.00036480481730043137,-0.00044690268949509578
602,1333736159985768972,0,-0.0028980221627047721,-8.9683482408055683e-05,-0.00015911857491880015,-0.0028980221627047721,-8.96834824080559e-05,-0.00015911857491880153
603,1333736160035779972,0,-0.0033875468781333468,0.002620478750680244,-0.00073824449034131431,-0.0033875468781333468,0.002620478750680244,-0.00073824449034131572
604,1333736160085764972,0,-0.0027713623383528929,0.0017773525571922596,-0.00058517826806767656,-0.0027713623383528929,0.0017773525571922594,-0.00058517826806767797
605,1333736160135764972,0,-0.00095252700591685023,0.0013660718774519485,-0.00051215706557919784,-0.00095252700591685012,0.0013660718774519485,-0.00051215706557919925
606,1333736160185772972,0,-0.0017857160189388968,0.0026931539938218089,-0.00057671873477128748,-0.0017857160189388968,0.0026931539938218089,-0.00057671873477128889
607,1333736160235769972,0,-0.0034538617621030637,0.0010307288123114881,-0.00056919388262898949,-0.0034538617621030637,0.0010307288123114879,-0.0005691938826289909
608,1333736160285767972,0,-0.0018553365004475701,0.0012529904477754149,-0.00083733586981542545,-0.0018553365004475701,0.0012529904477754147,-0.00083733586981542686
609,1333736160335766972,0,-0.002332394359792283,0.00096989838190886864,-0.00068792290349086219,-0.002332394359792283,0.00096989838190886842,-0.0006879229034908635
610,1333736160385766972,0,-0.0019995518104567985,0.00021011379763776936,-0.0003522168152231072,-0.0019995518104567985,0.00021011379763776915,-0.00035221681522310851
611,1333736160435769972,0,-0.0043335622593329449,0.00038779987198357631,-0.00080757503693511322,-0.0043335622593329449,0.00038779987198357609,-0.00080757503693511452
612,1333736160485765972,0,-0.002790851231302488,0.0012606634998512619,-0.00099790818959876273,-0.002790851231302488,0.0012606634998512617,-0.00099790818959876403
613,1333736160535766972,0,-0.0017623805113808166,0.0014904704165516875,-0.0006692045672579514,-0.0017623805113808166,0.0014904704165516873,-0.0006692045672579527
614,1333736160585762972,0,-0.0031388172916818492,0.0011537063298208846,-0.00060563939638213192,-0.0031388172916818492,0.0011537063298208844,-0.00060563939638213322
615,1333736160635765972,0,-0.0025111536141463079,-4.429501287016302e-05,-0.00058291856080568117,-0.0025111536141463079,-4.4295012870163209e-05,-0.00058291856080568236
616,1333736160685764972,0,-0.0015465166167446432,0.001020009474461097,-0.00037399058262616264,-0.0015465166167446432,0.0010200094744610968,-0.00037399058262616383
617,1333736160735767972,0,-0.003329032265720646,0.003487610167897285,-0.0011742575082714936,-0.003329032265720646,0.003487610167897285,-0.0011742575082714949
618,1333736160785765972,0,-0.00091970576271975957,-0.00056125875723640273,-0.00046501569908552714,-0.00091970576271975957,-0.00056125875723640295,-0.00046501569908552834
619,1333736160835764972,0,-0.0036247662827747261,0.00028581264737339847,-0.00066316252894904496,-0.0036247662827747261,0.0002858126473733983,-0.00066316252894904615
620,1333736160885766972,0,-0.0034337236549665255,0.00094681568979444958,-0.00061757151812706483,-0.0034337236549665255,0.00094681568979444936,-0.00061757151812706602
621,1333736160935764972,0,-0.0020200637768766762,0.0007383716359408096,-0.00078039631105560514,-0.0020200637768766762,0.00073837163594080938,-0.00078039631105560623
622,1333736160985765972,0,-0.0026558442679124705,0.0021595657071293863,-0.00046867106967315563,-0.0026558442679124705,0.0021595657071293863,-0.00046867106967315672
623,1333736161035763972,0,-0.0018248842860931545,0.00061678456831588241,-0.00061210278389773145,-0.0018248842860931545,0.0006167845683158822,-0.00061210278389773254
624,1333736161085765972,0,-0.002211452396533023,0.00089141912621940717,-0.00061443998070251186,-0.002211452396533023,0.00089141912621940695,-0.00061443998070251295
625,1333736161135768972,0,-0.0014366351712428488,-0.00056811837463904076,-0.00044113285557737837,-0.0014366351712428488,-0.00056811837463904098,-0.0004411328555773794
626,1333736161185764972,0,-0.0033357676765968709,-0.00013025231934288577,-0.00064713897410454703,-0.0033357676765968709,-0.00013025231934288593,-0.00064713897410454812
627,1333736161235767972,0,-0.0036118548035102456,0.0014099151295711341,-0.00064863832798433304,-0.0036118548035102456,0.0014099151295711339,-0.00064863832798433402
628,1333736161285766972,0,-0.0022598269049198122,-0.00098664650630893021,-0.00078589706649621308,-0.0022598269049198122,-0.00098664650630893042,-0.00078589706649621405
629,1333736161335763972,0,-0.0022571687788148372,-9.5181835725675467e-05,-0.00053599086857302142,-0.0022571687788148372,-9.5181835725675616e-05,-0.00053599086857302239
630,1333736161385768972,0,-0.0020142229303505804,0.00061270285327821817,-0.00065222786412825844,-0.0020142229303505804,0.00061270285327821806,-0.00065222786412825941
631,1333736161435765972,0,-0.002601288113035503,-0.00062663832797145598,-0.00044933663794564113,-0.002601288113035503,-0.00062663832797145609,-0.00044933663794564205
632,1333736161485767972,0,-0.001773449546622642,0.0016316762089524923,-0.0006866267868357364,-0.001773449546622642,0.0016316762089524921,-0.00068662678683573738
633,1333736161535765972,0,-0.00084865385824680934,0.00060825554496829731,-0.00053771190384387471,-0.00084865385824680934,0.0006082555449682972,-0.00053771190384387557
634,1333736161585764972,0,-0.0013730294331366808,-0.00019694157873280317,-0.00044184872345559518,-0.0013730294331366808,-0.00019694157873280331,-0.00044184872345559605
635,1333736161635767972,0,-0.0030872346621581078,0.00022501905837950337,-0.00085590191376171826,-0.0030872346621581078,0.00022501905837950324,-0.00085590191376171913
636,1333736161685766972,0,-0.0013405225475611815,-0.00028260429148612635,-0.00049920326685649213,-0.0013405225475611815,-0.00028260429148612652,-0.000499203266856493
637,1333736161735765972,0,-0.0022640736691907121,0.00030333674422568393,-0.001009912655121415,-0.0022640736691907121,0.00030333674422568382,-0.0010099126551214158
638,1333736161785768972,0,-0.0025098824123360643,0.0027418927962949953,-0.00093766260540288757,-0.0025098824123360643,0.0027418927962949953,-0.00093766260540288843
639,1333736161835767972,0,-0.00096462484119478166,0.0011233748039387373,-0.00079340213813239389,-0.00096462484119478166,0.0011233748039387371,-0.00079340213813239465
640,1333736161885771972,0,-0.0011317074306603267,0.0016009713322213002,-0.00047961749492378696,-0.0011317074306603267,0.0016009713322213,-0.00047961749492378772
641,1333736161935770972,0,-0.0014670350631944338,0.0014653820634941324,-0.00049591236558704874,-0.0014670350631944338,0.0014653820634941321,-0.0004959123655870495
642,1333736161985766972,0,0.00022563823951862283,0.00032421883805729026,-0.00054638549386077121,0.00022563823951862283,0.00032421883805729015,-0.00054638549386077197
643,1333736162035765972,0,-0.00026646066713649724,0.00011242333472494983,-0.00026650227807483774,-0.00026646066713649724,0.00011242333472494971,-0.00026650227807483844
644,1333736162085765972,0,-0.0015533278021944885,0.0014541476328811492,-0.00031096220158130934,-0.0015533278021944885,0.001454147632881149,-0.00031096220158131004
645,1333736162135766972,0,-0.002320830656408872,-0.00044030721888719138,-0.00039558805942270677,-0.002320830656408872,-0.00044030721888719149,-0.00039558805942270747
646,1333736162185764972,0,-0.00021355744614055252,0.00040264549339043791,-0.00040257344478197859,-0.00021355744614055252,0.0004026454933904378,-0.0004025734447819793
647,1333736162235762972,0,-0.00054816169108346977,0.0031881582522611841,-0.00081457123587785386,-0.00054816169108346977,0.0031881582522611841,-0.00081457123587785451
648,1333736162285767972,0,-0.0040911832378098317,-0.00038845131658262703,-0.00066611574472377104,-0.0040911832378098317,-0.00038845131658262714,-0.00066611574472377169
649,1333736162335764972,0,-0.0040432799230658723,0.00065805515793856495,-0.00054782278001114433,-0.0040432799230658723,0.00065805515793856484,-0.00054782278001114498
650,1333736162385763972,0,-0.0032779959216776055,0.00020941427580672826,-0.00080237022238532885,-0.0032779959216776055,0.00020941427580672815,-0.0008023702223853295
651,1333736162435764972,0,-0.0026828277367323592,0.00085431877271275789,-0.00076482145325935567,-0.0026828277367323592,0.00085431877271275778,-0.00076482145325935621
652,1333736162485766972,0,-0.0020469090556326413,0.00037365812889838369,-0.00084587991074675244,-0.0020469090556326413,0.00037365812889838358,-0.00084587991074675298
653,1333736162535764972,0,-0.0021111871899085841,0.00035380111473065282,-0.00082161417186918449,-0.0021111871899085841,0.00035380111473065271,-0.00082161417186918503
654,1333736162585763972,0,-0.0048620751507095061,0.00012388315525143463,-0.00090920396678589584,-0.0048620751507095061,0.00012388315525143454,-0.00090920396678589638
655,1333736162635765972,0,-0.0022697556655625513,0.0010261760123830886,-0.00067007608986026672,-0.0022697556655625513,0.0010261760123830886,-0.00067007608986026726
656,1333736162684754972,0,-0.0030154786194577237,0.00012257186417886565,-0.00078452111906896188,-0.0030154786194577237,0.00012257186417886557,-0.00078452111906896242
657,1333736162734755972,0,-0.0017476520207681235,-0.00027931961869224228,-0.00062969142347750885,-0.0017476520207681235,-0.00027931961869224239,-0.00062969142347750928
658,1333736162784752972,0,-0.00091049000635773369,0.0011507703914796442,-0.00055441612940459984,-0.00091049000635773369,0.0011507703914796442,-0.00055441612940460027
659,1333736162834752972,0,-0.0031823878830042791,0.00039190160798023045,-0.00072270424753000204,-0.0031823878830042791,0.0003919016079802304,-0.00072270424753000247
660,1333736162884784972,0,-0.0014657551941793987,0.0013305152630503059,-0.0010018050501735742,-0.0014657551941793987,0.0013305152630503059,-0.0010018050501735746
661,1333736162934752972,0,-0.0035966329461589895,0.0019519025234651585,-0.0011279210682863233,-0.0035966329461589895,0.0019519025234651585,-0.0011279210682863237
662,1333736162984752972,0,-0.0044874542490373039,0.00059434227891023181,-0.0011432068434862007,-0.0044874542490373039,0.0005943422789102317,-0.0011432068434862012
663,1333736163034753972,0,-0.0041871507007197051,0.0015186565491705514,-0.00086431675327035295,-0.0041871507007197051,0.0015186565491705514,-0.00086431675327035328
664,1333736163084751972,0,-0.0031489958374679135,0.00042903356113600018,-0.00091645252299493013,-0.0031489958374679135,0.00042903356113600013,-0.00091645252299493046
665,1333736163134754972,0,-0.0041890769896398214,0.0015249241457235476,-0.0012020929559662587,-0.0041890769896398214,0.0015249241457235476,-0.0012020929559662592
666,1333736163184751972,0,-0.0024331843550739339,0.00055536638526209757,-0.00062758649326863261,-0.0024331843550739339,0.00055536638526209746,-0.00062758649326863293
667,1333736163234752972,0,-0.0029936325750309144,0.0019990074566111132,-0.00093779873974419211,-0.0029936325750309144,0.0019990074566111132,-0.00093779873974419244
668,1333736163284753972,0,-0.00085795921064872821,0.0020275114970045218,-9.308568120976795e-05,-0.00085795921064872821,0.0020275114970045218,-9.3085681209768235e-05
669,1333736163334754972,0,-0.0017519827506785495,0.0012602731480190566,0.0024393424249068959,-0.0017519827506785495,0.0012602731480190566,0.0024393424249068954
670,1333736163384751972,0,-0.0035441697168344445,0.00034725144152383195,0.0065046727957082141,-0.0035441697168344445,0.0003472514415238319,0.0065046727957082141
671,1333736163434753972,0,-0.0059615698245451074,0.0003102003324217633,0.011484188355050847,-0.0059615698245451074,0.00031020033242176324,0.011484188355050847
672,1333736163484752972,0,-0.0053846589243020451,5.9292819397152954e-05,0.014594470995219492,-0.0053846589243020451,5.9292819397152906e-05,0.014594470995219492
673,1333736163534752972,0,-0.0018919480006986248,0.0017795370604313336,0.016440284876056317,-0.0018919480006986248,0.0017795370604313336,0.016440284876056317
674,1333736163584754972,0,-0.0027399632404461085,0.0010373305857604691,0.021613642824137743,-0.0027399632404461085,0.0010373305857604691,0.021613642824137743
675,1333736163634754972,0,-0.0072469456489788545,0.0022595263487085533,0.025082213531323141,-0.0072469456489788545,0.0022595263487085533,0.025082213531323141
676,1333736163684753972,0,-0.0013481582222480701,0.0024497659831279918,0.02818822010483317,-0.0013481582222480701,0.0024497659831279918,0.02818822010483317
677,1333736163734757972,0,-4.0037261869377673e-05,0.0045066860397505529,0.032791794781992789,-4.0037261869377673e-05,0.0045066860397505529,0.032791794781992789
678,1333736163784755972,0,-0.0057842353440265108,-0.00056263340939674902,0.042607580381543227,-0.0057842353440265108,-0.00056263340939674902,0.042607580381543227
679,1333736163834755972,0,-0.0047698090286062596,-0.0013489462568139698,0.051133834397972061,-0.0047698090286062596,-0.0013489462568139698,0.051133834397972061
680,1333736163884756972,0,-0.0063777611661396038,0.00056636271556767038,0.057311693659369702,-0.0063777611661396038,0.00056636271556767038,0.057311693659369702
681,1333736163934756972,0,-0.0016086518495409038,0.0029060692504662058,0.064959004275432608,-0.0016086518495409038,0.0029060692504662058,0.064959004275432608
682,1333736163984756972,0,-0.0051963364146545826,-0.001901667791215882,0.075693155726626243,-0.0051963364146545826,-0.001901667791215882,0.075693155726626243
683,1333736164034755972,0,-0.0041371878669956858,-0.00062248175253767348,0.085107097861938652,-0.0041371878669956858,-0.00062248175253767348,0.085107097861938652
684,1333736164084759972,0,-0.00034412831156013313,0.00010835994215036655,0.092052404640954252,-0.00034412831156013308,0.00010835994215036654,0.092052404640954252
685,1333736164134756972,0,-1.8734563286240853e-06,0.0010103300644770262,0.10130318461065453,-1.8734563286240853e-06,0.0010103300644770262,0.10130318461065453
686,1333736164184760972,0,-0.0041860986205275131,-0.0024248341252146805,0.11319483640194046,-0.0041860986205275131,-0.0024248341252146805,0.11319483640194046
687,1333736164234759972,0,-0.0031435275342639474,-0.00025585109292105678,0.12386295837329683,-0.0031435275342639474,-0.00025585109292105684,0.12386295837329683
688,1333736164284755972,0,-0.0038650878767365628,0.0015113196861969822,0.13235888363607073,-0.0038650878767365628,0.0015113196861969822,0.13235888363607073
689,1333736164334758972,0,-0.00029461959510815663,-0.00064516881577363853,0.139827036705341,-0.00029461959510815663,-0.00064516881577363864,0.139827036705341
690,1333736164384755972,0,-0.0030839373545989181,0.00020957552923528107,0.15069975474477171,-0.0030839373545989181,0.00020957552923528099,0.15069975474477171
691,1333736164434756972,0,-0.0053140512540240763,-0.001277108569886226,0.16019993522601678,-0.0053140512540240763,-0.001277108569886226,0.16019993522601678
692,1333736164484756972,0,-4.9566244135827026e-05,0.0010883754768763051,0.16604780497609128,-4.9566244135827026e-05,0.0010883754768763051,0.16604780497609128
693,1333736164534757972,0,-0.00052424224932367462,-0.00026428882444031409,0.17611925273287554,-0.00052424224932367462,-0.0002642888244403142,0.17611925273287554
694,1333736164584754972,0,-0.0049580843744209359,-0.00095472555174142091,0.18798964890134087,-0.0049580843744209359,-0.00095472555174142112,0.18798964890134087
695,1333736164634755972,0,-0.0045496494907027009,-0.0012041728772756834,0.19816702957779209,-0.0045496494907027009,-0.0012041728772756834,0.19816702957779209
696,1333736164684769972,0,-0.0013601425352521685,-0.0039197974246116627,0.20738800059921955,-0.0013601425352521685,-0.0039197974246116627,0.20738800059921955
697,1333736164734755972,0,0.00048292528230406981,-0.0016569283687087122,0.21740029468657987,0.00048292528230406981,-0.0016569283687087122,0.21740029468657987
698,1333736164784756972,0,-0.0036098357365474797,-0.0011024842143271501,0.22945998438805276,-0.0036098357365474797,-0.0011024842143271501,0.22945998438805276
699,1333736164834754972,0,-0.0053436771391123222,-0.0022005547202008776,0.23993052768119988,-0.0053436771391123222,-0.0022005547202008776,0.23993052768119988
700,1333736164884754972,0,-0.0023205488507447814,0.00021991540843040213,0.24859270177533299,-0.0023205488507447814,0.0002199154084304021,0.24859270177533299
701,1333736164934754972,0,-0.0030835856740143884,0.00027067540687539227,0.25968954424828627,-0.0030835856740143884,0.00027067540687539227,0.25968954424828627
702,1333736164984754972,0,-0.0012505925287696843,-7.8154917966320237e-05,0.27051595667732803,-0.0012505925287696843,-7.8154917966320251e-05,0.27051595667732803
703,1333736165034754972,0,-0.0086687829418395299,-0.0049469070756083828,0.28426319039757436,-0.0086687829418395299,-0.0049469070756083828,0.28426319039757436
704,1333736165084754972,0,-0.0063396255434974239,-0.0028979698378079769,0.29508570842697224,-0.0063396255434974239,-0.0028979698378079769,0.29508570842697224
705,1333736165134754972,0,-0.004004345411526682,-0.0014766840011256948,0.30374955946646176,-0.004004345411526682,-0.0014766840011256948,0.30374955946646176
706,1333736165184754972,0,-0.0071531280976749913,-0.0017655513981407339,0.31549793070390353,-0.0071531280976749913,-0.0017655513981407339,0.31549793070390353
707,1333736165234761972,0,-0.003533291641933247,-0.0014234121426077234,0.32602810489922424,-0.003533291641933247,-0.0014234121426077234,0.32602810489922424
708,1333736165284752972,0,-0.0027411969465329401,-0.0032220545827409924,0.33511192338534052,-0.0027411969465329401,-0.0032220545827409924,0.33511192338534052
709,1333736165334752972,0,-0.0032006519121865517,-0.0014808585561890135,0.34534255933986874,-0.0032006519121865517,-0.0014808585561890135,0.34534255933986874
710,1333736165384752972,0,-0.001824967702034711,-0.0048892863524180579,0.35804695275137555,-0.0018249677020347108,-0.0048892863524180579,0.35804695275137555
711,1333736165434754972,0,-0.0075297750919908479,-0.0053074498838580047,0.36881484430105327,-0.0075297750919908479,-0.0053074498838580047,0.36881484430105327
712,1333736165484753972,0,-0.001424217507905258,-0.0024673888939307229,0.3768612131022851,-0.0014242175079052578,-0.0024673888939307229,0.3768612131022851
713,1333736165534752972,0,-0.003806261963318275,-0.00025808857832282633,0.38580072689032929,-0.0038062619633182746,-0.00025808857832282633,0.38580072689032929
714,1333736165584752972,0,-0.004397053513465277,-0.0042747834821012329,0.39904267148636685,-0.004397053513465277,-0.0042747834821012329,0.39904267148636685
715,1333736165634752972,0,-0.0055952723314257142,-0.0039554557662058037,0.40863477421228495,-0.0055952723314257142,-0.0039554557662058037,0.40863477421228495
716,1333736165683751972,0,-0.0033531542033834209,-0.0037550873738425861,0.41767972757720212,-0.0033531542033834205,-0.0037550873738425861,0.41767972757720212
717,1333736165733750972,0,-0.00092141014840283223,-0.0027832471520366107,0.42492086192230627,-0.00092141014840283191,-0.0027832471520366107,0.42492086192230627
718,1333736165784751972,0,-0.0048245669805299018,-0.0025708583375723629,0.43616192895062311,-0.0048245669805299018,-0.0025708583375723629,0.43616192895062311
719,1333736165833749972,0,-0.0037971014907494946,-0.0041729411078204326,0.44713341627126429,-0.0037971014907494942,-0.0041729411078204326,0.44713341627126429
720,1333736165884751972,0,-0.0026826918443771551,-0.0036802177142392077,0.4540910069594607,-0.0026826918443771546,-0.0036802177142392077,0.4540910069594607
721,1333736165933747972,0,-0.0026232288371101429,-0.0026403015450459782,0.46264051269031287,-0.0026232288371101425,-0.0026403015450459782,0.46264051269031287
722,1333736165983747972,0,0.00036445816780709354,-0.0021852715349390149,0.47299585625623675,0.00036445816780709397,-0.0021852715349390149,0.47299585625623675
723,1333736166033746972,0,-0.0054552783143786724,-0.0047257684238514982,0.4851760871628012,-0.0054552783143786716,-0.0047257684238514982,0.4851760871628012
724,1333736166108739972,0,-0.0037849751911941355,-0.0062111113903031458,0.49883107584925934,-0.0037849751911941351,-0.0062111113903031449,0.49883107584925934
725,1333736166158739972,0,-0.0013293817897574679,-0.0043849569767952035,0.50610100842569949,-0.0013293817897574672,-0.0043849569767952026,0.50610100842569949
726,1333736166208739972,0,-0.0023659202263022682,-0.0061957065744580866,0.51706904238346685,-0.0023659202263022674,-0.0061957065744580857,0.51706904238346685
727,1333736166258740972,0,0.0023853234110863988,-0.0020255966160855942,0.52521770494967035,0.0023853234110863997,-0.0020255966160855933,0.52521770494967035
728,1333736166308740972,0,-0.0027324480999940236,-0.0038962424130328062,0.53542626295060103,-0.0027324480999940228,-0.0038962424130328049,0.53542626295060103
729,1333736166358740972,0,-6.5043345924745751e-05,-0.0040441536527941425,0.54543711262581573,-6.5043345924744802e-05,-0.0040441536527941408,0.54543711262581573
730,1333736166408739972,0,-0.0028657904186327678,-0.0051062726022379767,0.55893406205677143,-0.0028657904186327669,-0.005106272602237975,0.55893406205677143
731,1333736166458739972,0,0.00063936643420435405,-0.0046713964421542138,0.56751308630912911,0.00063936643420435513,-0.004671396442154213,0.56751308630912911
732,1333736166508740972,0,-0.0046413641528739455,-0.0062263761372333207,0.58057696100302547,-0.0046413641528739438,-0.0062263761372333181,0.58057696100302547
733,1333736166558740972,0,-0.00057818494471686965,-0.0048143482049872628,0.58952027977969967,-0.00057818494471686748,-0.0048143482049872602,0.58952027977969967
734,1333736166608740972,0,0.00032904691494289276,-0.0070531915563533335,0.60323645426568062,0.00032904691494289542,-0.00705319155635333,0.60323645426568062
735,1333736166658743972,0,-0.00024475491340977655,-0.0058187616478487889,0.61176172735465817,-0.0002447549134097734,-0.0058187616478487846,0.61176172735465817
736,1333736166708740972,0,-0.0030565678031943019,-0.0059673245886835494,0.62130244155084413,-0.0030565678031942984,-0.005967324588683545,0.62130244155084413
737,1333736166758740972,0,0.0012369684686672198,-0.0056736273781034744,0.63385636854171812,0.0012369684686672239,-0.0056736273781034692,0.63385636854171812
738,1333736166808740972,0,-0.00078735074971721781,-0.0064861058097897854,0.64437873170059734,-0.00078735074971721314,-0.0064861058097897802,0.64437873170059734
739,1333736166858741972,0,-0.0026357273165362586,-0.005796621987825273,0.65485556466137751,-0.0026357273165362538,-0.0057966219878252687,0.65485556466137751
740,1333736166908747972,0,-0.00035631571339896301,-0.004753279048725894,0.66615632506380806,-0.00035631571339895596,-0.0047532790487258862,0.66615632506380806
741,1333736166958747972,0,-0.0015269443277835786,-0.008883775621214755,0.67726771570129451,-0.0015269443277835697,-0.0088837756212147463,0.67726771570129451
742,1333736167008746972,0,-0.0063335186234336283,-0.0094402365451472427,0.68918928918248412,-0.0063335186234336179,-0.0094402365451472323,0.68918928918248412
743,1333736167058743972,0,-0.0015558423613239898,-0.0047020149511714021,0.69644446007998106,-0.0015558423613239772,-0.0047020149511713891,0.69644446007998106
744,1333736167108745972,0,0.0021835904479956762,-0.0062731543268328563,0.70684790313976698,0.0021835904479956905,-0.0062731543268328424,0.70684790313976698
745,1333736167158743972,0,-0.0018582489047200019,-0.0053775507394723037,0.71570147396328387,-0.0018582489047199856,-0.0053775507394722881,0.71570147396328387
746,1333736167208743972,0,0.00058711652745358747,-0.0048290690595981303,0.72462978390010468,0.00058711652745360569,-0.004829069059598113,0.72462978390010468
747,1333736167258742972,0,-0.0013370563155925123,-0.0061656588265570651,0.73392025983642906,-0.0013370563155924921,-0.006165658826557046,0.73392025983642906
748,1333736167308747972,0,-0.00035305484524652197,-0.005295414423255638,0.74291627284147443,-0.00035305484524649991,-0.0052954144232556163,0.74291627284147443
749,1333736167358743972,0,0.0026529123073118391,-0.0051729451533825419,0.75057604057485006,0.0026529123073118664,-0.0051729451533825159,0.75057604057485006
750,1333736167408744972,0,-0.00079243597549557687,-0.0077486104406856507,0.75864368592020393,-0.00079243597549554434,-0.0077486104406856195,0.75864368592020393
751,1333736167458742972,0,9.7048016236422983e-05,-0.0077096036482009146,0.76318656356227887,9.7048016236460713e-05,-0.007709603648200879,0.76318656356227887
752,1333736167508742972,0,-0.0025880158416072972,-0.0061674085108808143,0.76793250098118726,-0.0025880158416072543,-0.0061674085108807735,0.76793250098118726
753,1333736167558742972,0,0.0012648964210931765,-0.0086104799961668806,0.773870144645181,0.0012648964210932247,-0.0086104799961668355,0.773870144645181
754,1333736167608753972,0,-0.0024578380544442069,-0.0075983068826478853,0.77891264752565703,-0.0024578380544441536,-0.0075983068826478341,0.77891264752565703
755,1333736167658741972,0,-0.0015296412619303875,-0.0082757196769729438,0.78357075404518362,-0.0015296412619303288,-0.0082757196769728883,0.78357075404518362
756,1333736167708742972,0,-0.00093004819261640486,-0.0066850080911667279,0.78946709630053824,-0.00093004819261634101,-0.0066850080911666672,0.78946709630053846
757,1333736167758743972,0,-0.0011938648283971107,-0.0064463176748518923,0.79426502517232778,-0.0011938648283970415,-0.0064463176748518264,0.794265025172328
758,1333736167808747972,0,-0.0031727722345333549,-0.0082943790223369302,0.7995746762241468,-0.0031727722345332803,-0.0082943790223368591,0.79957467622414691
759,1333736167858744972,0,-0.0016531594197643942,-0.0049383264782919892,0.80342264682888387,-0.0016531594197643146,-0.0049383264782919128,0.80342264682888398
760,1333736167908736972,0,-0.0025409576260076077,-0.0059998063333587173,0.80890227410319648,-0.0025409576260075227,-0.0059998063333586357,0.80890227410319671
761,1333736167958743972,0,-0.0029907586694019181,-0.0098826007030374547,0.81661877525195881,-0.0029907586694018274,-0.009882600703037368,0.81661877525195892
762,1333736168008742972,0,0.00079430135201970665,-0.0080224275167797982,0.82251271094318523,0.00079430135201980227,-0.0080224275167797062,0.82251271094318534
763,1333736168058742972,0,0.00085581319342522947,-0.0061383590670271385,0.83024585908915716,0.00085581319342532976,-0.0061383590670270423,0.83024585908915738
764,1333736168108742972,0,0.0010793842385727307,-0.010910465922333868,0.84079440413669204,0.0010793842385728766,-0.01091046592233373,0.84079440413669237
765,1333736168158742972,0,-0.0016091114945465132,-0.010217373230565641,0.85092781437539666,-0.0016091114945463228,-0.010217373230565459,0.850927814375397
766,1333736168208743972,0,0.0011798230480431417,-0.0051255213622779334,0.85891059100095857,0.0011798230480433744,-0.005125521362277707,0.85891059100095901
767,1333736168258741972,0,-0.00031307743724438126,-0.0062183756426452122,0.87137357545737648,-0.00031307743724410386,-0.0062183756426449441,0.87137357545737704
768,1333736168308741972,0,-0.00088346490029027086,-0.010788068414451128,0.88703504107167463,-0.00088346490028994647,-0.010788068414450815,0.8870350410716753
769,1333736168358741972,0,0.0021606147282837284,-0.010460499774997896,0.90043220580926731,0.002160614728284097,-0.01046049977499754,0.90043220580926797
770,1333736168408741972,0,4.9265843425448999e-05,-0.009293934295118815,0.91026449230339634,4.9265843425861511e-05,-0.0092939342951184178,0.91026449230339712
771,1333736168458740972,0,0.00072505763147284546,-0.010531796302986413,0.92322900132778885,0.00072505763147330397,-0.010531796302985973,0.92322900132778973
772,1333736168508741972,0,0.00047385382349367044,-0.010947345620264776,0.93622806773595235,0.00047385382349436405,-0.010947345620264112,0.93622806773595368
773,1333736168558741972,0,-0.0037245243312369514,-0.011670225526287893,0.95233359098283554,-0.0037245243312360216,-0.011670225526287012,0.95233359098283721
774,1333736168608741972,0,-0.0037233068184638345,-0.0099178156864570162,0.96572783546852725,-0.0037233068184626726,-0.0099178156864559129,0.96572783546852936
775,1333736168658742972,0,0.0025678031250054244,-0.0091738416417397155,0.97674486839736119,0.0025678031250068187,-0.0091738416417383745,0.97674486839736374
776,1333736168708740972,0,-5.5008808754930701e-05,-0.013537203099273469,0.9926639375249493,-5.5008808753289103e-05,-0.013537203099271911,0.99266393752495219
777,1333736168757727972,0,0.00094630008330297158,-0.010028597465383194,1.0082492536565597,0.00094630008330483305,-0.010028597465381414,1.008249253656563
778,1333736168807727972,0,0.0010930756743122128,-0.0073154010163680224,1.0186974344176989,0.0010930756743143004,-0.0073154010163660179,1.0186974344177027
779,1333736168857727972,0,0.001763737404059401,-0.0089653464114853587,1.0324406468043905,0.0017637374040625502,-0.0089653464114823282,1.0324406468043961
780,1333736168907726972,0,-0.002846037613850807,-0.011719942894503349,1.0475736188202016,-0.0028460376138465813,-0.011719942894499331,1.0475736188202087
781,1333736168957727972,0,-0.0040626377746341754,-0.011856481667081939,1.0620436533892954,-0.0040626377746288862,-0.011856481667076917,1.0620436533893043
782,1333736169007727972,0,0.0018059465374845162,-0.011892727168162018,1.0755866131746503,0.0018059465374908677,-0.011892727168155922,1.075586613174661
783,1333736169057727972,0,0.0040179941303401714,-0.0081890099868622904,1.0871935321276767,0.0040179941303475387,-0.0081890099868551433,1.0871935321276891
784,1333736169107729972,0,-0.0033565022375478711,-0.013545832278629499,1.1051702211133778,-0.0033565022375393722,-0.013545832278621432,1.105170221113392
785,1333736169157729972,0,-0.0002534792083499081,-0.011562117039558124,1.1222030798141738,-0.00025347920834037536,-0.011562117039548993,1.1222030798141898
786,1333736169207727972,0,5.909586783414358e-05,-0.010309774560332318,1.1352702122150715,5.9095867849322417e-05,-0.010309774560317782,1.1352702122150964
787,1333736169257728972,0,0.00032104493326494892,-0.011461525838416396,1.1517613707362975,0.00032104493328583326,-0.011461525838396455,1.151761370736331
788,1333736169307725972,0,-0.000164565152543274,-0.011831040628665754,1.1707771556810338,-0.00016456515251669744,-0.011831040628640432,1.1707771556810762
789,1333736169357724972,0,-0.0011539897852939475,-0.010527293335429698,1.1872672444869219,-0.001153989785261758,-0.01052729333539903,1.1872672444869732
790,1333736169407724972,0,0.002756211376340861,-0.0085599352537317347,1.2007941207756736,0.0027562113763786012,-0.008559935253695446,1.2007941207757338
791,1333736169457724972,0,0.0020584877330591615,-0.0086477418241528471,1.2179052946424744,0.0020584877331025586,-0.0086477418241111825,1.2179052946425433
792,1333736169507725972,0,-0.0016382526189344325,-0.013349786690381074,1.2365904814485362,-0.0016382526188726775,-0.013349786690323528,1.2365904814486306
793,1333736169557727972,0,0.0029313783113048405,-0.0079967112799677244,1.2507095256804159,0.0029313783113839868,-0.0079967112798934956,1.2507095256805361
794,1333736169607727972,0,-0.0012098414516599171,-0.012330123225526013,1.2693163186936807,-0.0012098414515622426,-0.012330123225436135,1.2693163186938263
795,1333736169657727972,0,0.0012557985429567902,-0.0076524656652528734,1.2798606295262918,0.0012557985430716708,-0.0076524656651464264,1.279860629526463
796,1333736169707727972,0,0.0058321237641746964,-0.0027912795670072352,1.2909519100350513,0.0058321237643065077,-0.0027912795668836783,1.2909519100352482
797,1333736169757727972,0,0.003890860197985996,0.0015973254620594488,1.297167149067733,0.0038908601981345937,0.0015973254621989002,1.2971671490679555
798,1333736169807726972,0,0.0051220779585251308,0.0086110223356848821,1.3012126809026054,0.005122077958689639,0.0086110223358409153,1.3012126809028535
799,1333736169857726972,0,0.0097620647356414479,0.010664273102292779,1.3048366007181211,0.0097620647358228653,0.01066427310246639,1.3048366007183949
800,1333736169907730972,0,0.011479979998775359,0.020670780612877443,1.3090106239659534,0.011479979998971202,0.020670780613067999,1.3090106239662527
801,1333736169957728972,0,0.0098821685556765154,0.027819818778239334,1.3104054354042705,0.0098821685559148508,0.027819818778463307,1.310405435404624
802,1333736170007725972,0,0.012428352084138665,0.035598938138584751,1.3120272796261723,0.012428352084418465,0.035598938138843662,1.3120272796265797
803,1333736170057724972,0,0.018220352674003085,0.040443416247574658,1.3116855132288485,0.018220352674324862,0.040443416247870276,1.3116855132293102
804,1333736170107728972,0,0.018176921239084681,0.048199308957831678,1.3127285274718692,0.018176921239446416,0.04819930895816163,1.3127285274723848
805,1333736170157727972,0,0.021679725664354003,0.058484075316406266,1.3129329692495668,0.021679725664753412,0.058484075316772556,1.3129329692501366
806,1333736170207726972,0,0.021913828522794439,0.064291359605845227,1.3121842365708913,0.021913828523233203,0.064291359606246198,1.3121842365715151
807,1333736170257727972,0,0.025790348228268305,0.075667947152499276,1.3123499915017831,0.025790348228742023,0.075667947152937426,1.312349991502461
808,1333736170307725972,0,0.025841765062670715,0.086912790118730252,1.3131779291024557,0.025841765063178247,0.086912790119203193,1.3131779291031878
809,1333736170357727972,0,0.028637032219934661,0.08954099045521112,1.3131409816741362,0.028637032220481567,0.089540990455721031,1.3131409816749222
810,1333736170407725972,0,0.028949149325924996,0.098402121902027573,1.3117719190325232,0.028949149326505753,0.098402121902572665,1.3117719190333634
811,1333736170457726972,0,0.02911599593075747,0.10447798871352823,1.3122258631621873,0.029115995931373612,0.10447798871410839,1.3122258631630817
812,1333736170507724972,0,0.032777440140617981,0.11391831141197517,1.312128160078091,0.032777440141265657,0.11391831141259375,1.3121281600790393
813,1333736170557725972,0,0.031348974435855992,0.12403858814499627,1.3115882748456669,0.031348974436533505,0.12403858814564854,1.3115882748466694
814,1333736170607724972,0,0.036373456303689378,0.12648346459800774,1.3119940076031185,0.036373456304403737,0.12648346459870041,1.3119940076041749
815,1333736170657724972,0,0.037627436424530342,0.1384699311543108,1.3102589244747953,0.037627436425270694,0.13846993115504019,1.310258924475906
816,1333736170707725972,0,0.037377710662319499,0.14313983430230964,1.3106904573381715,0.037377710663093061,0.14313983430307411,1.3106904573393361
817,1333736170757724972,0,0.042861097941806113,0.14967549590788989,1.3107376524722287,0.042861097942610109,0.14967549590869644,1.3107376524734475
818,1333736170807724972,0,0.042662801159540922,0.16365455567924633,1.3094946668365064,0.042662801160365173,0.16365455568008833,1.3094946668377794
819,1333736170857723972,0,0.042534293954140934,0.17338059015341459,1.3109225271337266,0.04253429395498956,0.17338059015429205,1.3109225271350535
820,1333736170907729972,0,0.043588530663252065,0.17792276615002009,1.3097088172546443,0.043588530664342956,0.17792276615109676,1.309708817256275
821,1333736170957728972,0,0.048882863624093803,0.18997924393733728,1.3104188739433775,0.048882863625409625,0.18997924393862198,1.3104188739453122
822,1333736171007728972,0,0.048929291060423749,0.19533751197584059,1.3109923096350071,0.048929291061972177,0.19533751197732477,1.3109923096372456
823,1333736171057729972,0,0.054519133061019916,0.20569708929376856,1.3104546314207905,0.054519133062784983,0.20569708929546637,1.3104546314233327
824,1333736171107727972,0,0.052454153905895466,0.21473957299374255,1.3098717602283305,0.052454153907874605,0.21473957299563556,1.3098717602311765
825,1333736171157727972,0,0.056433754132689758,0.21734198775738514,1.3093555174374332,0.056433754134897776,0.21734198775949115,1.3093555174405829
826,1333736171207727972,0,0.056217650369855897,0.2303746729121483,1.309406979468243,0.056217650372255186,0.23037467291445524,1.3094069794716967
827,1333736171257727972,0,0.061483194906359749,0.24254753785571356,1.3094340838184195,0.061483194908945632,0.24254753785824187,1.309434083822177
828,1333736171307727972,0,0.062105521332166069,0.25386731382956934,1.3097337769097561,0.062105521334934605,0.25386731383230343,1.3097337769138173
829,1333736171357728972,0,0.062714039735169869,0.25929979510117734,1.3086189672115776,0.062714039738139868,0.25929979510411744,1.3086189672159425
830,1333736171407728972,0,0.068109492010005407,0.27412402556680426,1.3076215197435319,0.068109492013129741,0.27412402556997323,1.3076215197482008
831,1333736171457731972,0,0.069378946767736621,0.2840473364936778,1.3073599282129473,0.069378946771030653,0.28404733649705827,1.30735992821792
832,1333736171507728972,0,0.074109946707322155,0.29663425765756762,1.3080667639992531,0.074109946710765789,0.29663425766117862,1.3080667640045296
833,1333736171556714972,0,0.076834671095516768,0.31067563344065396,1.3072560259705592,0.076834671099090021,0.31067563344448301,1.3072560259761334
834,1333736171606712972,0,0.077087686289208243,0.32359829372347426,1.3073212453569618,0.077087686292913446,0.3235982937275127,1.3073212453628398
835,1333736171656725972,0,0.081022985265973346,0.33103724080088098,1.3078694314215245,0.081022985270995287,0.33103724080608404,1.3078694314290829
836,1333736171706712972,0,0.081946346881131879,0.34379127697069994,1.3067021614565013,0.081946346887395743,0.34379127697705242,1.3067021614657393
837,1333736171756714972,0,0.084217437683730398,0.36148128979452482,1.307672659281405,0.084217437691139846,0.36148128980204491,1.3076726592923231
838,1333736171806716972,0,0.089577930601567074,0.37402062125552976,1.3080108762692251,0.089577930610127546,0.374020621264264,1.3080108762818232
839,1333736171856714972,0,0.08912803844707412,0.38543314938514273,1.3082170904731791,0.089128038456759484,0.38543314939502615,1.308217090487457
840,1333736171906716972,0,0.091015336209278708,0.39752825679761078,1.3098832305870951,0.091015336220039822,0.3975282568086792,1.3098832306030532
841,1333736171956714972,0,0.097556421651193062,0.41242977012590626,1.3071844252163964,0.09755642166293968,0.41242977013824794,1.3071844252340346
842,1333736172006714972,0,0.10075838810268738,0.42530346425372612,1.3081837463177826,0.10075838811540866,0.4253034642672987,1.3081837463371007
843,1333736172056715972,0,0.10201506799558809,0.43655406585498002,1.3079723282546996,0.10201506800927489,0.43655406586975337,1.3079723282756976
844,1333736172106712972,0,0.10669585025888463,0.45184985580762949,1.3066648096683433,0.10669585027340731,0.45184985582368542,1.3066648096910214
845,1333736172156715972,0,0.10985790203584188,0.46649303170942363,1.3071017846139612,0.10985790205116508,0.466493031726741,1.3071017846383193
846,1333736172206715972,0,0.11272159993754459,0.47848790833373284,1.3077277931183908,0.112721599953688,0.47848790835231447,1.3077277931444289
847,1333736172256710972,0,0.11458645158989615,0.49382884687860734,1.3073114126191396,0.11458645161275938,0.49382884690350998,1.3073114126541061
848,1333736172306709972,0,0.11951917002037077,0.50908217759768337,1.3063915885456647,0.11951917004968426,0.50908217762907559,1.3063915885895603
849,1333736172356709972,0,0.12412365137814958,0.53065495694165088,1.3045459697144621,0.12412365141330726,0.53065495697960352,1.304545969767287
850,1333736172406713972,0,0.12334971141216362,0.54182306706702565,1.3055847355453389,0.1233497114534233,0.54182306711128925,1.3055847356070938
851,1333736172456708972,0,0.13261562798909979,0.55907724497736278,1.305840579542574,0.13261562803583063,0.5590772450286321,1.3058405796132573
852,1333736172506711972,0,0.13131799394538315,0.57766846783039261,1.3047608290024535,0.13131799399717164,0.57766846788799309,1.3047608290820665
853,1333736172556710972,0,0.13851594017834695,0.59456802333083658,1.304563086037313,0.13851594023501032,0.59456802339549675,1.3045630861258553
854,1333736172606715972,0,0.14436907516175729,0.6070793361393183,1.3046165344193204,0.14436907522342221,0.60707933621103638,1.3046165345167928
855,1333736172656711972,0,0.14717732022038418,0.62032456749667919,1.3038431830821653,0.14717732028674804,0.62032456757523469,1.3038431831885662
856,1333736172706713972,0,0.15066627667587335,0.63948537248170034,1.3034798896286868,0.15066627674601807,0.63948537256722271,1.3034798897440174
857,1333736172756711972,0,0.15120411348415094,0.65660421277548131,1.302825907804539,0.15120411358612768,0.65660421289338367,1.3028259079636879
858,1333736172806712972,0,0.15851108514183043,0.66903525842121236,1.3030878565304049,0.15851108527509239,0.6690352585729179,1.3030878567333748
859,1333736172856711972,0,0.15970892392267205,0.68272179042158099,1.3021871596558501,0.15970892408581863,0.68272179060622096,1.3021871599026393
860,1333736172906711972,0,0.16139874326302209,0.70236156888372692,1.3017385875782415,0.16139874345312438,0.70236156910155012,1.3017385878688508
861,1333736172956713972,0,0.1644671244745621,0.71963837517711826,1.3007371419129166,0.16446712469069033,0.71963837542873488,1.3007371422473479
862,1333736173006713972,0,0.16910961548136491,0.7410390288250146,1.2999688949311783,0.16910961572044386,0.74103902911128783,1.2999688953094297
863,1333736173056714972,0,0.17522421460339771,0.75343301845736799,1.3000465494171072,0.17522421486735382,0.75343301877932667,1.3000465498391796
864,1333736173106710972,0,0.18063840830421968,0.77236432448136949,1.3005288474596255,0.18063840858891816,0.77236432483921991,1.3005288479255146
865,1333736173156710972,0,0.18329999686503887,0.78647619755544784,1.3024087169572238,0.18329999717127948,0.78647619794826407,1.302408717466933
866,1333736173206711972,0,0.18454119502920527,0.79911826268105823,1.3059535255576518,0.18454119547521211,0.79911826322489199,1.30595352626072
867,1333736173256710972,0,0.18739264202002368,0.81761667901258317,1.312514404883081,0.18739264259565233,0.81761667970935192,1.3125144057795008
868,1333736173306711972,0,0.18988835055266776,0.83397888008091126,1.3228784596435215,0.18988835125309841,0.83397888093133599,1.3228784607333006
869,1333736173356711972,0,0.19497252547842453,0.84877343847726827,1.3336771813064341,0.19497252629933837,0.84877343948563255,1.3336771825895686
870,1333736173406713972,0,0.19856817862225756,0.86400203682492538,1.3420809628998458,0.19856817955729789,0.8640020379910035,1.3420809643763432
871,1333736173456710972,0,0.20055509330958549,0.87794259499645888,1.3547675646795547,0.20055509435500071,0.87794259631893978,1.3547675663493959
872,1333736173506711972,0,0.20354935528582288,0.89098367967105618,1.3719966487327315,0.20354935643790856,0.89098368115259741,1.371996650595932
873,1333736173556713972,0,0.20466735236362898,0.90826902564185175,1.3871432631781631,0.20466735360861582,0.90826902727975556,1.3871432652347264
874,1333736173606714972,0,0.20827908600258072,0.92101191353388945,1.4009668613649444,0.20827908734400175,0.9210119153341958,1.4009668636148671
875,1333736173656712972,0,0.20773923108790548,0.93670726482781141,1.4171820033069886,0.20773923329124772,0.93670726768217505,1.4171820068291328
876,1333736173706711972,0,0.20918654032640593,0.95686609527376776,1.432328017616824,0.20918654333035133,0.95686609919036347,1.4323280224112152
877,1333736173756712972,0,0.21318852397533655,0.96612303269208877,1.4526410344320251,0.21318852779476333,0.96612303769013996,1.4526410404987138
878,1333736173806713972,0,0.21285092888891774,0.98080577878697994,1.4690956700526461,0.21285093346045081,0.98080578484482195,1.4690956773916326
879,1333736173856711972,0,0.21377104637896843,0.99760128461669584,1.4863804727212784,0.21377105164700336,0.99760129174423628,1.4863804813324863
880,1333736173906842972,0,0.21577240351923496,1.0094896154065349,1.507967707641813,0.21577240949167667,1.0094896236196356,1.5079677175286266
881,1333736173956716972,0,0.21887306947871296,1.0264008262765698,1.5244754310882076,0.21887307996586652,1.0264008403714699,1.5244754476707065
882,1333736174006717972,0,0.21704498339879524,1.0447788073984505,1.5386937576895441,0.21704499815166126,1.0447788273168084,1.5386937809847783
883,1333736174056717972,0,0.21522804642592946,1.0549496687136446,1.5561595824455294,0.21522806544396389,1.0549496944311347,1.5561596124533648
884,1333736174106719972,0,0.21966851500440088,1.0701106788711829,1.5781549229873029,0.21966853796799332,1.070110710593422,1.5781549597080078
885,1333736174156722972,0,0.21577413044806118,1.0871065460279106,1.595821462361753,0.21577415707405517,1.0871065834526199,1.5958215057954617
886,1333736174206721972,0,0.21288529744579177,1.1080272841765795,1.6096053992852413,0.21288534410658166,1.1080273481811818,1.6096054722946038
887,1333736174256719972,0,0.2110088355988719,1.1187950484170739,1.6279820549293293,0.21100890209809836,1.1187951389340123,1.6279821575137541
888,1333736174306723972,0,0.21502803641014487,1.1370676892965257,1.6499074446947248,0.21502812112146211,1.1370678069971878,1.6499075768577611
889,1333736174356722972,0,0.21272984636035644,1.1525515081523345,1.6677035405515861,0.21272994865191089,1.1525516522500303,1.6677037022902761
890,1333736174406723972,0,0.21049057192534315,1.1711487834738386,1.68562744848639,0.21049069028636014,1.171148953844964,1.685627639801917
891,1333736174456724972,0,0.20814846340031445,1.1844849894543434,1.7018943705687215,0.20814867234230605,1.1844852823627974,1.7018946924335203
892,1333736174506729972,0,0.20430152818076802,1.2004023660397838,1.7217855509302704,0.20430182306118094,1.2004027802030499,1.7217860033547847
893,1333736174556730972,0,0.20077587387875687,1.2157560660728957,1.7403439611955354,0.20077625086272979,1.2157566006640144,1.7403445441693215
894,1333736174606732972,0,0.19919667928219534,1.2312486919304029,1.7547763223395101,0.1991971342634975,1.2312493474201203,1.7547770358651789
895,1333736174656736972,0,0.19514705266162244,1.2480549581529417,1.7732496057797194,0.19514758048963507,1.2480557320485477,1.7732504498624928
896,1333736174706737972,0,0.19146492086338232,1.2639105189314241,1.7938472485052221,0.19146544665260526,1.2639113060936422,1.7938481114268121
897,1333736174755728972,0,0.18741381355645279,1.2794396167720277,1.8124494490764673,0.18741433677410099,1.2794404164075557,1.8124503304563373
898,1333736174805728972,0,0.18502594178686357,1.2940991406485596,1.8312472940412903,0.18502646285958432,1.2940999544324736,1.8312481942596002
899,1333736174855724972,0,0.17534629088547993,1.3121327062422574,1.8469885965319988,0.17534680615918027,1.3121335273817436,1.8469895155872413
900,1333736174905726972,0,0.17654584443749227,1.3285758126714347,1.8677155697691854,0.17654635472566774,1.3285766510072754,1.8677165076636213
901,1333736174955732972,0,0.17058415099554722,1.3460969901320758,1.8860469673447244,0.17058464618506014,1.3460978250294799,1.8860479079358305
902,1333736175005731972,0,0.16230623986560264,1.3614525132587114,1.9016415353532969,0.16230672190461068,1.3614533425003676,1.9016424786406958
903,1333736175055730972,0,0.15640472679618164,1.378079162739271,1.9189799277483495,0.15640519439941303,1.3780799885285733,1.9189808737320408
904,1333736175105728972,0,0.15123261896754817,1.3996216300087809,1.9379948351821321,0.15123306738178016,1.3996224530058334,1.9379957838620623
905,1333736175155739972,0,0.14332900167568613,1.4077342340390009,1.9581837704164589,0.14332944356190835,1.407735051617766,1.9581847217933288
906,1333736175205731972,0,0.137287838354516,1.4288067366984449,1.9732657399671802,0.13728826032057506,1.428807548762896,1.9732666916670163
907,1333736175255729972,0,0.12738156442471954,1.4368518780205699,1.9886272334772201,0.12738197885936589,1.4368526808871642,1.9886281855000612
908,1333736175305730972,0,0.12311727877322776,1.4538787607222927,2.0117460660158164,0.12311767711754469,1.4538795597577649,2.0117470183616817
909,1333736175355729972,0,0.11124233297552069,1.4717391309915144,2.0296485550760814,0.1112427144244692,1.4717399189426612,2.0296495077449581
910,1333736175405730972,0,0.10619377170648769,1.4861659877556634,2.0437336719385555,0.10619413952064138,1.4861667711203124,2.0437346249304564
911,1333736175455729972,0,0.097506769480996999,1.5011950677433228,2.0623888470775418,0.097507123076924482,1.5011958430496233,2.0623898003924541
912,1333736175505730972,0,0.092872842311366569,1.5154283408563856,2.0842356760262057,0.092873182355029602,1.5154291117807073,2.0842366293967887
913,1333736175555731972,0,0.0816480337721147,1.5255523814497129,2.1012441732061626,0.081648364179781635,1.5255531417076225,2.1012451266324166
914,1333736175605729972,0,0.071843086338637133,1.5400371844849756,2.1172834537137857,0.071843402951271021,1.540037935429031,2.1172844071957071
915,1333736175655730972,0,0.06379822710073263,1.5621697092369349,2.1344094576204902,0.063798522624330695,1.5621704525443529,2.1344104111580826
916,1333736175705730972,0,0.052406273422266288,1.5741429035169863,2.1532922962056769,0.052406557542234611,1.5741436359951093,2.153293249798939
917,1333736175755732972,0,0.041700905090982385,1.5852510945678477,2.1692823799113516,0.041701178620001868,1.5852518168418432,2.169283333512606
918,1333736175805730972,0,0.032587791041114554,1.6000856495686588,2.1887285827787708,0.032588050425511647,1.6000863631567424,2.1887295363880166
919,1333736175855731972,0,0.02166591007502032,1.6173641112026254,2.2047227397357609,0.021666152984007352,1.6173648143797787,2.2047236933529986
920,1333736175905732972,0,0.010101788546257155,1.6282628766409124,2.2218626120987208,0.010102021063397488,1.6282635687945075,2.2218635657239503
921,1333736175955736972,0,-0.0016743632855071103,1.6372697545366721,2.2408530851976427,-0.0016741393562206611,1.6372704354643259,2.2408540388308644
922,1333736176005732972,0,-0.01093059761269622,1.6531913504786961,2.2566368161788639,-0.010930388866632995,1.6531920225797381,2.2566377698130426
923,1333736176055733972,0,-0.023370483429732969,1.6718437622917739,2.2726153843954227,-0.023370292471123908,1.6718444225301432,2.272616338030558
924,1333736176105728972,0,-0.035674424878521509,1.6813336774011867,2.2934006652247434,-0.035674242969714831,1.6813343259065048,2.2934016188608353
925,1333736176155838972,0,-0.041746699147266933,1.6890505540052019,2.311111518791825,-0.041746524597448188,1.6890511967201962,2.3111124724288756
926,1333736176205736972,0,-0.05964140200873233,1.7048485656675541,2.3273742658050147,-0.059641242524388856,1.70484919131789,2.3273752194430206
927,1333736176255731972,0,-0.073483999079468496,1.7200971855319167,2.3433801823721887,-0.073483854136710713,1.7200977979818071,2.3433811360111512
928,1333736176305732972,0,-0.081340051433182917,1.7262365053698758,2.3624580358819642,-0.081339912345111523,1.7262371103279672,2.3624589895210635
929,1333736176355735972,0,-0.095117868715131587,1.7390811758178928,2.3802105145346304,-0.095117741876230941,1.7390817676369528,2.3802114681738664
930,1333736176405733972,0,-0.10823767186368921,1.7532925647269502,2.3942848762199889,-0.1082375585773197,1.7532931440344826,2.3942858298593621
931,1333736176455721972,0,-0.12386905213149269,1.7632299635020849,2.4088556890789761,-0.12386894832181118,1.7632305279029488,2.4088566427184857
932,1333736176505727972,0,-0.13417048301205314,1.7718479389465307,2.4286569225943331,-0.13417038742081042,1.7718484935235737,2.4286578762339799
933,1333736176555730972,0,-0.14653000399568561,1.7816198283374058,2.4485447591659479,-0.14652991772330132,1.7816203711279479,2.4485457128057315
934,1333736176605728972,0,-0.15872416703286785,1.793022017718777,2.4623796182303606,-0.15872409163406462,1.7930225488804672,2.4623805718701628
935,1333736176655727972,0,-0.17081906273087444,1.8046372815865939,2.4779404466786907,-0.17081899840884912,1.8046378012140969,2.4779414003185116
936,1333736176705731972,0,-0.1871961723935226,1.8167869169264352,2.4973472089578426,-0.18719611965787156,1.8167874209360604,2.4973481625976817
937,1333736176755728972,0,-0.19866953169884768,1.8239660962756057,2.5128797308881965,-0.19866948580954863,1.8239665893437667,2.5128806845280542
938,1333736176805732972,0,-0.21458906501023445,1.8369626281194418,2.5273548605175984,-0.21458903151494499,1.8369631060060865,2.5273558141574748
939,1333736176855731972,0,-0.22938543011697354,1.8434459416898672,2.540711592225541,-0.22938540280442987,1.8434464054660959,2.540712545865436
940,1333736176905731972,0,-0.24238630760533647,1.8503969154435091,2.5568031010203884,-0.24238628692151681,1.8503973668215654,2.5568040546602848
941,1333736176955731972,0,-0.25904467518479107,1.8587650689911865,2.5691291070909545,-0.25904466248117303,1.8587655044831415,2.5691300607308523
942,1333736177005731972,0,-0.2695277588712186,1.8692174896128608,2.5792938662316294,-0.26952775613544522,1.8692179151077104,2.5792948198715284
943,1333736177055733972,0,-0.28493574162174573,1.8801271957890626,2.5941979454037059,-0.28493574928990056,1.8801276065902259,2.5941988990436062
944,1333736177105734972,0,-0.29795093718202664,1.887376998315629,2.6052193430224913,-0.29795095176388064,1.8873773967049654,2.605220296662393
945,1333736177155733972,0,-0.31826597850981397,1.8962309634850421,2.6171269976623783,-0.31826600153515738,1.8962313425011268,2.6171279513022814
946,1333736177205744972,0,-0.33537314045906796,1.9030583644746115,2.629615640718348,-0.33537316999528993,1.9030587271766068,2.6296165943582523
947,1333736177255733972,0,-0.35019271539658153,1.9125889613841793,2.6395705670372411,-0.35019275402155731,1.9125893099536178,2.6395715206771437
948,1333736177305732972,0,-0.36522806311322559,1.9197566113591282,2.6517790504362706,-0.36522810857355476,1.9197569455902412,2.6517800040761719
949,1333736177355732972,0,-0.37909429499544101,1.926191525991672,2.6638603580796341,-0.37909434659235836,1.9261918469993753,2.6638613117195336
950,1333736177405733972,0,-0.39126708520446402,1.9340553629047379,2.6745806549429108,-0.39126714430064768,1.9340556723039648,2.6745816085828089
951,1333736177455732972,0,-0.4117937006544698,1.9407564484659177,2.6860993541548357,-0.41179376614106983,1.9407567382901276,2.6861003077947321
952,1333736177505731972,0,-0.42743777810239897,1.946697710510614,2.6984809951772353,-0.42743784925481948,1.9466979854159905,2.6984819488171299
953,1333736177555728972,0,-0.441463855900326,1.9545105934309879,2.7096284168886062,-0.4414639345034202,1.9545108549605188,2.7096293705284995
954,1333736177605727972,0,-0.45616084142083091,1.9630606359228782,2.7204098477634222,-0.45616092817758308,1.9630608834367593,2.7204108014033137
955,1333736177655729972,0,-0.47539974113865918,1.9703431615318123,2.7315008894856994,-0.47539983484031151,1.9703433906986936,2.7315018431255909
956,1333736177705728972,0,-0.4923808342282463,1.9748318857053035,2.7395493556091535,-0.49238093221051926,1.9748320986783208,2.739550309249045
957,1333736177755726972,0,-0.50876143622414138,1.9793423909700765,2.7429398105300735,-0.5087615385078067,1.9793425883218816,2.7429407641699655
958,1333736177805728972,0,-0.5213156946583043,1.9858840771134194,2.746243717345918,-0.52131580318037851,1.9858842624929653,2.7462446709858099
959,1333736177854717972,0,-0.53437520706320274,1.9945863557190138,2.7480119539181125,-0.53437532388411313,1.9945865286444697,2.7480129075580044
960,1333736177904716972,0,-0.5480895969725571,2.0020336497350901,2.7472260673623583,-0.54808972089549979,2.0020338095819388,2.7472270210022502
961,1333736177954717972,0,-0.56481005757417069,2.0050091961592447,2.745492364591037,-0.56481018433470742,2.0050093400607794,2.7454933182309293
962,1333736178004713972,0,-0.57580304221001177,2.0148595804824021,2.7461955025106306,-0.57580317836426498,2.0148597139005697,2.746196456150523
963,1333736178054713972,0,-0.59391585859217688,2.0145492996771317,2.743383180287037,-0.59391599445052756,2.0145494158221804,2.7433841339269294
964,1333736178104713972,0,-0.61727339824631877,2.0233038091461446,2.7415659933793806,-0.61727354245331001,2.0233039030164934,2.7415669470192729
965,1333736178154717972,0,-0.6276039056345224,2.0308760659234562,2.7412148660058837,-0.62760405706271705,2.0308761499422028,2.7412158196457761
966,1333736178204716972,0,-0.6437389054913415,2.0330270107643793,2.7397314003215407,-0.64373905897075745,2.0330270793961316,2.7397323539614331
967,1333736178254715972,0,-0.65500618453764459,2.0397500121291419,2.7389437728047099,-0.65500634442837968,2.0397500700159497,2.7389447264446027
968,1333736178304718972,0,-0.67323001691363382,2.0455618131728546,2.7375226011234601,-0.67323018234672782,2.0455618536806717,2.7375235547633525
969,1333736178354714972,0,-0.69148954124173079,2.0546384733467344,2.7368451592855405,-0.6914897153306836,2.0546384964415227,2.7368461129254333
970,1333736178404714972,0,-0.70354245681674177,2.0586941517892079,2.7346628426297115,-0.70354263477334766,2.058694163389839,2.7346637962696039
971,1333736178454715972,0,-0.72294461082925587,2.0658370000498421,2.7346680424553043,-0.72294479559755997,2.0658369931477876,2.7346689960951971
972,1333736178504719972,0,-0.73276508083830472,2.0725359614886902,2.7341388992029021,-0.73276527199500319,2.0725359452214258,2.7341398528427949
973,1333736178554719972,0,-0.75515906894834606,2.0781097464945901,2.732462687878463,-0.75515926542041989,2.0781097088715086,2.7324636415183559
974,1333736178604715972,0,-0.7718870895687826,2.0825837085941163,2.7321270652820973,-0.77188729030739911,2.0825836550185111,2.7321280189219901
975,1333736178654713972,0,-0.78369530060163539,2.0871477747542833,2.7334538735442191,-0.78369550569272428,2.0871477099178808,2.7334548271841119
976,1333736178704715972,0,-0.79815053993040264,2.0940268954969175,2.7331540554772453,-0.79815075158169091,2.0940268168754046,2.7331550091171386
977,1333736178754713972,0,-0.81558244965929638,2.1009757403584097,2.732114844020201,-0.8155826679372743,2.100975645113115,2.7321157976600947
978,1333736178804720972,0,-0.82814967140550211,2.1071060796313814,2.7332537899960574,-0.82814989552961227,2.1071059724014654,2.7332547436359511
979,1333736178854720972,0,-0.84154242640201216,2.1147893668438797,2.7315526187487587,-0.84154265785320748,2.1147892468420806,2.7315535723886528
980,1333736178904713972,0,-0.8606519917870592,2.1175821273039941,2.731986929980367,-0.86065222590153556,2.1175819890785359,2.7319878836202616
981,1333736178954709972,0,-0.87726939710105978,2.124777758172673,2.7331816190438887,-0.87726963807757108,2.1247776041001765,2.7331825726837833
982,1333736179004706972,0,-0.89155222480237117,2.1307137648559955,2.7326925203014332,-0.89155247143969063,2.1307135971628077,2.7326934739413282
983,1333736179054710972,0,-0.90753397961145887,2.1347019074563067,2.7325226078703495,-0.90753423005202505,2.1347017245222637,2.7325235615102446
984,1333736179104709972,0,-0.92587062365976669,2.1440217011287794,2.7318129559693993,-0.92587088298805353,2.1440215007081633,2.7318139096092948
985,1333736179154708972,0,-0.94590399250084922,2.1486580396279229,2.7332787181644571,-0.94590425625052621,2.1486578201026694,2.7332796718043531
986,1333736179204712972,0,-0.96268861404900807,2.1553347611713733,2.7329438543725662,-0.96268888416586751,2.1553345256396166,2.7329448080124621
987,1333736179254714972,0,-0.96990250606620132,2.1595531107992945,2.7361479996706404,-0.96990278020584597,2.1595528683880651,2.7361489533105368
988,1333736179304714972,0,-0.98810568873789018,2.1657741813914573,2.7361121755354256,-0.98810596881018964,2.1657739216209282,2.7361131291753225
989,1333736179354715972,0,-1.0141063593199773,2.1744549001797555,2.7359700311486153,-1.0141066476705467,2.1744546156139308,2.7359709847885121
990,1333736179404714972,0,-1.0254085474684256,2.182070723418295,2.7370072744066589,-1.025408843081745,2.1820704280742342,2.7370082280465562
991,1333736179454712972,0,-1.0381865853011949,2.1890082988199455,2.7369932921605695,-1.0381868875304592,2.1890079912902189,2.7369942458004672
992,1333736179504714972,0,-1.0580093025415165,2.1962253342511455,2.7381809017924139,-1.0580096116532265,2.1962250078176666,2.7381818554323116
993,1333736179554713972,0,-1.0753993274891078,2.202297581350761,2.7387040686803461,-1.0753996423915491,2.2022972383334429,2.7387050223202443
994,1333736179604721972,0,-1.0906117848669532,2.208941993580317,2.7400501378426716,-1.0906121061057656,2.2089416360557745,2.7400510914825698
995,1333736179654722972,0,-1.1088966201338382,2.213615829157594,2.7404520742037275,-1.1088969458298001,2.2136154541958866,2.7404530278436252
996,1333736179704717972,0,-1.1257912711122726,2.2191425289284363,2.7390203179459114,-1.1257916020787098,2.2191421378552993,2.7390212715858091
997,1333736179754716972,0,-1.1390633797159186,2.2256605827561491,2.7413297226034539,-1.1390637168982276,2.2256601790261823,2.7413306762433511
998,1333736179804719972,0,-1.1571793738918275,2.2322611576907008,2.7402616600800829,-1.1571797173687013,2.2322607366845815,2.7402626137199801
999,1333736179854719972,0,-1.1724212183320095,2.2333637554036723,2.7402897187552244,-1.1724215628603591,2.2333633198623071,2.7402906723951213
1000,1333736179904714972,0,-1.1879397825046913,2.2377292352666815,2.7411220343486304,-1.1879401311961313,2.2377287849261789,2.7411229879885273
1001,1333736179954714972,0,-1.2062909856155579,2.248506452098944,2.74044886969945,-1.2062913445845751,2.2485059842579824,2.7404498233393468
1002,1333736180004713972,0,-1.2201032075185398,2.2552358073238721,2.7398310572516413,-1.2201035729049341,2.255235326311007,2.7398320108915377
1003,1333736180054718972,0,-1.2343102184465409,2.2612552735025626,2.7411312116688737,-1.2343105895733324,2.2612547789413124,2.7411321653087701
1004,1333736180104715972,0,-1.2535994318676755,2.2674854473087578,2.7409876616195055,-1.2535998089358016,2.2674849343525323,2.7409886152594019
1005,1333736180154719972,0,-1.2671937341427761,2.2729019006307376,2.7383513709237222,-1.2671941163762428,2.2729013747104312,2.7383523245636181
1006,1333736180204720972,0,-1.282822768533838,2.2803460191729727,2.7394874638700486,-1.282823157866307,2.2803454783481829,2.7394884175099445
1007,1333736180254715972,0,-1.2934447970962748,2.282905393713361,2.7380499960991114,-1.2934451888694616,2.28290484275897,2.7380509497390073
1008,1333736180304713972,0,-1.3073431666126176,2.28657945182775,2.736934851811387,-1.3073435618895273,2.2865788876193092,2.7369358054512825
1009,1333736180354716972,0,-1.3213208766444311,2.2950469961037787,2.7362247061207201,-1.3213212799963234,2.2950464185656223,2.7362256597606156
1010,1333736180404719972,0,-1.3319053294084662,2.2960986774753325,2.7362069394091511,-1.3319057337632798,2.2960980898434098,2.7362078930490465
1011,1333736180454718972,0,-1.3456237242071456,2.2959592312534274,2.7339855739016872,-1.3456241284289723,2.2959586305390864,2.7339865275415827
1012,1333736180504713972,0,-1.3547056571364802,2.3043874711231909,2.7334916478880746,-1.3547060693958097,2.3043868617479433,2.7334926015279697
1013,1333736180554714972,0,-1.3700952996859863,2.3059015084196002,2.7324192045295614,-1.370095713389156,2.3059008843681652,2.7324201581694565
1014,1333736180604714972,0,-1.3822716582806609,2.3106596594275963,2.7313543044239674,-1.3822720765213874,2.310659023764301,2.7313552580638625
1015,1333736180654716972,0,-1.38783590663571,2.3158446581796803,2.731730277020485,-1.387836329821055,2.3158440172100954,2.73173123066038
1016,1333736180704710972,0,-1.3957220454103212,2.3198415545970343,2.7313757720425951,-1.3957224724072623,2.3198409061069141,2.7313767256824901
1017,1333736180754709972,0,-1.4011261304512417,2.322408131560961,2.7299326625179274,-1.4011265598957703,2.3224074779172907,2.7299336161578225
1018,1333736180804714972,0,-1.4100116090821233,2.3257613324553108,2.7297181028415207,-1.4100120417243935,2.3257606703380946,2.7297190564814158
1019,1333736180854710972,0,-1.412863334318772,2.3227926133032408,2.7298677582516393,-1.4128637641299515,2.3227919484665098,2.7298687118915343
1020,1333736180903697972,0,-1.4106791294078069,2.3235429664230036,2.7294244980670492,-1.4106795599345539,2.3235423036692198,2.7294254517069443
1021,1333736180953700972,0,-1.4127539979164987,2.3243055964903534,2.7298582379395722,-1.4127544291705187,2.3243049317578937,2.7298591915794672
1022,1333736181003697972,0,-1.410560753381308,2.3227530775164316,2.7303405223313124,-1.4105611831547846,2.322752414875541,2.7303414759712075
1023,1333736181053698972,0,-1.411708103900456,2.3217150185474607,2.7294941869208795,-1.4117085326839973,2.3217143548124137,2.7294951405607746
1024,1333736181103697972,0,-1.4110898472743436,2.3222808613537875,2.7290446118323857,-1.4110902765974951,2.322280198208337,2.7290455654722807
1025,1333736181153699972,0,-1.4098014185347227,2.322828832038113,2.7297840893338323,-1.4098018483804409,2.3228281701213618,2.7297850429737274
1026,1333736181203702972,0,-1.4081754020507582,2.3243967250145356,2.7325529929774146,-1.4081758333916823,2.3243960646484205,2.7325539466173097
1027,1333736181253701972,0,-1.40933763897793,2.3233684353332924,2.73063119241134,-1.4093380693382349,2.3233677738588243,2.7306321460512351
1028,1333736181303701972,0,-1.4084531058758112,2.3242379431758504,2.730042656667663,-1.4084535370653135,2.3242372825449111,2.730043610307558
1029,1333736181353704972,0,-1.4039589493645961,2.3227984159864201,2.7303083282780132,-1.4039593791813094,2.3227977596412908,2.7303092819179082
1030,1333736181403699972,0,-1.40240754379757,2.3179270788146979,2.730194420136534,-1.4024079689687825,2.3179264239490553,2.7301953737764291
1031,1333736181453699972,0,-1.3949054705659159,2.3178219303752585,2.7303776902864123,-1.3949058956368574,2.3178212826638949,2.7303786439263078
1032,1333736181503699972,0,-1.3899103774175732,2.3171377884639264,2.7308959971381963,-1.3899108018360917,2.3171371455160861,2.7308969507780918
1033,1333736181553698972,0,-1.3845627710660422,2.3132796850230939,2.7311016877106535,-1.3845631918053214,2.313279047174948,2.7311026413505486
1034,1333736181603698972,0,-1.3787955692416667,2.3152836020253242,2.7320612045940664,-1.3787959918919634,2.3152829696770141,2.7320621582339615
1035,1333736181653699972,0,-1.3769838545343933,2.309608962263253,2.7300622586874765,-1.3769842717731275,2.3096083316426714,2.730063212327372
1036,1333736181703699972,0,-1.3664700244054273,2.3104439242030512,2.7318864837710026,-1.3664704424404188,2.3104433036088792,2.7318874374108977
1037,1333736181753700972,0,-1.3641496616387594,2.3049082222907056,2.7291392365447869,-1.3641500743946857,2.3049076039093293,2.7291401901846819
1038,1333736181803698972,0,-1.3569609034567904,2.3006376386600977,2.7291722933513842,-1.3569613121401207,2.3006370271342127,2.7291732469912797
1039,1333736181853698972,0,-1.347185222415036,2.2974436915018019,2.7307644250713876,-1.347185628052495,2.2974430892984001,2.7307653787112831
1040,1333736181903700972,0,-1.3414489611026998,2.2963129514208984,2.7303965466528912,-1.3414493656618418,2.296312354687827,2.7303975002927867
1041,1333736181953702972,0,-1.3342102870423962,2.292269946139891,2.7312518893155335,-1.3342106877459701,2.2922693563099124,2.731252842955429
1042,1333736182003700972,0,-1.3253270101443122,2.2923421002798356,2.7306742829776316,-1.3253274109166988,2.2923415189213068,2.7306752366175271
1043,1333736182053717972,0,-1.3200928617942318,2.2892537270256659,2.73200996712051,-1.3200932596214245,2.2892531506586336,2.7320109207604055
1044,1333736182103702972,0,-1.3121615322553142,2.2860517660449409,2.7320344764760742,-1.3121619270289924,2.2860511972415454,2.7320354301159697
1045,1333736182153695972,0,-1.3070664900736846,2.2822297449977085,2.7293297454461092,-1.307066881202533,2.2822291810531521,2.7293306990860047
1046,1333736182203697972,0,-1.2962366299003953,2.2746966174423049,2.730637342983318,-1.2962370138453572,2.2746960638255413,2.7306382966232134
1047,1333736182253700972,0,-1.2845955759650955,2.2755149420056164,2.7309649204127102,-1.2845959606904493,2.2755143994902283,2.7309658740526057
1048,1333736182303699972,0,-1.2786420977327311,2.2713714674882994,2.730408797459285,-1.2786424785067048,2.2713709306503902,2.7304097510991805
1049,1333736182353698972,0,-1.2688815182617561,2.2686695221980768,2.7313311319688709,-1.2688818964590509,2.268668994668249,2.7313320856087664
1050,1333736182403703972,0,-1.2593972144685104,2.2634285387489377,2.7299453452400382,-1.2593975876677981,2.2634280202637256,2.7299462988799337
1051,1333736182453708972,0,-1.2515678566650326,2.258062736922851,2.730367215385952,-1.2515682247472808,2.2580622259040313,2.7303681690258474
1052,1333736182503700972,0,-1.2423624680929204,2.2567225462814906,2.7314083890456993,-1.242362834897113,2.2567220440413003,2.7314093426855948
1053,1333736182553706972,0,-1.235806394070649,2.2541495790807473,2.7319553399478691,-1.2358067584211603,2.2541490830926945,2.7319562935877646
1054,1333736182603700972,0,-1.2305093045776845,2.2511944981603271,2.7322324326432748,-1.2305096661101149,2.2511940072237935,2.7322333862831703
1055,1333736182653700972,0,-1.2207278044206109,2.2456634574827876,2.7323463788774824,-1.2207281606784239,2.2456629758742883,2.7323473325173779
1056,1333736182703698972,0,-1.2069819530076205,2.2442868934247318,2.7331899843957772,-1.2069823079526929,2.2442864249248338,2.7331909380356727
1057,1333736182753700972,0,-1.2026096497024361,2.2380026908582749,2.7322458603773878,-1.2026099986546435,2.2380022265279909,2.7322468140172833
1058,1333736182803699972,0,-1.1943483545171951,2.236454148967467,2.733348519589307,-1.1943487019926542,2.2364536925154925,2.7333494732292021
1059,1333736182853698972,0,-1.1819496090254511,2.2335665387815817,2.7345120435784693,-1.1819499537471747,2.2335660941535553,2.7345129972183644
1060,1333736182903700972,0,-1.1730303254804741,2.2291147847992772,2.7342800070449815,-1.1730306659568313,2.2291143486770459,2.7342809606848766
1061,1333736182953700972,0,-1.1628992636690874,2.222829010604384,2.7357054985928104,-1.162899598151083,2.2228285841435489,2.7357064522327055
1062,1333736183003702972,0,-1.1549218525181149,2.2213918016726688,2.7342328630616954,-1.1549221856295337,2.2213913828194203,2.7342338167015905
1063,1333736183053702972,0,-1.1493016540810814,2.2163845881301829,2.7354371142526621,-1.1493019824174235,2.2163841746365907,2.7354380678925572
1064,1333736183103701972,0,-1.1363852784182342,2.2163939565101058,2.7354997874453542,-1.1363856067635156,2.2163935553340925,2.7355007410852492
1065,1333736183153701972,0,-1.1261158771954736,2.214905222375668,2.7372583054710629,-1.1261162041210429,2.2149048309929751,2.7372592591109579
1066,1333736183203704972,0,-1.1195495238749396,2.2115082036009275,2.7395874628120165,-1.1195498475609782,2.2115078184801806,2.7395884164519115
1067,1333736183253705972,0,-1.1095756160264569,2.2068182958877141,2.738686631322798,-1.1095759352400165,2.2068179202784943,2.7386875849626926
1068,1333736183303705972,0,-1.1010807446886826,2.2026834128285175,2.7412864106186801,-1.1010810599590557,2.2026830453203563,2.7412873642585747
1069,1333736183353701972,0,-1.0872877206175469,2.2004588366967734,2.7412925324172992,-1.0872880337664812,2.2004584823421998,2.7412934860571938
1070,1333736183403701972,0,-1.0793713859347078,2.1981686189342189,2.7418870427928987,-1.0793716968996019,2.1981682721289872,2.7418879964327934
1071,1333736183453701972,0,-1.0693398208492835,2.1952087392988338,2.7426519947365429,-1.0693401289915225,2.1952084020601124,2.7426529483764375
1072,1333736183503703972,0,-1.0578992939023022,2.1932481214723429,2.744683437209221,-1.0578996001748227,2.1932477951437757,2.7446843908491156
1073,1333736183553703972,0,-1.0501232687713351,2.1873070512992441,2.7449778642814566,-1.0501235693782176,2.187306732386217,2.7449788179213517
1074,1333736183603704972,0,-1.0394132728392735,2.1853485648372972,2.7452852756481478,-1.0394135715784703,2.1853482561377606,2.7452862292880429
1075,1333736183653701972,0,-1.0311461254949159,2.181875517418316,2.74683592069377,-1.0311464209220795,2.1818752166026725,2.7468368743336655
1076,1333736183703698972,0,-1.0197598498515283,2.1774613131299785,2.7472000487107433,-1.0197601410691359,2.1774610231727531,2.7472010023506388
1077,1333736183753699972,0,-1.0077200203215404,2.1746127533091522,2.7480882053436866,-1.007720308822653,2.1746124748335998,2.7480891589835825
1078,1333736183803702972,0,-1.0040577469123653,2.1736975184490483,2.7485401455404386,-1.0040580345406751,2.1736972434659965,2.7485410991803345
1079,1333736183853699972,0,-0.98801932856338615,2.1705463761777284,2.748612725084477,-0.98801961318664822,2.1705461164895636,2.7486136787243729
1080,1333736183903699972,0,-0.98012661255996614,2.1711116839807016,2.7503074892869304,-0.98012689772233175,2.1711114318193556,2.7503084429268267
1081,1333736183953699972,0,-0.96622035879996881,2.1641592542759738,2.7509373262236996,-0.96622063733222641,2.1641590153761996,2.750938279863596
1082,1333736184002689972,0,-0.95785241372827934,2.1618863840289357,2.7522001391385942,-0.95785269009304108,2.1618861531091782,2.752201092778491
1083,1333736184052687972,0,-0.93918608022850403,2.1608662606633979,2.7537234065926346,-0.93918635562044384,2.1608660475446113,2.7537243602325314
1084,1333736184102685972,0,-0.92831743735849703,2.156611136699881,2.7552454904008665,-0.92831770869258567,2.1566109339458781,2.7552464440407638
1085,1333736184152685972,0,-0.91058263845327148,2.1564834170143343,2.7570959058467222,-0.91058290966556943,2.1564832311729534,2.7570968594866194
1086,1333736184202685972,0,-0.89947655930865589,2.149005910066399,2.7576079966312603,-0.89947682339011037,2.149005734816233,2.7576089502711585
1087,1333736184252684972,0,-0.88690816082898993,2.1496042327170088,2.7596749139021259,-0.88690842548103477,2.149604069452582,2.7596758675420245
1088,1333736184302685972,0,-0.87065249731639338,2.1455432524151634,2.7612347292554102,-0.87065275809573317,2.1455431046528002,2.7612356828953097
1089,1333736184352687972,0,-0.8536418631514211,2.1428366252185556,2.7637407150817488,-0.85364212134962114,2.1428364936782258,2.7637416687216492
1090,1333736184402690972,0,-0.84297409670535295,2.1384951877127114,2.7646915467907873,-0.84297435076339022,2.138495066345603,2.7646925004306881
1091,1333736184452680972,0,-0.82979342690648161,2.1380392215082331,2.7704646061043072,-0.8297936805296976,2.138039112710751,2.7704655597442089
1092,1333736184502683972,0,-0.81421061557027785,2.1362302099169743,2.7783633644363053,-0.81421086746835558,2.1362301159798958,2.7783643180762074
1093,1333736184552683972,0,-0.79759772273241591,2.128721293163419,2.7878398525585268,-0.79759796746969891,2.1287212150690737,2.7878408061984299
1094,1333736184602694972,0,-0.78617955885280155,2.1309280704691247,2.7973653637578426,-0.78617980569456092,2.1309280032636075,2.7973663173977465
1095,1333736184653699972,0,-0.77135093769758478,2.1287628323110184,2.8075164383572742,-0.77135118247449375,2.1287627792466797,2.8075173919971785
1096,1333736184702694972,0,-0.75533313810918912,2.1242349196083641,2.816874288119446,-0.75533337856810745,2.1242348818192531,2.8168752417593512
1097,1333736184752686972,0,-0.7442635610095345,2.1202355227494984,2.8266811568217562,-0.74426379765447337,2.1202354955167904,2.826682110461666
1098,1333736184802686972,0,-0.72521629222033879,2.1170155995869604,2.8366336664021508,-0.72521652579463936,2.1170155905184997,2.8366346200420653
1099,1333736184852686972,0,-0.71735749064233922,2.1207458419108929,2.8425108131792087,-0.71735772777395146,2.1207458403369079,2.8425117668191282
1100,1333736184902689972,0,-0.70392558330328947,2.1157092532031077,2.8464259504778817,-0.70392581563181578,2.1157092644383391,2.8464269041178061
1101,1333736184952686972,0,-0.68398918476432347,2.1138120799043087,2.8491716321873679,-0.68398941528363866,2.1138121101516973,2.8491725858272972
1102,1333736185002689972,0,-0.67314644416822467,2.1105092201916231,2.8470496169699158,-0.67314667153780605,2.1105092607790943,2.8470505706098495
1103,1333736185052684972,0,-0.66138194693853969,2.1123496166870317,2.842878860779388,-0.66138217606320215,2.1123496684936076,2.8428798144193266
1104,1333736185102688972,0,-0.64805435349193641,2.1110995344748424,2.8359189724473808,-0.64805458142447669,2.1110995989911552,2.8359199260873242
1105,1333736185152689972,0,-0.63407151858726474,2.1104241235865908,2.8235513921410269,-0.63407174587571269,2.110424201437505,2.8235523457809752
1106,1333736185202684972,0,-0.61861219065392259,2.1075983258149225,2.8118077960716912,-0.61861241524758381,2.1075984184084815,2.811808749711644
1107,1333736185252688972,0,-0.60889372922009499,2.1082492530190233,2.7978617624691302,-0.608893954434511,2.1082493548805061,2.7978627161090879
1108,1333736185302688972,0,-0.5972849170944764,2.1003487115196582,2.7821216606560735,-0.59728513477462553,2.1003488244517832,2.782122614296036
1109,1333736185352686972,0,-0.57996889802051255,2.1028147938000319,2.7655471836556673,-0.57996911805241336,2.102814923245421,2.765548137295669
1110,1333736185402687972,0,-0.56454203160686001,2.0973008974110585,2.7509313543824767,-0.56454224638048456,2.0973010415681452,2.7509323080225174
1111,1333736185452684972,0,-0.54949049285407736,2.0927646587902098,2.7354448798203861,-0.54949070330175864,2.0927648173010671,2.7354458334604659
1112,1333736185502698972,0,-0.53906265625278382,2.0866719614908651,2.7194396392430731,-0.53906286089021793,2.0866721299461473,2.719440592883192
1113,1333736185552688972,0,-0.52348904164090138,2.0873797086675396,2.7044740077707887,-0.52348924695326715,2.0873798919744657,2.7044749614109467
1114,1333736185602687972,0,-0.51191477567416965,2.0841759512485485,2.6878071957592153,-0.51191497793129748,2.0841761455931804,2.6878081493994124
1115,1333736185652692972,0,-0.49611589087252628,2.0784073410213564,2.6729026693678084,-0.4961160876283971,2.0784075504324906,2.6729036230082719
1116,1333736185702688972,0,-0.48948968943783649,2.0690959098895663,2.6567329339585828,-0.4894898773138649,2.0690961256197675,2.6567338875993123
1117,1333736185752689972,0,-0.47284349673536341,2.0714557721115225,2.6398624650995872,-0.47284368686177275,2.0714560037162641,2.6398634187405832
1118,1333736185802687972,0,-0.45887179052025268,2.0584543316130151,2.6271476001229033,-0.45887196824787102,2.0584545765418119,2.6271485537641652
1119,1333736185852687972,0,-0.45014960897397654,2.0607220003458018,2.6120624099508754,-0.4501497888640511,2.0607222535924894,2.6120633635924038
1120,1333736185902687972,0,-0.43150344314014544,2.0503360373079618,2.5978121826828948,-0.43150361312564994,2.0503363083364774,2.5978131363246892
1121,1333736185952684972,0,-0.41644075897991623,2.0499840357303758,2.5813244022791677,-0.41644092862911819,2.0499843211236084,2.5813253559228011
1122,1333736186002684972,0,-0.40275430130260348,2.0383961875321703,2.5685305744635536,-0.40275445990048669,2.0383964859777475,2.5685315281090255
1123,1333736186052685972,0,-0.39341852686447493,2.0350953227000068,2.5540151582558033,-0.3934186823138543,2.0350956300489589,2.5540161119031142
1124,1333736186102685972,0,-0.38592873326684884,2.0323952188493175,2.539541412101225,-0.38592888614062648,2.0323955333412598,2.5395423657503748
1125,1333736186152684972,0,-0.36805797265236606,2.0249281631291316,2.526373964901508,-0.36805811840452846,2.0249284946639134,2.5263749185524969
1126,1333736186202678972,0,-0.35534260911931914,2.0157490214384168,2.5098111797590485,-0.35534274611710071,2.0157493650996452,2.5098121334118759
1127,1333736186252686972,0,-0.34414602298460739,2.0072872331332543,2.4965938422953315,-0.3441461519088147,2.0072875874740621,2.4965947959590098
1128,1333736186302684972,0,-0.33399840838643369,1.9992776122182188,2.4824224143679019,-0.33399852966810389,1.9992779762384707,2.4824233680424284
1129,1333736186352684972,0,-0.31664646514539641,1.9917450102709848,2.4691049242832395,-0.31664657923928474,1.9917453908415641,2.469105877968615
1130,1333736186402686972,0,-0.3067283279461811,1.9865526636093809,2.4518150370132261,-0.30672843708401326,1.9865530536410703,2.4518159907094512
1131,1333736186452685972,0,-0.29441196035927675,1.9784453983742032,2.440472873713404,-0.29441206176096296,1.9784458001544281,2.4404738274204778
1132,1333736186502686972,0,-0.28340410376418385,1.968818682373676,2.426231597061999,-0.28340419598041999,1.9688190946547541,2.4262325507799218
1133,1333736186552685972,0,-0.26787186813834524,1.9655274736148007,2.4091131264453809,-0.2678719572112801,1.9655279007119986,2.4091140801741524
1134,1333736186602685972,0,-0.26019739863070657,1.9565655930603019,2.3967450408801709,-0.26019747912143304,1.9565660274963197,2.3967459946960563
1135,1333736186652685972,0,-0.24508345883158239,1.9439541984288071,2.3815488878075111,-0.24508352725725988,1.9439546473015168,2.3815498417105103
1136,1333736186702686972,0,-0.23495826313754214,1.9395425716203574,2.3672682687310642,-0.2349583273184678,1.9395430301731764,2.3672692227211787
1137,1333736186752688972,0,-0.21955669723253135,1.9283484012808074,2.3527396871516091,-0.21955675069686789,1.9283488745495678,2.352740641228841
1138,1333736186802688972,0,-0.20738202242063275,1.9160030563467312,2.3384983167269882,-0.20738206406802004,1.9160035412551317,2.3384992708913339
1139,1333736186852687972,0,-0.19929326888575463,1.9120815402145555,2.3202990787012232,-0.1992933067524916,1.9120820328657167,2.3203000329526806
1140,1333736186902688972,0,-0.18460210925201007,1.8976317059408916,2.3081793990319417,-0.18460213310480567,1.8976322127410756,2.3081803537962489
1141,1333736186952686972,0,-0.1736841964052856,1.8924570255390987,2.2918521609923119,-0.17368421508967311,1.892457542898865,2.2918531162694382
1142,1333736187001670972,0,-0.16682750228335358,1.8803414357854769,2.2775386274561216,-0.1668275091647187,1.880341959831535,2.2775395832356664
1143,1333736187051672972,0,-0.15050990150544183,1.8725062872989289,2.2614654879760407,-0.15050990066007672,1.8725068270884622,2.2614664442684451
1144,1333736187102685972,0,-0.14127730355485923,1.8604169211753609,2.2485904406994681,-0.14127729089932736,1.860417469949218,2.2485913975151024
1145,1333736187151671972,0,-0.12811912260427538,1.8521362201426375,2.2346911066073596,-0.12811910178218483,1.8521367816621486,2.2346920639254328
1146,1333736187201674972,0,-0.120429708901793,1.8455510427092197,2.2175021364865919,-0.12042968152370419,1.8455516117528215,2.2175030943175353
1147,1333736187251671972,0,-0.10916701929780613,1.8343863124365776,2.2051630305298717,-0.10916697954599607,1.8343868933334793,2.2051639918597306
1148,1333736187301670972,0,-0.099290177029931204,1.821078364880796,2.1917260556141103,-0.099290122758363589,1.8210789563727512,2.1917270204430239
1149,1333736187351673972,0,-0.089852984054515334,1.8120919283819823,2.1784396085391418,-0.089852919354558927,1.8120925301124744,2.1784405768673905
1150,1333736187401671972,0,-0.085837610779147283,1.8022055961908567,2.1627214730977435,-0.085837534713542329,1.8022062029567458,2.1627224449249773
1151,1333736187451667972,0,-0.071830926093143857,1.792627153075077,2.1478781079462261,-0.071830838893076149,1.7926277746492019,2.1478790832723051
1152,1333736187501672972,0,-0.062862629364841757,1.7814567642255932,2.1327772067615318,-0.062862529404710168,1.781457395774491,2.1327781855870862
1153,1333736187551674972,0,-0.05817667115336897,1.7724754414208641,2.117557756666113,-0.058176560505478585,1.7724760788005796,2.1175587389909323
1154,1333736187601671972,0,-0.046686855274433586,1.7596241915148496,2.1037601968885715,-0.046686716928070061,1.7596248501222604,2.1037612071450935
1155,1333736187651671972,0,-0.036115514007013808,1.7504609637324033,2.0867882608049353,-0.036115351072204156,1.7504616432564333,2.0867892989948356
1156,1333736187701674972,0,-0.029072595647391328,1.7340376909288775,2.0730521306823242,-0.029072399871164264,1.7340383881990116,2.0730531968072792
1157,1333736187751673972,0,-0.023532570691158484,1.7293619858591749,2.0560762181471977,-0.023532354009761444,1.7293626996237921,2.0560773122049723
1158,1333736187801671972,0,-0.013370324945665837,1.7156902481989471,2.0436295722842681,-0.013370077004753249,1.7156909839534227,2.0436306942743041
1159,1333736187851675972,0,-0.0081310249405107705,1.7011571453155738,2.0250898602850667,-0.0081307439838070629,1.7011578979679352,2.0250910102107156
1160,1333736187901672972,1,-0.00023008306795940792,1.6910603047737112,2.0121665176341357,-0.00022967715074931507,1.6910611429986904,2.0121678582619626
1161,1333736187951672972,1,0.0066362203048850599,1.6754786716447572,1.9972313305041935,0.0066367634395703562,1.6754795968761367,1.9972328618456414
1162,1333736188001688972,1,0.016966997602800571,1.6676013696269951,1.9795955567408536,0.016967670668619803,1.6676023904753312,1.9795972788569507
1163,1333736188051673972,1,0.01850581478101751,1.6514206915663125,1.9677668071727328,0.018506636592026737,1.6514217951056498,1.9677687199452367
1164,1333736188101672972,1,0.028379946589346006,1.6390723245305749,1.9505733391052367,0.028380915288932492,1.6390735289033975,1.9505754425875472
1165,1333736188151672972,1,0.034603853077641328,1.6251442386178467,1.9344845611212254,0.034604977002397716,1.6251455392177243,1.9344868553171568
1166,1333736188201674972,1,0.040233710396804651,1.6107062422362604,1.9221345924844235,0.04023488456868092,1.6107075670008644,1.9221369139287041
1167,1333736188251670972,1,0.045858994617026944,1.5987460232951585,1.9047193626319048,0.04586021400121372,1.5987473725191845,1.9047217113212649
1168,1333736188301672972,1,0.052631815074795696,1.5823575794667406,1.8919388841128764,0.052633090846322422,1.5823589561845872,1.8919412600505856
1169,1333736188351673972,1,0.059785548840810526,1.570966442372026,1.8769882310736885,0.059786869882969045,1.5709678478679467,1.876990634259202
1170,1333736188401674972,1,0.063797672114016962,1.5627608429310795,1.8590244419630451,0.063799031305345366,1.5627622699594401,1.859026872396363
1171,1333736188451671972,1,0.069246585106808728,1.5436480401925177,1.8450312085827545,0.069248009699382593,1.5436494925022033,1.8450336662616968
1172,1333736188501673972,1,0.074652663563858884,1.5301186326689566,1.8331474200866169,0.074654123605015832,1.5301200996630704,1.8331498811002434
1173,1333736188551671972,1,0.078369068299437822,1.5142664666254131,1.8150618201729167,0.078370569603321533,1.5142679441759603,1.8150642845209606
1174,1333736188601671972,1,0.082576009006594481,1.5039438232480153,1.8028669186189212,0.082577538033904024,1.5039453125903075,1.8028693863015157
1175,1333736188651670972,1,0.08406332671401176,1.4892001981446832,1.7860065918581263,0.084064894457873213,1.489201692586527,1.7860090628752048
1176,1333736188701674972,1,0.088480959187001523,1.4737802998815142,1.7739212611389108,0.08848256741930674,1.4737818066836037,1.7739237354908068
1177,1333736188751673972,1,0.09394228938093023,1.4615421254967147,1.7602910220870835,0.093943930320963376,1.4615436472743146,1.7602934997734638
1178,1333736188801675972,1,0.095467429056159042,1.4536510670528791,1.7446292058895816,0.095469092000409941,1.4536525940767147,1.744631686910646
1179,1333736188851673972,1,0.09808276140732039,1.439306900264951,1.7325698574801227,0.098084460015457051,1.4393084338223283,1.732572338608954
1180,1333736188901670972,1,0.10001509704152589,1.4293000838110705,1.7210282780274966,0.10001682055464822,1.4293016222078623,1.7210307592640925
1181,1333736188951678972,1,0.10363706734991121,1.4190824702266862,1.7093858767742978,0.10363881629324817,1.419084017655885,1.7093883581186819
1182,1333736189001671972,1,0.10563666781712831,1.4115228768583146,1.7001575157630595,0.10563843559711382,1.4115244292948461,1.7001599972151999
1183,1333736189051670972,1,0.10372547432137172,1.404034023598512,1.6947633478735733,0.10372726076411087,1.4040355713379433,1.6947658294334826
1184,1333736189101673972,1,0.1047843002359584,1.4012823472049873,1.6909474220871608,0.10478609358696375,1.4012838976174959,1.6909499037548479
1185,1333736189151670972,1,0.10762842915037471,1.3998201995627104,1.685323515011381,0.10763022620990351,1.3998217570792375,1.6853259967868328
1186,1333736189201678972,1,0.10503203354082219,1.3979816640981528,1.6776163789950251,0.10503383524337453,1.397983215216575,1.6776188608782654
1187,1333736189251676972,1,0.10787011869446528,1.3998889421777305,1.6740193717736684,0.10787191574332919,1.3998905003858004,1.6740218537646756
1188,1333736189301676972,1,0.10756797914329796,1.3965958325783876,1.6727738253652422,0.10756978444595128,1.3965973900823867,1.6727763074640205
1189,1333736189351676972,1,0.10913236528642926,1.3974858859838997,1.6742297956981147,0.10913416846010129,1.3974874474168519,1.6742322779046641
1190,1333736189401674972,1,0.10987357705817782,1.3981069753094384,1.6753636030080215,0.1098753787703295,1.3981085386283032,1.6753660853223378
1191,1333736189451674972,1,0.10754235954110855,1.396063384084973,1.6745299726540923,0.10754416640648046,1.3960649416628534,1.6745324550761798
1192,1333736189501675972,1,0.10935238170754882,1.3970516790533967,1.6733409772188526,0.10935418619982229,1.3970532411705332,1.6733434597487133
1193,1333736189551674972,1,0.10884416798155686,1.3961443300890792,1.6734901369008017,0.10884597480671988,1.396145890990526,1.6734926195384316
1194,1333736189601672972,1,0.1078453027667011,1.3963073984392222,1.6741054505743296,0.10784710926737531,1.3963089569067026,1.6741079333197264
1195,1333736189651675972,1,0.10881806394587162,1.396098898037806,1.6739428711060806,0.10881987104457461,1.3961004589663699,1.673945353959255
1196,1333736189701670972,1,0.10824108433669377,1.3934746254391153,1.673907130695881,0.10824289803173026,1.3934761849810262,1.6739096136568159
1197,1333736189751675972,1,0.10797073537802891,1.3959251830987132,1.6731946796916259,0.10797254306882764,1.3959267420152255,1.6731971627603426
1198,1333736189801677972,1,0.10696737032094283,1.3983508907320359,1.6736432272794075,0.10696917206867994,1.3983524472028801,1.6736457104558997
1199,1333736189851675972,1,0.10711457978786826,1.4008453770871285,1.6735339372677145,0.10711637542121376,1.4008469339692882,1.6735364205519736
1200,1333736189901674972,1,0.10842618558884115,1.3967568372272046,1.6744468110199009,0.10842799145549027,1.3967583974123852,1.6744492944119289
1201,1333736189951675972,1,0.11044280037973839,1.3981166698874616,1.6752697304789532,0.11044460294954138,1.3981182351268204,1.6752722139787548
1202,1333736190001671972,1,0.108829743911521,1.4002850856832205,1.6743425201147306,0.10883154117598469,1.4002866469625066,1.6743450037222947
1203,1333736190051677972,1,0.10771956332924096,1.401171993794345,1.6737147739768137,0.1077213584708127,1.4011735523622242,1.673717257692162
1204,1333736190101675972,1,0.10885329714096065,1.3979704878035031,1.6735996531861856,0.10885510031432706,1.397972049233227,1.6736021370093006
1205,1333736190151680972,1,0.10619292004340489,1.4069509304361361,1.6727578215296373,0.10619470099016043,1.4069524853036097,1.6727603054605342
1206,1333736190201681972,1,0.10618803943193686,1.4128588286184467,1.6707654284367814,0.10618980578245039,1.4128603835194575,1.6707679124754518
1207,1333736190251685972,1,0.10390886848005237,1.4110685340373934,1.665309643267965,0.10391063935650051,1.4110700833222971,1.6653121274144151
1208,1333736190301686972,1,0.10608088401094498,1.4237669273555544,1.6597013756913832,0.10608262342011091,1.4237684820816909,1.6597038599456067
1209,1333736190351688972,1,0.10424103188426481,1.4249194693833376,1.6543158685999881,0.10424276850749958,1.4249210195842803,1.6543183529619871
1210,1333736190401687972,1,0.10323292079221355,1.4308067343624207,1.6466128014738528,0.10323464282969018,1.4308082820825938,1.6466152858959271
1211,1333736190451690972,1,0.10337800270765959,1.432228053040846,1.6411646420190595,0.10337972125423424,1.4322296011452313,1.6411671265012142
1212,1333736190501691972,1,0.10205489050613763,1.4354390606247156,1.6302214846150556,0.10205660111508484,1.4354406054655335,1.630223969157288
1213,1333736190551693972,1,0.10384115939183564,1.4382673771555019,1.6171593350705677,0.10384286301359574,1.4382689264581712,1.6171618196728792
1214,1333736190600685972,1,0.10125428163709281,1.4499455773504626,1.6013009770109801,0.10125595628157494,1.4499471202488994,1.6013034616721571
1215,1333736190650688972,1,0.099214235120632738,1.4478440564264936,1.5876400694095443,0.099215915026004312,1.4478455942796344,1.5876425541308015
1216,1333736190700689972,1,0.10025584526476949,1.4527138011172809,1.5759959627617757,0.10025751310920139,1.452715341582101,1.5759984475431108
1217,1333736190750691972,1,0.10119224434032259,1.4613155886216209,1.5586785448198774,0.10119389084969617,1.4613171314368014,1.5586810296612916
1218,1333736190800694972,1,0.099079688752699027,1.4615462365539984,1.5462823981201059,0.099081334694857651,1.4615477741234273,1.5462848829713283
1219,1333736190850695972,1,0.098507407216169102,1.467591046481822,1.5320073547801172,0.098509038143718808,1.4675925826328069,1.5320098396411472
1220,1333736190900701972,1,0.099943842635410923,1.4640528679018345,1.5179029476278332,0.099945482360716154,1.4640544076257962,1.5179054324986718
1221,1333736190950701972,1,0.096799115482696763,1.4753325649745634,1.4998522589622942,0.096800727185187882,1.4753340968878415,1.4998547438429404
1222,1333736191000703972,1,0.098470117159509027,1.4780847565730257,1.4872152961279128,0.098471722028867156,1.4780862926421441,1.4872177810183671
1223,1333736191050704972,1,0.096827399408657006,1.4823686424509845,1.4745590609141137,0.096828993638730751,1.4823701744417079,1.4745615458143757
1224,1333736191100702972,1,0.099317540724023753,1.482372699770607,1.4676891915567258,0.099319134949705054,1.4823742379527005,1.4676916764667949
1225,1333736191150702972,1,0.092879104849110689,1.488658415214235,1.460935219762876,0.092880683455599911,1.4886599373975218,1.4609377046733736
1226,1333736191200702972,1,0.09594723334784859,1.4949986764823544,1.4563252171992804,0.095948796199569489,1.4950002062897947,1.4563277021102068
1227,1333736191250705972,1,0.098854155822613643,1.4942213797403237,1.4508146268884821,0.098855720606062,1.494222916771359,1.4508171117998372
1228,1333736191300705972,1,0.096949648718536285,1.497746325504985,1.446225651167899,0.09695120474303455,1.4977478578036265,1.4462281360796827
1229,1333736191350703972,1,0.098990797101929956,1.5023428580117399,1.4425583336635295,0.098992341704663839,1.502344395382591,1.4425608185757417
1230,1333736191400705972,1,0.098617402451913902,1.5049531809154109,1.4384488650920824,0.098618940568444433,1.50495471735855,1.4384513500047231
1231,1333736191450705972,1,0.095798423444979339,1.5157375417268608,1.4332520180118125,0.095799934763538069,1.5157390711651983,1.433254502924882
1232,1333736191500701972,1,0.095916150875492517,1.5169178758115218,1.4320609879904636,0.095917659261236868,1.5169194055425463,1.4320634729039616
1233,1333736191550702972,1,0.10042650668135096,1.5212320217684383,1.4291062210597827,0.10042800434701354,1.5212335627074436,1.4291087059737095
1234,1333736191600717972,1,0.098706951607240162,1.5277727226379672,1.4272997845651765,0.098708433020038344,1.5277742593041554,1.4273022694795321
1235,1333736191650710972,1,0.098988739133530651,1.5330247399786534,1.4263667529945459,0.098990207495721336,1.533026277345193,1.42636923790933
1236,1333736191700701972,1,0.096728806704334272,1.5426034771056778,1.4233852652743011,0.096730251264388847,1.542605008856597,1.4233877501895138
1237,1333736191750707972,1,0.10157798982998363,1.5416316970442885,1.4243657678062476,0.10157943680501726,1.5416332408451703,1.4243682527218888
1238,1333736191800706972,1,0.10189636472872379,1.5539258429087794,1.4237216271483086,0.10189778115403877,1.5539273875009088,1.4237241120643784
1239,1333736191850703972,1,0.098444377073850342,1.5600195466221385,1.4229248757966386,0.098445778357028793,1.5600210826364984,1.4229273607131372
1240,1333736191900705972,1,0.10286724279100633,1.5679085040281955,1.4224546296296225,0.10286862447096236,1.5679100510331345,1.4224571145465499
1241,1333736191950705972,1,0.10295660333413864,1.5797899159364985,1.4217614365374149,0.10295795548995945,1.5797914631636054,1.4217639214547706
1242,1333736192000704972,1,0.10665056220555191,1.5893002912037146,1.4211207182674181,0.10665189072904724,1.5893018476101273,1.4211232031852026
1243,1333736192050702972,1,0.10845059231514109,1.5967582056801612,1.4225063449101691,0.10845190230650588,1.5967597665596316,1.4225088298283821
1244,1333736192100705972,1,0.10900925029644937,1.6074231578810645,1.4214814798693949,0.10901053378645319,1.6074247201488749,1.4214839647880366
1245,1333736192150704972,1,0.10644679966048071,1.6224868710602443,1.4200258699106239,0.10644804571855902,1.6224884269606799,1.4200283548296941
1246,1333736192200707972,1,0.11065470000228156,1.6297394069307649,1.4214464137857912,0.11065592803854747,1.6297409732876242,1.4214488987052902
1247,1333736192250711972,1,0.10963180989267089,1.6380910610105621,1.420574341964415,0.10963301717591348,1.6380926248257499,1.4205768268843426
1248,1333736192300706972,1,0.1120740973683739,1.6470994171275921,1.420476000909116,0.11207528226658453,1.6471009870116891,1.4204784858291726
1249,1333736192350704972,1,0.11181302828465262,1.6626911416104306,1.419882579624792,0.11181417443869246,1.6626927108457912,1.4198850645449774
1250,1333736192400705972,1,0.11460428964509271,1.6760537369853916,1.4196909743099042,0.11460540259415652,1.6760553131568208,1.4196934592302186
1251,1333736192450704972,1,0.11316647686641387,1.6893214181331357,1.4194201031528846,0.11316755684636552,1.689322990731722,1.4194225880733282
1252,1333736192500704972,1,0.11498843865797091,1.7013318508612698,1.4187297020678815,0.11498948879295939,1.7013334279872971,1.4187321869884539
1253,1333736192550707972,1,0.11629528039176501,1.7202626066076858,1.418297570304949,0.11629628348533494,1.7202641869811006,1.4183000552256504
1254,1333736192600703972,1,0.11927690407446091,1.7366025440221353,1.4186075102442464,0.11927786656458063,1.7366041318046468,1.4186099951650768
1255,1333736192650708972,1,0.12244006596847923,1.7506870950733042,1.4181767724755459,0.12244099345960083,1.7506886907160284,1.4181792573965053
1256,1333736192700705972,1,0.12094693370885713,1.7642107424771036,1.4185033870199957,0.12094782759479263,1.7642123344095195,1.4185058719410841
1257,1333736192750703972,1,0.12168559777299656,1.7848374090934787,1.4174458132578203,0.12168644040329241,1.7848390028614016,1.4174482981790377
1258,1333736192800705972,1,0.12525363744049525,1.8037406099613207,1.4188156934060765,0.12525443309781431,1.803742212595532,1.4188181783274227
1259,1333736192850709972,1,0.12473268718671177,1.8216952607491934,1.4176544528717063,0.12473343822810755,1.8216968620888412,1.4176569377930728
1260,1333736192900702972,1,0.12942812688029842,1.8371100457684095,1.4182190980541081,0.12942883961712096,1.8371116587758205,1.4182215829754945
1261,1333736192950704972,1,0.12960498452292157,1.8552688439215428,1.4168890970922652,0.12960565213652708,1.8552704573683874,1.4168915820136718
1262,1333736193000707972,1,0.13468834477573843,1.8709101582739929,1.4172401625876918,0.13468897352186068,1.870911784352552,1.4172426475091184
1263,1333736193050706972,1,0.13353936446970369,1.8885983110200937,1.4155119415315081,0.1335399492621285,1.8885999342434849,1.4155144264529547
1264,1333736193100701972,1,0.13490753818958073,1.9028436527017039,1.4150646010649142,0.13490808758341474,1.902845279324868,1.415067085986381
1265,1333736193150701972,1,0.13857133033845057,1.9104834043744068,1.4124660685633494,0.13857186074805874,1.9104850401017957,1.4124685534848365
1266,1333736193200702972,1,0.14044103938653338,1.934288749827441,1.4038314900379705,0.14044151064168928,1.934290390200849,1.4038339749594775
1267,1333736193250704972,1,0.13979907563783381,1.9496753238484767,1.394240953931057,0.13979950865853058,1.9496769626266202,1.3942434388525839
1268,1333736193300700972,1,0.14067243891412151,1.9660304873810677,1.3854151463996096,0.1406728312934849,1.9660321283294122,1.3854176313211568
1269,1333736193349691972,1,0.14396790756714511,1.9799370838815133,1.3742599878007533,0.14396826538966029,1.9799387330188059,1.374262472722305
1270,1333736193399694972,1,0.14845154069467928,2.0072071408176675,1.3596488283897328,0.14845183075319085,2.0072088010963633,1.3596513133112891
1271,1333736193449691972,1,0.15156328461214591,2.020270704865287,1.350367597327738,0.15156354220867824,2.0202723728763918,1.350370082249299
1272,1333736193499694972,1,0.15425874806446166,2.0341707875709187,1.3389357198282879,0.15425897112033271,2.0341724622800066,1.3389382047498535
1273,1333736193549691972,1,0.15501781601728465,2.0591479227346765,1.3258115570813422,0.15501797700689357,2.0591495993299218,1.3258140420029125
1274,1333736193599690972,1,0.16240534589759797,2.0793118135929474,1.3169677749799713,0.16240545678145893,2.0793135085455727,1.316970259901546
1275,1333736193649692972,1,0.16060835849135005,2.1009300598926881,1.3067478650638478,0.1606084156555318,2.1009317503798846,1.3067503499854272
1276,1333736193699692972,1,0.16804980176028941,2.1030887291081073,1.3031783556182623,0.1680498535602864,2.1030904380867104,1.3031808405398464
1277,1333736193749692972,1,0.1713469075529454,2.1302437204014182,1.2917990939016109,0.17134689187487001,2.1302454375729973,1.2918015788231996
1278,1333736193799694972,1,0.17961620448760465,2.1564891957312176,1.2844353253074294,0.17961612359150991,2.1564909334512841,1.2844378102290168
1279,1333736193849693972,1,0.17721425426494253,2.1787710885138933,1.2770593922513365,0.17721411800005354,2.1787728202652468,1.2770618771729225
1280,1333736193899704972,1,0.18582471054086339,2.1929353445923851,1.2744183046814426,0.18582453907883656,2.1929370977400184,1.2744207896030271
1281,1333736193949695972,1,0.19157584188378965,2.2211868866245701,1.268727354321006,0.19157560021883316,2.2211886540632397,1.2687298392425894
1282,1333736193999697972,1,0.19861598742820646,2.2337080939225915,1.2656790026535958,0.1986157146489646,2.2337098788554455,1.2656814875751774
1283,1333736194049694972,1,0.20013450597405125,2.2630561758336647,1.2589865139174317,0.20013416026707734,2.2630579645398416,1.2589889988390122
1284,1333736194099696972,1,0.20760168426320844,2.2784912835432833,1.2553578709741291,0.20760130020113385,2.2784930908047789,1.255360355895708
1285,1333736194149698972,1,0.21386750680094438,2.304183318227969,1.2493295583260249,0.21386705889611171,2.3041851410594805,1.2493320432476054
1286,1333736194199697972,1,0.22146722778229899,2.3293682285929984,1.247461294942769,0.22146671729486828,2.3293700703091593,1.2474637798643515
1287,1333736194249699972,1,0.22822624663691379,2.3518309118340226,1.2448168682503578,0.22822568033140855,2.3518327703457627,1.244819353171942
1288,1333736194299695972,1,0.2335862915971926,2.3700299707156307,1.2430501483869332,0.23358568006838915,2.370031842546624,1.2430526333085192
1289,1333736194349697972,1,0.23857541875656266,2.387223443760695,1.236712444216377,0.23857476450326409,2.3872253279892415,1.2367149291379649
1290,1333736194399696972,1,0.24807759138279134,2.4205733884959155,1.2251252970774584,0.24807685425741827,2.4205752963365303,1.225127781999048
1291,1333736194449696972,1,0.25515949561918427,2.4411724197954365,1.2138786340701251,0.25515870730676415,2.4411743452339816,1.2138811189917165
1292,1333736194499698972,1,0.25999372388405673,2.4589639767602636,1.2034981242256726,0.25999289136095394,2.4589659142114506,1.2035006091472646
1293,1333736194549696972,1,0.26945448029060753,2.4857541466892163,1.1894482102213506,0.26945358119595986,2.4857561076495776,1.1894506951429433
1294,1333736194599697972,1,0.2776332505300057,2.5115838614656085,1.1750293319658793,0.27763228725047284,2.5115858427495112,1.1750318168874727
1295,1333736194649698972,1,0.27950381335945607,2.5209118662816903,1.1642702166993439,0.27950282690051304,2.5209138522137855,1.1642727016209382
1296,1333736194699697972,1,0.28696436820768179,2.5403879853831528,1.1503120937137163,0.28696333335204294,2.5403899898540994,1.1503145786353111
1297,1333736194749697972,1,0.29913654133983847,2.5699674286626757,1.1354462851776164,0.29913543298152057,2.5699694633804464,1.1354487700992117
1298,1333736194799701972,1,0.30776723970240549,2.5889318820619351,1.1221857168560818,0.30776608421883722,2.5889339382262735,1.1221882017776779
1299,1333736194849697972,1,0.31198560272118003,2.604884759280635,1.1110178128964847,0.31198440759590795,2.6048868259272466,1.1110202978180794
1300,1333736194899697972,1,0.32049233264067167,2.625780914505536,1.0994884922592565,0.32049108559002448,2.6257830022906621,1.0994909771808494
1301,1333736194949697972,1,0.32968056743794161,2.6459323257692478,1.0923723752707235,0.32967927031254746,2.6459344363863764,1.0923748601923149
1302,1333736194999704972,1,0.34246570826842304,2.6694794217950548,1.0872828504233316,0.34246435263026054,2.6694815641822047,1.0872853353449219
1303,1333736195049701972,1,0.35434311851629574,2.6930354599338386,1.0853412617952722,0.35434170434314705,2.6930376318353697,1.085343746716861
1304,1333736195099698972,1,0.35851917212607387,2.7093301814419863,1.084492186358365,0.35851771746176564,2.7093323637206548,1.0844946712799519
1305,1333736195149697972,1,0.37135917703436083,2.7275456228363582,1.0844379725353699,0.37135767710602818,2.7275478370213966,1.0844404574569555
1306,1333736195199698972,1,0.38260350874696847,2.7435413398937731,1.0861408773787755,0.38260196907046057,2.7435435820200653,1.0861433623003618
1307,1333736195249700972,1,0.39007254743264907,2.7649814393067507,1.0850740579807552,0.39007095447911444,2.7649836999929729,1.0850765429023423
1308,1333736195299697972,1,0.39773339810038166,2.7779857295103079,1.0858228092397364,0.39773177283214411,2.7779880092331228,1.0858252941613245
1309,1333736195349696972,1,0.40817821781535579,2.8005526199816586,1.0860075633459823,0.40817653647009494,2.8005549256589823,1.0860100482675712
1310,1333736195399696972,1,0.41657481432800347,2.8209148473318244,1.0856008675818407,0.41657308238414054,2.8209171738739891,1.0856033525034303
1311,1333736195449696972,1,0.42308957315626794,2.83688794534892,1.0861071323801796,0.423087801520451,2.8368902880797204,1.0861096173017701
1312,1333736195499694972,1,0.43171138347099258,2.8492718529965435,1.0851358634524899,0.43170958106207163,2.8492742171518493,1.0851383483740813
1313,1333736195549693972,1,0.44065826899849581,2.87656696878441,1.0861192684443033,0.4406563987632871,2.8765693551719611,1.0861217533658953
1314,1333736195599692972,1,0.45396799573152391,2.895755852811603,1.0846405228099365,0.45396607781336323,2.8957582722727437,1.0846430077315283
1315,1333736195649693972,1,0.46379702823380164,2.9156388755890821,1.0851519030964196,0.4637950609078193,2.9156413194745587,1.0851543880180108
1316,1333736195699695972,1,0.47026616450067482,2.9304153306212566,1.0850662293629925,0.47026416045630198,2.9304177905820059,1.0850687142845834
1317,1333736195749693972,1,0.48086841005699921,2.9484847445545141,1.0851618505818585,0.48086636111147801,2.9484872308609793,1.085164335503449
1318,1333736195799694972,1,0.49104097237563105,2.9669456376905385,1.0843508687692112,0.4910388775561681,2.9669481492749883,1.0843533536908014
1319,1333736195874689972,1,0.50542538545743221,3.0055322269494908,1.0829824139471977,0.50542319475321829,3.0055347742779936,1.0829848988687873
1320,1333736195924690972,1,0.51052452076337196,3.0160952383364972,1.0827829602633927,0.5105223038108484,3.0160977983359398,1.0827854451849821
1321,1333736195974690972,1,0.5207758143684077,3.0320842954857059,1.0832506023435107,0.52077355768425726,3.0320868809587846,1.0832530872650978
1322,1333736196024691972,1,0.53062023398659697,3.0563093395163916,1.0811789795035998,0.53061791710503914,3.0563119494520299,1.0811814644251845
1323,1333736196074690972,1,0.53968686723039416,3.082025570831433,1.0797573095085511,0.53968448644594769,3.0820282032968889,1.0797597944301338
1324,1333736196124689972,1,0.54936083138734504,3.0963689477148528,1.0805447833426649,0.54935841496066007,3.096371604219331,1.0805472682642454
1325,1333736196174690972,1,0.55936670146024303,3.1200127860388571,1.0780562736611823,0.55936422628040106,3.1200154674070886,1.0780587585827606
1326,1333736196224689972,1,0.56787528616196714,3.1413415405265672,1.0751317844967319,0.56787275798177461,3.1413442430379228,1.0751342694183077
1327,1333736196274690972,1,0.58085142266208922,3.1573056571708036,1.0762890458655106,0.58084885481223658,3.1573083919268154,1.0762915307870842
1328,1333736196324690972,1,0.58816003356986446,3.1707887171385796,1.0744584339955126,0.58815743221560368,3.1707914700558981,1.0744609189170873
1329,1333736196374688972,1,0.59911503956988821,3.1911335785614012,1.0738835898931012,0.59911238766016961,3.1911363587010109,1.073886074814677
1330,1333736196424690972,1,0.60633526864652121,3.209052188560535,1.0724132498179582,0.60633257221040104,3.2090549866418154,1.0724157347395349
1331,1333736196474706972,1,0.62149273935941396,3.2366678570487015,1.070057752134679,0.6214899743004374,3.2366706927950459,1.0700602370562569
1332,1333736196523676972,1,0.62775180825814647,3.2557055279857585,1.0682492067816463,0.62774899589199318,3.2557083792853625,1.0682516917032252
1333,1333736196573677972,1,0.6386918816558278,3.2671846550466963,1.0696065225401721,0.63868904076487121,3.2671875335315126,1.0696090074617521
1334,1333736196623675972,1,0.64998599201109664,3.2900711184128606,1.0693594967421685,0.64998309424899936,3.2900740249626081,1.0693619816637494
1335,1333736196673677972,1,0.66163206119167028,3.3105691689899879,1.0662915142921199,0.6616291124934498,3.310572104479264,1.0662939992137019
1336,1333736196723677972,1,0.67251967570699833,3.3296952567310196,1.0658359267012538,0.67251667948187277,3.3296982192751292,1.0658384116228372
1337,1333736196773677972,1,0.67937607468322359,3.3529142003787173,1.0650552561167559,0.67937302076077954,3.3529171799603947,1.0650577410383404
1338,1333736196823677972,1,0.68854092375275444,3.3679853193843985,1.0636541001954178,0.68853783237968957,3.3679883217399853,1.0636565851170037
1339,1333736196873677972,1,0.70214238193631051,3.3980156183405743,1.0618126745727663,0.70213921594022266,3.39801865449465,1.0618151594943532
1340,1333736196923678972,1,0.71025741627546857,3.4142696056249111,1.0605623686153707,0.71025420988942833,3.4142726619441861,1.0605648535369587
1341,1333736196973678972,1,0.72197235256172954,3.4334375939246851,1.0595243788252171,0.72196909854466185,3.4334406793546237,1.0595268637468065
1342,1333736197023678972,1,0.73416909752679949,3.4581878649792324,1.0581285694031,0.73416578200716798,3.4581909807170748,1.0581310543246905
1343,1333736197073681972,1,0.74326985046921845,3.4749005379163558,1.0564256034856918,0.74326649341983608,3.4749036762688297,1.0564280884072805
1344,1333736197123679972,1,0.75013360575659538,3.495983013864167,1.055023846331046,0.75013019631885092,3.4959861692724945,1.0550263312526327
1345,1333736197173680972,1,0.76300319183615706,3.5187308820562797,1.0534032341632191,0.7629997258716632,3.5187340694444758,1.0534057190848038
1346,1333736197223680972,1,0.77297206945763597,3.5363182136522449,1.0542447750027826,0.77296855978993084,3.5363214258122913,1.0542472599243653
1347,1333736197273675972,1,0.7882590179474519,3.5605330783074542,1.0534027184971186,0.78825544810761872,3.5605363284543188,1.0534052034186994
1348,1333736197323680972,1,0.79596905299577514,3.5821298306556519,1.0505774240768537,0.79596542948964144,3.5821330999613084,1.0505799089984325
1349,1333736197373678972,1,0.81041237239940844,3.59384633851622,1.0540656891295286,0.81040871977858586,3.5938496437123804,1.0540681740511053
1350,1333736197423679972,1,0.81901010079864467,3.6128315586751008,1.0527753744404038,0.81900640100096767,3.6128348852359093,1.0527778593619819
1351,1333736197473679972,1,0.82933233787554272,3.6441728260020336,1.0516111386885592,0.82932856019719803,3.64417617821272,1.051613623610139
1352,1333736197523680972,1,0.83577116581470645,3.6600926272371517,1.0503945364607969,0.83576734857683954,3.6600959954477963,1.0503970213823786
1353,1333736197573679972,1,0.85224639648709766,3.6786100617485715,1.0510722007413258,0.85224253323476262,3.6786134708988407,1.051074685662909
1354,1333736197623677972,1,0.86409004317117089,3.7037765556033162,1.0498038523750253,0.86408611738199093,3.7037799941840657,1.0498063372966098
1355,1333736197673678972,1,0.87205315417472373,3.7255929737050866,1.0491096503592907,0.87204917417338623,3.7255964320735009,1.049112135280877
1356,1333736197723678972,1,0.88483372809314342,3.7481207329933408,1.0486708549893282,0.88482969211200602,3.7481242231204344,1.0486733399109163
1357,1333736197773680972,1,0.89303411027155832,3.7641053151421517,1.0476145452809362,0.89303003456991881,3.7641088256465274,1.0476170302025276
1358,1333736197823679972,1,0.9044551577321529,3.7832483213472607,1.048098099234239,0.90445103446156483,3.7832518602320091,1.0481005841558337
1359,1333736197873674972,1,0.91523681382534072,3.8077698165258629,1.0480261590247952,0.91523262962068253,3.8077733822021309,1.0480286439463933
1360,1333736197923680972,1,0.92952351536562672,3.8283951618467684,1.0473355948346641,0.92951927990851446,3.8283987630243312,1.0473380797562652
1361,1333736197973678972,1,0.93388102162095044,3.849770494671072,1.0474109844993227,0.93387673304775476,3.8497741066766551,1.0474134694209274
1362,1333736198023678972,1,0.94771116790145282,3.8677015823636998,1.0469407513327424,0.94770683477082307,3.8677052287360816,1.0469432362543503
1363,1333736198073680972,1,0.95781739383161468,3.8929194382512384,1.0457699830329934,0.95781299803651465,3.8929231097367465,1.0457724679546048
1364,1333736198123681972,1,0.96757153965769971,3.9072900317300427,1.0444732509444383,0.96756710815272196,3.90729372745382,1.0444757358660703
1365,1333736198173682972,1,0.97647060542681841,3.9301523612272007,1.04148651874195,0.97646611711066611,3.9301560790644148,1.0414890036636026
1366,1333736198223681972,1,0.98513877104217995,3.9565116815545318,1.0403078279738904,0.98513421722510475,3.9565154209314031,1.040310312895564
1367,1333736198273683972,1,0.99435306672801171,3.9709880930593329,1.0402481134140975,0.99434847693810879,3.9709918553329886,1.0402505983357917
1368,1333736198323674972,1,1.0069697192972051,3.996086217922918,1.0381912756941738,1.0069650671403374,3.996090011547917,1.0381937606158889
1369,1333736198373682972,1,1.0133549680228577,4.0130294822913744,1.0362337589921666,1.0133502737632329,4.0130332917831906,1.0362362439139023
1370,1333736198423683972,1,1.0263118231284081,4.0389117449586234,1.0357073953390274,1.0263070645532941,4.0389155866471578,1.0357098802607838
1371,1333736198473683972,1,1.0381364812728817,4.0659517591423846,1.0345261025324226,1.0381316555053193,4.0659556302142272,1.0345285874543328
1372,1333736198523682972,1,1.0502719861616072,4.0927209428841422,1.0333142707432463,1.0502670938745788,4.0927248441117277,1.0333167556653102
1373,1333736198573684972,1,1.057638650741207,4.105555528487022,1.0338623732382282,1.0576337265611118,4.1055594480201982,1.0338648581604459
1374,1333736198623684972,1,1.0661211349516346,4.1272660755912876,1.0323718637505146,1.06611615682239,4.1272700162027576,1.0323743486728865
1375,1333736198673685972,1,1.0768763886544017,4.1519244771806676,1.0304158874699572,1.076871349250804,4.15192844451808,1.0304183723924829
1376,1333736198723686972,1,1.0850806406445332,4.1756438972014394,1.031881689886414,1.0850755422998795,4.1756478849257572,1.0318841748090937
1377,1333736198773686972,1,1.1002103408810222,4.1960332087392951,1.0307711186730091,1.1002051918703464,4.1960372340597374,1.0307736035958424
1378,1333736198823685972,1,1.1080460065888429,4.2230158413364469,1.0290394878551596,1.1080407905279555,4.2230198861279984,1.0290419727790361
1379,1333736198873688972,1,1.1181104280076635,4.2465880152359494,1.0297166908243436,1.1181051533712352,4.2465920850369274,1.0297191757492636
1380,1333736198923686972,1,1.1317536276956675,4.2678835958787813,1.0283282585633955,1.1317483001408035,4.2678876995822144,1.0283307434893587
1381,1333736198973686972,1,1.1382500697730986,4.2878448122232857,1.0304295181622898,1.1382446926155749,4.2878489320700339,1.0304320030892964
1382,1333736199023685972,1,1.1428405905149304,4.307257718775678,1.0306310248044821,1.1428351651172211,4.30726185002968,1.0306335097325319
1383,1333736199073688972,1,1.1581309839925731,4.3312262896050999,1.0315287606536212,1.1581254990341026,4.331230458854777,1.0315312455827144
1384,1333736199123685972,1,1.1678025534233549,4.354790202170074,1.0310264374501572,1.1677970099096378,4.3547943954530739,1.0310289223802935
1385,1333736199173685972,1,1.1776461311751838,4.3735402615008123,1.032587167585129,1.1776405410657711,4.3735444792456022,1.0325896525223075
1386,1333736199223685972,1,1.1855104583449469,4.3979193744022957,1.0330441674037298,1.1855048076516963,4.3979236116906666,1.0330466523479505
1387,1333736199273688972,1,1.1939520261131069,4.4244053882438834,1.03463512582134,1.1939463096001268,4.4244096465103571,1.0346376107726032
1388,1333736199323685972,1,1.2055745837298897,4.4395485367816594,1.0356649267125915,1.2055688295833458,4.4395528239310167,1.0356674116708964
1389,1333736199373685972,1,1.2137021787829883,4.4625298055127551,1.0370706790517301,1.2136963675252199,4.4625341128602747,1.0370731640170774
1390,1333736199423684972,1,1.2217465875918194,4.4867206529203472,1.0368049620461757,1.2217407162167335,4.4867249802594227,1.0368074470185651
1391,1333736199473686972,1,1.232511400954682,4.5119083752879501,1.0374078498735877,1.2325054669847164,4.5119127293788432,1.0374103348530195
1392,1333736199523686972,1,1.2478279420130252,4.5365702734568796,1.0399490076119873,1.2478219467339828,4.5365746656186685,1.0399514926388627
1393,1333736199573687972,1,1.251009791983019,4.5564495043832309,1.0415708972853233,1.2510037472778801,4.5564539044617751,1.0415733823596429
1394,1333736199623688972,1,1.2605166223455424,4.5727835028538451,1.0404678123961333,1.2605105370227363,4.5727879265678029,1.0404702975178977
1395,1333736199673686972,1,1.2734765679594859,4.6057905801259835,1.0388561667378287,1.273470400582031,4.6057950360577804,1.0388586519070344
1396,1333736199722675972,1,1.2813750679553244,4.6184075787875027,1.0385889388156513,1.2813688691944443,4.6184120543594167,1.0385914240313414
1397,1333736199772679972,1,1.2916423181717598,4.641245727354069,1.0340128559345612,1.2916360626234349,4.6412502284540054,1.0340153411976982
1398,1333736199822683972,1,1.305949210136679,4.6678707551153202,1.0286556966134355,1.3059428883871587,4.6678752917840063,1.0286581819240201
1399,1333736199872676972,1,1.3162698839201175,4.6923317775456379,1.0204574139979077,1.3162635011311197,4.6923363399571123,1.020459899683033
1400,1333736199922676972,1,1.3233253964156664,4.7085402385309036,1.0075587865221893,1.323318973085204,4.708544818575553,1.0075612725819076
1401,1333736199972675972,1,1.3342046291195226,4.7214445526928897,0.99646866951287094,1.3341981734509898,4.7214491598834361,0.99647115594717461
1402,1333736200022679972,1,1.3409659028828822,4.7375691785285881,0.97813712807707709,1.3409594068582975,4.7375738026326033,0.97813961488600376
1403,1333736200072678972,1,1.3541805146657138,4.7614711999602983,0.95093224340690707,1.3541739589291928,4.761475857033453,0.95093473059041911
1404,1333736200122677972,1,1.365461716160066,4.7700963173231834,0.92439821097906194,1.3654551386958946,4.7701010025659514,0.92440069853715956
1405,1333736200172677972,1,1.3716749021728407,4.7830541558773163,0.9004192999673708,1.3716682884781026,4.7830588581311568,0.90042179268665734
1406,1333736200222679972,1,1.3907354509494623,4.8084912603330441,0.86563238287197442,1.3907287697184814,4.8084960117532951,0.86563488075265627
1407,1333736200272674972,1,1.3986381399404679,4.8150966892315701,0.83614799572436271,1.3986314380477565,4.8151014620862185,0.83615049876571745
1408,1333736200322672972,1,1.4117114876764452,4.8282549174490965,0.80794478918264678,1.4117047307371184,4.8282597316043754,0.80794731861340541
1409,1333736200372673972,1,1.4192454031860222,4.8368597246602327,0.78217168095981982,1.4192386021420065,4.8368645666488845,0.78217423678156595
1410,1333736200422672972,1,1.4295131809091435,4.8515070053644616,0.75562236221313972,1.4295063197042062,4.8515118826431696,0.75562494442481765
1411,1333736200472672972,1,1.4488668655604866,4.8747882282604591,0.73038375163043956,1.4488599208985318,4.8747931650728278,0.73038636023257719
1412,1333736200522674972,2,1.4641403271475719,4.8877837767609655,0.71049042240199844,1.4641332700876419,4.8877887803202125,0.71049311817974858
1413,1333736200572678972,2,1.4737236055403617,4.8946164406880079,0.70003122865522827,1.4737164509645377,4.8946214978226887,0.70003401161207757
1414,1333736200622676972,2,1.4852109289613689,4.9149403537240985,0.68876966728634581,1.4852036369662884,4.9149454715664893,0.68877253741183397
1415,1333736200672674972,2,1.5059395732743688,4.9312540137603706,0.68297572334684942,1.505932152176265,4.931259221642442,0.68297868064097622
1416,1333736200722672972,2,1.519596257447732,4.939108528762941,0.68153888874588042,1.5195887301560971,4.939113808768175,0.68154193320864587
1417,1333736200772673972,2,1.5353005658969037,4.9578442717978186,0.67788213143129561,1.535292896961312,4.957849632721409,0.67788526306793018
1418,1333736200822673972,2,1.5524083191413161,4.9729146195418128,0.6768030172572812,1.5524005170951447,4.9729200686385031,0.67680623606604129
1419,1333736200872670972,2,1.5697572466108927,4.989546479400504,0.67678414462968317,1.5697493036696124,4.989552020448059,0.67678745060533851
1420,1333736200922678972,2,1.5853540161112787,4.9960728017120797,0.67908070344131022,1.5853460382114475,4.9960783999108571,0.67908402358898057
1421,1333736200972671972,2,1.601121867539675,5.0154693032018862,0.67758592478485924,1.6011138115871124,5.0154749595625878,0.67758925910029377
1422,1333736201022673972,2,1.6213548271244829,5.0310125022846224,0.67842994860296124,1.621346705469773,5.0310182322064954,0.67843329708871025
1423,1333736201072672972,2,1.6435304727476969,5.050180065072329,0.67666768561924018,1.6435222727636829,5.0501858756609659,0.67667104827445379
1424,1333736201122671972,2,1.6624304607610048,5.0622246522808139,0.67702523043388552,1.6624222059575549,5.0622305331033663,0.67702860725856351
1425,1333736201172683972,2,1.6765480990628665,5.0798099507445054,0.6768171326708452,1.6765397703063696,5.0798158861214144,0.67682052366867185
1426,1333736201222666972,2,1.693777315133828,5.094936115897795,0.67710177182717968,1.6937689203081274,5.0949421168205777,0.67710517698993644
1427,1333736201272664972,2,1.7171366514212589,5.1120039376917763,0.67588689540295765,1.7171281967233056,5.1120100190131073,0.67589030232829161
1428,1333736201322674972,2,1.7321955249505345,5.1261115519022322,0.67928369440005176,1.7321870204102061,5.1261176854109989,0.67928710308838613
1429,1333736201372665972,2,1.7446563972817373,5.1399748172549744,0.6749197989671567,1.7446478436833304,5.1399809941435759,0.67492320941782136
1430,1333736201422669972,2,1.7640986849678002,5.1533138544719268,0.67291427509350921,1.7640900840507134,5.1533200986066054,0.67291768730696255
1431,1333736201472668972,2,1.7751254088730601,5.1676868044199882,0.66847653137018193,1.7751167570607476,5.1676930871386544,0.66847994534624777
1432,1333736201522669972,2,1.7890829641285779,5.1722143858709826,0.66111549363241151,1.7890742949994842,5.1722207172235564,0.66111890937116025
1433,1333736201572670972,2,1.8057934693438882,5.1867175052003498,0.6517951944040945,1.8057847487906222,5.1867238946441905,0.65179861190552624
1434,1333736201622669972,2,1.817592854351622,5.192227705745502,0.64245470894205592,1.8175841130723234,5.1922341365471123,0.64245812820610015
1435,1333736201672671972,2,1.8391703127716068,5.2096154558869276,0.62277174008585368,1.8391615116267304,5.2096219606950269,0.62277515975160325
1436,1333736201722668972,2,1.8583685477869401,5.2241420208551661,0.60111772801194274,1.8583596965480187,5.2241485915499801,0.60112114807935768
1437,1333736201772669972,2,1.872583106049039,5.2361869787940307,0.58173666746900798,1.8725742131926582,5.2361935983445003,0.58174008793812004
1438,1333736201822668972,2,1.8905177395504806,5.2488570926525817,0.56273220252049405,1.8905088029283805,5.2488637737960122,0.56273562339128747
1439,1333736201872668972,2,1.9142688432946706,5.2703274023205191,0.54082864321161406,1.914259832788763,5.2703341649710023,0.54083206448409682
1440,1333736201922666972,2,1.9274546851869148,5.2751419478888009,0.52560418994139857,1.9274456581671953,5.2751487556763594,0.52560761125464783
1441,1333736201972667972,2,1.9609749285513352,5.2960284303646805,0.50542603642053163,1.9609658300295048,5.2960353528614865,0.50542945777455006
1442,1333736202022678972,2,1.9742194238109734,5.3035621325710016,0.49575686481113151,1.9742102994705715,5.3035691004085299,0.4957602862059271
1443,1333736202072667972,2,1.9984675597473582,5.3207037156819847,0.48607094687210384,1.9984583767149786,5.320710766509495,0.48607436830765877
1444,1333736202122667972,2,2.0207050209843902,5.3315110556576952,0.48196011634302582,2.0206958009311018,5.3315181825977325,0.48196353781934897
1445,1333736202172667972,2,2.039843821305392,5.3426090695187289,0.47650337480489818,2.0398345632357859,5.3426162619709832,0.47650679632198956
1446,1333736202222667972,2,2.0582617176659834,5.3519330613760863,0.47372587438592495,2.0582524276490766,5.3519403168755133,0.47372929594378466
1447,1333736202272666972,2,2.0811529741934827,5.366913653406133,0.47120909155231328,2.0811436329133612,5.366920987233371,0.47121251311596163
1448,1333736202322665972,2,2.1012790800947041,5.376304829130965,0.47011065084538317,2.1012697066757862,5.3763122318251551,0.47011407241482023
1449,1333736202372669972,2,2.1230398501428969,5.3866221696150101,0.46776990840004834,2.123030441416121,5.3866296467695083,0.4677733299752746
1450,1333736202422671972,2,2.1439104166685086,5.401985904121398,0.46665391749041801,2.1439009553671156,5.4019934526905224,0.46665733907143336
1451,1333736202472668972,2,2.1717075288315706,5.4135126846522166,0.46618618691304303,2.1716980280838132,5.4135203283360083,0.46618960849984675
1452,1333736202522668972,2,2.1869722409026502,5.4257325525503663,0.46489620062079889,2.1869626983370054,5.4257402484683768,0.46489962221339137
1453,1333736202572668972,2,2.2093444781853648,5.4321405615083176,0.46535363956387799,2.2093349136874973,5.4321483339798524,0.46535706116225939
1454,1333736202622668972,2,2.2287820157229468,5.4417400001916105,0.46492606462742314,2.2287724183786479,5.4417478391712431,0.46492948622663555
1455,1333736202672667972,2,2.2584545913945755,5.457232905720204,0.46434813980517076,2.258444941038682,5.4572408462281361,0.46435156140521422
1456,1333736202722667972,2,2.2753740110677194,5.4663133957704497,0.46412671769468061,2.2753643296410075,5.4663213941705626,0.46413013929555508
1457,1333736202772668972,2,2.3039717318552295,5.482683885064418,0.46262068563768538,2.3039619944141427,5.4826919813151891,0.4626241072393909
1458,1333736202822671972,2,2.3216347779332906,5.4901961631574929,0.46264276756853656,2.3216250147871427,5.4902043198449118,0.46264618917107309
1459,1333736202872668972,2,2.3407380222975904,5.5001446403387053,0.46375384537952852,2.3407282251106536,5.500152862390574,0.46375726698289604
1460,1333736202922670972,2,2.3618389817445067,5.5112975732383997,0.46167426567191044,2.3618291463955825,5.5113058674901341,0.46167768727610908
1461,1333736202972668972,2,2.3839265905989313,5.5243932420078892,0.46042665915922121,2.3839167104416568,5.5244016118346275,0.46043008076344205
1462,1333736203022669972,2,2.4022637076558064,5.53403472124476,0.4626791800894941,2.4022537945090723,5.5340431538138235,0.46268260169373709
1463,1333736203072669972,2,2.4231631722156344,5.5436382123974814,0.46196505497175405,2.4231532262094064,5.5436467164762115,0.46196847657601914
1464,1333736203121655972,2,2.4349102077747222,5.5505605167490435,0.46375884757574659,2.4349002380830149,5.5505690610214655,0.46376226918003349
1465,1333736203172668972,2,2.4537786491091027,5.5600890705149526,0.46313565303231213,2.4537686468143169,5.5600976793476873,0.46313907463662168
1466,1333736203221656972,2,2.4569101307639905,5.5660693187081964,0.4631468919393667,2.4569001080071184,5.5660779382556118,0.4631503135436979
1467,1333736203271657972,2,2.4641089859334326,5.5694884317044737,0.46303699294668182,2.4640989514776401,5.5694970758835307,0.46304041455103523
1468,1333736203321656972,2,2.4651490577631012,5.5714648764790402,0.46306297876998315,2.4651390165446645,5.5714735242168265,0.46306640037435864
1469,1333736203371655972,2,2.4613299796243457,5.5656957392276585,0.46309471102005539,2.4613199581456104,5.5657043738981304,0.46309813262445304
1470,1333736203421656972,2,2.4567763196543204,5.5631269972941393,0.46353459392352803,2.4567663069648051,5.563135616383831,0.46353801552794788
1471,1333736203471655972,2,2.4589244523913845,5.5628151962617718,0.46332913931142916,2.45891444076869,5.5628238227015521,0.46333256091587116
1472,1333736203521657972,2,2.4574826668574201,5.5650103291774755,0.4630098909290481,2.4574726477238307,5.5650189506840499,0.46301331253351236
1473,1333736203571656972,2,2.4610602746269588,5.5657681022711429,0.46287077527827158,2.4610502529005225,5.5657767360188979,0.46287419688275805
1474,1333736203621653972,2,2.4624054137477231,5.566067889924792,0.46297566022151426,2.4623953909954985,5.5660765282751061,0.46297908182602288
1475,1333736203671653972,2,2.4618340289058733,5.5655751458655907,0.46309312255736151,2.461824007839601,5.5655837822608811,0.46309654416189222
1476,1333736203721653972,2,2.45935121197035,5.561820522192332,0.46334547078394683,2.4593412037509039,5.5618291500924544,0.46334889238849969
1477,1333736203771653972,2,2.4584241454533049,5.5633085942106284,0.46329708474741316,2.4584141321422441,5.563317218938713,0.46330050635198822
1478,1333736203821653972,2,2.4582486186113091,5.5634410058721402,0.46299572800614835,2.4582386048471623,5.5634496299996661,0.46299914961074556
1479,1333736203871656972,2,2.4593647282287732,5.5656010130441613,0.46304337141583779,2.4593547070739032,5.5656096409905897,0.46304679302045715
1480,1333736203921656972,2,2.4626743301613958,5.5654707951293902,0.46354916087056114,2.4626643094520348,5.5654794343999949,0.46355258247520265
1481,1333736203971655972,2,2.4612287479264605,5.5668333909327243,0.46334982942693004,2.4612187225548174,5.5668420252571353,0.46335325103159386
1482,1333736204021656972,2,2.4580483169064022,5.5654524102783327,0.46296998403013473,2.4580382962599217,5.5654610337206023,0.46297340563482059
1483,1333736204071655972,2,2.4620042494153633,5.5674766894030059,0.46276032066142342,2.4619942218425503,5.5674853263809272,0.46276374226613148
1484,1333736204121655972,2,2.4614739239634083,5.5675591535200821,0.46330030576533998,2.461463896108413,5.5675677886834647,0.46330372737007014
1485,1333736204171658972,2,2.4573112551575305,5.5666824348446466,0.46312878332504259,2.4573012303023183,5.5666910557650544,0.46313220492979501
1486,1333736204221657972,2,2.4625400987517527,5.5657781675943179,0.46394458606166961,2.4625300769905296,5.5657868064057938,0.46394800766644412
1487,1333736204271660972,2,2.4607508043141433,5.567013648797527,0.46297110596623869,2.4607407783255759,5.5670222814867643,0.46297452757103535
1488,1333736204321657972,2,2.4572274813024544,5.5632249708371111,0.46303617793227309,2.4572174682772401,5.5632335914709783,0.46303959953709201
1489,1333736204371661972,2,2.459073305324929,5.5638537368715646,0.46322058521574877,2.4590632901482876,5.5638623638211353,0.4632240068205899
1490,1333736204421655972,2,2.4542195169933811,5.5615112038463606,0.4667646795361895,2.4542095098319647,5.5615198141882258,0.46676810114105272
1491,1333736204471655972,2,2.4588521412264361,5.5641304210489757,0.46380378244359299,2.4588421251030401,5.5641390472418628,0.46380720404847842
1492,1333736204521655972,2,2.4599068592902222,5.567269779057809,0.45878512681796663,2.4598968324251511,5.567278408859532,0.4587885484228742
1493,1333736204571655972,2,2.4609623993151306,5.5651580072914486,0.44894824017705154,2.4609523796756765,5.5651666407048523,0.44895166178198126
1494,1333736204621655972,2,2.4633997222639556,5.5649064790913449,0.43570410051242142,2.4633897034850913,5.5649151208443328,0.43570752211737335
1495,1333736204671659972,2,2.4621480309105648,5.5642688520799766,0.41922718891258065,2.4621380143133891,5.564277489550201,0.41923061051755467
1496,1333736204721656972,2,2.4629356842355907,5.5650319752476527,0.4058866186455104,2.4629256650272779,5.565040615412939,0.40589004025050668
1497,1333736204771657972,2,2.4611686058001903,5.5655003665180498,0.39203279780743855,2.4611585849892128,5.5655090006371157,0.39203621941245698
1498,1333736204821656972,2,2.4604080093731131,5.5652085546575298,0.37870769906352031,2.4603979895605779,5.5652171861741628,0.37871112066856089
1499,1333736204871655972,2,2.4603295228851754,5.566174069626757,0.36038075223093863,2.4603194997690041,5.5661827008748617,0.36038417383600135
1500,1333736204921655972,2,2.4624247953846643,5.5663316520975217,0.34304801224840742,2.4624147717292759,5.5663402905148427,0.34305143385347392
1501,1333736204971654972,2,2.4587377764578786,5.564966639204572,0.33175089741778258,2.4587277574730289,5.5649752650064004,0.33175431902285279
1502,1333736205021656972,2,2.4582501802020502,5.5672858624228931,0.31717290379714602,2.4582401532817184,5.567294486556368,0.31717632540221991
1503,1333736205071657972,2,2.4577002105439458,5.5658600771931122,0.30468371875546585,2.4576901885020734,5.5658686994448381,0.30468714036054367
1504,1333736205121657972,2,2.4590006344796738,5.5651305396572628,0.29656886714819169,2.4589906149339633,5.565139166358553,0.29657228875327318
1505,1333736205171656972,2,2.4597882529149393,5.5619686098285284,0.28557815654235036,2.4597782441880796,5.5619772392247775,0.28558157814743562
1506,1333736205221657972,2,2.4581799381876737,5.5675549908847897,0.2772110972932933,2.458169910346415,5.5675636147780105,0.27721451889838222
1507,1333736205271655972,2,2.4582507334400949,5.5630865076351652,0.27223649970100916,2.4582407208882029,5.5630951317706678,0.27223992130610186
1508,1333736205321657972,2,2.4551235853281734,5.5661654774985205,0.26889918495528919,2.4551135622412756,5.5661740909341573,0.26890260656038206
1509,1333736205371655972,2,2.4572304375085365,5.5653845573904697,0.26896044605381508,2.4572204170936227,5.5653931780349462,0.26896386765890817
1510,1333736205421658972,2,2.4558879006582135,5.5638363509828492,0.27182354204873271,2.4558778855406529,5.5638449670337202,0.27182696365382597
1511,1333736205471657972,2,2.4558210563794205,5.5633784948857068,0.27738062776791317,2.4558110428284601,5.5633871107078843,0.27738404937300665
1512,1333736205521657972,2,2.4605106509606998,5.5627897679921885,0.27821432179312056,2.4605006394240982,5.5627983998603288,0.27821774339821415
1513,1333736205571660972,2,2.4603063097098179,5.5614913351197668,0.2812485926596664,2.4602963026159377,5.561499966288757,0.28125201426476021
1514,1333736205621656972,2,2.4643891877522588,5.5680373290578036,0.2766650034231915,2.4643791582605439,5.5680459741967709,0.27666842502828543
1515,1333736205671656972,2,2.4691599556374135,5.5641520678928025,0.27635582223562749,2.4691499394394953,5.5641607293554936,0.27635924384072164
1516,1333736205721657972,2,2.4786640927569805,5.5694807094694463,0.27577167568495736,2.4786540583264958,5.5694894034515281,0.27577509729005167
1517,1333736205771657972,2,2.4851316253304754,5.5682696898771011,0.27812804823520043,2.4851215950435788,5.5682784059885506,0.27813146984029491
1518,1333736205821657972,2,2.4960882809754388,5.5772345628768694,0.27756705903752038,2.4960782200142178,5.5772433164776336,0.27757048064261503
1519,1333736205871657972,2,2.5043878516363716,5.5771506231397163,0.27732477520075488,2.5043777909623075,5.5771594051383522,0.27732819680584975
1520,1333736205921657972,2,2.5198159165241698,5.5785610929238247,0.27569772446143803,2.5198058510239401,5.5785699277112153,0.27570114606653312
1521,1333736205971656972,2,2.5302483361077308,5.5844739853173015,0.27540816462434609,2.5302382503758536,5.5844828558002959,0.27541158622944129
1522,1333736206021661972,2,2.5453637834757474,5.5921367264961557,0.27484425998069706,2.5453536715249023,5.5921456486982137,0.27484768158579242
1523,1333736206071660972,2,2.5579436428670563,5.5900802119623458,0.27672171460755207,2.5579335379527133,5.5900891772077461,0.2767251362126476
1524,1333736206121657972,2,2.5688615339922252,5.5960080204558436,0.27640489591667539,2.568851408795195,5.5960170230579394,0.27640831752177114
1525,1333736206171658972,2,2.5879216146805963,5.6025729028324784,0.27475331027813749,2.5879114670210153,5.6025819706506228,0.2747567318832333
1526,1333736206221657972,2,2.5924735553783211,5.6084081363294702,0.2746637534089687,2.5924633877528449,5.6084172197225417,0.27466717501406479
1527,1333736206271658972,2,2.6040068382319408,5.6123303688828772,0.27455577766984507,2.6039966571860615,5.6123394917382834,0.27455919927494132
1528,1333736206320645972,2,2.6097197097452187,5.6126778955859367,0.2741913862226007,2.6097095275102022,5.6126870379885583,0.27419480782769723
1529,1333736206370644972,2,2.6203532910579415,5.614174191727205,0.27256004820956048,2.6203431037031231,5.6141833705137625,0.27256346981465718
1530,1333736206420644972,2,2.6255238815464859,5.6130131939591141,0.27088930792277655,2.6255136981641081,5.6130223904374237,0.27089272952787335
1531,1333736206470646972,2,2.6296423519099155,5.6158517308932359,0.26738363539766397,2.629632158815157,5.6158609414633363,0.26738705700276105
1532,1333736206520646972,2,2.6366985191119912,5.6242886634612663,0.263162432457486,2.6366882971493353,5.6242978981747607,0.26316585406258325
1533,1333736206570645972,2,2.6484857328473344,5.6255755106018741,0.25826809410369617,2.6484755064815229,5.6255847856465806,0.25827151570879359
1534,1333736206620646972,2,2.6651869425611552,5.6271416889667218,0.25074001404699264,2.6651767108363975,5.6271510211563918,0.25074343565209029
1535,1333736206670647972,2,2.672981329341928,5.6321576321752689,0.24239970738920236,2.672971080454543,5.6321669910342509,0.24240312899430017
1536,1333736206720648972,2,2.6948416492866669,5.6322845199486933,0.23414466853609267,2.6948313999649884,5.6322939536050844,0.23414809014119067
1537,1333736206770650972,2,2.7005168241176563,5.6374069779608575,0.22693257224349833,2.7005065572689118,5.6374164310354535,0.22693599384859656
1538,1333736206820648972,2,2.7166756310011628,5.6388090591357027,0.21952985499510813,2.7166653593549515,5.6388185674993743,0.21953327660020658
1539,1333736206870648972,2,2.7310133493901971,5.6449950305489223,0.21435214798104932,2.7310030565779457,5.6450045879705959,0.21435556958614799
1540,1333736206920648972,2,2.7460617698615137,5.6520504529967024,0.20944166922272814,2.7460514529083007,5.6520600619081129,0.20944509082782709
1541,1333736206970649972,2,2.753300312611942,5.6531809264039765,0.20917444662648751,2.7532899917906479,5.6531905600828445,0.2091778682315866
1542,1333736207020647972,2,2.7737755376247799,5.6586944795462131,0.20759862106114008,2.7737651979381592,5.658704183283227,0.20760204266623722
1543,1333736207070647972,2,2.7849251723596433,5.6623213825980434,0.20644609733185249,2.7849148202631229,5.6623311244847265,0.20644951893694774
1544,1333736207120649972,2,2.8008178504833139,5.663416556179933,0.20477977797757707,2.8008074946394435,5.6634263524451223,0.20478319958267038
1545,1333736207170648972,2,2.8178589150404729,5.670853910978221,0.20367055994971756,2.8178485337488062,5.6708637655512026,0.20367398155480904
1546,1333736207220648972,2,2.8312353180811018,5.6757715804103483,0.20279547602250905,2.8312249199630291,5.6757814807521143,0.20279889762759865
1547,1333736207270648972,2,2.8495592410436839,5.6731857531258907,0.20477350950352124,2.8495488517731786,5.6731957161649422,0.20477693110860887
1548,1333736207320649972,2,2.8689334309104577,5.6789243816733244,0.20358902401920867,2.8689230220045143,5.6789344110032118,0.20359244562429438
1549,1333736207370648972,2,2.8902185057872734,5.6833309621853507,0.20360723529219962,2.8902080818036224,5.6833410643443765,0.20361065689728347
1550,1333736207420651972,2,2.9010432810720821,5.6839371231879721,0.20565771282303991,2.9010328550143192,5.6839472623851437,0.20566113442812184
1551,1333736207470650972,2,2.9166323082392136,5.6874965627062251,0.20367527595404769,2.916621870002357,5.687506755242917,0.20367869755913134
1552,1333736207520648972,2,2.9385995078256055,5.6967348707101877,0.20296208774582361,2.9385890379787734,5.6967451384099546,0.20296550935090901
1553,1333736207570649972,2,2.9542447303292834,5.6943576297656433,0.20490896752332163,2.9542342686163345,5.6943679509972425,0.20491238912840878
1554,1333736207620649972,2,2.9685540944043796,5.7028043262992218,0.2046974317121604,2.968543603790081,5.7028146964918109,0.20470085331724922
1555,1333736207670649972,2,2.9900287065338822,5.7062041682874733,0.2024945401340548,2.9900182042865353,5.7062146119577308,0.20249796173914536
1556,1333736207720649972,2,3.0049072356827207,5.7117035503747582,0.20154023872894353,3.0048967146185683,5.7117140449534807,0.20154366033403573
1557,1333736207770649972,2,3.0308812453211851,5.7105959891257703,0.20290624830415396,3.0308707280465121,5.7106065725773512,0.20290966990924794
1558,1333736207820651972,2,3.0469400901840737,5.7178338212212667,0.20200852194260957,3.0469295481442984,5.7178444596198768,0.2020119435477053
1559,1333736207870651972,2,3.0635683258044581,5.7215355777928529,0.20125238052857491,3.0635577710986315,5.7215462730867426,0.20125580213367236
1560,1333736207920650972,2,3.0821462634363241,5.7265783511671708,0.20001225966760622,3.0821356914760027,5.7265891100274526,0.20001568127270414
1561,1333736207970650972,2,3.1063484137466202,5.7296724349447352,0.20128693838317507,3.106337831199419,5.7296832766152557,0.20129035998827347
1562,1333736208020649972,2,3.1258700360116216,5.7351024560452037,0.19999807947637163,3.1258594348849136,5.7351133645110313,0.20000150108147044
1563,1333736208070650972,2,3.1484674639123531,5.7382295941132835,0.19774554494331587,3.1484568520856757,5.7382405798986236,0.19774896654841509
1564,1333736208120649972,2,3.1780894943092775,5.7447979667225519,0.19637822853643352,3.1780788600080432,5.7448090538628005,0.19638165014153328
1565,1333736208170650972,2,3.1998859602119927,5.7469975062676095,0.19406084809732232,3.1998753183846698,5.7470086679867993,0.19406426970242252
1566,1333736208220649972,2,3.2135423711265307,5.750721761670202,0.19334762787442061,3.2135317165561923,5.7507329701162728,0.19335104947952125
1567,1333736208270650972,2,3.2369688382691066,5.7570779685774207,0.19296479764731858,3.2369581619501928,5.7570892571796373,0.19296821925241656
1568,1333736208320650972,2,3.2625387194257671,5.7591909269834121,0.19311784627254161,3.2625280358769877,5.7592023030757193,0.19312126787763695
1569,1333736208370649972,2,3.2878375181532222,5.7653731343681676,0.19206079350226138,3.2878268134512161,5.7653845970230018,0.19206421510735408
1570,1333736208420651972,2,3.3061905874320416,5.7704575760029906,0.19044059074529865,3.3061798653329699,5.7704691014548137,0.19044401235038871
1571,1333736208470651972,2,3.3307217511515566,5.7763737892609477,0.18904977553068059,3.3307110088093892,5.7763853986487561,0.18905319713576799
1572,1333736208520654972,2,3.3602711894570669,5.7820563265074369,0.18982187037515641,3.3602604276713213,5.7820680370017863,0.18982529198024115
1573,1333736208570651972,2,3.3785562412090058,5.7853037784569201,0.18870437260902276,3.3785454683116476,5.7853155515155352,0.18870779421410577
1574,1333736208620650972,2,3.400113117330358,5.7918887257330978,0.18791815189905894,3.4001023219017794,5.7919005725508503,0.18792157350414029
1575,1333736208670652972,2,3.4230183528803191,5.7996182503123146,0.1867928904102869,3.4230075310042198,5.7996301755027533,0.18679631201536653
1576,1333736208720649972,2,3.4552875423745517,5.8009573968067185,0.18753887690091431,3.4552767159162259,5.8009694324096301,0.18754229850599219
1577,1333736208770648972,2,3.4704765408796963,5.8089855134568085,0.18678539698728108,3.4704656869522306,5.8089976010304865,0.18678881859235733
1578,1333736208820655972,2,3.4946998756645531,5.8149225525734005,0.18525506554775806,3.4946890014227368,5.8149347230297881,0.18525848715283261
1579,1333736208870650972,2,3.5189766651500465,5.8153508233995641,0.18641292477980345,3.5189657894427087,5.8153630769215958,0.18641634638487625
1580,1333736208920648972,2,3.5486242063368052,5.817690211630647,0.18385097275223242,3.5486133226248247,5.817702566594904,0.18385439435730852
1581,1333736208970649972,2,3.565004995590261,5.8254466463441457,0.17876263034633921,3.5649940853387219,5.8254590573570102,0.17876605195141859
1582,1333736209020650972,2,3.5874853072780448,5.8286818350403609,0.17678108437644816,3.5874743859568308,5.8286943229720167,0.17678450598153081
1583,1333736209070652972,2,3.6121420874897208,5.8369896243483348,0.17225593453584501,3.6121311377423817,5.8370021966457681,0.17225935614093099
1584,1333736209120652972,2,3.6462883670188369,5.8394271323142686,0.17246368593914219,3.6462774089311032,5.8394398214468346,0.17246710754423139
1585,1333736209170651972,2,3.6598547970425459,5.8419149108487725,0.17186075083418831,3.6598438304425311,5.8419276464003502,0.17186417243928082
1586,1333736209220652972,2,3.6875376164025164,5.8497637146917238,0.17143689017156929,3.6875266229468266,5.8497765449629942,0.17144031177666513
1587,1333736209270652972,2,3.7104596167035107,5.8519039015399708,0.1716157572390935,3.7104486159248053,5.8519168102413275,0.17161917884418676
1588,1333736209320648972,2,3.7405677596872837,5.8596189893502908,0.17102127954655133,3.7405567325104134,5.8596320010698433,0.1710247011516422
1589,1333736209370650972,2,3.7555008857801786,5.8612832381334483,0.17181727892790916,3.7554898529088114,5.8612963009483181,0.1718207005329975
1590,1333736209420651972,2,3.7850947098329066,5.8645980764612888,0.17203614524127711,3.7850836656192928,5.8646112405345843,0.17203956684636296
1591,1333736209470650972,2,3.8070862216562835,5.8695311215356929,0.1720961715268581,3.8070751605636035,5.8695443608552944,0.17209959313194145
1592,1333736209520646972,2,3.8356764381853656,5.8776942954555693,0.17049733879208476,3.835665349161355,5.8777076325996207,0.17050076039716558
1593,1333736209570650972,2,3.8488639320085731,5.8819426113897659,0.1703475955429419,3.8488528284484191,5.8819559936562475,0.17035101714802484
1594,1333736209620651972,2,3.8783725435862788,5.8876371820171878,0.17312567564805195,3.878361420541375,5.8876506652505114,0.17312909725313708
1595,1333736209670651972,2,3.9059348367788531,5.8907136162862521,0.17345544272347335,3.9059237032074381,5.8907271938269012,0.1734588643285605
1596,1333736209719638972,2,3.9276230455508703,5.8956066266751055,0.16988364979748519,3.9276118952373746,5.8956202784242704,0.16988707140257447
1597,1333736209769637972,2,3.9528628197288684,5.8997450950873169,0.16695026469302834,3.9528516552550141,5.8997588331970592,0.16695368629811974
1598,1333736209819634972,2,3.9754993861367462,5.9033512635972398,0.16470832545792785,3.9754882093238684,5.9033650791604106,0.16471174706302133
1599,1333736209869634972,2,3.9992461429347825,5.9122425345285974,0.15954146615380443,3.999234935699342,5.9122564313438009,0.15954488775890005
1600,1333736209919638972,2,4.0210082741834698,5.9121538690633457,0.15922100030488689,4.0209970672512743,5.912167840340036,0.15922442190997799
1601,1333736209969637972,2,4.0479392614538021,5.9178903891626113,0.15820152532639689,4.0479280348933351,5.9179044525865381,0.15820494693148335
1602,1333736210019637972,2,4.0703282552155562,5.9196782856837329,0.1550229792559506,4.0703170225374743,5.9196924257140111,0.15502640086103256
1603,1333736210069636972,2,4.0922667083684541,5.9274911391233394,0.15375087684479663,4.0922554489577374,5.9275053542183613,0.15375429844987409
1604,1333736210119634972,2,4.1176671410013963,5.9295635584090478,0.15323255233829808,4.1176558744995253,5.9295778604143727,0.15323597394337096
1605,1333736210169638972,2,4.1464190627496205,5.9431544928179791,0.14938889283993764,4.1464077497447649,5.9431688932010127,0.14939231444500589
1606,1333736210219638972,2,4.1692479410418377,5.9457370063585815,0.14892164928252097,4.1692366192005039,5.9457514848530684,0.14892507088759155
1607,1333736210269637972,2,4.1923805077622207,5.9469784891106965,0.14893562277689629,4.1923691816728867,5.9469930467557477,0.14893904438196912
1608,1333736210319634972,2,4.2198769676381707,5.9521474717757465,0.14862347148969834,4.2198656238624546,5.9521621235028572,0.1486268930947735
1609,1333736210369635972,2,4.2517114464485024,5.9519201468568541,0.14776260762031362,4.251700103450414,5.9519349075090435,0.14776602922539114
1610,1333736210419637972,2,4.2701375136141388,5.9582495528932942,0.14381045875819726,4.2701261489592124,5.9582643765922345,0.14381388036327708
1611,1333736210469637972,2,4.2922157082340284,5.9621577549009954,0.14351660532298749,4.2922043302066468,5.9621726541428401,0.14352002692806956
1612,1333736210519634972,2,4.3202121805330043,5.9668217524816365,0.1425493232871369,4.3202007865470993,5.966836747516389,0.14255274489222128
1613,1333736210569640972,2,4.3495775898601048,5.9684796700621439,0.14172881340304239,4.349566190201287,5.9684947655737828,0.14173223500813542
1614,1333736210619638972,2,4.3652928633573636,5.9768046221472213,0.13891173071084764,4.3652814352137526,5.9768197714303328,0.13891515231594931
1615,1333736210669637972,2,4.389829518441843,5.9799150221096005,0.13768008776499663,4.3898180796555266,5.9799302553475,0.13768350937010687
1616,1333736210719639972,2,4.4148243751758445,5.9834320371431833,0.13774359862687116,4.4148129243555427,5.983447355903655,0.13774702023199004
1617,1333736210769639972,2,4.445334293119191,5.986906782104394,0.13677593907005633,4.445322830409502,5.9869222052577991,0.13677936067518381
1618,1333736210819638972,2,4.4609189783277294,5.9861504535314038,0.13654380089293608,4.460907518205806,5.9861659300095154,0.13654722249807211
1619,1333736210869636972,2,4.4848283740398802,5.993962692946682,0.13317761751477278,4.4848168871874172,5.9939782512333206,0.13318103911991749
1620,1333736210919633972,2,4.5150968968860159,5.9960189547643923,0.13259677736529388,4.5150854029976681,5.9960346166180276,0.13260019897048322
1621,1333736210969633972,2,4.5371370096475996,5.9992653319855904,0.13159884737073854,4.5371255046513097,5.9992810692518495,0.13160226897597246
1622,1333736211019629972,2,4.5604007636818924,6.0042635308557069,0.12848871413060906,4.5603892415836125,6.004279347721396,0.12849213573588761
1623,1333736211069630972,2,4.5858791761643829,6.0099218077748322,0.12360949220099315,4.585867634705572,6.0099377118176376,0.1236129138063163
1624,1333736211119631972,2,4.6108277959102004,6.0123417222624296,0.11885992871355192,4.6108162461712583,6.0123577116696314,0.1188633503189197
1625,1333736211169635972,2,4.6342165189964604,6.0138552831413294,0.11077070412370471,4.6342049640785845,6.0138713525755829,0.1107741257291171
1626,1333736211219630972,2,4.6572825640425419,6.0182088613676257,0.098585977164503222,4.6572709942283739,6.0182250097248779,0.098589398770197206
1627,1333736211269630972,2,4.685850924280289,6.0169558228976729,0.088762205134661487,4.6858393587534275,6.0169720690047246,0.088765626740637024
1628,1333736211319630972,2,4.7086671640447602,6.0261957368980958,0.07496477205030061,4.7086555669024879,6.0262120610734105,0.074968193656557811
1629,1333736211369630972,2,4.7355338935309339,6.0278091080634395,0.070110825111982189,4.7355222908682508,6.0278255241662562,0.070114246718521053
1630,1333736211419630972,2,4.751217342951783,6.0269394939566139,0.069781607434343806,4.7512057432645536,6.026955963722175,0.069785029041164182
1631,1333736211469630972,2,4.7783694873863807,6.024194701356552,0.069589547951070904,4.7783578970906619,6.0242112640262455,0.069592969558172998
1632,1333736211519638972,2,4.8020722385920562,6.0315271361517455,0.065857067528762428,4.802060623207554,6.0315437799230578,0.06586048913614613
1633,1333736211569633972,2,4.8240689083891128,6.0348775831665593,0.065436958442119539,4.8240572815410783,6.0348943022023658,0.065440380051437777
1634,1333736211619633972,2,4.853983820453788,6.03404414454437,0.065076417152963251,4.8539721964577947,6.0340609659379281,0.065079838764216316
1635,1333736211669632972,2,4.8828698229279119,6.0398331998398413,0.064832081612585427,4.882858179124355,6.039850120070696,0.064835503225773236
1636,1333736211719628972,2,4.9015718929211776,6.0388794845608897,0.064751295012086596,4.9015602523812598,6.0388964687836948,0.064754716627209025
1637,1333736211769636972,2,4.9228243740423654,6.0377722677356767,0.064592777716179661,4.9228127372912995,6.0377893246770364,0.064596199333237181
1638,1333736211819633972,2,4.9484341069316518,6.0413176009492782,0.064287006596857099,4.9484224580501621,6.0413347455181032,0.064290428215849266
1639,1333736211869637972,2,4.9767135841788921,6.0456768046203448,0.064281158096482896,4.9767019203821938,6.0456940459515822,0.064284579717409987
1640,1333736211919634972,2,4.9985654165091722,6.0429486835278476,0.064082060400421983,4.9985537620507863,6.0429659996319547,0.064085482034526964
1641,1333736211969639972,2,5.0252824935851885,6.0454329524119537,0.062900847077904928,5.0252708306301965,6.0454503599366296,0.06290426872519006
1642,1333736212019634972,2,5.0470366958062645,6.0507230973506321,0.061697860066615005,5.047025014753876,6.0507405793152902,0.061701281727077568
1643,1333736212069638972,2,5.0712336811885779,6.0526752088450477,0.06121558006783244,5.0712219934603011,6.0526927736086913,0.061219001741474648
1644,1333736212119633972,2,5.0951066517762564,6.0513102578877662,0.062015173776898615,5.0950949687219893,6.0513279043423713,0.062018595463718296
1645,1333736212169636972,2,5.1175377677180114,6.0562390936880295,0.059757343142226978,5.1175260678023484,6.0562568169005946,0.059760764842226165
1646,1333736212219635972,2,5.1494812433349182,6.0609153818786252,0.058808245687717038,5.1494695274218216,6.0609332143983128,0.058811667400894684
1647,1333736212269635972,2,5.1753695425988457,6.0625197896236491,0.058659513830068115,5.1753578212230256,6.0625377107605738,0.058662935632738007
1648,1333736212319636972,2,5.1970242974083831,6.0628196008286332,0.058808080749056982,5.1970125750337708,6.0628375961007013,0.058811502641220849
1649,1333736212369634972,2,5.2168251916509689,6.0681585705931846,0.057292096453433763,5.2168134510336115,6.0681766336603671,0.057295518435086346
1650,1333736212419637972,2,5.2448598028620523,6.0674713822395754,0.056840782055555206,5.2448480646228886,6.0674895412818195,0.056844204126705399
1651,1333736212469636972,2,5.270766361912897,6.0689779452080455,0.056527394427733586,5.2707546185446912,6.0689961929478162,0.056530816588374222
1652,1333736212519636972,2,5.2918211381401434,6.0715101703047933,0.056206643968548728,5.2918093861325826,6.0715284901427076,0.056210066218681604
1653,1333736212569635972,2,5.3160439388796208,6.0702294142031112,0.056374366079335908,5.3160321912815496,6.0702478169850149,0.056377788418959233
1654,1333736212619634972,2,5.3384537732154822,6.0740360534223372,0.05596090136047651,5.3384420128281782,6.0740545332360814,0.055964324409719435
1655,1333736212669635972,2,5.3625580723258892,6.0757436560838896,0.05553828164070241,5.362546306330545,6.075762218762744,0.055541705399593348
1656,1333736212719636972,2,5.3873510480233247,6.0766574557921915,0.054999984783900467,5.3873392791358681,6.0766761037287234,0.055003409252439406
1657,1333736212769634972,2,5.4105185768581343,6.0771437536087198,0.055253689140261526,5.4105068065415347,6.0771624812706531,0.055257114318405832
1658,1333736212819634972,2,5.432533969905303,6.0810414480737656,0.054839377842025958,5.4325221864718216,6.0810602515468872,0.054842803729804074
1659,1333736212869635972,2,5.4652959145416,6.087454425409959,0.051514571563869405,5.4652841093667845,6.0874733415496127,0.051517998161295563
1660,1333736212919633972,2,5.4825704600511189,6.0902367581520558,0.051242694284846561,5.4825586468093181,6.0902557356920033,0.051246124989408962
1661,1333736212969634972,2,5.5100513347346469,6.0884350284275088,0.05129751069668733,5.5100395291484245,6.0884541025666321,0.051300945508632345
1662,1333736213019632972,2,5.5288165344699127,6.0898395702239769,0.05097009216154174,5.5288047255279222,6.089858711215359,0.050973531080623066
1663,1333736213069635972,2,5.5593514218631377,6.0930723995242255,0.050592552953258506,5.5593396032590769,6.0930916480455943,0.050595995979886857
1664,1333736213119636972,2,5.5800977213424261,6.092692400964129,0.05053575550244932,5.5800859055036369,6.0927117235236716,0.050539202636460348
1665,1333736213168621972,2,5.6095763521008335,6.0974911357413468,0.049765309610063709,5.6095645211281218,6.0975105625913848,0.049768760767997071
1666,1333736213218628972,2,5.6312329100920682,6.0942627196775669,0.050263109930896346,5.6312210917117751,6.0942822240863066,0.050266565196705207
1667,1333736213268619972,2,5.6523070747468456,6.0973989727295512,0.049540634680011124,5.6522952565576867,6.0974185674706067,0.049544117422570075
1668,1333736213318631972,2,5.6826439062434897,6.0979190085760733,0.049356093289863755,5.6826320972611777,6.0979387273292609,0.049359603520715216
1669,1333736213368621972,2,5.7001847346369052,6.0995006792806032,0.048851045869077854,5.7001729310723332,6.0995204784367791,0.048854583576129824
1670,1333736213418620972,2,5.725092311030398,6.0997635228807843,0.048381333822737203,5.725080517500432,6.0997834296711879,0.048384899010936323
1671,1333736213468622972,2,5.74383000663597,6.1001670545185407,0.048173242975437548,5.7438182226214076,6.1001870481470082,0.048176835646432839
1672,1333736213518621972,2,5.7760671297386228,6.1074124592555323,0.045370981136335281,5.7760553304479147,6.1074325896206965,0.045374601288477791
1673,1333736213568621972,2,5.7980150203302916,6.1092126612793702,0.044091770402436822,5.7980032252275917,6.1092328926221766,0.044095418036276174
1674,1333736213618622972,3,5.8131688666508978,6.1078179589109913,0.04454456459953024,5.8131571574135519,6.1078383820303168,0.044548395410147795
1675,1333736213668620972,3,5.8403713450483528,6.1123258298545107,0.044223398384262105,5.8403596984895181,6.1123464986565574,0.044227412360667684
1676,1333736213718619972,3,5.8639091478933203,6.1154727171866847,0.044092209148862756,5.8638975680754193,6.1154936262583544,0.044096406294719712
1677,1333736213768622972,3,5.8868373050953124,6.1159857629774903,0.043057878199418261,5.8868258024088584,6.1160069182831851,0.043062258529380434
1678,1333736213818620972,3,5.9080515097612203,6.1144084491450723,0.043094857816652093,5.9080400935496327,6.1144298512479436,0.043099421312402186
1679,1333736213868621972,3,5.9373294142765172,6.1138428480492859,0.043016344472908731,5.9373180803199848,6.1138645430059828,0.043021091145437132
1680,1333736213918620972,3,5.9647774790601531,6.1173219021125433,0.042469269003182174,5.9647662076231223,6.1173438916216893,0.042474198845161945
1681,1333736213968619972,3,5.9788171630616027,6.1196136625475432,0.04204260207347147,5.9788058909442894,6.1196357433145243,0.042047557991673083
1682,1333736214018622972,3,6.0097913414683575,6.1237309285628001,0.042459208736010709,6.0097800594572064,6.1237531856891838,0.0424641907325203
1683,1333736214068621972,3,6.0311817568238162,6.1243192404835165,0.043217444249278487,6.0311704823766226,6.1243416275867775,0.043222452322009809
1684,1333736214118624972,3,6.0600754068406477,6.1283981648553381,0.042500634634904423,6.0600641223551968,6.1284207208253294,0.042505668785943841
1685,1333736214168622972,3,6.0808220030215292,6.1263590588316648,0.042793675340306377,6.0808107392427662,6.1263817439470278,0.042798735567046095
1686,1333736214218621972,3,6.0994750089804217,6.1268087926542636,0.04197607278143025,6.0994637533559271,6.1268315973487999,0.041981159084391761
1687,1333736214268622972,3,6.1227257588847737,6.1277417564267873,0.041895954255881877,6.1227145089209873,6.1277647051797368,0.041901066636108347
1688,1333736214318622972,3,6.1567220902750401,6.1320815351961242,0.041426897876814334,6.156710819750046,6.1321046618834272,0.041432014588451339
1689,1333736214368625972,3,6.181031238724314,6.1331062522074937,0.041020671577235754,6.1810199645773114,6.1331295075154708,0.041025792620543233
1690,1333736214418624972,3,6.2046793242425338,6.1314992309763801,0.04123491585938982,6.2046680599531685,6.13152261172712,0.041240041234021099
1691,1333736214468623972,3,6.2240262983217001,6.1335858369012417,0.040526613190032486,6.2240150249567288,6.1336093212361167,0.040531742895987724
1692,1333736214518626972,3,6.254364419754225,6.1380473800872064,0.040366842353661295,6.2543531251025373,6.1380710246031054,0.040371976391287014
1693,1333736214568624972,3,6.2737660622568194,6.1441102543969217,0.03969646982647429,6.2737547380515162,6.1441340031605209,0.039701608195337225
1694,1333736214618623972,3,6.2944547192838929,6.1447554297694786,0.039842581204676687,6.2944433919448324,6.1447792853757521,0.039847720100972372
1695,1333736214668624972,3,6.3234832126932901,6.1453901796390449,0.039826249200908229,6.3234718822732701,6.1454141849717914,0.039831388624657536
1696,1333736214718624972,3,6.3440116624350971,6.1483149696006052,0.039226645704309906,6.3440003171628598,6.1483390810005947,0.039231785655502401
1697,1333736214768626972,3,6.3664283445928298,6.1472854413474058,0.039183809470764733,6.3664170047923614,6.147309668542789,0.039188949949421521
1698,1333736214818625972,3,6.3920300470054414,6.1455127880466245,0.038317768496386011,6.3920187164981854,6.1455371474352312,0.038322909502475432
1699,1333736214868626972,3,6.4169727630924571,6.1518115312878914,0.035190099162370682,6.4169614003809441,6.1518360195084467,0.035195240695913836
1700,1333736214918625972,3,6.4458120273051129,6.1494175413323866,0.034729455161540496,6.4458006770812029,6.1494421784475799,0.034734597222516282
1701,1333736214968625972,3,6.4730140119822517,6.1516628879035249,0.034578831111742314,6.4730026502363343,6.1516876649767189,0.034583973247620643
1702,1333736215018625972,3,6.4928545892100358,6.1511815074288165,0.034504331906081834,6.4928432299632775,6.1512063866102116,0.034509474116862685
1703,1333736215068625972,3,6.5135769073101191,6.1552597695376132,0.034343326825558906,6.5135655271155954,6.1552847553642867,0.034348469111242237
1704,1333736215118624972,3,6.5427241028184167,6.1537741408594373,0.033435513129847702,6.5427127302869366,6.1537992766583214,0.033440655490432132
1705,1333736215168628972,3,6.5680609651786046,6.1585445690530305,0.029611277164194202,6.5680495681390756,6.1585698352340268,0.029616419599687159
1706,1333736215218624972,3,6.586325563818515,6.1587214449646099,0.029431073163420748,6.5863141658927029,6.1587468051623695,0.029436215673810238
1707,1333736215268622972,3,6.61486593937056,6.1611178474851114,0.029294283946479593,6.614854529144198,6.1611433545464038,0.029299426531768629
1708,1333736215318623972,3,6.6361172529549277,6.1615434478079729,0.029103908247320329,6.6361058405427302,6.161569064168738,0.029109050843238587
1709,1333736215368624972,3,6.6550733802954065,6.1613450655032036,0.029185380337211402,6.6550619689062911,6.1613707793606602,0.029190522943758884
1710,1333736215418623972,3,6.6869981341521374,6.1621154615153007,0.028730368832718404,6.6869867188038814,6.1621413395625213,0.028735511449894682
1711,1333736215468626972,3,6.7137340095614837,6.1631850258365688,0.028505202902792397,6.7137225887156271,6.163211041389757,0.028510345530598391
1712,1333736215518627972,3,6.7421532329181337,6.1657790883530126,0.027474673841090577,6.7421417987346901,6.1658052500695657,0.027479816479525729
1713,1333736215568639972,3,6.7611770233231043,6.1643345520393726,0.027654409775991394,6.7611655965712387,6.1643608116025383,0.027659552425058215
1714,1333736215618628972,3,6.7844741271407889,6.1688669669121809,0.027170610467523799,6.784462677083047,6.1688933462984741,0.027175753127217189
1715,1333736215668627972,3,6.8108572940379037,6.1688943154861393,0.027185195143397081,6.810845843839628,6.1689208305544021,0.027190337804850251
1716,1333736215718626972,3,6.8406214372712384,6.1696967560905369,0.026019844875381337,6.8406099829463463,6.1697234242280707,0.026024987538594238
1717,1333736215768628972,3,6.8594358503128019,6.1733570760389771,0.024162338097855496,6.8594243771643182,6.1733838409350588,0.024167480762828403
1718,1333736215818629972,3,6.8848197702711085,6.1720055160625771,0.024343253897395733,6.8848083040733634,6.1720324115021219,0.024348396564128485
1719,1333736215868622972,3,6.9143397756850531,6.1704867557378495,0.024371932286136065,6.9143283172978514,6.170513802991465,0.024377074954628399
1720,1333736215918626972,3,6.9372274393298072,6.1740001343077129,0.022669951616778268,6.9372159628746095,6.1740272992674905,0.022675094287030514
1721,1333736215968626972,3,6.9646494122886624,6.1754197034912135,0.022060154827464984,6.9646379285327651,6.1754470094735288,0.022065297497963193
1722,1333736216018627972,3,6.985966943797064,6.1784563555966887,0.021610626749973921,6.9859554444244178,6.1784837712084011,0.021615769420718217
1723,1333736216068629972,3,7.0165974485207645,6.1760352444746038,0.021784811218720782,7.0165859615987287,6.1760628176093535,0.021789953889710993
1724,1333736216118628972,3,7.0368667911002492,6.1800242499149505,0.020873887025013395,7.0368552836638392,6.1800519272886163,0.020879029696249687
1725,1333736216168625972,3,7.0601064449647275,6.1780268181691262,0.020859995000046712,7.0600949478001818,6.1780546150571336,0.020865137671529116
1726,1333736216218627972,3,7.0911484251949535,6.1802040325175103,0.02049682261036256,7.0911369168333351,6.1802319890446178,0.020501965282090945
1727,1333736216268626972,3,7.1121825172333377,6.1824439036040166,0.018496887932097812,7.1121709973525018,6.182471968302619,0.018502030603857654
1728,1333736216318620972,3,7.1388038818312447,6.1867906975707436,0.01625070924660215,7.1387923395959039,6.1868188991743223,0.016255851918393339
1729,1333736216368623972,3,7.163948328814449,6.1841351487832679,0.017020001463281583,7.1639368002353745,6.1841634796966147,0.017025144135104236
1730,1333736216418626972,3,7.1850582722801493,6.1854552962297866,0.016112616795761116,7.1850467369116915,6.1854837357047217,0.016117759467615116
1731,1333736216468623972,3,7.2155080400738321,6.18658601499145,0.016048026855762496,7.2154964988900385,6.186614611059631,0.016053169527647956
1732,1333736216518623972,3,7.2382782837630089,6.1887633263646578,0.015139850886719992,7.2382667313816986,6.1887920395327987,0.015144993558636854
1733,1333736216568623972,3,7.2677791386534256,6.1859654992593551,0.015348296647808322,7.2677676006600151,6.1859943641408499,0.015353439319756532
1734,1333736216618623972,3,7.2841523539884871,6.1870699989919089,0.014799349910345672,7.2841408103147547,6.1870989480755192,0.0148044925822974
1735,1333736216668625972,3,7.3159845338695941,6.1856934365771554,0.01432763789734237,7.3159729972746277,6.185722549363299,0.014332780569297729
1736,1333736216717614972,3,7.3412785628895287,6.1903520322087902,0.013294708927488467,7.3412670023365756,6.1903812750738201,0.013299851599447104
1737,1333736216767610972,3,7.3569029157337207,6.1905885651030088,0.011892450366965238,7.3568913539641274,6.1906178883190117,0.011897593038927392
1738,1333736216817613972,3,7.3785289110426886,6.19123925660036,0.010383992899014151,7.3785173459264932,6.1912686910318113,0.010389135570979877
1739,1333736216867610972,3,7.4144154992754103,6.1892169019531993,0.010139054279036688,7.414403944559024,6.1892465209376848,0.010144196951005987
1740,1333736216917610972,3,7.4336372175596059,6.1918277602498009,0.0092365609678025616,7.4336256494161557,6.1918574780853008,0.0092417036397753234
1741,1333736216967612972,3,7.4589960689599568,6.191510773070636,0.0091914172478554882,7.4589845024463086,6.1915406213184454,0.0091965599198268379
1742,1333736217017612972,3,7.4797400808295391,6.192376895609673,0.008606040095998569,7.4797285098614079,6.1924068505371705,0.0086111827679685015
1743,1333736217067611972,3,7.5082005604321429,6.1922651974380747,0.0077844876889803698,7.5081889900380387,6.1922952987285367,0.0077896303609488859
1744,1333736217117611972,3,7.5358043040786828,6.1925427214230417,0.007167074064247967,7.535792732256974,6.1925729646705499,0.0071722167362151231
1745,1333736217167611972,3,7.557861750090253,6.1952990608872991,0.0060003563483266706,7.5578501640932805,6.1953294175690319,0.0060054990202923009
1746,1333736217217610972,3,7.5828572704627097,6.1950185299192428,0.0046489666441163115,7.5828456859080609,6.1950490151447921,0.0046541093160805827
1747,1333736217267610972,3,7.6039386941607674,6.1952038144674741,0.0038974139915956482,7.6039271086529574,6.19523440810792,0.0039025566635585043
1748,1333736217317610972,3,7.6387972755347668,6.1970107379989026,0.0026514554905703652,7.6387856807340562,6.1970415109056258,0.002656598162534466
1749,1333736217367613972,3,7.6618999507725807,6.1945531136516063,0.0031587455792795901,7.6618883686102945,6.1945840053678962,0.003163888251245214
1750,1333736217417613972,3,7.6850890128274152,6.1971109483226172,0.0027236212002445708,7.6850774175106951,6.197141959292666,0.0027287638722114944
1751,1333736217467610972,3,7.7113381917460018,6.1974073940888115,0.0021308382903616838,7.7113265949043832,6.1974385400498262,0.0021359809623300746
1752,1333736217517611972,3,7.7394820792463044,6.1958723349650189,0.0022987902503153303,7.7394704902985954,6.1959036256608897,0.0023039329222849653
1753,1333736217567607972,3,7.7525733347392745,6.1980652179985025,0.00077549216771052442,7.7525617345140869,6.1980965760184308,0.00078063483968151507
1754,1333736217617608972,3,7.7874075762497306,6.1977106462132392,0.0012781305661878867,7.7873959778475061,6.1977421833743049,0.001283273238160233
1755,1333736217667610972,3,7.8155270948171882,6.1975558237020785,0.000600080298414726,7.8155154972107681,6.1975875054726561,0.00060522297038805288
1756,1333736217717611972,3,7.8368841442516963,6.1969764900809876,0.00069153093653762381,7.8368725496242924,6.1970082816839245,0.00069667360851176461
1757,1333736217767613972,3,7.8674674829099605,6.1974730027557072,0.00048234514003891879,7.8674558857287247,6.1975049516387672,0.00048748781201404014
1758,1333736217817615972,3,7.8833924902420556,6.1975704975125936,0.00023860795986941597,7.8833808925592006,6.1976025282927933,0.00024375063184546225
1759,1333736217867613972,3,7.9077219242514918,6.2035042326133407,-0.0030081004038846363,7.907710296053037,6.2035363885118127,-0.0030029577319077203
1760,1333736217917611972,3,7.9350709797434655,6.1995107330333177,-0.0016790440139646014,7.9350593720818843,6.1995430295791154,-0.0016739013419866497
1761,1333736217967625972,3,7.9619822879475635,6.2033727756399593,-0.003476558192785556,7.9619706604243836,6.2034052105817885,-0.0034714155208067344
1762,1333736218017612972,3,7.9829313952969123,6.2015187638949829,-0.0031065470786755846,7.9829197773080072,6.2015513065712762,-0.0031014044066964355
1763,1333736218067612972,3,7.997620811108642,6.2028332948164628,-0.0043836529921322705,7.9976091863593171,6.2028659130356347,-0.0043785103201527936
1764,1333736218117610972,3,8.0350536553842495,6.2015769792075943,-0.0040552427837434318,8.0350420370952271,6.2016097899316733,-0.0040501001117636271
1765,1333736218167611972,3,8.0562151143498433,6.2028367148003767,-0.0043164357704657211,8.05620348958211,6.2028696343509324,-0.004311293098485533
1766,1333736218217610972,3,8.0813583280331596,6.2023490089879569,-0.0048051840401761876,8.081346705773182,6.20238205784187,-0.0048000413681957826
1767,1333736218267612972,3,8.1107862465365663,6.202801235110134,-0.0053206773795232256,8.1107746219505277,6.2028344353022247,-0.0053155347075424372
1768,1333736218317618972,3,8.1321040769838149,6.202727423705376,-0.0057331342241187747,8.1320924527770586,6.2027607335281267,-0.0057279915521376585
1769,1333736218367613972,3,8.1502999199163177,6.2047422776781573,-0.0064242343723096935,8.150288285347564,6.2047756810761827,-0.0064190917003267524
1770,1333736218417617972,3,8.1722492150705737,6.2032033570334262,-0.0064476118433327966,8.1722375884156726,6.2032368733095478,-0.0064424691713479204
1771,1333736218467612972,3,8.1980022687350171,6.2036752560031569,-0.0063892516155205142,8.1979906396529305,6.2037089047188294,-0.006384108943533813
1772,1333736218517617972,3,8.2286914936420281,6.2039689478210454,-0.0069335301589460571,8.22867986304915,6.2040027543613823,-0.00692838748695742
1773,1333736218567612972,3,8.2479466855428107,6.2039587383444221,-0.0076944461987532705,8.2479350550021611,6.2039926439079442,-0.007689303526762864
1774,1333736218617611972,3,8.2744756866329876,6.2028069237960164,-0.0077112815126158113,8.2744640620153689,6.2028409657895551,-0.0077061388406234133
1775,1333736218667610972,3,8.3026411547296934,6.2033281374248741,-0.0078950291247443186,8.3026295274312503,6.2033623242642202,-0.0078898864527500393
1776,1333736218717612972,3,8.3346371729465751,6.2002433464582012,-0.0080489552792976284,8.3346255615117499,6.2002776978426697,-0.0080438126073055349
1777,1333736218767613972,3,8.350228698354023,6.2009621169779452,-0.0085829047489470144,8.3502170832225655,6.2009965485445608,-0.0085777620769571586
1778,1333736218817612972,3,8.3776170741963831,6.2042675672086141,-0.011088618592661878,8.3776054420656916,6.2043021396246756,-0.011083475920674149
1779,1333736218867615972,3,8.4021227613427776,6.2031359325933995,-0.012067703141239278,8.4021111350313653,6.20317063103424,-0.01206256046925373
1780,1333736218917614972,3,8.4348885163776455,6.2017883745496771,-0.012631199736698339,8.4348768969958243,6.2018232414941226,-0.012626057064715026
1781,1333736218967613972,3,8.4588447099019106,6.2016227000968147,-0.012945038528574346,8.4588330913717584,6.2016576902401628,-0.012939895856593164
1782,1333736219017611972,3,8.4797038960463169,6.2027130057706676,-0.013188983620978088,8.4796922719087817,6.2027481031860043,-0.013183840948996089
1783,1333736219067613972,3,8.5070970586585677,6.202718874911378,-0.013848028656726716,8.5070854344904614,6.2027541132008137,-0.013842885984743902
1784,1333736219117614972,3,8.5314696421723184,6.1989611783518859,-0.014065282521725214,8.5314580373284716,6.1989965419816251,-0.014060139849741582
1785,1333736219167612972,3,8.5616840413148516,6.2011382012876943,-0.015136468391137954,8.5616724252748675,6.201173720300198,-0.015131325719153562
1786,1333736219217613972,3,8.5717749750949821,6.2016889860927389,-0.017426509286442522,8.5717633562223359,6.2017245569996486,-0.017421366614457257
1787,1333736219267613972,3,8.60121754841167,6.2034297756525252,-0.017524622226512097,8.6012059205863025,6.2034654979729584,-0.01751947955452602
1788,1333736219317614972,3,8.6304105517678416,6.2019207848849565,-0.018903533710775591,8.6303989317023095,6.2019566573355007,-0.018898391038788698
1789,1333736219367613972,3,8.6467134325623647,6.2019913750988671,-0.019020098308468528,8.646701812133573,6.2020273313898269,-0.019014955636479647
1790,1333736219417611972,3,8.6749408538365813,6.2032339830654522,-0.019725795890097382,8.6749292270170706,6.2032700845208142,-0.019720653218106572
1791,1333736219467612972,3,8.7059946072460512,6.2027432935470053,-0.020101570612231577,8.7059829829495623,6.2027795547016895,-0.020096427940238897
1792,1333736219517613972,3,8.7309151488304764,6.1998933350063119,-0.020313215980410582,8.730903539190038,6.1999297243192535,-0.020308073308415851
1793,1333736219567611972,3,8.7506807915177589,6.2002865738881185,-0.021029816427920633,8.7506691798547429,6.2003230648493215,-0.021024673755924147
1794,1333736219617622972,3,8.7787147636138769,6.1989405306428207,-0.020683598618785815,8.7787031588727249,6.1989771657736119,-0.020678455946787341
1795,1333736219667610972,3,8.7965690266575827,6.2000481924932407,-0.020923597845374568,8.7965574162198301,6.2000849194426841,-0.020918455173374165
1796,1333736219717614972,3,8.8220814617686827,6.2001906420273976,-0.020431853585573628,8.8220698505979982,6.2002275001789746,-0.020426710913576694
1797,1333736219767611972,3,8.8452303792239793,6.2034391038910233,-0.020990602348671356,8.8452187513471916,6.2034760810898968,-0.020985459676678017
1798,1333736219817617972,3,8.8709975320943322,6.2021810343289374,-0.01996025942072982,8.8709859106870148,6.202218144039894,-0.019955116748740117
1799,1333736219867611972,3,8.9019380369981551,6.2000164777727296,-0.018415955850645638,8.9019264267220066,6.2000537466006316,-0.018410813178659408
1800,1333736219917611972,3,8.9245767011762762,6.1997334612978996,-0.018118817069143776,8.9245650923552677,6.1997708465490788,-0.018113674397161019
1801,1333736219967612972,3,8.946816883825548,6.2026460023119601,-0.019049720589671807,8.9468052600259735,6.2026835019371145,-0.019044577917692582
1802,1333736220016599972,3,8.9680320403336502,6.2035364610504544,-0.019301511654668264,8.9680204119544484,6.203574069778198,-0.019296368982691634
1803,1333736220066602972,3,8.9747728523481101,6.2040425897581262,-0.018705754444706041,8.9747612213659558,6.2040802331516582,-0.018700611772731843
1804,1333736220116598972,3,8.9914501924041819,6.2029853719855126,-0.01708598649119368,8.9914385668587222,6.2030231011451589,-0.017080843819222018
1805,1333736220166599972,3,8.9943001344925886,6.2026319182270644,-0.018002118688545458,8.9942885107647808,6.2026696620430419,-0.017996976016576339
1806,1333736220216602972,3,9.0099406454505804,6.2024873008574684,-0.017467583030400909,9.0099290224662738,6.202525125107476,-0.017462440358434271
1807,1333736220266603972,3,9.005786941662361,6.1995468862460106,-0.017902530949380699,9.00577533379969,6.199584689134932,-0.017897388277416607
1808,1333736220316599972,3,9.0076575722459697,6.1997221831773235,-0.01724930966789074,9.0076459634817709,6.199759995686291,-0.017244166995929296
1809,1333736220366603972,3,9.0047694787303474,6.2004063045054227,-0.018078235954491231,9.0047578664479655,6.2004441021618755,-0.01807309328253227
1810,1333736220416598972,3,9.0108821274579789,6.2006333760589065,-0.017568732654957207,9.0108705140077507,6.2006712051507131,-0.017563589983000786
1811,1333736220466596972,3,9.0143844477157931,6.1974958106667364,-0.017047122291564566,9.0143728504009815,6.1975336577698767,-0.017041979619610684
1812,1333736220516597972,3,9.0171517324714117,6.2017611032227764,-0.017602077408984621,9.0171401132215525,6.2017989645571081,-0.017596934737033276
1813,1333736220566596972,3,9.021445411143981,6.2009434085572943,-0.017128823480250899,9.0214337960991937,6.2009812919726306,-0.017123680808302039
1814,1333736220616595972,3,9.0238237605083604,6.2004217498334135,-0.016795511071537619,9.0238121481462485,6.2004596454798362,-0.016790368399591301
1815,1333736220666601972,3,9.0291479866609219,6.1974108987132386,-0.016503784017692869,9.0291363897825487,6.1974488217404602,-0.016498641345749084
1816,1333736220716598972,3,9.0396675282369969,6.1985350339752916,-0.016663008772628982,9.0396559255774172,6.1985730111010602,-0.016657866100687795
1817,1333736220766598972,3,9.0515388247555073,6.1991839502739747,-0.016204864607368384,9.0515272187585989,6.1992219884499269,-0.016199721935429737
1818,1333736220816599972,3,9.0627173894860995,6.1968322000866021,-0.01577220069428353,9.0627057955833124,6.1968702957502879,-0.015767058022347423
1819,1333736220866600972,3,9.0724988322153202,6.1975669906465392,-0.015499029631976529,9.0724872345336092,6.1976051366129754,-0.015493886960042908
1820,1333736220916599972,3,9.0949237356586305,6.1980534827070297,-0.015800531775669056,9.0949121354747451,6.1980917439973915,-0.015795389103738032
1821,1333736220966596972,3,9.112046524858556,6.1983488828942104,-0.016153778246304384,9.1120349231552868,6.1983872322414646,-0.016148635574375899
1822,1333736221016596972,3,9.1261790326485883,6.1993881057838385,-0.016468223823051988,9.1261674256006913,6.1994265278098331,-0.016463081151158635
1823,1333736221066595972,3,9.1559711708910889,6.1969271721374657,-0.015852293027620225,9.1559595764985087,6.1969657473745832,-0.015847150355762233
1824,1333736221116598972,3,9.1850294378345669,6.1960540720331725,-0.017276348639408721,9.1850178479316114,6.1960927967073323,-0.017271205967585978
1825,1333736221166597972,3,9.2032636604570062,6.2014665172071188,-0.018589301405966124,9.2032520427193187,6.201505335653728,-0.018584158734178621
1826,1333736221216597972,3,9.2243990151367541,6.2013256512594479,-0.021304967307170557,9.2243873981231523,6.2013645783981488,-0.021299824635418248
1827,1333736221266596972,3,9.2533727446553691,6.1971238618772926,-0.021469615479414689,9.2533611492497467,6.1971629380183257,-0.021464472807697622
1828,1333736221316597972,3,9.2821465988037026,6.1994754450974039,-0.022967839994180648,9.2821349913042166,6.1995146692127872,-0.022962697322498886
1829,1333736221366595972,3,9.2972436042046223,6.1968138886378785,-0.024039942733044266,9.2972320103921451,6.1968531903911623,-0.024034800061548782
1830,1333736221416596972,3,9.3253441116849984,6.1966752809575443,-0.026359918764515919,9.3253325185846521,6.1967147272214271,-0.026354776093206404
1831,1333736221466596972,3,9.3509229757616552,6.1964579193825511,-0.027234456520105407,9.3509113837784827,6.1964974971890392,-0.027229313848982181
1832,1333736221516601972,3,9.3841491413579714,6.1979312357585945,-0.029101631948696895,9.384137541797271,6.1979709844352113,-0.029096489277759974
1833,1333736221566595972,3,9.3954915542699879,6.1998352631045917,-0.032025841002198289,9.3954799449170441,6.1998750701103873,-0.032020698331447529
1834,1333736221616599972,3,9.4269437083861263,6.1982418238116281,-0.032205123499629583,9.4269321072269925,6.1982817925644147,-0.032199980829065028
1835,1333736221666597972,3,9.4496419897156674,6.1985161587954707,-0.032456316831782184,9.4496303871451133,6.198556244276932,-0.032451174161403688
1836,1333736221716600972,3,9.4758081399793372,6.197407508819305,-0.033548589794949409,9.4757965431077196,6.1974477288562202,-0.033543447125440495
1837,1333736221766598972,3,9.5018786589856106,6.1973502119843324,-0.034822472839035147,9.5018670624061681,6.1973905660848398,-0.034817330170396017
1838,1333736221816605972,3,9.5269159413166822,6.1962698064023236,-0.035375406209784493,9.5269043502909359,6.1963102892527973,-0.035370263542015064
1839,1333736221866596972,3,9.5517939906653009,6.1958848745811377,-0.035938349345382072,9.551782401616661,6.195925485362646,-0.03593320667848212
1840,1333736221916598972,3,9.5696865344107707,6.1992889257247539,-0.03816431564487318,9.5696749278538533,6.1993296285130794,-0.038159172978842908
1841,1333736221966598972,3,9.5914339567988396,6.199064729732461,-0.036261266441648884,9.5914223513924632,6.1991055443519727,-0.036256123776488271
1842,1333736222016592972,3,9.6107790146522643,6.2018306250302082,-0.036164446623258101,9.6107673950194243,6.2018715391262722,-0.036159303958967021
1843,1333736222066598972,3,9.6246864842043518,6.2029748654422043,-0.03614902752249647,9.6246748586857898,6.2030158510552464,-0.036143884858596223
1844,1333736222116597972,3,9.6435275952323209,6.2004416538353251,-0.035618449938773916,9.6435159827398742,6.2004827363374417,-0.035613307275264579
1845,1333736222166597972,3,9.6429454341981593,6.1995930733761231,-0.036069534320448252,9.6429338260685888,6.1996341528799315,-0.036064391657329782
1846,1333736222216597972,3,9.6584824625780339,6.2004454819880701,-0.036471178568374618,9.6584708500635141,6.2004866413891033,-0.036466035905646961
1847,1333736222266597972,3,9.6491464469555233,6.1984491163406261,-0.035637994185989626,9.6491348447066656,6.1984902277252427,-0.035632851523652816
1848,1333736222316600972,3,9.6540039639900108,6.1987864349874844,-0.035124501440568036,9.6539923600052813,6.1988275713482013,-0.035119358778622121
1849,1333736222366597972,3,9.6524761259117984,6.1989579764582743,-0.034865828082174831,9.6524645210438162,6.1989991049573714,-0.034860685420619791
1850,1333736222416599972,3,9.6465624859172667,6.2012267136370376,-0.035992324981539932,9.6465508693809223,6.2012678117197924,-0.035987182320375878
1851,1333736222466598972,3,9.651117626716152,6.1998703179550212,-0.034993337931354243,9.6511060171541363,6.1999114394588757,-0.034988195270580932
1852,1333736222516599972,3,9.6535709225235262,6.1982411847506667,-0.035206112368982877,9.6535593213384647,6.1982823188665455,-0.035200969708600427
1853,1333736222566597972,3,9.656487388656485,6.1988068239300116,-0.035178330907934832,9.6564757845614029,6.1988479730398138,-0.035173188247943334
1854,1333736222616600972,3,9.6491259116868164,6.2000287516375447,-0.035445352114597553,9.6491143013067795,6.2000698628852948,-0.035440209454996936
1855,1333736222666597972,3,9.658100932106148,6.2001815797528437,-0.035367988316015474,9.6580893209389558,6.2002227371515986,-0.035362845656805586
1856,1333736222716598972,3,9.6496302820477862,6.2018330369968835,-0.035246810823128159,9.6496186623867324,6.2018741508294868,-0.035241668164309077
1857,1333736222766600972,3,9.6507270089949397,6.1978776302655101,-0.035524040735003315,9.650715409674083,6.1979187497337946,-0.035518898076575108
1858,1333736222816600972,3,9.6498038147615866,6.1979091071369696,-0.034840502519871329,9.649792215277774,6.1979502218531186,-0.034835359861834038
1859,1333736222866599972,3,9.6556608482104007,6.1995761560428146,-0.034893933977980997,9.6556492401523553,6.1996173008751949,-0.03488879132033456
1860,1333736222916598972,3,9.6502108694573572,6.1968296308694804,-0.035132635893987844,9.6501992755227288,6.1968707476700589,-0.035127493236732261
1861,1333736222966600972,3,9.6582738122858043,6.199676675143964,-0.034843612684320312,9.6582622037086008,6.1997178334049892,-0.034838470027455597
1862,1333736223016596972,3,9.6550728884386032,6.1977864420225348,-0.034763858921540478,9.6550612895811696,6.197827583817868,-0.034758716265066651
1863,1333736223066594972,3,9.6575342098197261,6.2008714044667386,-0.035096109595041135,9.6575225950962658,6.2009125589152951,-0.035090966938958086
1864,1333736223116597972,3,9.651043545736341,6.198557041926577,-0.035127249309106143,9.6510319429138391,6.1985981629914457,-0.03512210665341399
1865,1333736223166596972,3,9.6498717592046201,6.1999307632499718,-0.035388002002620128,9.6498601493164671,6.1999718782842654,-0.035382859347318808
1866,1333736223216596972,3,9.6504593648525852,6.2010149658945259,-0.03555179533336731,9.6504477493876486,6.2010560839461935,-0.035546652678456803
1867,1333736223266595972,3,9.6462017865686533,6.2006549374746989,-0.035836025754094815,9.6461901729541832,6.2006960336266532,-0.035830883099575099
1868,1333736223316597972,3,9.6522354298770914,6.2017519374651133,-0.035849389731679338,9.652223810619958,6.2017930646415316,-0.035844247077550545
1869,1333736223366596972,3,9.6488837326420782,6.1999573920172661,-0.035870907440687445,9.6488721226126213,6.199998501952626,-0.035865764786949618
1870,1333736223416596972,3,9.6531548223374468,6.1997528383852529,-0.035515223431915946,9.6531432133587884,6.1997939702808882,-0.035510080778568924
1871,1333736223466600972,3,9.648828966836593,6.1986795420971843,-0.035521899481362931,9.6488173633764891,6.1987206517419944,-0.035516756828406798
1872,1333736223516596972,3,9.6559585359757083,6.1980602713048256,-0.035191251709432346,9.6559469356991112,6.1981014176100784,-0.035186109056867039
1873,1333736223566596972,3,9.6536696837604179,6.1992276989472339,-0.035259834901506679,9.6536580774790828,6.1992688334772321,-0.035254692249332233
1874,1333736223616597972,3,9.6549255552349589,6.199280558080658,-0.03536210981438153,9.6549139486806776,6.1993216990647024,-0.035356967162597952
1875,1333736223666595972,3,9.6496673144676901,6.1984441819006939,-0.035155922151819861,9.6496557122135744,6.1984852958389842,-0.035150779500427116
1876,1333736223716593972,3,9.652355161458388,6.1977455340334906,-0.034674707195530244,9.6523435627960463,6.1977866617899862,-0.03466956454452829
1877,1333736223766596972,3,9.653350467466991,6.2013905873950925,-0.035535537620603172,9.6533388500583044,6.2014317202655862,-0.035530394969992211
1878,1333736223816596972,3,9.6501443971576872,6.2011231126423736,-0.035411774472081957,9.6501327811234798,6.2011642290207085,-0.035406631821861795
1879,1333736223865596972,3,9.6501171395554888,6.1994577402188771,-0.035231088480810385,9.6501055320846376,6.1994988564526832,-0.035225945830973264
1880,1333736223915595972,3,9.6510795690474946,6.198683146001029,-0.034814517595901477,9.6510679655590046,6.1987242671798199,-0.03480937494645521
1881,1333736223965598972,3,9.6540460534199894,6.1976070616391699,-0.034871186321658643,9.6540344554642914,6.1976481980690981,-0.034866043672603257
1882,1333736224015603972,3,9.6523749312667206,6.1981938500265077,-0.035298476834465603,9.6523633302923031,6.1982349778579691,-0.03529333418580112
1883,1333736224065587972,3,9.6472360823402994,6.201093246906078,-0.035633761310804188,9.6472244664542774,6.2011343483057448,-0.035628618662530372
1884,1333736224115595972,3,9.6515851427010944,6.2006584390390351,-0.035284078229715847,9.6515735290499869,6.2006995627999313,-0.035278935581833017
1885,1333736224165593972,3,9.654463162523637,6.1988693856133388,-0.034697195314589591,9.6544515580718695,6.1989105241704365,-0.0346920526670976
1886,1333736224215594972,3,9.6577668426959082,6.2008005358903393,-0.035548689872874552,9.6577552283117765,6.2008416914326068,-0.035543547225773478
1887,1333736224265593972,3,9.6503726847549807,6.1996136832306767,-0.03550627062397755,9.650361076473418,6.1996548007429517,-0.035501127977267274
1888,1333736224315594972,3,9.6534960008936874,6.199155502514448,-0.035448919484686287,9.6534843949672524,6.1991966360843742,-0.035443776838366817
1889,1333736224365593972,3,9.6546943968479138,6.198379117119865,-0.035348929437156847,9.6546827949130432,6.198420256848264,-0.0353437867912283
1890,1333736224415593972,3,9.6531060556294417,6.1978237415678379,-0.034858057981504847,9.6530944565495993,6.1978648731235024,-0.034852915335967148
1891,1333736224465595972,3,9.6544269425761335,6.1986803210640389,-0.034991957846966994,9.6544153390900949,6.1987214594080804,-0.034986815201820128
1892,1333736224515594972,3,9.6506537180399228,6.1987097111680383,-0.034809758515676352,9.6506421144016965,6.1987508301032594,-0.03480461587092027
1893,1333736224565595972,3,9.6491411883111073,6.1996155632548495,-0.034735770632597585,9.6491295800133319,6.199656674407195,-0.034730627988232461
1894,1333736224615594972,3,9.6556020778938496,6.1985264338446502,-0.034991838440338367,9.6555904751959023,6.1985675782186016,-0.034986695796364105
1895,1333736224665594972,3,9.6566883444618039,6.2014841176402404,-0.035526263324308464,9.6566767265524316,6.2015252675959696,-0.035521120680725
1896,1333736224715593972,3,9.6532860412876946,6.2000908426481036,-0.035058149904999107,9.6532744305423925,6.2001319751025523,-0.035053007261806553
1897,1333736224765593972,3,9.6504372875827471,6.1999931077444472,-0.035359802006323146,9.6504256773390047,6.2000342255443108,-0.035354659363521453
1898,1333736224815598972,3,9.648938584079719,6.1988000567375368,-0.035117321579307345,9.6489269799703372,6.1988411668256562,-0.035112178936896624
1899,1333736224865595972,3,9.6477986067363801,6.2003128660856373,-0.035787814940540022,9.6477869948460828,6.2003539703067769,-0.03578267229852012
1900,1333736224915593972,3,9.6523775628500985,6.1983518690592216,-0.035160915936516129,9.6523659610433512,6.1983929968238547,-0.035155773294886949
1901,1333736224965593972,3,9.6470281247974938,6.1991969542586434,-0.035188195368613645,9.6470165186437544,6.1992380545085606,-0.035183052727375388
1902,1333736225015593972,3,9.6490376164914533,6.198123179982244,-0.035374244984262844,9.6490260158586292,6.1981642905618077,-0.035369102343415441
1903,1333736225065592972,3,9.6537288601522686,6.1992797670776554,-0.035245770911988959,9.6537172535703757,6.1993209017781208,-0.035240628271532404
1904,1333736225115591972,3,9.6543167383490456,6.1994828041830745,-0.034859800203390946,9.6543051307219088,6.1995239419023171,-0.034854657563325182
1905,1333736225165592972,3,9.6515915615000711,6.1981240840836058,-0.034780479238292791,9.6515799608592818,6.1981652077838021,-0.034775336598617951
1906,1333736225215594972,3,9.6519784794642316,6.1982812961187186,-0.035083718120137025,9.651966878013857,6.1983224218042263,-0.035078575480852948
1907,1333736225265593972,3,9.652696641748765,6.1992013703589404,-0.03511938683371553,9.6526850355656766,6.1992424997332201,-0.035114244194822418
1908,1333736225315593972,3,9.6522839324600032,6.1974942308422687,-0.034965758087839909,9.6522723350550308,6.1975353580896924,-0.034960615449337651
1909,1333736225365592972,3,9.6499629651920955,6.2012257654466012,-0.035623483280299517,9.6499513485961277,6.2012668807536162,-0.035618340642188107
1910,1333736225415595972,3,9.6487649024100026,6.1991054680495985,-0.035337264575725488,9.6487532967168779,6.1991465771909766,-0.035332121938005022
1911,1333736225465591972,3,9.6453706097290404,6.198736532558911,-0.035758877243456166,9.6453590059321694,6.1987776242402131,-0.035753734606126582
1912,1333736225515590972,3,9.6470198324953937,6.2001035652260619,-0.035813162263169211,9.6470082216672548,6.2001446653842391,-0.03580801962623037
1913,1333736225565595972,3,9.6579624283079415,6.1977141930663304,-0.034717483105884274,9.6579508297662375,6.1977553494938693,-0.034712340469336432
1914,1333736225615596972,3,9.6608855417703232,6.1981516590282242,-0.034970705486261341,9.6608739409777549,6.1981928304837997,-0.034965562850104201
1915,1333736225665596972,3,9.6448907205117695,6.2000095778293076,-0.035632712599536868,9.6448791101637212,6.2000506670248505,-0.035627569963770638
1916,1333736225715594972,3,9.6573563051417732,6.1993183083823418,-0.035014809911743487,9.6573446983474138,6.1993594616793901,-0.035009667276368159
1917,1333736225765593972,3,9.6507957949828249,6.1991102447227604,-0.035168162996198703,9.650784189257454,6.1991513642770357,-0.035163020361214173
1918,1333736225815593972,3,9.6555972543139656,6.1984233730342018,-0.034318403400362879,9.6555856521197683,6.1984645172761725,-0.034313260765769203
1919,1333736225865591972,3,9.6522351436997571,6.1990599213209574,-0.034929368770117007,9.6522235382309738,6.1991010482683508,-0.034924226135914109
1920,1333736225915591972,3,9.6509174417687884,6.2004831593943859,-0.034860764822362708,9.6509058289797363,6.2005242795608364,-0.034855622188550733
1921,1333736225990587972,3,9.6469098351106499,6.2001387170171078,-0.035276670629751254,9.6468982240913519,6.200179816567216,-0.03527152799652554
1922,1333736226040587972,3,9.6502761071157099,6.1993355045653775,-0.035051054330947864,9.6502645002258998,6.1993766214225348,-0.035045911698113011
1923,1333736226090587972,3,9.6503320753580155,6.2003652348212501,-0.035370430303944086,9.6503204631715871,6.200406351961754,-0.035365287671500087
1924,1333736226140587972,3,9.6538725375842258,6.2001173774144664,-0.035153763795587545,9.6538609266712978,6.2001585127578052,-0.035148621163534399
1925,1333736226190586972,3,9.6510067132479609,6.1992437732652164,-0.03490661772571791,9.6509951068266009,6.1992848938662233,-0.03490147509405573
1926,1333736226240585972,3,9.6515039347127907,6.1998746376706357,-0.035047806674335664,9.6514923250460285,6.1999157608241964,-0.03504266404306422
1927,1333736226290587972,3,9.6536579008704422,6.1992061135642835,-0.035257949794025384,9.6536462946405326,6.1992472477904421,-0.035252807163144821
1928,1333736226340586972,3,9.6503820411424641,6.2015285158472349,-0.035997884419776395,9.6503704229682459,6.2015696332223627,-0.035992741789286679
1929,1333736226390587972,3,9.6570645446952401,6.1997348707094604,-0.035107924212603642,9.657052935743895,6.1997760224457918,-0.035102781582504794
1930,1333736226440587972,3,9.6491419764532438,6.2000082128977887,-0.035089312796681482,9.6491303660952124,6.200049323886816,-0.035084170166973433
1931,1333736226490586972,3,9.6482662277325204,6.1980499374211302,-0.034818856430164115,9.6482546274440928,6.1980910439020676,-0.034813713800846975
1932,1333736226540587972,3,9.6489704169675417,6.1983726343567547,-0.034846215526485862,9.6489588150184975,6.1984137444546104,-0.03484107289755959
1933,1333736226590586972,3,9.6555383450190213,6.1967229995509294,-0.03519991041176132,9.6555267515522587,6.196764143420757,-0.035194767783225896
1934,1333736226640586972,3,9.6552335478499192,6.1981140958762451,-0.034804347068107172,9.6552219472281742,6.1981552381741309,-0.034799204439962601
1935,1333736226690587972,3,9.6495119562966387,6.1996201874662704,-0.035555773127714872,9.6495003479286048,6.1996613003356549,-0.035550630499961162
1936,1333736226740586972,3,9.6546726402008307,6.2002466274564991,-0.035062782063123486,9.6546610286100876,6.2002877668608871,-0.035057639435760686
1937,1333736226790585972,3,9.6466600108094127,6.2001591927968693,-0.03532384893365885,9.6466483996673276,6.2002002909908276,-0.035318706306686737
1938,1333736226840586972,3,9.6441960644052074,6.2001801779598216,-0.035419623393663023,9.6441844531541427,6.2002212634781619,-0.035414480767081889
1939,1333736226890585972,3,9.6494723431635538,6.2002583439289483,-0.035304893266283666,9.6494607315093468,6.2002994565767571,-0.035299750640093261
1940,1333736226940585972,3,9.6502125316985516,6.1994405433556494,-0.035327806203996746,9.6502009242488835,6.1994816598055182,-0.035322663578197383
1941,1333736226990585972,3,9.6525355630248146,6.1987384868052793,-0.034745557570419063,9.6525239591844372,6.1987796151971732,-0.034740414945010602
1942,1333736227040585972,3,9.6520150460980094,6.1986579775989643,-0.034787873855560876,9.6520034426705728,6.198699103309572,-0.034782731230543165
1943,1333736227090585972,3,9.651696882015516,6.1995673788318726,-0.035029933033706578,9.6516852739033041,6.1996085028733665,-0.035024790410972111
1944,1333736227140585972,3,9.6525291065249696,6.2004588774429967,-0.03497706466371913,9.6525174938200351,6.2005000057313922,-0.03497192204326792
1945,1333736227190585972,3,9.6494736456920585,6.1994104902783125,-0.034910685644393855,9.6494620383705456,6.1994516028207469,-0.034905543026225894
1946,1333736227240584972,3,9.6505392655495754,6.1999214978240289,-0.034989498795873146,9.6505276555920609,6.1999626158136341,-0.034984356179988324
1947,1333736227290586972,3,9.648379555963265,6.199945738593561,-0.03520014931424844,9.648367945873046,6.1999868454437124,-0.035195006700647027
1948,1333736227340584972,3,9.6517730124061334,6.2007808521318672,-0.035188502904518512,9.651761398013134,6.2008219764003405,-0.03518336029320026
1949,1333736227390587972,3,9.6522653884608989,6.1967407426977452,-0.034694313491858558,9.6522537948365237,6.1967818694654637,-0.034689170882823687
1950,1333736227439573972,3,9.6464639530174239,6.1990267593040453,-0.034759885533368534,9.6464523476291255,6.1990678562049961,-0.034754742926570589
1951,1333736227489572972,3,9.6504069641360442,6.201431214424117,-0.03538627377882405,9.6503953463744594,6.2014723315694944,-0.035381131174309376
1952,1333736227539569972,3,9.6481008724549131,6.2002178141100117,-0.03494590945364142,9.6480892609253264,6.2002589193631934,-0.034940766851409809
1953,1333736227589570972,3,9.6480711687258527,6.201038512327349,-0.035080790804011885,9.6480595529676716,6.2010796173948712,-0.035075648204063566
1954,1333736227639572972,3,9.6550418129054574,6.1984370901465446,-0.034701483785271506,9.6550302105171824,6.1984782310284228,-0.034696341187606526
1955,1333736227689572972,3,9.6546949964272741,6.2003790934210414,-0.035233436124386446,9.6546833840439916,6.2004202324864481,-0.035228293529004723
1956,1333736227739570972,3,9.6485022441054671,6.2003675611261961,-0.035159445801552613,9.6484906317735017,6.2004086683118889,-0.03515430320845405
1957,1333736227789572972,3,9.6521026033345212,6.1998041229412451,-0.034857893436660251,9.652090993891969,6.199845248609221,-0.034852750845844917
1958,1333736227839572972,3,9.6508788669389087,6.1992673460257155,-0.035215112656100805,9.6508672602487238,6.199308465367622,-0.035209970067568833
1959,1333736227889572972,3,9.6493806082224456,6.199993054514338,-0.035004113319205991,9.6493689977921875,6.2000341661184102,-0.034998970732957262
1960,1333736227939571972,3,9.6520030721998449,6.1995658152720239,-0.03499539308611084,9.6519914639585966,6.1996069403294465,-0.034990250502145333
1961,1333736227989571972,3,9.6540846080780742,6.1989191388134461,-0.034854679330149033,9.6540730031543109,6.1989602745424417,-0.034849536748466706
1962,1333736228039574972,3,9.6545941687740164,6.2002455731497461,-0.035097600192047905,9.654582557020877,6.2002867114662701,-0.035092457612649022
1963,1333736228089573972,3,9.6498213776055266,6.2014125319955493,-0.035065270994166883,9.6498097598432047,6.2014536457347038,-0.035060128417051209
1964,1333736228139572972,3,9.6524326311948965,6.1993251845630581,-0.035100431179721794,9.6524210241588104,6.1993663116979061,-0.035095288604889321
1965,1333736228189573972,3,9.6515956052250296,6.200192665409606,-0.035013795080087472,9.6515839937198002,6.2002337882070728,-0.03500865250753829
1966,1333736228239573972,3,9.6504357099041922,6.2009524473478219,-0.035076298760632549,9.6504240944836717,6.2009935641475327,-0.035071156190366687
1967,1333736228289571972,3,9.6476723930108594,6.1998774296960999,-0.035079661920561861,9.6476607831106609,6.1999185322523829,-0.035074519352579041
1968,1333736228339572972,3,9.6536497112008757,6.199278405495126,-0.035084240302371186,9.6536381043730461,6.1993195387572735,-0.035079097736671713
1969,1333736228389571972,3,9.6547213102332829,6.2001735485099907,-0.035094712319227367,9.6547096987940346,6.2002146872499839,-0.035089569755811151
1970,1333736228439571972,3,9.6537702808359924,6.2007294510167039,-0.035315803896477982,9.6537586665299244,6.2007705848330552,-0.035310661335345023
1971,1333736228489570972,3,9.6503793088575964,6.1997517478785262,-0.035079037244919536,9.6503676995713992,6.199792864223709,-0.035073894686069723
1972,1333736228539571972,3,9.6526301977377518,6.200101140495125,-0.035096807134943182,9.6526185866466818,6.2001422683827263,-0.035091664578376612
1973,1333736228589571972,3,9.6494096837225243,6.200007448626482,-0.035044410859072415,9.6493980731052424,6.2000485599195123,-0.035039268304789192
1974,1333736228639570972,3,9.6533288543007725,6.197828093006077,-0.034935879054530272,9.653317254882813,6.1978692244207769,-0.034930736502530153
1975,1333736228689572972,3,9.6537827660416493,6.1998815921994472,-0.03500035489683307,9.6537711560553863,6.1999227259154752,-0.034995212347116347
1976,1333736228739572972,3,9.6531038390865724,6.2003937103567006,-0.035103770702080365,9.6530922264586536,6.2004348405484011,-0.035098628154646892
1977,1333736228789573972,3,9.6545770544962703,6.1987578327189663,-0.03486752501618582,9.6545654502728375,6.1987989704538577,-0.034862382471035645
1978,1333736228839576972,3,9.6527198815680446,6.2006983638196385,-0.035058476656241289,9.6527082673572941,6.2007394919710022,-0.035053334113374614
1979,1333736228889572972,3,9.654137962656046,6.1994773725652559,-0.035020150286645221,9.6541263547162064,6.1995185079762738,-0.035015007746061498
1980,1333736228939572972,3,9.6534259086769225,6.2017583589141339,-0.03532776672477303,9.6534142889989614,6.2017994906304477,-0.03532262418647255
1981,1333736228989574972,3,9.649114445926509,6.2002732583353986,-0.034790007431744104,9.6491028338777181,6.2003143678469712,-0.034784864895726915
1982,1333736229039572972,3,9.6504833951849154,6.1988497561573404,-0.034762792434043302,9.6504717904484441,6.1988908726759044,-0.034757649900309329
1983,1333736229089573972,3,9.6507797037134484,6.19795686806982,-0.034684649723988784,9.650768103560603,6.1979979860792707,-0.034679507192538102
1984,1333736229139572972,3,9.6528756530630719,6.1974974726775001,-0.034897486013865713,9.6528640552645779,6.1975386014325391,-0.034892343484698114
1985,1333736229189572972,3,9.6506870720907276,6.1994414894666185,-0.035078222819621196,9.6506754642870245,6.1994826069338878,-0.035073080292736918
1986,1333736229239572972,3,9.6545541387878817,6.1991774181168102,-0.034952683903785461,9.6545425323340499,6.1992185554376684,-0.034947541379184481
1987,1333736229289574972,3,9.6544236915396819,6.2003342641471075,-0.035073324741979148,9.6544120791286687,6.2003754007642113,-0.035068182219661514
1988,1333736229339574972,3,9.6527951334542212,6.1993583090813882,-0.034965353720260731,9.6527835260540318,6.1993994372907046,-0.034960211200226347
1989,1333736229389578972,3,9.654763320253549,6.2005120396249751,-0.035123832002996062,9.6547517069121778,6.2005531779228029,-0.03511868948524504
1990,1333736229439575972,3,9.6490138328617299,6.1990147988625228,-0.034688665754293684,9.6490022272119482,6.1990559075606351,-0.034683523238825849
1991,1333736229489575972,3,9.650155891674487,6.1981522731140721,-0.034820880394219114,9.6501442904521664,6.1981933876523527,-0.034815737881034516
1992,1333736229539578972,3,9.6499410776653605,6.1980330472276952,-0.034629553468880366,9.6499294770480866,6.1980741606283924,-0.034624410957979274
1993,1333736229589581972,3,9.6509938271610469,6.2002981554484595,-0.035005160400044685,9.6509822148873461,6.2003392742299992,-0.03500001789142692
1994,1333736229639583972,3,9.6486043125743688,6.1989024395114054,-0.034999408055768032,9.6485927074701046,6.1989435459719671,-0.034994265549433551
1995,1333736229689583972,3,9.6488815015016272,6.2002796892132679,-0.035133348091596885,9.6488698893067735,6.2003207970663592,-0.035128205587545668
1996,1333736229739581972,3,9.6493020735864476,6.2014613733395993,-0.035234201609593521,9.6492904553067032,6.2015024833225736,-0.035229059107825346
1997,1333736229789575972,3,9.6494913222390775,6.1994576268640609,-0.034882044335504528,9.6494797142555271,6.199498737787378,-0.034876901836019436
1998,1333736229839579972,3,9.6531368906635588,6.2004436423748839,-0.035054453504619776,9.6531252776013066,6.2004847720126142,-0.035049311007418121
1999,1333736229889575972,3,9.6496931787254656,6.2006546495030355,-0.035228382245615732,9.649681564570086,6.2006957613985891,-0.03522323975069714
2000,1333736229939571972,3,9.6507598618468222,6.1982820525230711,-0.035004777240119286,9.6507482598844216,6.1983231698711707,-0.034999634747483771
2001,1333736229989573972,3,9.6505095699194126,6.1997301315555573,-0.035090714484982008,9.6504979605022054,6.1997712475836106,-0.035085571994629819
2002,1333736230039571972,3,9.6506879354551707,6.200081949328383,-0.035143040617747111,9.6506763242206706,6.2001230662407769,-0.035137898129678082
2003,1333736230089576972,3,9.6521205782793675,6.1994890736469088,-0.034998882946037917,9.6521089700856297,6.1995301978937523,-0.034993740460252311
2004,1333736230139569972,3,9.6510680714738122,6.1995827972117645,-0.035059394543755375,9.651056462790045,6.1996239160132074,-0.035054252060252818
2005,1333736230189570972,3,9.6512407437837879,6.2003341883578198,-0.035109219411565078,9.6512291312279288,6.2003753080143147,-0.035104076930345757
2006,1333736230239572972,3,9.6535156597011387,6.1997121325509443,-0.03460931985072975,9.6535040503360889,6.1997532638732515,-0.034604177371793769
2007,1333736230289570972,3,9.6516686979043111,6.2003195665732962,-0.03512761957985093,9.6516570854075017,6.2003606883647331,-0.035122477103198053
2008,1333736230339569972,3,9.6509487494388786,6.197833323395141,-0.034686455406779712,9.6509371497194483,6.1978744414513924,-0.034681312932410079
2009,1333736230389569972,3,9.6546455213813172,6.1981254385860378,-0.034946590259497277,9.6546339201515678,6.1981665756199309,-0.034941447787410963
2010,1333736230439569972,3,9.649140107529762,6.2013937519410236,-0.035277546042536495,9.6491284894848039,6.2014348606305383,-0.035272403572733375
2011,1333736230489571972,3,9.6463143053316589,6.1996642204530907,-0.03489296288079595,9.6463026961727323,6.1997053145781349,-0.034887820413276233
2012,1333736230539570972,3,9.6512429777115667,6.1999203109336349,-0.034999371139666197,9.6512313672275649,6.199961430371312,-0.03499422867442957
2013,1333736230589569972,3,9.6506857912624078,6.1997656486752781,-0.034947246824103113,9.6506741815656873,6.1998067652147455,-0.034942104361149799
2014,1333736230639572972,3,9.6507354383146033,6.2010651238574219,-0.035047362945511085,9.6507238219273077,6.2011062406192767,-0.035042220484841048
2015,1333736230689570972,3,9.6541074483837441,6.2001548342928769,-0.035123052775704933,9.6540958366694589,6.2001959683622658,-0.035117910317318111
2016,1333736230739569972,3,9.6515149192229792,6.1999377516015421,-0.035280573711693138,9.6515033086169986,6.1999788723060583,-0.035275431255589518
2017,1333736230788555972,3,9.6540382799899493,6.1985624242979647,-0.034800954523354438,9.6540266764485843,6.198603557946532,-0.034795812069487765
2018,1333736230838552972,3,9.6539939737923017,6.1998503701826957,-0.035016958956885738,9.6539823636196616,6.1998915035704973,-0.035011816505302176
2019,1333736230888551972,3,9.6534131675264483,6.1991633119519829,-0.035052702372503575,9.6534015608789083,6.1992044423201191,-0.035047559923203214
2020,1333736230938555972,3,9.6529411889538537,6.1987821549349977,-0.035010592534518929,9.6529295842583238,6.1988232828431054,-0.035005450087501902
2021,1333736230988550972,3,9.6475479424281989,6.1973187374447871,-0.034647800062608904,9.6475363452502094,6.1973598375855383,-0.034642657617875064
2022,1333736231038554972,3,9.647093329851069,6.1998904945898961,-0.034988582918468077,9.6470817194398943,6.1999315923598983,-0.034983440476017612
2023,1333736231088553972,3,9.6495333271306389,6.198046490436866,-0.034753103660422655,9.6495217261940418,6.198087600721542,-0.034747961220255259
2024,1333736231138555972,3,9.6475449801257245,6.1973557330796449,-0.03482565549715106,9.6475333827332541,6.1973968331064784,-0.034820513059267075
2025,1333736231188554972,3,9.6520989101047352,6.2000913979615184,-0.035120921505477978,9.6520872986361468,6.200132521373714,-0.035115779069877257
2026,1333736231238555972,3,9.6523798852489566,6.1981605052892395,-0.034774111159452635,9.6523682837017795,6.1982016301134548,-0.034768968726135212
2027,1333736231288554972,3,9.6492073874105451,6.1991938006551974,-0.035043158579749809,9.6491957805416835,6.1992349091321444,-0.035038016148715587
2028,1333736231338551972,3,9.6502574602669586,6.1980265283172313,-0.034829323165740687,9.6502458593926281,6.1980676421612229,-0.034824180736989584
2029,1333736231388547972,3,9.6487915947999365,6.1988160331186757,-0.03477398195176256,9.6487799898575766,6.1988571393916558,-0.034768839525294637
2030,1333736231438554972,3,9.654722448180884,6.2009491908691894,-0.035154521507709056,9.6547108322607702,6.2009903276082019,-0.035149379083524578
2031,1333736231488555972,3,9.6478450563250622,6.199744593222885,-0.034921319590876826,9.6478334465915161,6.1997856945625527,-0.034916177168975653
2032,1333736231538554972,3,9.6504990769484689,6.1976238308983778,-0.034777821337681425,9.6504874781126659,6.1976649458532673,-0.03477267891806346
2033,1333736231588555972,3,9.6489263495917807,6.1996499620348962,-0.035092445506646752,9.6489147403287063,6.1996910688692379,-0.035087303089312086
2034,1333736231638555972,3,9.6556341224365259,6.1989206805059034,-0.03486273792633926,9.6556225169155585,6.198961821801511,-0.034857595511287837
2035,1333736231688554972,3,9.6546967062368854,6.1974543001171849,-0.034852629136303388,9.6546851082485894,6.1974954365593184,-0.034847486723535125
2036,1333736231738554972,3,9.6573976314067895,6.1988564952882488,-0.034965787513195248,9.6573860261997204,6.1988976455867224,-0.034960645102710276
2037,1333736231788553972,3,9.6590392405940193,6.1994344381919637,-0.03487107659238204,9.6590276324068363,6.1994755968993376,-0.034865934184180276
2038,1333736231838554972,3,9.6602734461286239,6.1986273572935131,-0.034670960085577893,9.6602618420836901,6.1986685223147653,-0.034665817679659365
2039,1333736231888553972,3,9.6681599699839005,6.2007707958097775,-0.034890447816624863,9.6681483549083591,6.2008120013537678,-0.034885305412989662
2040,1333736231938551972,3,9.6666125112231267,6.1993088097615496,-0.035111298843749146,9.6666009036576579,6.1993500073149654,-0.035106156442397035
2041,1333736231988554972,3,9.6734064252450711,6.2012974241160652,-0.035284650645484417,9.6733948074451881,6.2013386565735331,-0.035279508246415694
2042,1333736232038555972,3,9.6805099314438454,6.1995692256172781,-0.03530598278172186,9.6804983225228831,6.199610494570865,-0.035300840384936444
2043,1333736232088555972,3,9.6933321738677201,6.197783978630528,-0.032935345807350323,9.6933205741189585,6.1978253134881971,-0.03293020341284815
2044,1333736232138550972,3,9.6951832487649305,6.1983764945142852,-0.033064973475819555,9.6951716455910439,6.1984178373474172,-0.033059831095318466
2045,1333736232188552972,3,9.6994850637057262,6.1959811072904465,-0.032858854002664452,9.6994734724715368,6.1960224707014167,-0.032853711636166197
2046,1333736232238551972,3,9.7074603992849831,6.1981480326560359,-0.033019380993733076,9.7074487965293788,6.1981894355352933,-0.033014238641236912
2047,1333736232288561972,3,9.7129526090200695,6.1937232772852813,-0.032237453517342793,9.7129410286397171,6.193764706863278,-0.032232311178851808
2048,1333736232338560972,3,9.7178218151288842,6.1963471364263034,-0.032890509987806002,9.7178102208774817,6.1963885894994446,-0.032885367663317053
2049,1333736232388556972,3,9.7272677878863547,6.1960862072642255,-0.032984953578729118,9.7272561945984215,6.1961277073676602,-0.032979811268241489
2050,1333736232438549972,3,9.7358134040726707,6.1953761556702052,-0.032687453905186951,9.7358018140577514,6.1954176981738671,-0.032682311608699631
2051,1333736232488558972,3,9.7444116418978339,6.1952640031429542,-0.032508614945677375,9.74440005208122,6.195305588316697,-0.032503472663195178
2052,1333736232538552972,3,9.7515426976493202,6.1962185610745255,-0.031485709279093027,9.7515311025458331,6.1962601813739138,-0.031480567010611415
2053,1333736232588553972,3,9.7655352309170187,6.1974031812902268,-0.03143072548481568,9.7655236293434999,6.1974448719983055,-0.031425583230336722
2054,1333736232638552972,3,9.7840080259820379,6.1961427533902445,-0.031045870397570959,9.7839964305115021,6.1961845375453004,-0.031040728157094213
2055,1333736232688551972,3,9.7908258489605551,6.1958826311986979,-0.031124145209843735,9.7908142544493248,6.195924448867693,-0.031119002983368966
2056,1333736232738552972,3,9.8006601158755,6.1943445910426949,-0.030652724283678479,9.8006485288948362,6.1943864577365879,-0.030647582071206311
2057,1333736232788551972,3,9.827259331029035,6.1943142539826521,-0.030690558790054258,9.8272477438257848,6.1943562559099021,-0.030685416591584247
2058,1333736232838552972,3,9.8361062968988158,6.1957609663828137,-0.030417282946412393,9.836094701877931,6.1958030122572536,-0.030412140761945147
2059,1333736232888551972,3,9.8536887947958913,6.1980634165286173,-0.030778919810414355,9.8536771875569631,6.1981055512696441,-0.030773777639949096
2060,1333736232938551972,3,9.8640945415984955,6.1969810939951149,-0.03086859712191219,9.8640829349362615,6.1970232616923742,-0.030863454082111354
2061,1333736232988550972,3,9.8812615616533943,6.1995111909578569,-0.0314217893680361,9.8812499369877944,6.1995534264091798,-0.031416645458917293
2062,1333736233038550972,3,9.9015276733149502,6.1938933773269795,-0.030247823656642324,9.9015160725606322,6.1939356965060481,-0.030242678878188045
2063,1333736233088550972,3,9.918023810856301,6.1936319739155392,-0.029039670305584752,9.9180122064608831,6.1936743574585593,-0.029034524657795012
2064,1333736233138550972,3,9.9391632454378982,6.1952534100677177,-0.030779293710674852,9.9391516277117073,6.1952958819001562,-0.030774147193549761
2065,1333736233188549972,3,9.963921361631261,6.1944281495431976,-0.029928364427095865,9.9639097431656225,6.1944707283290024,-0.029923217040652636
2066,1333736233238550972,3,9.973955951994844,6.193311707919813,-0.030894922623131697,9.9739443342902661,6.1933543179007371,-0.03088977436733566
2067,1333736233288550972,3,9.9925824312803506,6.1952372952272317,-0.03069344149926849,9.9925707986749703,6.1952799806618035,-0.03068829237413688
2068,1333736233338551972,3,10.014008135930302,6.1975538649182145,-0.031732132379323347,10.013996486407075,6.1975966402543996,-0.031726982384838884
2069,1333736233388553972,3,10.033618701581082,6.1975299702415496,-0.032189701166766553,10.033607015137848,6.1975726928202839,-0.032184536860467516
2070,1333736233438549972,3,10.045946759274822,6.1955313867871498,-0.032542640777835891,10.045935046142963,6.1955740194748845,-0.032537462161439698
2071,1333736233488551972,3,10.071342448530606,6.1959641933734764,-0.032873086158643788,10.071330696136673,6.1960068043638756,-0.032867893230432925
2072,1333736233538552972,3,10.087044305145735,6.198347777708717,-0.032714087218655444,10.087032503320042,6.1983903172536161,-0.032708879978916403
2073,1333736233588551972,3,10.102544901882585,6.1995724000572068,-0.032764618056628926,10.102533056609975,6.1996148675612774,-0.03275939650593393
2074,1333736233638552972,3,10.128036299102979,6.1967954403493186,-0.033314534011072233,10.128024431298506,6.1968378885606246,-0.033309298148848726
2075,1333736233688551972,3,10.137265389765394,6.1976479343866728,-0.03421931546570587,10.137253480454991,6.1976902786609633,-0.034214065292526637
2076,1333736233738550972,3,10.160601203986831,6.1949146114642195,-0.033824161584567677,10.160589272023374,6.1949569263303186,-0.033818897100432489
2077,1333736233788551972,3,10.183668563530482,6.1962808531708227,-0.034710313923843071,10.183656587349969,6.1963231378734065,-0.034705035128179552
2078,1333736233838551972,3,10.206203574981375,6.1942499753763673,-0.035428782320713829,10.206191301115346,6.194291087996203,-0.03542332365316167
2079,1333736233888551972,3,10.227264159022466,6.1954544186867349,-0.036351552754781268,10.227251569959247,6.1954943590169336,-0.036345914215340447
2080,1333736233938551972,3,10.248258123024671,6.1955100288479032,-0.036425564972221519,10.248245225015543,6.1955488040772151,-0.036419746560892051
2081,1333736233988553972,3,10.272250251691323,6.1941689005052991,-0.036794430727814305,10.272237053082115,6.194206536118819,-0.036788432437401264
2082,1333736234038554972,3,10.285928371040841,6.1977619269916122,-0.03891263715471735,10.285914841836538,6.1977983679243911,-0.038906458988818331
2083,1333736234088554972,3,10.312282888231367,6.1968414126850462,-0.039729101219446665,10.312269055842782,6.1968767444803321,-0.03972274318165895
2084,1333736234138554972,3,10.329614192687023,6.1976902978272737,-0.039694941590778951,10.329600045877489,6.1977244709728989,-0.039688403681102588
2085,1333736234188555972,3,10.352440762349429,6.1979796762891057,-0.040540864563806477,10.352426304566091,6.1980127339105486,-0.040534146778644024
2086,1333736234238555972,3,10.37541806511957,6.1980793063595314,-0.041534240754941665,10.375400967629686,6.1981014840630806,-0.041525502990451324
2087,1333736234288555972,3,10.395059354995782,6.1941440461758468,-0.041371317357809224,10.395039660824841,6.1941554008957826,-0.041360559613991009
2088,1333736234338554972,3,10.420708555646234,6.1968902249978637,-0.042912608327307325,10.420686195392543,6.1968909130647729,-0.042899830644560807
2089,1333736234388555972,3,10.438285374000163,6.1976245514711348,-0.044025769457016875,10.438260366256266,6.1976145566110548,-0.044010971754542889
2090,1333736234437540972,3,10.471967383119347,6.1967265670786027,-0.044239786084190338,10.471939805956726,6.1967064514040384,-0.044223009407968895
2091,1333736234487540972,3,10.491823397705799,6.1972610732358255,-0.044723464143450402,10.491793174296038,6.1972304915144871,-0.044704667487901022
2092,1333736234537538972,3,10.521562296640942,6.1931848758592078,-0.045169922841392346,10.521529520927318,6.1931441144621626,-0.04514910628731425
2093,1333736234587537972,4,10.540575144385421,6.1918288068699452,-0.045802174571954117,10.540522886278765,6.1917065684763388,-0.045763180389962348
2094,1333736234637537972,4,10.571491566599494,6.1899848227875083,-0.046205752855341724,10.571419904347371,6.1897824771849956,-0.046148580681876467
2095,1333736234687536972,4,10.595158325508116,6.1902877331655111,-0.046342599317284655,10.595067166205542,6.1900058593490614,-0.046267249515905766
2096,1333736234737536972,4,10.619439204187124,6.1904864553780738,-0.047294911872078918,10.619328547579247,6.1901259692325077,-0.047201384079226506
2097,1333736234787539972,4,10.650613264454226,6.1905486431796675,-0.047753904412395576,10.650483118735822,6.1901111923219432,-0.047642197537390178
2098,1333736234837539972,4,10.66595284302791,6.1905467893843342,-0.04886187906722856,10.665803216883946,6.1900314549911943,-0.048731994200749654
2099,1333736234887538972,4,10.685160409138653,6.1885527662503321,-0.049457554764432948,10.684991599320675,6.1879606799742319,-0.049309492270040396
2100,1333736234937538972,4,10.713571194630305,6.1870001728806194,-0.049778059497725735,10.713399560280813,6.1863998745996573,-0.049626874312747496
2101,1333736234987540972,4,10.735387155938671,6.1867538027900695,-0.050341889720056487,10.735212505162007,6.1861444517894828,-0.050187581719584914
2102,1333736235037540972,4,10.762704587451136,6.1845595984210613,-0.049995732294846877,10.762527228506396,6.1839421975616782,-0.04983830160378961
2103,1333736235087537972,4,10.790618832753417,6.1854769438545558,-0.05146282714091354,10.790438279961108,6.1848517602478417,-0.051302273946632018
2104,1333736235137537972,4,10.808351557884142,6.1852137855412641,-0.051651313964228951,10.808167998698719,6.1845793263224627,-0.051487638079361749
2105,1333736235187539972,4,10.837137389407399,6.1848414690292763,-0.051063030548803831,10.836950843424152,6.1841996880986603,-0.050896231848443309
2106,1333736235237536972,4,10.864816505994108,6.1844173487586485,-0.050887793583431616,10.864629678103807,6.183778798581562,-0.050720600612091618
2107,1333736235287536972,4,10.88792436411493,6.1845568474085217,-0.051540935274724212,10.887737160236625,6.1839207836358918,-0.051373348008747072
2108,1333736235337536972,4,10.913610460570011,6.1835881968874533,-0.051562038968525341,10.913423066703432,6.1829550708538639,-0.05139405740791108
2109,1333736235387537972,4,10.934574530063902,6.1824031118449136,-0.051966888861892574,10.934386983472304,6.1817721487067052,-0.051798512998755292
2110,1333736235437535972,4,10.961877673568763,6.1787056192811276,-0.050838464107455537,10.961690399134621,6.1780779055339092,-0.050669693965452914
2111,1333736235487537972,4,10.985971431513491,6.1803139379228611,-0.051297041081523331,10.985783534612777,6.179688952000256,-0.051127876629111758
2112,1333736235537537972,4,11.008546895884836,6.1801333794760005,-0.051992946440897372,11.008358678602145,6.1795108830174108,-0.051823387693848671
2113,1333736235587536972,4,11.0321972713663,6.1770835713542045,-0.051888416924647303,11.032009515612307,6.1764648765806935,-0.05171879083487467
2114,1333736235637535972,4,11.06417366047514,6.1758833718011452,-0.052422689065323602,11.063986052673787,6.1752698947413354,-0.05225299563282703
2115,1333736235687538972,4,11.085311032180822,6.1764452422870111,-0.052458353518796991,11.085123273514427,6.175835147165909,-0.05228859273818897
2116,1333736235737537972,4,11.107096175009312,6.1763626875059607,-0.053111900823856299,11.106908374838339,6.1757560872059996,-0.05294207270052434
2117,1333736235787536972,4,11.129114163594695,6.1736542649602928,-0.054469808537991,11.128926768049443,6.1730512020129487,-0.054299913071935109
2118,1333736235837537972,4,11.162595685058314,6.174305792371519,-0.055467241090153489,11.162408123268765,6.17370821806007,-0.055297278278679904
2119,1333736235887541972,4,11.185488685895058,6.1721094324062991,-0.05500007019760339,11.185301490450801,6.1715157260665343,-0.054830098940889214
2120,1333736235937537972,4,11.206917426541523,6.1729624598564987,-0.057178156973004358,11.206730079167842,6.1723723729401909,-0.057008177272400755
2121,1333736235987536972,4,11.23336373985483,6.1736665113885314,-0.058229668086913086,11.233176265788506,6.1730808971862183,-0.058059679941913384
2122,1333736236037537972,4,11.257876726785224,6.1727345159616753,-0.059619848714236867,11.257689404164362,6.1721530462838574,-0.059449852124503259
2123,1333736236087538972,4,11.283841290457598,6.1708484888798916,-0.060520175624063803,11.283654281467077,6.1702714109297201,-0.060350170589596304
2124,1333736236137535972,4,11.307843372594878,6.1694646877557693,-0.060486821251384729,11.307656591910188,6.1688916683179693,-0.060316807772858895
2125,1333736236187536972,4,11.331424918184183,6.1687114060098924,-0.060806634513834938,11.331238258632057,6.1681423739785268,-0.060636612590575213
2126,1333736236237534972,4,11.357559836853778,6.1706047772126027,-0.058485489244345754,11.357372853842806,6.1700401857424261,-0.058315466089436101
2127,1333736236287536972,4,11.384241692526309,6.1676085656789583,-0.051468326208173397,11.384055217392119,6.1670485078974204,-0.05129830182151527
2128,1333736236337535972,4,11.402872068563651,6.1686976201873636,-0.043132706193960389,11.402685406830182,6.1681407271435207,-0.042962680575627674
2129,1333736236387539972,4,11.423869890848785,6.1659672228156124,-0.029446860414208086,11.423683691888376,6.1654138971397074,-0.029276833564077648
2130,1333736236437536972,4,11.457869043735768,6.1663048497383874,-0.011256239324166851,11.457682785717083,6.1657573020294913,-0.01108621124241109
2131,1333736236487539972,4,11.47455428770397,6.1669881369882971,0.00035257236903230607,11.474367912103911,6.1664434234527956,0.00052260168256118382
2132,1333736236537540972,4,11.499036399792338,6.1649204517960499,0.013532966074565302,11.498850374245901,6.1643798982206581,0.013702996619818013
2133,1333736236587541972,4,11.526294979271107,6.1685390459094958,0.023126244161638908,11.526108337619187,6.1680031266978963,0.023296274886194866
2134,1333736236637540972,4,11.552823598433019,6.1672841201501107,0.02703275897914785,11.552637169333872,6.1667527112667333,0.027202789882999887
2135,1333736236687540972,4,11.571236186433172,6.1667645247636749,0.028626805599399362,11.571049844975537,6.1662362462298299,0.02879683668255105
2136,1333736236737540972,4,11.591724569313573,6.1704051899154218,0.028745476724880484,11.591537608093279,6.1698803946275973,0.028915507987331838
2137,1333736236787542972,4,11.61730472066648,6.1687582993971626,0.030470534794158233,11.617118038659312,6.1682378531998561,0.030640566235916419
2138,1333736236837542972,4,11.647752182967753,6.1686449899286719,0.030173303711799063,11.64756551934669,6.168129720405668,0.030343335332856901
2139,1333736236887541972,4,11.672692030662789,6.167975176906153,0.029875910471420662,11.672505480130793,6.1674641476068004,0.030045942271774574
2140,1333736236937540972,4,11.691187092400614,6.1759722664095991,0.028840731910080991,11.690999181502237,6.1754643816800465,0.02901076373645136
2141,1333736236987541972,4,11.71573071767153,6.1751396046430393,0.028651155212193691,11.715542947657866,6.1746358930603424,0.028821187064581571
2142,1333736237037542972,4,11.748659657481261,6.1744839914496445,0.029438338720087436,11.748471998127238,6.1739858787832951,0.029608370598492816
2143,1333736237087539972,4,11.766802363203368,6.173101506695855,0.027874741014969725,11.76661493831414,6.1726064788265491,0.028044772919390521
2144,1333736237137539972,4,11.793270692950664,6.172254685839822,0.028050987580042971,11.793083411325966,6.1717641583826754,0.028221019510480748
2145,1333736237187540972,4,11.817653612374531,6.1737550001012398,0.029101014188633513,11.817466074956577,6.1732686184373042,0.029271046145088783
2146,1333736237237541972,4,11.845192557842527,6.1781624122878691,0.028202581263794352,11.845004270285996,6.1776807130017533,0.02837261324626713
2147,1333736237287536972,4,11.865357091696627,6.1766062808884632,0.027850324408153129,11.865169068124946,6.1761280102185312,0.028020356394380851
2148,1333736237337540972,4,11.88976662611292,6.1808008359706905,0.026272228486707835,11.88957788866402,6.180326715619854,0.026442260476691196
2149,1333736237387546972,4,11.920033677583966,6.1812963226779036,0.026499419776286701,11.9198448551331,6.1808273486651144,0.026669451770025828
2150,1333736237437541972,4,11.945180739161788,6.1831813877531472,0.025378250737391219,11.944991595510245,6.1827166894964449,0.025548282734885287
2151,1333736237487539972,4,11.969198498122447,6.1844126874450343,0.025998210823881526,11.969009144447554,6.1839520729364734,0.026168242825130774
2152,1333736237537539972,4,11.986173362519946,6.1882703984882621,0.025683600601691708,11.985983352349511,6.1878126701725806,0.025853632606696278
2153,1333736237587539972,4,12.010037620949007,6.1870004216565802,0.026003974227290182,12.00984782605447,6.186546751025527,0.026174006236050078
2154,1333736237637539972,4,12.042571961966726,6.1901213118542335,0.025334451370354536,12.042381635632161,6.189673173043003,0.025504483379663843
2155,1333736237687539972,4,12.065817186295398,6.1867159530338318,0.0256944575341004,12.065627438326311,6.186271766689627,0.025864489543959101
2156,1333736237737539972,4,12.085651037108754,6.1875747852039078,0.025087915204591561,12.085461142505501,6.1871339712224183,0.02525794721499967
2157,1333736237787540972,4,12.110623818022948,6.1907462317959441,0.02498329271524681,12.110433383492754,6.1903096639263788,0.025153324726204348
2158,1333736237837539972,4,12.13922569603977,6.1883934406835506,0.025147767524000029,12.139035660827432,6.187961736068468,0.025317799535506964
2159,1333736237887539972,4,12.156859113017012,6.1930203589535973,0.023822473575925752,12.156668290507053,6.1925916525026432,0.023992505587982098
2160,1333736237937540972,4,12.181576073718002,6.1940301466908592,0.023839623895501458,12.181385078835998,6.1936056428855295,0.024009655908107219
2161,1333736237987537972,4,12.209046666653457,6.1931052795241177,0.023804095863188785,12.208855828289046,6.1926854465958998,0.023974127875942209
2162,1333736238037536972,4,12.235057110796873,6.1941081941799219,0.023548444940414012,12.23486610118653,6.1936927838289213,0.023718476953315085
2163,1333736238086526972,4,12.259343120149953,6.1968613730945199,0.022322964979687551,12.259151641724555,6.1964500920866543,0.0224929969927333
2164,1333736238136526972,4,12.279806788222237,6.2041074096748439,0.021655102916163894,12.279614077100497,6.2036996080244657,0.021825134929357302
2165,1333736238186526972,4,12.305342234157688,6.2015632057559333,0.02153053523700646,12.305149954920582,6.201159745969167,0.021700567250347538
2166,1333736238236524972,4,12.332191454917409,6.2003224859764847,0.021592210502162132,12.331999385911926,6.1999235914182735,0.02176224251565087
2167,1333736238286522972,4,12.35926143981915,6.2059438624688328,0.019820515476242563,12.359068414296146,6.2055495705672969,0.01999054748967442
2168,1333736238336528972,4,12.379316113878923,6.1978833217648752,0.021758549353024171,12.379124458303673,6.1974924398903646,0.021928581366399136
2169,1333736238386522972,4,12.402677154454155,6.2068436333711805,0.019755321703709743,12.402483974689169,6.2064567234658075,0.019925353717027819
2170,1333736238436522972,4,12.429370478695741,6.2121636391618287,0.017289213103403162,12.429176393661336,6.2117812678731088,0.017459245116664353
2171,1333736238486521972,4,12.457777772483993,6.2052147368993413,0.018573104149081126,12.457584868262526,6.2048371958343154,0.018743136162285425
2172,1333736238536521972,4,12.480484902127072,6.2119129777340678,0.017100807180512382,12.480290858349727,6.2115392974850767,0.017270839193659796
2173,1333736238586526972,4,12.501091654646281,6.2175742902451372,0.015816801369488962,12.500896647654404,6.217204113695816,0.015986833382579488
2174,1333736238636521972,4,12.529748039049947,6.2257685751952829,0.013392398446280381,12.529551638007353,6.2254032710272149,0.013562430459415327
2175,1333736238686526972,4,12.552883039588618,6.2138672466174842,0.015926714591574066,12.552688661472661,6.2135058763091529,0.016096746604753433
2176,1333736238736529972,4,12.575131097135145,6.2162555538885043,0.014468673180453568,12.574936312263121,6.2158979664246479,0.014638705193677375
2177,1333736238786524972,4,12.600766240891037,6.2190340047765904,0.013296033997567123,12.600570982877132,6.2186807760646543,0.013466066010835347
2178,1333736238836524972,4,12.627516987920016,6.2125783882671897,0.013215681784711594,12.627322826835139,6.2122297081289295,0.01338571379802425
2179,1333736238886526972,4,12.654485127670931,6.2165050415008221,0.011424156325651264,12.654290298193699,6.2161609467498824,0.011594188339008342
2180,1333736238936525972,4,12.674272808848263,6.2239788288179456,0.0097195940260013068,12.674076707982982,6.2236380984933897,0.0098896260393545078
2181,1333736238986522972,4,12.697054741691417,6.2246355566703775,0.0077742189397430701,12.696858528513154,6.2242986999893857,0.0079442509530923949
2182,1333736239036526972,4,12.730953487922708,6.2211637184736386,0.007347914924956663,12.730757864259115,6.2208326257100435,0.0075179469383021193
2183,1333736239086525972,4,12.749102265063762,6.2202827964351544,0.0071522303346871425,12.748906790603856,6.2199547895525633,0.0073222623480287147
2184,1333736239136525972,4,12.772088097308661,6.2242110044582502,0.0069180936858473296,12.77189195427645,6.2238869058413568,0.0070881256991850283
2185,1333736239186535972,4,12.801313399802616,6.224351481761869,0.0061071262218868362,12.801117232143321,6.2240323523751107,0.0062771582352206569
2186,1333736239236523972,4,12.825779467445443,6.2201425512045621,0.0051925455453896542,12.825584014766573,6.2198275818885342,0.0053625775587195987
2187,1333736239286522972,4,12.852214301995478,6.226843151761936,-0.00066578291762573014,12.852017709300277,6.2265326771210026,-0.00049575090425359549
2188,1333736239336526972,4,12.871307021833609,6.2249442961918398,-0.0052668236813266317,12.871110751411019,6.2246370679557721,-0.0050967916679122904
2189,1333736239386525972,4,12.901085469538938,6.2265108164705687,-0.018091200947983381,12.900888932009691,6.2262086515050896,-0.017921168934526836
2190,1333736239436525972,4,12.92588375857334,6.2273135233624934,-0.033570713333917444,12.925687083882147,6.2270155748922447,-0.033400681320418693
2191,1333736239486521972,4,12.944074230638975,6.2257862944955571,-0.04948006337985137,12.943877815045047,6.225491439013803,-0.049310031366310444
2192,1333736239536523972,4,12.971302994382441,6.2276388464066068,-0.07194872754046884,12.97110626308416,6.2273486206634168,-0.071778695526885733
2193,1333736239586529972,4,13.000325265405607,6.2182064084246615,-0.096349030790171153,13.000130137186563,6.2179211175368225,-0.096178998776545829
2194,1333736239636539972,4,13.028073886280279,6.2225731538374465,-0.11853627386072331,13.027878014821926,6.2222925810588752,-0.11836624184719739
2195,1333736239686526972,4,13.048300168733704,6.222392635870845,-0.138666761764656,13.048104327325284,6.2221155022289194,-0.13849672975122942
2196,1333736239736527972,4,13.064555091850654,6.2181724291465548,-0.1525301731687837,13.064359967425887,6.2178980594414517,-0.15236014115545654
2197,1333736239786522972,4,13.090917499961101,6.2181131390052728,-0.17146234354492373,13.0907223848849,6.2178432517728508,-0.171292311531696
2198,1333736239836527972,4,13.121816585334106,6.214885115530894,-0.1927843017893226,13.121622018326924,6.2146204821973239,-0.19261426977619422
2199,1333736239886528972,4,13.14603203435963,6.2105114380567352,-0.20843002052375165,13.14583821036117,6.2102509222489797,-0.20825998851058272
2200,1333736239936525972,4,13.162623727757232,6.2060316355068892,-0.21984243698590469,13.162430664922381,6.2057739409439696,-0.21967240497269513
2201,1333736239986528972,4,13.18344972333063,6.199038042388981,-0.2323467103310366,13.183257849023013,6.1987838890741624,-0.23217667831778643
2202,1333736240036527972,4,13.215449069221378,6.193857378127916,-0.24647333755472037,13.215258075023565,6.1936086658622314,-0.24630330554142948
2203,1333736240086525972,4,13.240736552166473,6.1939177671149102,-0.25918607098426905,13.240545547028658,6.1936733545910343,-0.25901603897093761
2204,1333736240136523972,4,13.260974475463064,6.1846284083878613,-0.26683249735653253,13.260785049214663,6.1843874371541601,-0.2666624653431604
2205,1333736240186523972,4,13.289488304770224,6.1796424965979817,-0.27986752191205683,13.289299725567851,6.179406373761207,-0.27969748989864407
2206,1333736240236522972,4,13.31551162832787,6.1772060788362042,-0.29177765678443279,13.31532346271198,6.1769743809111279,-0.29160762477106028
2207,1333736240286525972,4,13.328846285675787,6.1691459430052875,-0.29969599925666418,13.328659490041877,6.1689165125937571,-0.29952596724333191
2208,1333736240336527972,4,13.355080385603681,6.1655412841083681,-0.31082164220270531,13.354894202191579,6.1653163144641558,-0.31065161018941334
2209,1333736240386525972,4,13.383639314088335,6.1593656865977469,-0.32473813584719236,13.383454180006325,6.1591455730532862,-0.32456810383394058
2210,1333736240436522972,4,13.407106193356986,6.1495063955513105,-0.33491647936280472,13.406922735024507,6.1492902723484733,-0.33474644734959313
2211,1333736240486526972,4,13.429281167371942,6.145199209181806,-0.34672862281446731,13.429098440772092,6.144986856575092,-0.34655859080129603
2212,1333736240536528972,4,13.452051125223351,6.1397580431136225,-0.35547240053870471,13.451869323160397,6.1395495622857164,-0.35530236852557368
2213,1333736240586524972,4,13.470522523977955,6.1300950296848047,-0.36601323805709757,13.470342364365274,6.1298896898385395,-0.36584320604393045
2214,1333736240636524972,4,13.499626353054829,6.1201125982872862,-0.3802313188254301,13.499447890049979,6.1199122072808114,-0.38006128681222684
2215,1333736240686525972,4,13.528632908123917,6.1160446340853554,-0.39126749064828314,13.528455136079538,6.1158491752934854,-0.39109745863504375
2216,1333736240736522972,4,13.539259566242368,6.1084212921435954,-0.40102219094663771,13.539083089952211,6.1082276404468496,-0.40085215893336212
2217,1333736240786524972,4,13.56201107941742,6.097089703011596,-0.41092155485162346,13.561836529226916,6.0968999200770977,-0.41075152283831184
2218,1333736240836527972,4,13.591572930983567,6.0899275132849882,-0.4253738894370192,13.591399597862893,6.0897427570280138,-0.42520385742367139
2219,1333736240886525972,4,13.613929384299398,6.0782704873603164,-0.43643956574447496,13.613758032618787,6.0780895326974669,-0.43626953373109101
2220,1333736240936523972,4,13.633154771093793,6.0754133717941929,-0.44611088036774454,13.632983904639969,6.075235686233353,-0.44594084835438069
2221,1333736240986528972,4,13.658535885681479,6.0585216930755008,-0.45896920847961903,13.658367890690439,6.0583483234903506,-0.45879917646627538
2222,1333736241036524972,4,13.685198366036055,6.0508382149331323,-0.47006145286094897,13.685031676800449,6.0506693790637387,-0.46989142084762547
2223,1333736241086522972,4,13.696643252057925,6.0419541067551865,-0.47905952559924858,13.696478072943263,6.0417872171407199,-0.47888949358594524
2224,1333736241136523972,4,13.72137451040992,6.0357540290455152,-0.49087302176307679,13.72121038485302,6.0355913447558089,-0.49070298974979348
2225,1333736241186523972,4,13.7458209065909,6.0171588112275609,-0.50338025107531248,13.745659942166501,6.0170002840061017,-0.50321021906204944
2226,1333736241236526972,4,13.772727633166905,6.0103650037811862,-0.51616708373898312,13.772567823221872,6.0102110517923153,-0.51599705172574029
2227,1333736241286527972,4,13.792910342502893,6.0013265842655761,-0.52729692504741577,13.792752068815952,6.001176064267514,-0.52712689303409599
2228,1333736241336521972,4,13.808308012640627,5.9869405034715149,-0.53492161083901191,13.808152184554599,5.9867926019317039,-0.53475157882561519
2229,1333736241386525972,4,13.829047518872432,5.9782029956601548,-0.5474063767025078,13.82889317587181,5.9780586207801161,-0.54723634468903404
2230,1333736241436524972,4,13.854793580807303,5.9603689564866382,-0.56004016434804449,13.854642269521282,5.9602289596725972,-0.5598701323344939
2231,1333736241486528972,4,13.879122796507929,5.954289211631095,-0.57273008326592578,13.878972518350642,5.9541533518039396,-0.57256005125229836
2232,1333736241536524972,4,13.892675273128226,5.9400709085194956,-0.5803707495016982,13.892527412070942,5.9399373534062132,-0.58020071748799362
2233,1333736241586522972,4,13.914242217668193,5.9288994480417658,-0.5910068497273232,13.914096255534266,5.9287695603144348,-0.59083681771354191
2234,1333736241636527972,4,13.941989658406207,5.9096105943510393,-0.60422701781473986,13.94184697532735,5.9094854250315132,-0.60405698580026479
2235,1333736241686524972,4,13.961746251077003,5.9006531924814158,-0.61520026154049856,13.961605090491226,5.9005313827203629,-0.61503022952532982
2236,1333736241736522972,4,13.977914056653733,5.889467014009595,-0.62397705667149794,13.977774797576302,5.8893479536305637,-0.62380702465563531
2237,1333736241786520972,4,14.005369631542294,5.8721136551145126,-0.63664413341842629,14.005233322428172,5.8719992634888465,-0.63647410140187011
2238,1333736241836519972,4,14.025442772911166,5.859187608096649,-0.64762077904892912,14.025308661082319,5.8590766299103292,-0.64745074703167915
2239,1333736241886523972,4,14.036915566879895,5.8483621744010703,-0.65585453519453996,14.036783295289121,5.8482531472893644,-0.6556845031765961
2240,1333736241936520972,4,14.056646614467962,5.8325279281735822,-0.66656668845525835,14.056517034654439,5.8324222563764101,-0.66639665643662094
2241,1333736241986523972,4,14.084626378195905,5.8175644592664479,-0.68055665207447957,14.084499341954553,5.817463545333327,-0.68038662004952788
2242,1333736242036532972,4,14.102116132176995,5.8002789646804684,-0.69168421517529444,14.101992034478348,5.8001810250076833,-0.69151418314402768
2243,1333736242086524972,4,14.122327425254833,5.7908373684651817,-0.70384456679437146,14.122204932345852,5.7907428656883368,-0.70367453475679176
2244,1333736242136530972,4,14.13681274202234,5.7770444669896328,-0.71129956267939376,14.13669259384716,5.7769524275724873,-0.71112953063549944
2245,1333736242186522972,4,14.15401716194847,5.7611467091870256,-0.72337651611625875,14.153899716361073,5.7610575954948189,-0.72320648406605148
2246,1333736242235507972,4,14.181874451509394,5.7408975204238688,-0.73600561081198135,14.181760448244617,5.7408131438451599,-0.73583557875558825
2247,1333736242285506972,4,14.197362546305342,5.7288996279981612,-0.7464343170019907,14.197250582749495,5.7288178850968334,-0.74626428493234842
2248,1333736242335507972,4,14.20650591765216,5.7154041827461191,-0.75169685262455421,14.206396248529289,5.7153239947376937,-0.75152682054166231
2249,1333736242385505972,4,14.219467206872837,5.7037389360060322,-0.75879850082764921,14.219359520935633,5.7036609520328705,-0.75862846873150835
2250,1333736242435511972,4,14.235971150538159,5.6949483835093639,-0.76873153242221992,14.235864958945383,5.6948732058952638,-0.76856150031282788
2251,1333736242485507972,4,14.243799501126039,5.6833720814439728,-0.77330605912090922,14.243695277670259,5.6832982351001364,-0.77313602699826889
2252,1333736242535511972,4,14.247689915136986,5.6793731274581551,-0.7755268266080908,14.247586371482747,5.6792999426994957,-0.77535679447219985
2253,1333736242585506972,4,14.250901976297415,5.68018985227258,-0.77725016158607985,14.250798293634436,5.6801172136877911,-0.77708012943694083
2254,1333736242635513972,4,14.250960669130976,5.67603504132176,-0.77656805171289534,14.250857692825768,5.6759624128087651,-0.7763980195505048
2255,1333736242685508972,4,14.248775092221589,5.6753302519066411,-0.7773018671319416,14.248672235692059,5.6752572518174977,-0.77713183495630311
2256,1333736242735507972,4,14.245200613286377,5.6788417660677233,-0.77672094726064034,14.245097159645292,5.6787681581833782,-0.77655091507175267
2257,1333736242785509972,4,14.244123821619754,5.6825102527409586,-0.77680325198394118,14.244019744140529,5.682436461746315,-0.77663321978180355
2258,1333736242835507972,4,14.247167495651258,5.6792322279057874,-0.77583121970963076,14.247063975404975,5.6791589545131345,-0.77566118749424429
2259,1333736242885508972,4,14.251519542921727,5.6810402945948208,-0.77651022192165631,14.251415715090081,5.6809677611963378,-0.7763401896930201
2260,1333736242935505972,4,14.249720944848127,5.6799277769495884,-0.77665132936513381,14.249617306113489,5.6798549377795942,-0.77648129712324898
2261,1333736242985510972,4,14.252692008816794,5.6745821360287634,-0.77701917795417719,14.252589278877725,5.6745098021447973,-0.77684914569904162
2262,1333736243035509972,4,14.253504781190207,5.674130945618777,-0.77802903468949114,14.253402127863538,5.6740587499709472,-0.77785900242110628
2263,1333736243085508972,4,14.256023004980321,5.6745752640734857,-0.77871189520696948,14.255920275975994,5.6745034966306633,-0.77854186292533523
2264,1333736243135508972,4,14.258251367841941,5.6741995705814539,-0.77992229607261143,14.258148702592653,5.6741281820698433,-0.77975226377772777
2265,1333736243185508972,4,14.26216041597065,5.6685130861341229,-0.7806362308539514,14.262058717458144,5.6684423624013434,-0.78046619854581833
2266,1333736243235513972,4,14.269113925450853,5.6628904842047483,-0.78190079131631329,14.269013182769175,5.662820942906813,-0.78173075899492939
2267,1333736243285510972,4,14.273363702873231,5.6537647799816675,-0.78210819508529639,14.273264511702287,5.6536959614475242,-0.78193816275066397
2268,1333736243335509972,4,14.28373352258407,5.6501861876640698,-0.78286000771150432,14.283634939647175,5.6501191324187996,-0.78268997536362261
2269,1333736243385509972,4,14.299117374726457,5.6386989222234156,-0.78410432107675843,14.299020744681576,5.6386344829293868,-0.78393428871562731
2270,1333736243435509972,4,14.31116269683999,5.6262776309701499,-0.78574900606379816,14.311068178585506,5.6262152399202776,-0.7855789736805322
2271,1333736243485510972,4,14.323023085023548,5.6136761253747585,-0.78594986039483306,14.322930709204961,5.6136157511274201,-0.78577982798943169
2272,1333736243535507972,4,14.334650978386396,5.603569376167389,-0.7871688520343525,14.334560320818143,5.6035109791553923,-0.78699881960681739
2273,1333736243585508972,4,14.343194828952983,5.5983889572979066,-0.78802725720070566,14.343105052044082,5.5983320130632013,-0.78785722475103526
2274,1333736243635508972,4,14.349872356886186,5.5889201224004719,-0.78935068371165529,14.349784189833816,5.588864313669978,-0.78918065123984993
2275,1333736243685508972,4,14.353034781175168,5.5913913549153698,-0.78999726942133885,14.352946193831134,5.5913360838349471,-0.78982723692739865
2276,1333736243735506972,4,14.349587700159354,5.5888765034975387,-0.78895228201557999,14.349499540415485,5.5888206463085943,-0.78878224949950559
2277,1333736243785512972,4,14.352376239093863,5.5903968092686247,-0.78933276735675972,14.352287820752103,5.5903414261709532,-0.78916273481854793
2278,1333736243835505972,4,14.347001302810241,5.5906809964312369,-0.78830064057866667,14.34691283616896,5.5906246993862529,-0.78813060801832302
2279,1333736243885511972,4,14.347321799249883,5.5909871607314594,-0.78904973800215417,14.347233280489892,5.5909309181477278,-0.78887970541967289
2280,1333736243935507972,4,14.34707634690581,5.5943222716177665,-0.7896293911687291,14.34698726101561,5.5942659872217755,-0.78945935856411475
2281,1333736243985505972,4,14.347006155598397,5.5888244933368734,-0.78838411856063861,14.346918004454643,5.5887681970563916,-0.7882140859338902
2282,1333736244035508972,4,14.34759619755555,5.5911791460945306,-0.78875976332389108,14.347507645979301,5.5911229500772519,-0.78858973067500648
2283,1333736244085507972,4,14.346201135151054,5.5931973759024114,-0.78860736646998786,14.346112240373794,5.5931409426206313,-0.78843733379896885
2284,1333736244135506972,4,14.348947887937463,5.5908632081391803,-0.78914173273202615,14.348859389949107,5.5908072418997401,-0.78897170003887263
2285,1333736244185503972,4,14.346859497571964,5.5935307165820358,-0.78903114005810637,14.34677054599393,5.5934743951802428,-0.78886110734281922
2286,1333736244235519972,4,14.347600362405839,5.5903874364044128,-0.78847730890707635,14.347511945221379,5.5903312409901655,-0.78830727616964713
2287,1333736244285506972,4,14.347392101695442,5.5914147354296873,-0.78878632108159086,14.347303509783359,5.5913585045603122,-0.78861628832203257
2288,1333736244335508972,4,14.349376977294938,5.5897948023642883,-0.7892891683157629,14.349288660739704,5.5897389089831009,-0.78911913553406887
2289,1333736244385509972,4,14.348224767624735,5.5927978925629649,-0.78950419991378551,14.348135940406166,5.5927418031958238,-0.78933416710995596
2290,1333736244435509972,4,14.34714541659406,5.5899838299825468,-0.7885326070978711,14.347057067817895,5.5899275571018512,-0.7883625742719067
2291,1333736244485510972,4,14.347450391284411,5.5908193201122378,-0.78912293848795845,14.34736190038692,5.5907630990460273,-0.78895290563985865
2292,1333736244535512972,4,14.347066946381663,5.5935060112215593,-0.78851688630348404,14.346977998607748,5.5934497248891288,-0.7883468534332484
2293,1333736244585507972,4,14.344975871641484,5.5897620785524902,-0.78858797973741934,14.344887560433273,5.5897054366935457,-0.78841794684505107
2294,1333736244635514972,4,14.349127766869531,5.5905078580243766,-0.78907830026323067,14.349039328738094,5.5904519220842905,-0.78890826734872432
2295,1333736244685507972,4,14.347501192554496,5.5914723983105734,-0.78899239388656195,14.347412590386803,5.5914161857562341,-0.78882236094992375
2296,1333736244735512972,4,14.348538011947971,5.5913652858886485,-0.78917135389758108,14.348449427921745,5.5913092496001786,-0.78900132093880571
2297,1333736244785507972,4,14.347543345065107,5.5885873768920922,-0.78884391925754671,14.347455233333227,5.5885311714884853,-0.78867388627663881
2298,1333736244835506972,4,14.347669034166421,5.5889852572264136,-0.78805058544209428,14.347580854723821,5.5889290731592087,-0.78788055243905186
2299,1333736244885512972,4,14.350138187471691,5.5906881614913377,-0.78886117475846884,14.350049718387302,5.590632397207977,-0.78869114173328891
2300,1333736244935511972,4,14.348625285195512,5.5949680416785963,-0.78961459295526326,14.348536088355761,5.5949120200608986,-0.78944455990794882
2301,1333736244985506972,4,14.348592689944649,5.5894206928221708,-0.78834752145855236,14.348504436281864,5.5893646657132781,-0.78817748838910517
2302,1333736245035509972,4,14.346763617329559,5.5935971779107225,-0.78877513189523552,14.346674653496411,5.5935408397094655,-0.78860509880365204
2303,1333736245085508972,4,14.349650799774059,5.5911973793152558,-0.78909260049217278,14.349562243888171,5.5911415320361471,-0.7889225673784549
2304,1333736245135510972,4,14.347971172413777,5.5928659015440747,-0.78950303519508935,14.347882332791922,5.5928097686194436,-0.78933300205923562
2305,1333736245185505972,4,14.348378453875478,5.5898212963711025,-0.78789843175282392,14.348290131875359,5.589765232712705,-0.78772839859483756
2306,1333736245235512972,4,14.347442307561307,5.5956422546816098,-0.7893714976541234,14.347352995762519,5.5955860317340038,-0.78920146447399897
2307,1333736245285508972,4,14.349846669510377,5.5920579869601514,-0.78932879128549449,14.349757967065081,5.5920021728565752,-0.78915875808323699
2308,1333736245335506972,4,14.348673083519843,5.5944885415978565,-0.78883777541946687,14.348583967760277,5.5944325278814446,-0.78866774219507529
2309,1333736245385505972,4,14.348812700297875,5.5923744730314677,-0.78925748332588597,14.348723943941984,5.5923184830559931,-0.78908745007935976
2310,1333736245435509972,4,14.347634388580122,5.5927467511867315,-0.78919376823546916,14.347545568885385,5.5926905608245656,-0.78902373496680622
2311,1333736245485507972,4,14.349145182290791,5.5925261624425886,-0.78928351051878132,14.349056400025436,5.592470228939697,-0.78911347722798442
2312,1333736245535507972,4,14.346584791626986,5.5948629004598125,-0.78971453986199658,14.346495612019131,5.5948065315423294,-0.78954450654906505
2313,1333736245585506972,4,14.347705995465843,5.5894801456588796,-0.7882149165075566,14.347617731033276,5.5894239674320714,-0.78804488317249044
2314,1333736245635509972,4,14.351313398464853,5.5916097992798495,-0.78953117748890256,14.35122477181184,5.5915542343719551,-0.7893611441317
2315,1333736245685506972,4,14.350227179839866,5.5929983994112051,-0.78982462185879565,14.350138317038001,5.5929426497607562,-0.78965458847945968
2316,1333736245735504972,4,14.347733855820803,5.5904442325080836,-0.78887885076963282,14.347645427292452,5.5903880589171129,-0.78870881736816267
2317,1333736245785510972,4,14.347520344870681,5.5956199017428609,-0.78945806170331445,14.347431036252496,5.5955636917439326,-0.78928802827970701
2318,1333736245835506972,4,14.346890586729872,5.5907378382613659,-0.78853494786878819,14.346802108178593,5.5906815212239236,-0.78836491442304746
2319,1333736245885504972,4,14.347065718313818,5.5930249911674093,-0.7893880477321934,14.346976850811304,5.5929687038459788,-0.78921801426431848
2320,1333736245935504972,4,14.34598893968086,5.5909114192803688,-0.78860407316732095,14.345900431515698,5.5908549488719101,-0.78843403967731107
2321,1333736245985502972,4,14.345194350358978,5.5906260695375112,-0.789211963284002,14.345105890668156,5.5905694639971895,-0.78904192977185816
2322,1333736246035498972,4,14.345796829783355,5.5903761399912737,-0.78839965672475643,14.345708412524072,5.5903196368670773,-0.7882296231904794
2323,1333736246085508972,4,14.346295174104453,5.592215545877929,-0.78933930617543269,14.346206444021071,5.592159127433213,-0.78916927261901637
2324,1333736246135509972,4,14.349596662990507,5.5923936896936208,-0.78986852790082129,14.349507902512769,5.5923378325811246,-0.78969849432226968
2325,1333736246185509972,4,14.348209282078148,5.5924530969316386,-0.78947746693441423,14.348120511463035,5.5923970038878146,-0.78930743333372777
2326,1333736246234497972,4,14.34700164373205,5.5931407351731384,-0.78945308394435132,14.346912756157707,5.5930844367517141,-0.78928305032197787
2327,1333736246284490972,4,14.347130386048677,5.5898160547795488,-0.78880211617921947,14.347042063723789,5.5897597782675605,-0.78863208253471417
2328,1333736246334490972,4,14.347163360981789,5.5919520461176369,-0.78940325336840855,14.347074675409836,5.5918957751524685,-0.7892332197017683
2329,1333736246384490972,4,14.347340207823034,5.5926639070431063,-0.78948226492895845,14.347251401151999,5.5926076661084165,-0.78931223124018335
2330,1333736246434494972,4,14.350152733672543,5.5923431058354849,-0.78897494408478974,14.350063981451655,5.5922873431004856,-0.7888049103738779
2331,1333736246484493972,4,14.348989912503718,5.5927250544697618,-0.78958710932667553,14.348901095299288,5.5926690939813346,-0.78941707559362917
2332,1333736246534512972,4,14.348853525406504,5.5908846582487524,-0.78963127832991686,14.348765021077293,5.5908286745673976,-0.78946124457472722
2333,1333736246584496972,4,14.349311433691582,5.5926247322573692,-0.78868818728638024,14.349222633428242,5.5925688263816298,-0.78851815350906274
2334,1333736246634494972,4,14.349965240253207,5.5931755928225737,-0.78950360784374396,14.349876346259299,5.5931197980789822,-0.78933357404429261
2335,1333736246684494972,4,14.348404630211034,5.5965675736450926,-0.78976535833438855,14.348315159432007,5.5965115134668899,-0.78959532451280201
2336,1333736246734497972,4,14.346503528684362,5.5924659921475941,-0.7887509055509031,14.346414755284183,5.5924096087479587,-0.78858087170718039
2337,1333736246784497972,4,14.345808889160743,5.5905987234593004,-0.78892143522651226,14.345720433213314,5.5905422219452499,-0.78875140136065458
2338,1333736246834495972,4,14.348223303962815,5.5942454560833488,-0.78969695661878558,14.348134227856196,5.5941893650197354,-0.78952692273079383
2339,1333736246884499972,4,14.346741221319746,5.5919702304350158,-0.78884689914807149,14.346652532043818,5.5919138873708558,-0.788676865237943
2340,1333736246934495972,4,14.346680740130738,5.5919674168678872,-0.78947303487857612,14.3465920512779,5.5919110634907554,-0.78930300094631467
2341,1333736246984494972,4,14.350722916636128,5.5929058862777223,-0.78960794753296992,14.350634068096999,5.5928502201651158,-0.78943791357857385
2342,1333736247034496972,4,14.346962818858731,5.5893690091823931,-0.78908436203980536,14.346874571707014,5.5893127037474661,-0.78891432806327366
2343,1333736247084494972,4,14.346262812424795,5.5908323702094886,-0.78853532578062746,14.346174316405939,5.5907759456993604,-0.7883652917819618
2344,1333736247134493972,4,14.348316494773112,5.5916796671628131,-0.7887230620364033,14.348227854599095,5.5916235918071315,-0.78855302801560301
2345,1333736247184493972,4,14.346791649995339,5.5943359234312,-0.78937918891638725,14.34670255813319,5.5942795887324746,-0.789209154873452
2346,1333736247234497972,4,14.346110236889929,5.5910736446420897,-0.78836550072473566,14.346021699679898,5.5910171940979208,-0.78819546665966378
2347,1333736247284494972,4,14.343906622233149,5.5905585744927695,-0.78844347326360287,14.343818172578287,5.5905017492372684,-0.78827343917639725
2348,1333736247334496972,4,14.34757924628639,5.5909709057039141,-0.78862802963274781,14.347490726411904,5.5909147048845842,-0.78845799552340656
2349,1333736247384498972,4,14.349133587253347,5.5913274537816982,-0.78921258330235,14.349045006674876,5.5912715172190861,-0.78904254917087302
2350,1333736247434494972,4,14.348267663387556,5.5860762511198656,-0.78843353319101206,14.348179975649224,5.586020167367427,-0.78826349903740189
2351,1333736247484494972,4,14.348747673973183,5.5911923913903818,-0.78936434730038529,14.348659116253156,5.5911363891530614,-0.78919431312464028
2352,1333736247534495972,4,14.350369226258804,5.592863751151226,-0.78950942182679384,14.350280384270846,5.592808024579969,-0.7893393876289132
2353,1333736247584493972,4,14.34809800103146,5.5919982136044979,-0.78902850118375178,14.348009306191123,5.591942100830666,-0.78885846696373718
2354,1333736247634491972,4,14.346232491656227,5.5897634222067012,-0.78826582752898267,14.346144176777731,5.5897069922355742,-0.7880957932868341
2355,1333736247684789972,4,14.348306957357389,5.5888605720207103,-0.78823570445137459,14.348218795907888,5.5888044947635374,-0.78806567018695917
2356,1333736247734493972,4,14.349523909617,5.5941305440347495,-0.78964640341552883,14.34943485201819,5.5940746735960492,-0.78947636912910946
2357,1333736247784497972,4,14.349026869943769,5.5926103644626499,-0.78846482894406522,14.34893807077858,5.5925544095030277,-0.78829479463550933
2358,1333736247834492972,4,14.351087717710703,5.5943176043336749,-0.78909040163424526,14.350998628170133,5.5942619997351333,-0.78892036730355664
2359,1333736247884494972,4,14.349949249405048,5.5899623599728994,-0.78861217829259245,14.349860900365844,5.5899065618295314,-0.78844214393976797
2360,1333736247934491972,4,14.347580427477149,5.591771503448391,-0.78923542720633599,14.347491770799463,5.5917153024686277,-0.789065392831378
2361,1333736247984489972,4,14.346554115228086,5.5895221909536534,-0.78903489522716441,14.346465840969538,5.5894658154688814,-0.78886486083007223
2362,1333736248034498972,4,14.347859495957728,5.5891128998327444,-0.78821802848264888,14.347771291217741,5.5890567462843723,-0.78804799406341786
2363,1333736248084495972,4,14.347783711048903,5.5916143733990413,-0.78877322027581998,14.347695080917225,5.5915582068993306,-0.78860318583445532
2364,1333736248134497972,4,14.348566069262986,5.5893676186911172,-0.78928893293002567,14.348477821089542,5.5893115852226032,-0.78911889846652528
2365,1333736248184496972,4,14.346668139111223,5.5907423432672552,-0.78919116804959044,14.346579657158495,5.5906859870361734,-0.78902113356395553
2366,1333736248234501972,4,14.348285554279684,5.5944260864425619,-0.78952197991800499,14.348196445883952,5.5943700051454552,-0.78935194541023301
2367,1333736248284496972,4,14.347464738060513,5.5919194726772785,-0.78968358649756909,14.347376055831294,5.5918632518201825,-0.78951355196766426
2368,1333736248334500972,4,14.346827826312559,5.5928336549795477,-0.78874087613838317,14.346738988593772,5.5927773257830866,-0.78857084158634172
2369,1333736248384498972,4,14.346091739355533,5.5897204827929174,-0.78841205377408752,14.346003430938081,5.58966402845207,-0.7882420191999121
2370,1333736248434499972,4,14.347899323888893,5.5902444139373495,-0.78887521089073054,14.347810926302747,5.5901882669116594,-0.78870517629441972
2371,1333736248484498972,4,14.346098404597969,5.5888407151561843,-0.78898390961845066,14.346010245346765,5.5887842616686259,-0.78881387486824384
2372,1333736248534507972,4,14.346934575237794,5.592943941611761,-0.78934847746504488,14.346845717914267,5.592887629979451,-0.78917844256091119
2373,1333736248584497972,4,14.349701298543859,5.5897574534982697,-0.78865528310670929,14.349612982626011,5.589701612088577,-0.78848524804870712
2374,1333736248634496972,4,14.348046829039829,5.5908723416546238,-0.78922206744468892,14.347958323207068,5.5908162186477233,-0.78905203223279075
2375,1333736248684496972,4,14.345938965202771,5.5902043839316518,-0.78881789835669669,14.345850572608148,5.5901479022597274,-0.7886478629908994
2376,1333736248734495972,4,14.350048883994111,5.5925045195935494,-0.78917896147188915,14.349960099866657,5.592448736456948,-0.78900892595219574
2377,1333736248784496972,4,14.350693224335222,5.5927547608301191,-0.78938115081343108,14.35060439727949,5.592699086987766,-0.78921111513983544
2378,1333736248834497972,4,14.348251995134625,5.5905454110027266,-0.78894084275723608,14.348163543413747,5.5904893218330036,-0.78877080692973833
2379,1333736248884498972,4,14.346506896716976,5.59027262615942,-0.78882266826769776,14.346418491035836,5.5902162400008653,-0.78865263228629789
2380,1333736248934497972,4,14.346747640993986,5.5930132274715163,-0.78897076747380102,14.346658768939443,5.5929568819450548,-0.78880073133850503
2381,1333736248984494972,4,14.348764844308272,5.5934318911390095,-0.78931080427196576,14.34867590066748,5.5933758883407947,-0.78914076798277999
2382,1333736249034495972,4,14.347962447382219,5.5900606571987996,-0.78896575777120126,14.347874076616483,5.590004517749426,-0.78879572132811293
2383,1333736249084496972,4,14.348575381265183,5.5912474904451646,-0.78871854113291595,14.348486808316851,5.5911914549365234,-0.78854850453592562
2384,1333736249134497972,4,14.346541226326021,5.5915177109189695,-0.7890848103048117,14.346452607090852,5.5914613292621231,-0.78891477355391915
2385,1333736249184500972,4,14.34792271639362,5.5894938182584353,-0.78864218306267608,14.347834440906032,5.5894376712716101,-0.7884721461578752
2386,1333736249234498972,4,14.347822006076603,5.5925497340776777,-0.78929163501840438,14.347733210602993,5.592493569658898,-0.78912159795971049
2387,1333736249284498972,4,14.347492811412462,5.5942929484972463,-0.78918570122056675,14.347403719163266,5.5942367278146081,-0.78901566400797363
2388,1333736249334497972,4,14.34638760030132,5.5903080005332555,-0.78892341471420424,14.346299185288869,5.5902515917176769,-0.78875337734771522
2389,1333736249384495972,4,14.350839632499216,5.5937411880205605,-0.7892136868193016,14.350750633283054,5.5936855359043349,-0.78904364929891946
2390,1333736249434494972,4,14.348029594078426,5.5936332220244909,-0.78908975309163598,14.347940612891975,5.5935770918345842,-0.78891971541735784
2391,1333736249484495972,4,14.348450872002948,5.5909107178764605,-0.78919972277332351,14.348362353369893,5.5908546590958048,-0.78902968494514314
2392,1333736249534494972,4,14.349516593531336,5.5910715702447309,-0.78911900480421882,14.3494280471631,5.5910156924116734,-0.78894896682214222
2393,1333736249584498972,4,14.348436660824362,5.5900506359066977,-0.78859165824149924,14.348348287700682,5.5899945741955772,-0.78842162010551142
2394,1333736249634495972,4,14.345771132088164,5.5886243916545641,-0.78900249722507243,14.345683001150531,5.588567876458912,-0.7888324589351946
2395,1333736249684493972,4,14.347776950369644,5.5944369457514931,-0.78953354513563179,14.347687830676957,5.5943807712744071,-0.78936350669186084
2396,1333736249734496972,4,14.347761044218066,5.5889388511289226,-0.7886683004987104,14.347672859044568,5.5888826737633215,-0.78849826190103134
2397,1333736249784496972,4,14.34791157968537,5.5915672448378517,-0.78936588969055455,14.347822947212441,5.5915110927677887,-0.78919585093897626
2398,1333736249834498972,4,14.345830532104827,5.5913261150654918,-0.7890948431211332,14.345741940294541,5.5912696088765506,-0.78892480421564948
2399,1333736249884493972,4,14.348901960211219,5.590944350928825,-0.78912477004792037,14.34881343290254,5.5908883667445508,-0.78895473098855295
2400,1333736249934493972,4,14.346760640669681,5.5925469563477721,-0.78905676712331407,14.346671840517413,5.5924906077688883,-0.78888672791004766
2401,1333736249984493972,4,14.346723625969277,5.5896761225570035,-0.78912142505562699,14.346635313603283,5.5896197674621879,-0.78895138568846135
2402,1333736250034496972,4,14.34899009670011,5.5917716578346148,-0.78937733987856373,14.348901427608928,5.5917156878355989,-0.78920730035748965
2403,1333736250084492972,4,14.348694461423293,5.586444716112057,-0.78839181228562716,14.348606697758944,5.5863886956572086,-0.78822177261066639
2404,1333736250133483972,4,14.346896693052244,5.5900715946072257,-0.78930545848644051,14.346808312339443,5.5900152681498554,-0.78913541866068626
2405,1333736250184491972,4,14.34746591241368,5.5874453441163574,-0.78892419415641324,14.347377977884161,5.5873891142182339,-0.78875415417365724
2406,1333736250233481972,4,14.34841053500122,5.5921102024519005,-0.78911970542740395,14.34832180688411,5.592054132852037,-0.78894966529385757
2407,1333736250283479972,4,14.345088204644126,5.589971314824048,-0.78853169657833289,14.344999839903169,5.5899146800618853,-0.7883616562908935
2408,1333736250333482972,4,14.349689412692742,5.592666994391287,-0.7894056622385065,14.349600589142074,5.5926111417178426,-0.78923562179715889
2409,1333736250383480972,4,14.348872956762959,5.5930479947580638,-0.78893109368135939,14.34878406806954,5.5929920029854427,-0.78876105308611866
2410,1333736250433481972,4,14.348665617889857,5.5934266003187361,-0.78929708036811519,14.348576664451949,5.5933705730214234,-0.78912703961897224
2411,1333736250483480972,4,14.346645201361044,5.5894879325975788,-0.78912042834165164,14.346556917317804,5.5894315615405761,-0.78895038743861268
2412,1333736250533481972,4,14.344325231135667,5.5884722868730146,-0.78878698297063399,14.344237119458882,5.5884155210770059,-0.7886169419136928
2413,1333736250583481972,4,14.348200688703963,5.5906984223191634,-0.78927614522785994,14.348112198067982,5.5906423152146081,-0.78910610401701975
2414,1333736250633480972,4,14.348420016270634,5.5872764449508594,-0.78863425945478072,14.348332107140449,5.5872203749272833,-0.7884642180900443
2415,1333736250683479972,4,14.348356750686367,5.5895086868911612,-0.78859254204195239,14.348268461615081,5.5894526058143184,-0.78842250052331997
2416,1333736250733480972,4,14.349022765584206,5.5916513555494314,-0.78908695449909627,14.348934111791765,5.5915953874286597,-0.78891691282656151
2417,1333736250783479972,4,14.347933278445101,5.5920082027428775,-0.78951031452041387,14.347844563620585,5.5919520490954371,-0.7893402726939831
2418,1333736250833481972,4,14.347574102669293,5.5879714233550271,-0.78882295514403167,14.347486073902973,5.5879152084276766,-0.78865291316369557
2419,1333736250883481972,4,14.346007392074959,5.5862878233724809,-0.7882758783882835,14.345919649245902,5.5862313417993059,-0.7881058362540484
2420,1333736250933483972,4,14.347905538392833,5.5936852086860798,-0.78985176842539662,14.347816537299934,5.5936290495074941,-0.78968172613725607
2421,1333736250983481972,4,14.348759819838079,5.5907861826331011,-0.78905299891455405,14.348671311321112,5.5907301684972346,-0.7888829564725206
2422,1333736251033483972,4,14.3475141747934,5.5897324817116054,-0.78880275274367018,14.347425845099711,5.5896762555150747,-0.7886327101477314
2423,1333736251083481972,4,14.349430009870655,5.5927763993314876,-0.78960812411360648,14.349341162184572,5.5927204986014605,-0.7894380813637748
2424,1333736251133482972,4,14.344470444533762,5.5869740874930418,-0.78855980279561966,14.344382583192262,5.5869173432449388,-0.78838975989188576
2425,1333736251183481972,4,14.345720882095327,5.5902065575461108,-0.7887604003559856,14.345632470708498,5.5901500256156735,-0.78859035729835558
2426,1333736251233480972,4,14.346469197117326,5.5930283318866465,-0.78899740841074095,14.346380305527454,5.5929719268976683,-0.78882736519921515
2427,1333736251283482972,4,14.352666141178965,5.5947083923604808,-0.78988446827670433,14.35257696344725,5.5946530408328963,-0.78971442491127308
2428,1333736251333482972,4,14.349179284980064,5.5921387950052477,-0.78890838272138153,14.349090543872778,5.5920828503349451,-0.78873833920205105
2429,1333736251383482972,4,14.346498086218118,5.5914703219196058,-0.78941324650177569,14.346409458450252,5.5914139210749765,-0.78924320282854599
2430,1333736251433481972,4,14.34679787887775,5.5934576202256805,-0.78950200714776508,14.346708912808888,5.5934012700666962,-0.78933196332063937
2431,1333736251483480972,4,14.346633780909537,5.5899600705590204,-0.78879014417548621,14.346545409211156,5.5899036922832597,-0.78862010019446438
2432,1333736251533480972,4,14.349337566082044,5.591442654560776,-0.78927805227858827,14.349248941871233,5.5913867357628915,-0.78910800814366733
2433,1333736251583482972,4,14.34866950331725,5.5938700138671473,-0.78981998339405157,14.34858046598864,5.5938139811708183,-0.78964993910522552
2434,1333736251633482972,4,14.347531989732383,5.5920676764348407,-0.78903087376969183,14.347443258528456,5.5920114500735192,-0.78886082932696655
2435,1333736251683489972,4,14.350720729081337,5.5925384054659011,-0.78991240176199484,14.350631917417378,5.592482721062269,-0.78974235716534891
2436,1333736251733485972,4,14.346909361344112,5.5909331593578209,-0.78874665208433736,14.346820822329933,5.590876826611475,-0.78857660733380475
2437,1333736251783482972,4,14.347298235347019,5.5909428096495493,-0.78910024927961908,14.347209694317481,5.5908865427656655,-0.78893020437519634
2438,1333736251833482972,4,14.348424625115626,5.5926257916714288,-0.789043307601342,14.348335797518251,5.59256971603683,-0.78887326254302004
2439,1333736251883482972,4,14.349012582321132,5.5916340416752703,-0.78894467665415857,14.348923922988556,5.5915780657710936,-0.78877463144193749
2440,1333736251933484972,4,14.348006854987245,5.5926715902857485,-0.78919350591905324,14.347918018869981,5.5926154430841555,-0.78902346055292694
2441,1333736251983482972,4,14.345768439397526,5.5918054386415035,-0.78904721772608666,14.3456797502288,5.5917489105566149,-0.78887717220606746
2442,1333736252033482972,4,14.348287125101015,5.592789333286027,-0.78943301354601314,14.348198268219935,5.5927332332148847,-0.78926296787209471
2443,1333736252083501972,4,14.348041873935147,5.5924288412609151,-0.78929750977749735,14.347953077988576,5.5923726992277034,-0.7891274639496213
2444,1333736252133486972,4,14.347837310252075,5.591941711495747,-0.78924898467505278,14.347748596774023,5.5918855344211416,-0.78907893869332357
2445,1333736252183486972,4,14.346448092409148,5.5897017037869778,-0.78879702170000676,14.346359759486903,5.5896452902503206,-0.78862697556437866
2446,1333736252233485972,4,14.347541096127649,5.5913680897970268,-0.78876236579929193,14.347452479458266,5.5913118618339785,-0.78859231950976771
2447,1333736252283485972,4,14.344476968037847,5.5905599796950618,-0.78853136981418148,14.344388488460167,5.5905032304362576,-0.78836132337075815
2448,1333736252333486972,4,14.348851295516686,5.5920702803129982,-0.78925308406997419,14.348762558685555,5.5920142746080215,-0.78908303747264874
2449,1333736252383486972,4,14.348118360504714,5.5908072151977537,-0.78883337869289449,14.348029838095345,5.5907510846146629,-0.78866333194166971
2450,1333736252433486972,4,14.348642295476429,5.5923229143868554,-0.78914191384509047,14.348553514950774,5.5922668726120985,-0.78897186693996668
2451,1333736252483486972,4,14.34723674983937,5.5927893615511515,-0.7893531993469679,14.347147889647077,5.5927330804975597,-0.789183152287945
2452,1333736252533486972,4,14.349069036277999,5.5921194813748816,-0.78915342016326984,14.34898028960141,5.5920635116427704,-0.78898337295034771
2453,1333736252583486972,4,14.347857435878273,5.5931144867506681,-0.7891684235389459,14.347768519652199,5.593058310711589,-0.78899837617212454
2454,1333736252633485972,4,14.347424107791248,5.5890178324891249,-0.78890469631042182,14.347335887828232,5.5889615825596035,-0.78873464878970445
2455,1333736252683485972,4,14.348783032561807,5.589745864045323,-0.7888874547643917,14.348694688410587,5.5896898449238934,-0.78871740708977522
2456,1333736252733485972,4,14.350058121371447,5.5927974239086176,-0.78895221305676122,14.349969257922073,5.5927416213059828,-0.78878216522824562
2457,1333736252783482972,4,14.348394940387994,5.5919454794001116,-0.78930126219900187,14.348306221465066,5.5918893937262668,-0.78913121421659638
2458,1333736252833485972,4,14.348382004042541,5.5907314549634419,-0.78927823060059976,14.348293491193438,5.5906753668441045,-0.78910818246428593
2459,1333736252883487972,4,14.350612949651437,5.590135637000115,-0.7893433146089357,14.350524537719144,5.5900799279946369,-0.78917326631871665
2460,1333736252933487972,4,14.344933978270152,5.5899584065330199,-0.78882650338191318,14.344845596189078,5.5899017315669743,-0.7886564549377949
2461,1333736252983484972,4,14.346278338812711,5.5933228232126382,-0.78949293349493532,14.346189384229261,5.5932663765408286,-0.78932288489692726
2462,1333736253033485972,4,14.349823307012946,5.5917632671896715,-0.78890333582074357,14.349734617209641,5.5917074230942658,-0.78873328706883328
2463,1333736253083486972,4,14.348566037827384,5.5920840890542998,-0.78917991217928263,14.348477293117938,5.5920280308939931,-0.78900986327347
2464,1333736253133485972,4,14.345219355973306,5.5915221748894659,-0.78853807594155001,14.345130706496272,5.5914655473739856,-0.78836802688184149
2465,1333736253183486972,4,14.347577386243003,5.592937449881016,-0.78902146995998979,14.347488495696608,5.5928812230625438,-0.78885142074637904
2466,1333736253233493972,4,14.348882745536836,5.5903869224029119,-0.78877949040275885,14.348794288318011,5.5903309173334446,-0.78860944103522723
2467,1333736253283483972,4,14.349107153048688,5.591428290319163,-0.78886179849902782,14.349018518373885,5.591372323131929,-0.78869174897762795
2468,1333736253358476972,4,14.348742070500984,5.5901562937027469,-0.78890126191202137,14.348653651580941,5.5901002640570665,-0.78873121215979447
2469,1333736253408484972,4,14.349528963330361,5.5928079010882659,-0.78922926643511271,14.349440093124638,5.5927520049520805,-0.78905921652896183
2470,1333736253458484972,4,14.348797117587655,5.5905242008648255,-0.78891755037632239,14.348708635366805,5.5904681800481955,-0.78874750031627239
2471,1333736253508483972,4,14.348759027512136,5.590982714716791,-0.78933938190743336,14.34867045768242,5.5909266803301181,-0.78916932758145253
2472,1333736253558482972,4,14.34813777811592,5.5892630821047922,-0.78866285390684254,14.348049491094377,5.5892069350079963,-0.78849279531493088
2473,1333736253608485972,4,14.347411980110515,5.5933393887167906,-0.78892783280715661,14.347322990238574,5.5932831110403569,-0.78875776994897273
2474,1333736253658484972,4,14.347886585738799,5.5887480089593673,-0.78858129950374656,14.347798367053578,5.5886918049722061,-0.78841123237963173
2475,1333736253708483972,4,14.346756986869959,5.5932809910982364,-0.78938976390627946,14.346667987640929,5.5932245878431575,-0.78921969251623381
2476,1333736253758484972,4,14.345997001415101,5.590004461457144,-0.78893231658024487,14.345908549805692,5.5899479218994106,-0.78876224092409764
2477,1333736253808484972,4,14.349000800409035,5.5921277383903938,-0.7892927564840907,14.34891197799428,5.5920717025897293,-0.78912267656192725
2478,1333736253858483972,4,14.347111349481418,5.5905915795957402,-0.78869416360968225,14.34702277872632,5.5905352153664092,-0.78852407942158786
2479,1333736253907469972,4,14.347498834658134,5.5926887297463779,-0.78878344616330343,14.347409897754403,5.5926324244439227,-0.78861335779570751
2480,1333736253957469972,4,14.346488272101244,5.5904661722557538,-0.78902870640912159,14.346399703606208,5.5904096880044909,-0.78885861377550959
2481,1333736254007468972,4,14.347950556633325,5.5897798935309453,-0.7885039242131795,14.347862095214113,5.5897236509237969,-0.78833382731363655
2482,1333736254057468972,4,14.350121036319118,5.5916422938174204,-0.78937023032317799,14.350032248437879,5.5915864132946673,-0.78920012915761872
2483,1333736254107468972,4,14.34864323476152,5.587111103739816,-0.78855419514212011,14.348555208039581,5.5870549648200249,-0.78838408971054474
2484,1333736254157468972,4,14.352310627496097,5.5883889390286825,-0.7886550506461647,14.352222373726139,5.5883334168626444,-0.78848494094857313
2485,1333736254207468972,4,14.350791578487005,5.585556161855485,-0.78883410683380251,14.350703797005737,5.5855003742478067,-0.78866399287019473
2486,1333736254257467972,4,14.350518228107763,5.5846884415412825,-0.78845323688188862,14.350430584629535,5.5846326003667599,-0.78828311865234979
2487,1333736254307469972,4,14.354023601322982,5.5838344227749239,-0.78885526578798992,14.353936093468995,5.5837791708764888,-0.78868514329226447
2488,1333736254357467972,4,14.357726109533953,5.5825464210282743,-0.78898472633905969,14.35763881114152,5.5824917919806198,-0.78881459957748845
2489,1333736254407468972,4,14.361233577530033,5.5816361489037458,-0.79009340652755911,14.361146424348862,5.5815821095501814,-0.78992327549988639
2490,1333736254457469972,4,14.365171769968292,5.5754958194320601,-0.79019857993940557,14.365085651817248,5.5754424431596359,-0.79002844464563138
2491,1333736254507469972,4,14.369961258756161,5.5748309279490433,-0.79069753645405427,14.369875244086892,5.5747783595514466,-0.79052739689426388
2492,1333736254557468972,4,14.378804430028774,5.5641904624754162,-0.79083276400838942,14.378720216070777,5.5641393918470845,-0.79066262018266809
2493,1333736254607468972,4,14.385143050613658,5.5573606869676047,-0.79117739101180407,14.385059989112142,5.5573106879841863,-0.79100724292006652
2494,1333736254657467972,4,14.398054547474691,5.5484700922314598,-0.79147520167191099,14.397972989046213,5.5484222833674055,-0.7913050493142425
2495,1333736254707467972,4,14.409111492753754,5.5332891155338704,-0.79089437001232221,14.409032507850954,5.5332431814260454,-0.79072421338863752
2496,1333736254757467972,4,14.422163024950995,5.520412976072107,-0.7920240834240494,14.422086221481361,5.5203692561821853,-0.79185392253434872
2497,1333736254807466972,4,14.430336985414511,5.5148403469485023,-0.79206898444010621,14.430261120755711,5.5147980112895034,-0.79189881928447436
2498,1333736254857466972,4,14.441011253449446,5.5011493453008091,-0.79237320916340004,14.440937709111381,5.5011088195357827,-0.79220303974175221
2499,1333736254907467972,4,14.456107220524775,5.4871324142631099,-0.79264435719640025,14.456036052024642,5.4870944509445634,-0.79247418350865073
2500,1333736254957467972,4,14.470952141579906,5.4752759356327125,-0.79319558818362856,14.470882981379722,5.4752404921358169,-0.79302541022986284
2501,1333736255007465972,4,14.478532474563774,5.4641904143654836,-0.79321802352744397,14.478464988669606,5.4641561039708169,-0.79304774342649687
2502,1333736255057465972,4,14.494875278939926,5.4554026712622248,-0.79445370863519893,14.494809077979989,5.4553709884487711,-0.79428332638298416
2503,1333736255107466972,4,14.503633781121453,5.4440946968418586,-0.795309135997182,14.503569296656705,5.4440643519770866,-0.79513865159165686
2504,1333736255157464972,4,14.51537290742594,5.4311667509080666,-0.79569364995233671,14.515310418080903,5.4311382542689435,-0.79552306339962997
2505,1333736255207462972,4,14.529336430466836,5.4202129468269762,-0.79596666854695075,14.529275601886116,5.4201866804627974,-0.79579597984706252
2506,1333736255257466972,4,14.53865707617155,5.4091838758353363,-0.7966143968304551,14.538597923490311,5.4091590496211692,-0.7964436059711274
2507,1333736255307466972,4,14.554735857294217,5.3946523583410766,-0.79751915298507514,14.554678981226967,5.3946301291629108,-0.79734825997447989
2508,1333736255357466972,4,14.56502251421113,5.383585256782351,-0.79837582743607771,14.564967325412468,5.3835646374497497,-0.79820483227421501
2509,1333736255407466972,4,14.579074799100301,5.3721728477190327,-0.79906538306327735,14.579021358856986,5.3721544846278313,-0.79889428575014709
2510,1333736255457466972,4,14.589996050003936,5.3594628124321382,-0.80021092335992483,14.589944582845874,5.3594461724413067,-0.80003972389552713
2511,1333736255507467972,4,14.601586047474175,5.346898172499114,-0.80046374829293843,14.601534776839651,5.3468820762263611,-0.80029154562794702
2512,1333736255557468972,4,14.622288145316302,5.3301763064901717,-0.80214468791139493,14.622237816331724,5.3301623555236493,-0.8019714820458097
2513,1333736255607468972,4,14.631584855546972,5.3188225990761744,-0.80246907834730186,14.631534566787041,5.3188088479812965,-0.80229486930118665
2514,1333736255657469972,4,14.643632671440331,5.3048374577232726,-0.80367087233511547,14.643582906661772,5.3048244071944,-0.80349566008840645
2515,1333736255707467972,4,14.656362880875719,5.2905750595442056,-0.80430838556505502,14.656313717095715,5.2905628540928191,-0.80413217017794314
2516,1333736255757467972,4,14.676306241484108,5.2742295236302477,-0.80548504741168625,14.676258076296,5.2742194670819673,-0.80530782884404406
2517,1333736255807467972,4,14.68880981908346,5.2624266388649863,-0.80640969577708366,14.688761875795496,5.2624174452340471,-0.80623147402891171
2518,1333736255857466972,4,14.701615388393186,5.2479524391752221,-0.80632445158741328,14.701568169481581,5.2479441877448103,-0.80614522667877486
2519,1333736255907465972,4,14.715507759995237,5.2342805267358541,-0.80806772647770819,14.715448549624698,5.2342641672150414,-0.80788067768255611
2520,1333736255957469972,4,14.732164172269282,5.21919953167912,-0.80811050083408842,14.732093457523892,5.2191758189955548,-0.80791562737001799
2521,1333736256007467972,4,14.742452991796196,5.2060792711841426,-0.80927922045816614,14.742370613114764,5.2060471764406513,-0.80907652326406276
2522,1333736256057464972,4,14.758707146724129,5.1931088275430426,-0.81035423376380777,14.758613278064662,5.1930697676936761,-0.81014371299615207
2523,1333736256107467972,4,14.772846919357765,5.1826610788205105,-0.81144109507238016,14.772741211247133,5.182614845187123,-0.81122274979228715
2524,1333736256157469972,4,14.789185317413365,5.1641836684971976,-0.81187552652264039,14.789069749668279,5.1641309799477604,-0.81164935688659079
2525,1333736256207468972,4,14.796666917424876,5.1480759552197934,-0.81109578424378936,14.796541225787214,5.1480149954813248,-0.81086179072122611
2526,1333736256257467972,4,14.81055390033336,5.1360188283093438,-0.8120450714572397,14.810417357205637,5.1359512632575131,-0.81180325404816223
2527,1333736256307467972,5,14.828232949882553,5.1217271976185348,-0.81273075108468784,14.827993238982694,5.1215856658639511,-0.81242817797155908
2528,1333736256357468972,5,14.842629900485413,5.107851677601337,-0.81632606993273382,14.842288609429547,5.1076371273416221,-0.81596273990043944
2529,1333736256407483972,5,14.849452791704357,5.0970550285505514,-0.81851056104613962,14.849010276166238,5.0967659695126013,-0.81808645708308247
2530,1333736256457466972,5,14.866061463291055,5.0824569856621231,-0.82617817789335679,14.865520948670916,5.0820990352933517,-0.82569333888318774
2531,1333736256507467972,5,14.889347422464727,5.0646355199501478,-0.84090298329880753,14.888712406115408,5.064214306833299,-0.84035738736947285
2532,1333736256557468972,5,14.894950947604968,5.0533717905538875,-0.8540851593248775,14.894219625015705,5.0528794161709225,-0.85347880647637719
2533,1333736256607467972,5,14.907132364963235,5.0411242187614427,-0.8735768721833973,14.906306767864544,5.0405657499577829,-0.87290976484595983
2534,1333736256657466972,5,14.924300752675016,5.0250627337046323,-0.89751046936743384,14.923385147413997,5.0244432762825264,-0.89678260754105887
2535,1333736256707466972,5,14.932094025411857,5.0085692581148766,-0.92118740282128042,14.931163438094403,5.0079360042564085,-0.92044200452248259
2536,1333736256757466972,5,14.954680831738267,4.9852690431013018,-0.95315148656103355,14.953741029768976,4.9846335545784646,-0.95238855178981319
2537,1333736256807466972,5,14.960451081318146,4.976532133275362,-0.97453240524722984,14.959491520516128,4.9758820731580222,-0.97375193400358684
2538,1333736256857465972,5,14.972134221457349,4.9596643387145161,-1.0007685375812552,14.97116169556945,4.9590046306769722,-0.99997053021591908
2539,1333736256907465972,5,14.98221681102882,4.9435851828382553,-1.0267658434954876,14.98125361322356,4.9429310123273389,-1.0259653073294166
2540,1333736256957469972,5,14.993073214541699,4.9290319659938175,-1.0521210366402389,14.992118200151921,4.9283840047913463,-1.0513179714711287
2541,1333736257007466972,5,15.002107867482399,4.9070062647653661,-1.0766560326050822,15.001167130937951,4.9063631030115502,-1.0758504387869654
2542,1333736257057465972,5,15.012778894401931,4.8907715958515059,-1.1027818604250124,15.011847866530927,4.8901345997204162,-1.1019737378567365
2543,1333736257107466972,5,15.027006841234638,4.8771473970255563,-1.1295145019999597,15.02608636649412,4.8765215804106283,-1.1287060150808572
2544,1333736257157465972,5,15.037552420026671,4.8501062876433894,-1.1599118200867267,15.036653361842568,4.849488686834369,-1.1591029688313714
2545,1333736257207465972,5,15.044486401683173,4.8382108209395609,-1.1796918807104662,15.043596524838366,4.837598516110865,-1.1788826651115714
2546,1333736257257463972,5,15.049527250337217,4.8223828227393764,-1.204581230944455,15.048649747831766,4.8217742876095331,-1.2037716510165941
2547,1333736257307463972,5,15.06605880854068,4.7944829680188112,-1.2345423501679236,15.06520382979719,4.7938877860406395,-1.2337327177937931
2548,1333736257357465972,5,15.074608436392479,4.778199426542856,-1.2603796107671739,15.073766581398711,4.7776111327962898,-1.2595699259446762
2549,1333736257407465972,5,15.074371723280219,4.7674022588554719,-1.2790698360723731,15.073538554105435,4.7668137378146707,-1.2782600988036059
2550,1333736257457465972,5,15.082726749393558,4.7478442554650888,-1.3015900319669911,15.081909358787138,4.7472624674799375,-1.3007802422519545
2551,1333736257507465972,5,15.087704330038239,4.7303682212933937,-1.3204509604917127,15.086901085433373,4.7297904691664776,-1.3196411669888646
2552,1333736257557465972,5,15.096893748431597,4.7026240846034444,-1.3388777035943538,15.096112963660335,4.7020537824737678,-1.338067906303694
2553,1333736257607465972,5,15.101852607837198,4.6895838849849705,-1.3478734892815956,15.10108237723402,4.6890176021902068,-1.3470636882031239
2554,1333736257657465972,5,15.107341911515654,4.6695639877317046,-1.3538926004444856,15.106587887197882,4.6690021561543915,-1.3530827955782025
2555,1333736257707465972,5,15.111220434117723,4.6505396444456126,-1.3578972705055097,15.110481810557021,4.6499809593767099,-1.3570874618514148
2556,1333736257757464972,5,15.115783164570679,4.6255428791584059,-1.359389800563692,15.115064778227989,4.6249878966657381,-1.3585799881218612
2557,1333736257807466972,5,15.121452221545148,4.6070721583612064,-1.3600944666556447,15.120748787350642,4.6065217722606375,-1.3592846504258509
2558,1333736257857464972,5,15.12713251591321,4.5878429091102193,-1.3602537259622962,15.126444648274861,4.5872971287938409,-1.3594439059448422
2559,1333736257907464972,5,15.13185659174558,4.5637022521138508,-1.3613625257702446,15.131188271018129,4.5631603074362834,-1.3605527051288411
2560,1333736257957462972,5,15.13856268630869,4.5424299727864685,-1.362412922047294,15.13791158899941,4.5418934678937344,-1.3616031007819658
2561,1333736258007464972,5,15.145507986260636,4.5240800434732273,-1.362722262027237,15.144871745734783,4.5235491711293632,-1.3619124401379341
2562,1333736258057463972,5,15.149617981740342,4.5006058852254869,-1.3622478206854207,15.149000748666092,4.5000783510261817,-1.3614379981721807
2563,1333736258107463972,5,15.15495792301552,4.479526089770105,-1.3634251041029175,15.154357758008654,4.4790028889738753,-1.3626152809657279
2564,1333736258157463972,5,15.163473729400213,4.4544218607778809,-1.36268311501475,15.162893890527192,4.4539055666017999,-1.3618732912536109
2565,1333736258207462972,5,15.1666452322649,4.4363433676260371,-1.3625254938722622,15.166080031697916,4.4358296498300849,-1.3617156694871859
2566,1333736258257461972,5,15.170171246362457,4.410552675722359,-1.3630422324811753,15.169626929863648,4.4100418245045381,-1.3622324080062471
2567,1333736258307462972,5,15.174519756546289,4.383652055513239,-1.3636806458952888,15.173997222697661,4.3831447373157104,-1.3628708213305052
2568,1333736258357462972,5,15.17845861155797,4.3615721537860335,-1.3636803501477743,15.177953956562449,4.3610680352799545,-1.362870525493137
2569,1333736258407462972,5,15.187886249133594,4.3400154394437607,-1.3654062664676276,15.187399047505288,4.3395189654097353,-1.3645964417231369
2570,1333736258457461972,5,15.192744312424841,4.3174051457243259,-1.3673504948814494,15.192275418880689,4.3169126159551432,-1.3665406700471068
2571,1333736258507462972,5,15.199526182649613,4.2926104396564133,-1.3690030541793061,15.199077365554187,4.292123412815978,-1.368193229255108
2572,1333736258557462972,5,15.207651752710394,4.2640147537753625,-1.3706566369127657,15.207226089755746,4.2635343192728348,-1.3698468118987139
2573,1333736258607460972,5,15.208071178289821,4.2434460709388464,-1.370862276088979,15.207662171635723,4.2429659854738615,-1.3700524510620273
2574,1333736258657460972,5,15.213747088047894,4.2232726603229125,-1.37188442487889,15.213354415869897,4.2227971805980182,-1.3710745998390379
2575,1333736258707459972,5,15.220490078794322,4.2009163991437459,-1.3726657187370588,15.220115508469936,4.2004463900236342,-1.3718558936843064
2576,1333736258757460972,5,15.223405306912211,4.1754164925063666,-1.3727285788642698,15.223051385499755,4.1749488552043621,-1.3719187537986168
2577,1333736258807459972,5,15.226596246210196,4.1507831561449429,-1.3740643428937727,15.226262271849677,4.1503181136546647,-1.3732545178152196
2578,1333736258857460972,5,15.237709735584014,4.1273853468315735,-1.3762053069715661,15.237394705117479,4.1269293146272075,-1.3753954818801122
2579,1333736258907459972,5,15.243595186793922,4.1015253909067138,-1.3763609392160274,15.243301095844233,4.1010741359997116,-1.3755511141116734
2580,1333736258956446972,5,15.246455291192465,4.071779910917062,-1.3773023371739441,15.246185287384082,4.0713309845512713,-1.3764925120677787
2581,1333736259006440972,5,15.252656287719763,4.0536620802061485,-1.3772860507750013,15.25240095358458,4.0532181841603245,-1.3764762256669869
2582,1333736259056450972,5,15.254834783220815,4.0351278347930588,-1.3784695710661727,15.254594457300778,4.0346857116826413,-1.3776597459563091
2583,1333736259106444972,5,15.264091469245791,4.0092346291554168,-1.3795202157607149,15.263872108690286,4.0088000134884334,-1.3787103906490026
2584,1333736259156447972,5,15.272452455853282,3.9836833310295003,-1.3808536779453342,15.272253784070751,3.9832554973345458,-1.3800438528317727
2585,1333736259206449972,5,15.27284268908914,3.9582880099436433,-1.3805586618046513,15.272664582379253,3.9578605032539871,-1.3797488366892408
2586,1333736259256450972,5,15.278127922746702,3.9372969488333274,-1.3804082306911758,15.277966812824493,3.9368737317985807,-1.3795984055739163
2587,1333736259306450972,5,15.281446035176433,3.914817159679802,-1.3826643948262103,15.28130312829478,3.9143966397751346,-1.3818545697086588
2588,1333736259356450972,5,15.291276064546214,3.8878490704115234,-1.3838451474825437,15.291154993307588,3.8874365226220138,-1.3830353223647005
2589,1333736259406448972,5,15.29421436702734,3.8636420543222902,-1.3821576214882447,15.294112897705471,3.8632318966495287,-1.3813477963701097
2590,1333736259456447972,5,15.297889251894414,3.8439967608642291,-1.381191455950463,15.297803690050603,3.8435895883152953,-1.380381630832036
2591,1333736259506452972,5,15.303903023025686,3.815375112161159,-1.3834464535404669,15.303840637170095,3.8149728217684373,-1.3826366284217479
2592,1333736259556446972,5,15.310781162040758,3.7911198983349834,-1.3832093845454931,15.31073841584184,3.7907231886528479,-1.3823995594264824
2593,1333736259606450972,5,15.312747031493078,3.7720987024894947,-1.3829714442498069,15.312719687922732,3.7717035937233554,-1.3821616191305042
2594,1333736259656449972,5,15.320394641420741,3.7506087611459438,-1.3843633593537736,15.320384697826542,3.7502198553582144,-1.383553534234554
2595,1333736259706445972,5,15.327308845749315,3.7214359350795965,-1.3849809677547775,15.327322524164146,3.7210526408591846,-1.3841711426356407
2596,1333736259756444972,5,15.33126861090776,3.6974147379331619,-1.3852983894178188,15.331301740382317,3.6970346610121747,-1.384488564298765
2597,1333736259806447972,5,15.336523781619013,3.6750088641887251,-1.3843187219389907,15.336575053599143,3.6746330530895426,-1.38350889682002
2598,1333736259856446972,5,15.340773783477035,3.6578456455369501,-1.3855179819716459,15.34083895265907,3.6574732845293463,-1.3847081568527582
2599,1333736259906449972,5,15.345662043974118,3.6299838023820454,-1.3819044991271161,15.345749774162625,3.6296154118522264,-1.3810946740083112
2600,1333736259956446972,5,15.350618390318456,3.6030658272791585,-1.3787040404072088,15.350727917123207,3.6027014620549207,-1.377894215288487
2601,1333736260006446972,5,15.35465772865475,3.5794870671756169,-1.373482291326551,15.354786348179491,3.5791259834670157,-1.3726724662075931
2602,1333736260056449972,5,15.359682874795158,3.5590624647054399,-1.3678781567315446,15.359828032400802,3.5587054598101973,-1.3670683316123504
2603,1333736260106450972,5,15.365651720197302,3.5339303601737417,-1.361326158859397,15.36581722782744,3.5335781998666667,-1.3605163337399666
2604,1333736260156449972,5,15.36903754050595,3.5090932328984765,-1.3509390350875587,15.369223160127648,3.5087438252843657,-1.3501292099678923
2605,1333736260206450972,5,15.377554634236546,3.485380573209468,-1.3432881301229664,15.377759453545208,3.4850380733533637,-1.3424783050030638
2606,1333736260256447972,5,15.384267985474096,3.4705366230505987,-1.3381010676311613,15.384484822958267,3.4701995673283501,-1.3372912425110226
2607,1333736260306450972,5,15.387806660317214,3.4411638158874536,-1.3290307992125596,15.388047282849913,3.4408296381311003,-1.3282209740921846
2608,1333736260356450972,5,15.394361684452425,3.4174980419105494,-1.3204905107474063,15.394621469197334,3.4171691829681579,-1.3196806856269385
2609,1333736260406448972,5,15.401486887947669,3.3908507107873453,-1.3134986434851097,15.401768249257469,3.3905276333820065,-1.3126888183645489
2610,1333736260456448972,5,15.4099946088709,3.3682777919635849,-1.3053239950749029,15.410294246731153,3.367961614356592,-1.3045141699542493
2611,1333736260506450972,5,15.417913165532287,3.347404027101236,-1.299248415451465,15.418229704118749,3.3470942716155618,-1.2984385903307185
2612,1333736260556449972,5,15.421249673890884,3.3227706094475637,-1.289006560698273,15.421586159367038,3.3224635666584592,-1.2881967355774337
2613,1333736260606445972,5,15.432548865517957,3.2999328184884198,-1.2810296880925405,15.432903841129377,3.2996349361871617,-1.2802198629716082
2614,1333736260656448972,5,15.43611416609391,3.2784620930343999,-1.2760703273757357,15.436486527292631,3.2781671076745154,-1.2752605022547105
2615,1333736260706446972,5,15.441988684836566,3.2585805724434316,-1.2725654371441772,15.442377143776334,3.2582903536076122,-1.2717556120233873
2616,1333736260756445972,5,15.45374610389284,3.2304844356296165,-1.2692822416772291,15.454157311046416,3.2302037501314889,-1.2684724165566745
2617,1333736260806448972,5,15.459636093979654,3.2138286942764718,-1.2692453526336851,15.460060786552317,3.2135527867739917,-1.2684355275133656
2618,1333736260856445972,5,15.467654743099935,3.1867127567370379,-1.2678677534920857,15.468101391322483,3.1864433545012365,-1.2670579283720014
2619,1333736260906446972,5,15.474434205977637,3.1626154630955554,-1.2671309509304289,15.47490036568294,3.1623515616127662,-1.26632112581058
2620,1333736260956446972,5,15.483924719438107,3.1391074522042022,-1.2682102069315482,15.484409912521272,3.1388512467577603,-1.2674003818119344
2621,1333736261006448972,5,15.492686816056931,3.1111820961203676,-1.2695660142529603,15.493194620033472,3.1109329982686686,-1.2687561891335819
2622,1333736261056446972,5,15.495658978996484,3.0946465779342294,-1.2670839834602103,15.496180172038452,3.094399895007609,-1.2662741583408383
2623,1333736261106445972,5,15.508673507078569,3.0690221525850165,-1.2681243344271422,15.509215446317492,3.0687860201225168,-1.2673145093077769
2624,1333736261156446972,5,15.515505985306785,3.039611340073384,-1.2693289442897495,15.51607173908088,3.0393807529379808,-1.2685191191703906
2625,1333736261206445972,5,15.521713740563087,3.0182662867999288,-1.2708335431591284,15.522296777223513,3.0180407364303901,-1.2700237180397762
2626,1333736261256448972,5,15.523112355205338,3.0042102429444824,-1.270827234745425,15.523706773506708,3.0039858323884405,-1.2700174096260795
2627,1333736261306445972,5,15.540672835924834,2.9720534774971612,-1.27266897509358,15.541293288985059,2.9718433009733793,-1.2718591499742409
2628,1333736261356446972,5,15.543515569970644,2.9525611831824889,-1.2722664744756884,15.544151806610007,2.9523533177387331,-1.2714566493563557
2629,1333736261406448972,5,15.552573905346385,2.9282108850340132,-1.2713662524334477,15.553229857627619,2.9280103657808083,-1.2705564273139394
2630,1333736261456446972,5,15.560359532665284,2.9090623547774053,-1.2679471378784664,15.561030988483957,2.9088681493380051,-1.2671373127587824
2631,1333736261506446972,5,15.56674639705118,2.8864733592257275,-1.2624599808633903,15.56743614304084,2.8862843359751582,-1.2616501557435305
2632,1333736261556447972,5,15.577279074857705,2.8611497654176663,-1.2585304491060156,15.577989324205019,2.8609692826361623,-1.2577206239859802
2633,1333736261606446972,5,15.587857038919287,2.8338194199481812,-1.2523296725821538,15.588589416727178,2.8336475149676188,-1.2515198474619424
2634,1333736261656447972,5,15.5906944361837,2.8181741215037985,-1.2481660026583947,15.591439482146754,2.8180045219879042,-1.2473561775380078
2635,1333736261706445972,5,15.597279068298246,2.7931837287483838,-1.2427388934618078,15.598044349079075,2.7930194723659243,-1.2419290683412452
2636,1333736261756444972,5,15.607357380356484,2.7710309967867408,-1.2373654394257034,15.608140596621787,2.7708749120570713,-1.2365556143054652
2637,1333736261806447972,5,15.612122154369322,2.7502996730637781,-1.2320705047341094,15.612922156769381,2.7501474564849038,-1.2312606796141956
2638,1333736261856445972,5,15.626393202961143,2.724225627184615,-1.2275973530410083,15.627214315048995,2.7240849789272907,-1.2267875279214189
2639,1333736261906447972,5,15.629899514152463,2.7029400935227139,-1.222491186306949,15.630737861600803,2.702802294463158,-1.221681361187684
2640,1333736261956443972,5,15.644474103113566,2.6781289058130007,-1.2174791327542085,15.645332537456026,2.6780029204753579,-1.2166693076352679
2641,1333736262006443972,5,15.652157733629982,2.6530848514258798,-1.2130345630919668,15.653036445707325,2.6529650994160856,-1.2122247379733506
2642,1333736262056443972,5,15.657489456440356,2.6355229846980999,-1.2087062659210037,15.658382387820225,2.6354075587276493,-1.2078964408022317
2643,1333736262106444972,5,15.668403687946757,2.6112134724667957,-1.2043732387549286,15.669316301210801,2.6111068956036245,-1.2035634136360009
2644,1333736262156444972,5,15.67797829228936,2.5814824252846966,-1.1992223318752437,15.678914978371596,2.5813836144429145,-1.1984125067561604
2645,1333736262206443972,5,15.687237144146724,2.5610001110678282,-1.1951872490149218,15.688190413295262,2.5609088075103861,-1.1943774238956826
2646,1333736262256442972,5,15.694615217350673,2.5390873566828707,-1.1923131409347063,15.695586228588491,2.5390020377771929,-1.1915033158153114
2647,1333736262306441972,5,15.706347705504967,2.5164132601179729,-1.1872962921641881,15.707337073958184,2.5163374524279352,-1.1864864670446373
2648,1333736262356442972,5,15.712829695291212,2.4943882473740793,-1.1803436212653764,15.713836897037142,2.49431769870194,-1.17953379614567
2649,1333736262405428972,5,15.719064541811836,2.4804568131496105,-1.1758178792731742,15.720083022435348,2.4803913206113575,-1.1750080541534853
2650,1333736262455427972,5,15.733590274141401,2.4500386155837233,-1.1719585013830769,15.734633382294692,2.4499848988026298,-1.171148676263406
2651,1333736262505427972,5,15.743013012309802,2.4262166955262519,-1.1661794048553982,15.744075407835524,2.4261706198069879,-1.1653695797357453
2652,1333736262555426972,5,15.747340000145643,2.4081753049082844,-1.1604029812342413,15.748417003497323,2.4081327416891449,-1.1595931561146067
2653,1333736262605429972,5,15.763587172155532,2.3834232529207902,-1.1550163397565558,15.7646842138859,2.3833938576659741,-1.1542065146369391
2654,1333736262655427972,5,15.770744777473297,2.3616237601016201,-1.148369084981147,15.771859469506694,2.3616001708840808,-1.1475592598615485
2655,1333736262705426972,5,15.782369174101213,2.3408348939803383,-1.1438995597853212,15.783500696542118,2.3408207277881434,-1.1430897346657407
2656,1333736262755424972,5,15.793378421782082,2.3167628294642779,-1.1355209728099005,15.794529433529732,2.3167575891450323,-1.1347111476900216
2657,1333736262805429972,5,15.801839459173681,2.2977925670987358,-1.1261793548700683,15.803005829496405,2.2977941873753815,-1.1253695297498909
2658,1333736262855423972,5,15.814433265243849,2.2749517174684764,-1.1165308327952943,15.815618127285218,2.2749635464292113,-1.1157210076748187
2659,1333736262905423972,5,15.823691471537872,2.2517576193074316,-1.104639966800866,15.824895112461025,2.2517769558161906,-1.103830141680092
2660,1333736262955424972,5,15.837931423231689,2.2300505809287747,-1.0901234028902591,15.839152637144823,2.2300814588401234,-1.0893135777691869
2661,1333736263005427972,5,15.850728468067661,2.2097844292999,-1.0787803931986686,15.851966088577718,2.2098256796393705,-1.0779705680772977
2662,1333736263055425972,5,15.860603251906863,2.1874802013746084,-1.0652881891008981,15.861858930457418,2.1875294582901601,-1.064478363979229
2663,1333736263105428972,5,15.872585705766744,2.1672115785341619,-1.0521165102115586,15.873857792964579,2.1672705481602956,-1.0513066850875736
2664,1333736263155424972,5,15.88671144231524,2.1462237184277884,-1.0353181558546127,15.888000519914197,2.1462941366840571,-1.0345083307283125
2665,1333736263205426972,5,15.896447343761984,2.1252672115774853,-1.0207512445016322,15.897753387810797,2.1253455234555703,-1.0199414193730163
2666,1333736263255426972,5,15.91070024622727,2.1053943833944277,-1.0088529387237304,15.912022377654809,2.105484246519473,-1.0080431135927987
2667,1333736263305425972,5,15.926136597909011,2.0858558301290344,-0.99533512913613809,15.927474545623134,2.0859582027782624,-0.99452530400289085
2668,1333736263355423972,5,15.934041773402569,2.0668684696376438,-0.97744106877334058,15.935395093503217,2.0669772526952257,-0.97663124363777787
2669,1333736263405423972,5,15.949877787848267,2.0479634572323882,-0.96400798538132615,15.951246410876628,2.0480850730370666,-0.9631981602311519
2670,1333736263455425972,5,15.966279318002174,2.0274640207894832,-0.95227122756537907,15.967664534977866,2.0275989278334334,-0.95146140240059263
2671,1333736263505426972,5,15.977291366708199,2.0068963341888839,-0.93714326936680681,15.9786932346698,2.0070401679576193,-0.93633344418740838
2672,1333736263555427972,5,15.992301936662978,1.987834274916576,-0.92085262325904527,15.993719235005125,1.9879902730196035,-0.92004279806503508
2673,1333736263605426972,5,16.00707926863965,1.9687743022604423,-0.90938701010783651,16.008511995749657,1.9689422758154564,-0.90857718489921502
2674,1333736263655425972,5,16.021577097442353,1.9484885006688382,-0.89549404048302683,16.02302624611951,1.9486682237295359,-0.89468421525979391
2675,1333736263705424972,5,16.037308642942381,1.9286733346519034,-0.88005554004708253,16.038773831650211,1.928865806159193,-0.87924571480923841
2676,1333736263755424972,5,16.051221752761656,1.9107428841290393,-0.8646972244269362,16.052701455626568,1.910946630508626,-0.86388739908096113
2677,1333736263805424972,5,16.067408690796693,1.8922279768818857,-0.85019349086603158,16.068903380384832,1.8924448397321976,-0.84938366541192589
2678,1333736263855425972,5,16.082621261098826,1.8751271382543537,-0.84075941806636434,16.084129792584879,1.875356328047435,-0.83994959250412571
2679,1333736263905425972,5,16.102725177388397,1.8574571954341588,-0.82536662008991513,16.104248010047304,1.8577026734969893,-0.82455679441954566
2680,1333736263955424972,5,16.115702951601794,1.8410098031556776,-0.8081543612950608,16.117239097721299,1.8412657981587637,-0.80734453551656271
2681,1333736264005425972,5,16.132856010103058,1.821573176245904,-0.7951530152086661,16.134407889076861,1.8218430704252548,-0.79434318932203507
2682,1333736264055428972,5,16.149480286323843,1.8040139884264113,-0.78298549656174943,16.151046377930644,1.8042973529485966,-0.78217567056698101
2683,1333736264105424972,5,16.170358728675257,1.7883635180173023,-0.76675874326749915,16.171937485628792,1.7886637959147265,-0.7659489164696448
2684,1333736264155425972,5,16.185817138303619,1.7732744625605221,-0.75287212720785868,16.187408107756827,1.773587264391068,-0.75206229960683779
2685,1333736264205424972,5,16.204762060725091,1.7596411318790999,-0.74139006355528281,16.206364062671852,1.7599692806670373,-0.74058023515112748
2686,1333736264255438972,5,16.220866801351519,1.7425280750133059,-0.72760382411659918,16.222482654728051,1.742869271868319,-0.72679399490906849
2687,1333736264305425972,5,16.237691957722941,1.726586760832701,-0.71452415339686037,16.239320713409224,1.7269415888104755,-0.71371432338638796
2688,1333736264355428972,5,16.258186944875298,1.705985313947882,-0.69624023832839499,16.25983237561157,1.7063567465454277,-0.69543040751472407
2689,1333736264405425972,5,16.277182209724629,1.6940565877206284,-0.68535461403916653,16.278837292593334,1.6944434076045372,-0.68454478242239336
2690,1333736264455425972,5,16.296448753498915,1.681375822518369,-0.6726293631342577,16.29811409787424,1.6817782401295949,-0.6718195255072813
2691,1333736264505425972,5,16.316379883999847,1.666307542356761,-0.65803040554428716,16.318057423329691,1.6667260969212145,-0.65722056190710787
2692,1333736264555425972,5,16.337776050906719,1.6516674058013159,-0.64161981466427243,16.339465438159671,1.6521032838774097,-0.64080996501688992
2693,1333736264605424972,5,16.354996196747987,1.6346890763928927,-0.62868545828895805,16.356699327067805,1.635138897030991,-0.62787560263149267
2694,1333736264655425972,5,16.370681728872885,1.6216459546211857,-0.61671905017389073,16.372395415993218,1.6221084739129041,-0.61590918850610232
2695,1333736264705424972,5,16.392735528034102,1.6064294463819913,-0.60246849780039635,16.394461530178461,1.606909822682169,-0.60165863012252507
2696,1333736264755424972,5,16.417119409051505,1.5941565457299003,-0.58570623984874481,16.418855341688349,1.5946566654100383,-0.58489636616067031
2697,1333736264805425972,5,16.435711164855743,1.5806972386738574,-0.57610234919795444,16.43745799622598,1.5812123421929027,-0.57529243045528311
2698,1333736264855426972,5,16.460275254238287,1.5687658259071586,-0.56475539757256377,16.462031746055395,1.5693007518136552,-0.56394543377529549
2699,1333736264905427972,5,16.479758769199812,1.5507663217242804,-0.54888052864823023,16.481529839411067,1.5513169589134248,-0.54807051979636501
2700,1333736264955423972,5,16.500745452362633,1.5391880386541406,-0.53593027781943803,16.502525900560052,1.539755604430733,-0.53512022391748126
2701,1333736265005423972,5,16.522527405022586,1.5293691161763405,-0.52479468790369077,16.524315806731416,1.5299542560958528,-0.52398458894803823
2702,1333736265055422972,5,16.541107167295657,1.5183971063278827,-0.51443844600655997,16.542904458616501,1.5189972284985329,-0.5136283019981126
2703,1333736265105422972,5,16.56290778494941,1.5053306624263634,-0.50264881649140603,16.564715662699985,1.5059483787105676,-0.501838627429263
2704,1333736265155424972,5,16.588737281852207,1.4949079377852534,-0.49042438457351439,16.590553650899491,1.4955460052781815,-0.48961385710400523
2705,1333736265205424972,5,16.609482204160926,1.4821811212744409,-0.47745853068433225,16.611308941523635,1.4828354353363742,-0.47664766482099291
2706,1333736265255427972,5,16.624472551281613,1.4709154410614307,-0.46815069428415212,16.626308482179272,1.471581347089133,-0.46733949000667896
2707,1333736265305423972,5,16.65231887605491,1.4601790877867931,-0.45722789693077937,16.654163574290159,1.4608670290096548,-0.45641635428654731
2708,1333736265355424972,5,16.671276706022276,1.4502088732964067,-0.44865282250320765,16.673129559768675,1.4509116518579255,-0.44784094145837738
2709,1333736265405424972,5,16.691403701189962,1.4403352662545768,-0.43856098259584592,16.693264638331573,1.4410538445885535,-0.43774876315718542
2710,1333736265455429972,5,16.714054140876044,1.4309824559747453,-0.43142005516712739,16.715922744081517,1.4317188979271311,-0.43060749730079723
2711,1333736265505423972,5,16.737774431282439,1.422717322335088,-0.42323819457753498,16.739650206414048,1.4234687551030238,-0.42242308999026862
2712,1333736265555424972,5,16.76377055478866,1.4102851226976565,-0.41523249847209992,16.765656950372005,1.4110535287743353,-0.4144148468073135
2713,1333736265605427972,5,16.78390232017135,1.4019852041645038,-0.4066265411389211,16.785796012142267,1.4027659045358849,-0.40580634229473367
2714,1333736265655424972,5,16.799930088668816,1.3913120074723189,-0.39943865347053803,16.801833073165263,1.39210172948469,-0.39861590775259281
2715,1333736265705424972,5,16.826915664820003,1.3848802629205919,-0.39312024344597341,16.828824492015126,1.38568812996989,-0.39229495070144871
2716,1333736265755423972,5,16.85102196330098,1.3708403481517895,-0.387110911543533,16.852942965175178,1.3716641168390677,-0.38628307182336946
2717,1333736265805423972,5,16.871757552626917,1.3657124267070282,-0.38644855380598181,16.873683401389744,1.3665494176555248,-0.38561816705923874
2718,1333736265855424972,5,16.897278198419379,1.3601925400498409,-0.38639316741796698,16.899212986246123,1.3610144233125663,-0.38554066292885164
2719,1333736265905424972,5,16.920594067617358,1.34573149562741,-0.38518268778312093,16.922545859407247,1.3465374762159339,-0.38430806599397932
2720,1333736265955424972,5,16.946791741447658,1.3384661044727029,-0.38516570160931479,16.948754722986987,1.3392597957512236,-0.38426896252014681
2721,1333736266005423972,5,16.97051554100139,1.3294543905865561,-0.38406682073674886,16.972491638974173,1.330234680089547,-0.38314796478990049
2722,1333736266055425972,5,16.991116491100893,1.3201326277594472,-0.38677989386073003,16.993106397376526,1.3208976249239597,-0.3858389197291634
2723,1333736266105423972,5,17.012239747319864,1.3107037836283437,-0.3863335417121655,17.014243976606068,1.3114549060792295,-0.38537045116526453
2724,1333736266155425972,6,17.037938684272596,1.3010480011097205,-0.38572398637596395,17.039980222622848,1.3015923601339139,-0.38461841234409283
2725,1333736266205422972,6,17.064572002888202,1.2922766066227487,-0.38903508757106453,17.066652519344586,1.2926227208446397,-0.38778704430200184
2726,1333736266255421972,6,17.083593605525209,1.2876333178551502,-0.38815331520972629,17.085709890739736,1.2877781862480322,-0.38676279700436039
2727,1333736266305423972,6,17.108035875389042,1.2769783959317498,-0.3879162141933426,17.110198488295424,1.2769357484244634,-0.38638321250300661
2728,1333736266355422972,6,17.133022662176639,1.2669401988621445,-0.39094006429199374,17.135233623898593,1.2667179343763342,-0.38926458766535471
2729,1333736266405422972,6,17.151814515777133,1.2581694785577069,-0.39044600026785631,17.154074412526487,1.2577634580782151,-0.38862804585535854
2730,1333736266455422972,6,17.172007864323341,1.2480002866375219,-0.38581513654387828,17.174321955209365,1.247418624644602,-0.38385470434552171
2731,1333736266505417972,6,17.197655696651168,1.242332551247169,-0.37751941319503596,17.199986464361857,1.2417680426766233,-0.37553497006434677
2732,1333736266555424972,6,17.220803712400809,1.2350231328658401,-0.36658517218603603,17.22315473113688,1.2344719847742731,-0.36457671235981393
2733,1333736266605424972,6,17.246006985393439,1.224676630205348,-0.36133724206854706,17.248384772507553,1.2241441433218285,-0.35930476890865881
2734,1333736266655422972,6,17.265080498653472,1.2153779187539815,-0.35665804930407913,17.267483407304759,1.2148526979461758,-0.35460156377105823
2735,1333736266705421972,6,17.288398517301005,1.2076424979251175,-0.35440341494402033,17.290823731452228,1.2071342869361166,-0.35232291655759995
2736,1333736266755422972,6,17.316040612485082,1.2013847071131019,-0.35496604979979629,17.318485383049495,1.2009037223112102,-0.35286153759944311
2737,1333736266804409972,6,17.338746306676551,1.1943463908091045,-0.35448138472688351,17.341206582329651,1.1939097879535872,-0.35237395454911913
2738,1333736266854405972,6,17.3557030289825,1.1843126362018723,-0.35310839115478282,17.358185200653196,1.1839083528561503,-0.3509979828971474
2739,1333736266904414972,6,17.386822258904829,1.1761328137437674,-0.35617586863105538,17.389322436664312,1.175790876850852,-0.35406248151918607
2740,1333736266954411972,6,17.408946815330903,1.1694446285714895,-0.35603198962042476,17.41146191062602,1.1691461850755693,-0.353915624369118
2741,1333736267004412972,6,17.429394209543212,1.1618428397232958,-0.35857876029377533,17.431926202014864,1.1615844688051997,-0.35645941666476544
2742,1333736267054410972,6,17.447290902342875,1.1503230227107712,-0.35761304289198015,17.449848158026718,1.1500994418769821,-0.35549072106396651
2743,1333736267104409972,6,17.468093782897718,1.1420270005490769,-0.35718408160998572,17.470669512114259,1.1418444858181431,-0.35505878152340187
2744,1333736267154407972,6,17.494978774153822,1.136287076469928,-0.35688275880687376,17.497566777771777,1.1361612350464176,-0.35475695963121129
2745,1333736267204406972,6,17.520582128699765,1.126321949009411,-0.35964123906463058,17.523191399327672,1.1262500921437268,-0.3575149407899072
2746,1333736267254408972,6,17.536547994821358,1.1170639942610201,-0.35864344511118657,17.539177060145526,1.117025648935108,-0.35651664770745567
2747,1333736267304404972,6,17.562524845385205,1.1119894867901796,-0.35782617149802631,17.565164792518019,1.1120059558657054,-0.35569887502518105
2748,1333736267354404972,6,17.592402891414086,1.1045287741738412,-0.36114134406349957,17.595058793899291,1.1046083898975523,-0.35901354848161121
2749,1333736267404405972,6,17.613642017965141,1.0945591359928271,-0.36029065945957328,17.616319242484529,1.0946835477266834,-0.35816236475865976
2750,1333736267454406972,6,17.62941689418998,1.0865830765091515,-0.35570561484031116,17.632111069557688,1.0867410337997065,-0.35357725857529027
2751,1333736267504404972,6,17.659185454327041,1.0811993412200316,-0.35400789551843814,17.661891032278632,1.0814206245263831,-0.35187947769300371
2752,1333736267554406972,6,17.682799152325181,1.0705560938855161,-0.34867984957996323,17.685527342213259,1.0708276182973895,-0.34655137018919019
2753,1333736267604409972,6,17.70146920715192,1.0641783749747433,-0.34426765701086443,17.704210942135006,1.064489610999757,-0.3421391160535216
2754,1333736267654407972,6,17.722815426886438,1.0551475830710673,-0.33915832025770731,17.725576349014467,1.0555042355113675,-0.33702971773995072
2755,1333736267704410972,6,17.745906769953439,1.0468151873809557,-0.33397698752118971,17.748685389730479,1.0472209720594321,-0.33184832343686316
2756,1333736267754408972,6,17.77453177101064,1.037260955752727,-0.32795380354477377,17.777330677868949,1.0377276579177499,-0.32582507790003368
2757,1333736267804406972,6,17.799441201530222,1.0283986865184782,-0.32267946666696484,17.802258912123495,1.0289184312482158,-0.32055073217415825
2758,1333736267854409972,6,17.814706877164362,1.0231930675813192,-0.31838950917483516,17.817535629434452,1.0237453179680054,-0.31626076583307733
2759,1333736267904404972,6,17.838115794877741,1.0173772513504673,-0.31347970552794485,17.840956869423955,1.0179793439787699,-0.31135095333865148
2760,1333736267954407972,6,17.865882394304975,1.0100842897700346,-0.31054817764978876,17.868738925841956,1.0107455048570049,-0.30841941661154415
2761,1333736268004407972,6,17.889646362895064,1.0030749146748388,-0.30611787929217249,17.892517756930495,1.003786731396165,-0.30398910940550739
2762,1333736268054408972,6,17.90932306877006,0.99601573471291349,-0.30146337835684595,17.912209440711575,0.99676945273083628,-0.29933459962158354
2763,1333736268104407972,6,17.937777900887127,0.98702165549302556,-0.2956184616894682,17.940683349955432,0.98783596629236314,-0.29348967410596244
2764,1333736268154411972,6,17.961525353159693,0.97980840328988617,-0.29036294133776025,17.964446096295145,0.98067328525278052,-0.28823415248453144
2765,1333736268204410972,6,17.98408069350527,0.97562472349194174,-0.28537444941300832,17.987010284109047,0.97653763205976996,-0.28324565929018342
2766,1333736268254409972,6,18.004227149297254,0.97053172786096731,-0.28144353696568331,18.007167528580347,0.97148753714259262,-0.27931474557326219
2767,1333736268304411972,6,18.025330441002176,0.96247463224363283,-0.27642927808859113,18.028287916758416,0.96347538591035764,-0.27430048542649765
2768,1333736268354407972,6,18.056194504162569,0.95724692517063303,-0.2718657696255623,18.059163031115848,0.95831339552017958,-0.26973697569394889
2769,1333736268404407972,6,18.079687741801227,0.95517346408950043,-0.26362234318728445,18.08266062192682,0.95628995308709519,-0.26149354798604946
2770,1333736268454408972,6,18.098692702701296,0.94486019353238326,-0.25928438863918901,18.101687487038198,0.94601716528773772,-0.25715559216830713
2771,1333736268504406972,6,18.1210471924134,0.93950182412219085,-0.25361982228565083,18.124053324143965,0.94070639820084723,-0.25149102560110714
2772,1333736268554410972,6,18.150755160639289,0.93266313161881609,-0.2483465122543729,18.153775774407396,0.93393096543525456,-0.2462177153561417
2773,1333736268604408972,6,18.169031027494988,0.92476520316825184,-0.23941481884157467,18.172068404105172,0.9260719625290349,-0.23728602172968163
2774,1333736268654407972,6,18.192433200599357,0.91984523563880671,-0.23282353806792788,18.195480988968711,0.92120182666285888,-0.23069474074236887
2775,1333736268704407972,6,18.218771000209436,0.91879060666958789,-0.226200619835593,18.221820965171059,0.92020326995828916,-0.22407182229636352
2776,1333736268754407972,6,18.245882748172875,0.90815967560123134,-0.2182536065276329,18.248955273968502,0.90963008044294758,-0.21612480877473314
2777,1333736268804410972,6,18.268066461235474,0.90465296474278034,-0.21318818105180365,18.271146393444823,0.90617060353034329,-0.21105938327314133
2778,1333736268854412972,6,18.287908455640029,0.89811334174462765,-0.20836191156756237,18.291002256021358,0.89967323630962048,-0.20623311376313777
2779,1333736268904407972,6,18.314236237578523,0.89397958454218607,-0.20089162949287884,18.317338769839242,0.89559553635401523,-0.19876283166269584
2780,1333736268954408972,6,18.341820458820496,0.88797735167427305,-0.19464952174586908,18.344935697716835,0.88965203967149464,-0.19252072388992442
2781,1333736269004410972,6,18.36483560479099,0.89178985874872208,-0.18945009190037654,18.367942667094297,0.89351353406326028,-0.18732129401866987
2782,1333736269054407972,6,18.386684636646006,0.88128253858349392,-0.18776048452557897,18.389814008994442,0.8830527512441233,-0.18563168661811261
2783,1333736269104419972,6,18.416123112712473,0.88090942201191069,-0.1824980186002414,18.419253204251849,0.88274230543814358,-0.18036922066700781
2784,1333736269154407972,6,18.438989736064247,0.87505389856960925,-0.18126912020861202,18.442132232795398,0.87693547489052703,-0.17914032227255158
2785,1333736269204407972,6,18.461191481125304,0.87455660271308489,-0.18129171121274673,18.464334977977604,0.87648544439749587,-0.17916291327385872
2786,1333736269254407972,6,18.485224820204781,0.87041815286691637,-0.18044668698757879,18.488377064303304,0.8723981672560337,-0.17831788904586318
2787,1333736269304406972,6,18.510620979657684,0.86248670778767433,-0.18008436703764466,18.513790042428976,0.86452080464313397,-0.17795556909310145
2788,1333736269354406972,6,18.537314611424048,0.8604168158783283,-0.17977818658780675,18.540488011875123,0.86250774397297758,-0.17764938864043611
2789,1333736269404405972,6,18.559054291482642,0.8540352967630982,-0.18249867781733639,18.562241219415014,0.85617251991245846,-0.18036987986713815
2790,1333736269454405972,6,18.580249532171518,0.85638611996249381,-0.18019214447776444,18.58343139944029,0.85856845937965087,-0.17806334652473871
2791,1333736269504405972,6,18.61032496588286,0.84531691975137857,-0.17781139418781972,18.613530320052512,0.84756331015290987,-0.17568259623322072
2792,1333736269554410972,6,18.632891101505695,0.84678765158903424,-0.17452554987297889,18.636093264629043,0.84908207879472974,-0.17239675191680665
2793,1333736269604415972,6,18.65828701352914,0.84368591810511084,-0.17083780479965302,18.661495713041706,0.84603441649341271,-0.16870900684190729
2794,1333736269654405972,6,18.676130142928876,0.83860542985971698,-0.1696791579220317,18.679349608313068,0.84099192557782443,-0.16755035996271309
2795,1333736269704404972,6,18.699208853640464,0.83701615396030604,-0.1635392910873387,18.702431640951303,0.83945178458423431,-0.16141049312644692
2796,1333736269754404972,6,18.728990349476089,0.83065302517134398,-0.15854274253160142,18.732226606086265,0.83315207038275341,-0.15641394456913635
2797,1333736269804404972,6,18.756392251945254,0.82837528373491587,-0.15628801728498379,18.759633286709168,0.83093266807794097,-0.15415921932204893
2798,1333736269854406972,6,18.77099422622409,0.82674900496319026,-0.15361386528739288,18.774238681313278,0.82933747852126838,-0.15148506732398817
2799,1333736269904405972,6,18.800056871070204,0.82196694313373353,-0.1498485502576761,18.803311431738379,0.82461729688028895,-0.14771975229380166
2800,1333736269954405972,6,18.82651228438689,0.81854343516843375,-0.14390160427560644,18.829774064457059,0.82125011576019957,-0.14177280631126241
2801,1333736270004405972,6,18.847768901381436,0.81784696044537331,-0.13975531378619882,18.851032107335076,0.82059889452454637,-0.13762651582138491
2802,1333736270054406972,6,18.868894755686057,0.81655901805727016,-0.13390303949822699,18.872160646933491,0.81935592859695083,-0.13177424153294345
2803,1333736270104405972,6,18.90464245615016,0.81237274685804373,-0.13192434282753995,18.907917169512068,0.81524576735835885,-0.12979554486178657
2804,1333736270154405972,6,18.927170903506468,0.80847544936744598,-0.12624692684028857,18.930453854249734,0.81139643774107117,-0.12411812887580644
2805,1333736270204404972,6,18.949929470046989,0.80594821747568091,-0.12086785239769834,18.953217741059682,0.8089176604950119,-0.11873905443448747
2806,1333736270254407972,6,18.970931408439078,0.81224732926929022,-0.11972513792880057,18.974206214212611,0.8152614674311961,-0.11759633996686104
2807,1333736270304403972,6,18.995307971037334,0.8050492528237303,-0.1141124504580926,18.998598036691433,0.80811530059891723,-0.11198365249742427
2808,1333736270354406972,6,19.023886602779239,0.80379494834324205,-0.10712017204579727,19.027179265711251,0.80692183761325853,-0.10499137408640011
2809,1333736270404403972,6,19.043451943545996,0.79585964799944708,-0.10165852693317007,19.04676144665962,0.79902820644162187,-0.099529728975044154
2810,1333736270454405972,6,19.065499411333256,0.80238813208650672,-0.10051289032162838,19.068794958551951,0.80560361087044541,-0.098384092364773773
2811,1333736270504400972,6,19.093516959910197,0.80225978423863253,-0.098198989751958343,19.09681270780262,0.80553490775329306,-0.096070191793871731
2812,1333736270554403972,6,19.118377546674395,0.79419126700189224,-0.092020133741665691,19.121690405396048,0.79751933271022646,-0.089891335782346829
2813,1333736270604399972,6,19.137872642787183,0.79228212898427053,-0.088256369730914871,19.141189512432941,0.79565170089282877,-0.086127571770364009
2814,1333736270654399972,6,19.165865611735061,0.79697210614427672,-0.08568117831484573,19.169172424876635,0.80040125954101216,-0.083552380353062811
2815,1333736270704398972,6,19.18851400858841,0.79643223231778038,-0.079339719287632213,19.191821910623904,0.79990960154741431,-0.077210921324617127
2816,1333736270754399972,6,19.217157101645199,0.78674583488486594,-0.072877582808650351,19.220485550077051,0.79028420215993433,-0.070748784844403126
2817,1333736270804398972,6,19.239570740356044,0.77951901038616267,-0.067668040275056393,19.242914514268787,0.7831051083378483,-0.06553924231097194
2818,1333736270854396972,6,19.261832545938752,0.78340035021799359,-0.066974672389172193,19.265167998656835,0.78703383045460162,-0.064845874425250513
2819,1333736270904396972,6,19.292377653929144,0.78390242359562556,-0.059580205134193875,19.295711960453307,0.78760092723818009,-0.057451407170434864
2820,1333736270954398972,6,19.314721628551332,0.7827549770406188,-0.054718110808595205,19.318058318956133,0.78650104928392373,-0.052589312844999091
2821,1333736271004398972,6,19.341997211441768,0.78078873000134408,-0.053397960569913319,19.345338017612544,0.78459287109040277,-0.051269162606479922
2822,1333736271054398972,6,19.361013608151204,0.78232329051913663,-0.049589261918185155,19.364351096295987,0.78616791039605827,-0.047460463954914607
2823,1333736271104398972,6,19.381708619449515,0.78279502125751588,-0.047557156536112422,19.385045048312911,0.78668369575916497,-0.045428358573004646
2824,1333736271154398972,6,19.407804929749616,0.78330733917422624,-0.042867224092145065,19.411140199621574,0.7872515663003673,-0.040738426129885291
2825,1333736271204397972,6,19.439116450897764,0.7806051462931558,-0.039025889667055141,19.442457393000243,0.78461603544930547,-0.036897091705643245
2826,1333736271254396972,6,19.458559980545878,0.78719373212620702,-0.035524464232249496,19.461886843594598,0.79124599772341497,-0.033395666271685762
2827,1333736271304395972,6,19.484379217029073,0.78642954165139312,-0.031718851287203122,19.487707639140773,0.79053677293165325,-0.029590053327487324
2828,1333736271354396972,6,19.510952652956398,0.7819936785462378,-0.026037526860181185,19.514290448665072,0.78615748936614216,-0.023908728901313413
2829,1333736271404395972,6,19.536782389965584,0.78202273526281374,-0.021910964418022261,19.540120056051713,0.78624153232175586,-0.019782166460002477
2830,1333736271454395972,6,19.559565044374068,0.77909412155848834,-0.017370931450123361,19.562908884952382,0.78336142488525506,-0.015242133490780223
2831,1333736271504395972,6,19.584785968837327,0.77982145907147959,-0.013441951132005818,19.588128195607361,0.7841424509625502,-0.011313153171339331
2832,1333736271554401972,6,19.61150706513741,0.78276455332744543,-0.0093735540778290185,19.614842957804068,0.78714242232256337,-0.0072447561158391323
2833,1333736271603381972,6,19.635545454347824,0.78455411328267211,-0.0036268880065318007,19.638877474799884,0.78898315105860506,-0.0014980900432453904
2834,1333736271653382972,6,19.656556061480327,0.77853864742961854,0.00031442449887959643,19.659900831719288,0.7830124261403103,0.0024432224634892731
2835,1333736271703381972,6,19.681084922550838,0.78127042810537173,0.0036110566210774469,19.684423813498515,0.78579641757675067,0.0057398545870105608
2836,1333736271753380972,6,19.704704998228291,0.78004380302980358,0.009282959553072791,19.70804643858364,0.78462007761220975,0.011411757520329174
2837,1333736271803383972,6,19.737449094151977,0.7853502116583142,0.011975421657027772,19.740779155084503,0.78999617914562881,0.014104219623031431
2838,1333736271853380972,6,19.755029549720984,0.78365999746061465,0.017182828451842502,19.758363159976096,0.78834339340405701,0.0193116264165938
2839,1333736271903381972,6,19.784788011136591,0.78431845492454677,0.022400395274948304,19.788120143275876,0.78906519849666235,0.024529193238447034
2840,1333736271953380972,6,19.807882504114573,0.78389154348525558,0.027687881830887221,19.811215483767572,0.78868745091360082,0.029816679793133537
2841,1333736272003380972,6,19.829893343741745,0.78324762467451592,0.032807225246898213,19.833227635328214,0.7880903895734358,0.034936023207891721
2842,1333736272053383972,6,19.85506667912669,0.7917474880164157,0.034819033536602768,19.85838281023014,0.79664382197645189,0.036947831496343821
2843,1333736272103381972,6,19.878325431783828,0.79068215309089585,0.040356028911851111,19.881643769066361,0.79562800212378537,0.042484826871429987
2844,1333736272153381972,6,19.906001187936575,0.79122739784589236,0.047535484699804439,19.909318292793234,0.79623216120313511,0.049664282659221189
2845,1333736272203380972,6,19.933394284223652,0.79076035692812141,0.05262237281927188,19.936712312245149,0.79582343517815846,0.054751170778526446
2846,1333736272253379972,6,19.952067874177057,0.79509707447346933,0.056084985312437725,19.955376618897333,0.80019989467823849,0.058213783271530067
2847,1333736272303379972,6,19.986168510638976,0.79417319964684463,0.063429839539812391,19.989479135831715,0.79934861476656494,0.06555863749874255
2848,1333736272353380972,6,20.00697109046483,0.79872935685370816,0.069871911399054687,20.010271960389591,0.8039490456167715,0.072000709357822656
2849,1333736272403381972,6,20.030498127967906,0.79704525732127784,0.075773636255113588,20.033802521574973,0.80231503354626832,0.077902434214771402
2850,1333736272453380972,6,20.049373808612046,0.80013755405343367,0.079561906612432065,20.052671568466259,0.80544750512611596,0.081690704572979805
2851,1333736272503379972,6,20.075874193786326,0.80057254254891763,0.085675263876116042,20.079170959479036,0.80593890593369377,0.087804061837553571
2852,1333736272553380972,6,20.101043464891461,0.80662534880763381,0.092009012566024603,20.104327280248516,0.81204527810439298,0.094137810528352114
2853,1333736272603379972,6,20.127350570193915,0.80977946103551091,0.097031834235300971,20.130627603366712,0.81525538502973727,0.09916063219851845
2854,1333736272653382972,6,20.149392169150758,0.81697845544932335,0.10045678670255856,20.152653819073354,0.82250128458138638,0.10258558466666587
2855,1333736272703381972,6,20.170956438352199,0.8098978552205871,0.10979494951797326,20.174233104455851,0.81546660570871954,0.11192374748297045
2856,1333736272753381972,6,20.19690115671348,0.81445679084963984,0.11722914944083976,20.200168049985692,0.82008076075980774,0.11935794740663186
2857,1333736272803383972,6,20.224519183180227,0.82111052646959504,0.12203939678390882,20.227771840426502,0.82679327318740414,0.12416819475049584
2858,1333736272853381972,6,20.243840441932527,0.8208119741947888,0.12714475863052296,20.247093681958287,0.82653585134459484,0.12927355659790501
2859,1333736272903381972,6,20.267206517218447,0.82394673367325311,0.13185706999317601,20.270453022036673,0.82972034406624739,0.13398586796135284
2860,1333736272953380972,6,20.296378694129452,0.82840367445178842,0.13878787190516964,20.299615635929591,0.83423937510012958,0.14091666987414139
2861,1333736273003382972,6,20.320484413451226,0.83152000984397034,0.14472623956062575,20.323714657588628,0.83740701832880593,0.14685503753039242
2862,1333736273053381972,6,20.339799827347399,0.83661047531923316,0.14773805125963185,20.343019182812984,0.84253858938908033,0.14986684923730947
2863,1333736273103380972,6,20.367287469435222,0.84398738920717431,0.15116340695253874,20.370491050328443,0.84997400069127038,0.15329220493812742
2864,1333736273153379972,6,20.395027706897874,0.84639680976725362,0.15615434223981398,20.398226087428103,0.85244246764594911,0.15828314023331352
2865,1333736273203380972,6,20.417656844237236,0.85145882425208708,0.15992902138609891,20.420844389152908,0.8575526420237628,0.16205781938750966
2866,1333736273253380972,6,20.437042974911495,0.85113336864184408,0.16439367099136337,20.440231160387945,0.85726845481338465,0.16652246900068526
2867,1333736273303380972,6,20.458738974267717,0.85102183851020197,0.16873725044336441,20.461927339667241,0.85720310983733772,0.17086604846059736
2868,1333736273353379972,6,20.489662963272309,0.86035860515740037,0.1722137208376984,20.492831374185137,0.86660568474300848,0.17434251886284241
2869,1333736273403380972,6,20.512159337449027,0.86599450531646216,0.17423362823867031,20.515315691707801,0.87228946053206458,0.17636242631732157
2870,1333736273453376972,6,20.538083843936391,0.87659450612239453,0.17507488804884086,20.541217566213323,0.8829446235186178,0.17720368618099422
2871,1333736273503392972,6,20.557570100737102,0.8793020810023533,0.17915485111082674,20.560698006985522,0.88569367274072108,0.18128364929650342
2872,1333736273553377972,6,20.585259315805594,0.87676867298436623,0.18489048220121923,20.588392544429897,0.88321921337349352,0.18701928044038627
2873,1333736273603381972,6,20.607778018620206,0.88344152210370552,0.18737828440070636,20.610896983083766,0.88993998331616453,0.18950708269338398
2874,1333736273653380972,6,20.627813361851594,0.89048233907398977,0.18848302398608263,20.630917284452746,0.89702343371080828,0.19061182233226548
2875,1333736273703380972,6,20.647868879488964,0.89571156638534699,0.191516313523099,20.650961616687329,0.90229534150070823,0.19364511192278819
2876,1333736273753380972,6,20.676152794354635,0.90065873139849728,0.19537860768961693,20.67923492681993,0.90730270351137188,0.19750740651965698
2877,1333736273803379972,6,20.70613894922144,0.91102287308739349,0.19758905623095924,20.709198941445216,0.91773065367240003,0.19971785549134152
2878,1333736273853379972,6,20.727873246038563,0.91853000585311584,0.19829583967732328,20.730917198704603,0.92528403487007638,0.20042463936805655
2879,1333736273903380972,6,20.750235313146831,0.92754986900321246,0.20254549129614577,20.753260004527807,0.93435147943954688,0.20467429141723836
2880,1333736273953388972,6,20.772326489293995,0.92955358275897915,0.206798231048368,20.775346855966049,0.93640221385903777,0.20892703159988035
2881,1333736274003382972,6,20.801703673964077,0.93818094639237248,0.21034897284661849,20.80470559899695,0.94509209361773427,0.21247777382843011
2882,1333736274053379972,6,20.819061398328579,0.93937435996832619,0.21457705653866935,20.82206073531092,0.94632245319844843,0.21670586010519913
2883,1333736274103381972,6,20.845937979755902,0.94537776391229666,0.21730823789929568,20.848924467582336,0.95238305612383178,0.21943704405080225
2884,1333736274153379972,6,20.869353913088815,0.94633080634709099,0.22305072823085045,20.872338310815771,0.95338594207045069,0.22517953696712684
2885,1333736274203380972,6,20.895369127417162,0.95593602027594038,0.22624193155647526,20.898333010322489,0.96304651340155045,0.22837074287767656
2886,1333736274253383972,6,20.917259131205828,0.95952281487786095,0.22950961956572535,20.920215320671744,0.96667989737837057,0.23163843347195504
2887,1333736274303380972,6,20.94256303157136,0.9719522380392327,0.23240505099412934,20.945492695525139,0.97916315754510297,0.23453386748507737
2888,1333736274353380972,6,20.965966391574678,0.97562642998680627,0.23471202947315026,20.968888172546936,0.98288716056384129,0.2368408485489715
2889,1333736274403381972,6,20.987915326380378,0.97449717410056014,0.23773068172594591,20.990839453579813,0.98180462782172573,0.23985951881427975
2890,1333736274453378972,6,21.009240175976736,0.98492859815727662,0.23906282794969078,21.012142039863313,0.99228142103110906,0.24119168304909624
2891,1333736274503378972,6,21.027259924174572,0.9931450021733097,0.23982165789648541,21.030144247352954,1.0005361638500978,0.24195053100804317
2892,1333736274553378972,6,21.05773167252795,0.9936615188711535,0.24212078440473192,21.060614818692827,1.0011175463806148,0.24424967552844201
2893,1333736274603379972,6,21.08271845249368,1.0020941525123845,0.24182381319711782,21.085583581372617,1.0096033520227334,0.24395272233334056
2894,1333736274653372972,6,21.10050279566514,1.0084078459219983,0.24228585966195446,21.1033544343417,1.0159548896833801,0.24441478680780776
2895,1333736274703379972,6,21.124308998930736,1.020333042562318,0.24163954387088224,21.127135186953314,1.0279307386975851,0.24376848903140966
2896,1333736274753379972,6,21.149367757620212,1.0298022187886451,0.24172532722625936,21.152173718407301,1.037453224805293,0.24385439781950102
2897,1333736274803380972,6,21.173598880328711,1.0345164274157117,0.24154735549691062,21.176394737617709,1.0422189981751098,0.24367655152537501
2898,1333736274853379972,6,21.192154291028054,1.0410065450374733,0.24074710307555397,21.194936275012449,1.0487485971841766,0.24287642453422409
2899,1333736274903379972,6,21.219031694138401,1.0447226835837826,0.24091004096063326,21.221805691348354,1.0525219492857765,0.24303948785201754
2900,1333736274953377972,6,21.244032971369379,1.0532696528641781,0.23923350369194379,21.246788697517363,1.0611221325654649,0.24136307601102494
2901,1333736275003376972,6,21.264912148486637,1.0568482058195832,0.2380409637285639,21.267660191980141,1.0647451382339452,0.24017066147785068
2902,1333736275053377972,6,21.290759858699818,1.0610276052625678,0.23737507572990688,21.293498927664565,1.0689795763520442,0.23950489891441643
2903,1333736275103378972,6,21.313609173215124,1.0700914429781925,0.23459288682009391,21.316328852921277,1.0780919708788557,0.23672358220246134
2904,1333736275153377972,6,21.337848366420612,1.0739875896955633,0.23439086221402791,21.340559653090644,1.0820396885925312,0.23652242975936602
2905,1333736275203377972,6,21.361441030324897,1.0781015132845768,0.23256930858196398,21.364143454146074,1.0862038462645094,0.23470174830771637
2906,1333736275253376972,6,21.38003795850943,1.0908911174008695,0.23036878960329948,21.382713015668234,1.0990330484070536,0.23250210149202238
2907,1333736275303381972,6,21.403404314797079,1.0932076881046582,0.22893321796477586,21.406074323410898,1.1013994522080064,0.23106740212113103
2908,1333736275353377972,6,21.433192504454773,1.1026752304164402,0.22713964212243176,21.435842178053289,1.1109305630360748,0.22927469838942691
2909,1333736275403377972,6,21.455452521586192,1.1043162385814616,0.22866890965329451,21.458098577616081,1.1126191298699892,0.23080483810070387
2910,1333736275453376972,6,21.47622662991774,1.1154997518292369,0.22603686444098872,21.478848507063859,1.1238465230725518,0.22817884787240261
2911,1333736275503377972,6,21.495843074575593,1.1110299103274528,0.2270048564984872,21.498474263513756,1.1194183622019711,0.2291528951561097
2912,1333736275553376972,6,21.527495300776089,1.1222843389820101,0.22477717836450015,21.530101955689531,1.1307405988745283,0.22693127200612709
2913,1333736275603378972,6,21.547217335791501,1.12052720121621,0.22498949845567001,21.549827454278514,1.1290259115272647,0.22714964744460767
2914,1333736275653377972,6,21.57201756120196,1.1342327705790751,0.22122921146491617,21.574597656776884,1.1427851343036968,0.22339541543785837
2915,1333736275703378972,6,21.592626724242852,1.1437862378262587,0.22063487526090583,21.595185659586246,1.152383460672155,0.22280713446005662
2916,1333736275753377972,6,21.622409045829571,1.1494549336803721,0.21838141698777783,21.624955145205103,1.1581172561406263,0.22055973117093308
2917,1333736275802363972,6,21.650824477409369,1.1563319536507688,0.21805486518119579,21.653353491674746,1.165054570686163,0.2202743055450187
2918,1333736275853376972,6,21.667842807323858,1.1633968955660325,0.21804851313577364,21.670353673628071,1.1721563419713275,0.22031078144746749
2919,1333736275902366972,6,21.690152435440829,1.165949038553908,0.21849103351932597,21.692655034362559,1.1747589782854673,0.22079443136988627
2920,1333736275953378972,6,21.713829790845296,1.1773751580743177,0.21567503491595313,21.716302979137556,1.1862406493559008,0.21802125987483451
2921,1333736276002365972,6,21.737795253883281,1.1759153967661744,0.21649081298103412,21.74026895009596,1.1848391081420433,0.21887816496013304
2922,1333736276053377972,6,21.759888791444297,1.1844395193188868,0.21610981637891163,21.762338738308799,1.1934189665290509,0.21853999546633163
2923,1333736276103376972,6,21.786702502135167,1.1913230998878861,0.21590019470088614,21.789132079598421,1.2003717687813906,0.21837235043280065
2924,1333736276152365972,7,21.808886487849165,1.1983839096821611,0.21683973607970392,21.811279753174478,1.2074830131464813,0.21959739547734811
2925,1333736276202367972,7,21.834611123536835,1.2026423873977763,0.2176030286657383,21.836972108748316,1.2118154247848247,0.22065209540572076
2926,1333736276252365972,7,21.858688719447276,1.2119907534064838,0.21629739347978857,21.860997904499193,1.2212471727356125,0.21963784425045441
2927,1333736276302364972,7,21.879252739500032,1.2131235195281027,0.21701814647056045,21.881534487043176,1.2224646212237673,0.22064998709982345
2928,1333736276352361972,7,21.905763586405183,1.215221639797283,0.2166536980313562,21.908013356010326,1.224682721151839,0.22057691686338879
2929,1333736276402366972,7,21.9283625799332,1.2203829152772503,0.21738191706296348,21.930566202097786,1.229962904496021,0.22159656072107559
2930,1333736276452364972,7,21.951331926478716,1.2287002250536505,0.21734035221422587,21.953472107570175,1.2384139052749998,0.22184637990302145
2931,1333736276502365972,7,21.969764366915978,1.2345071080904622,0.21810841003051376,21.971874311584731,1.2443088098698565,0.2226560066279431
2932,1333736276552364972,7,22.000672390016696,1.2433842070576953,0.21669688754490948,22.002737387438817,1.2533326801856917,0.2212860513882495
2933,1333736276602361972,7,22.025281401827989,1.2478622927150258,0.21622242659130692,22.027321140253804,1.2579309810727051,0.22085315601783451
2934,1333736276652361972,7,22.043644740987371,1.2574458838511904,0.21521625537987552,22.045635051914761,1.2676075945226866,0.21988855288367537
2935,1333736276702363972,7,22.069713143929885,1.2604520852883507,0.21623665859897082,22.071684142167054,1.2707447349338694,0.220950525842766
2936,1333736276752365972,7,22.090860099585665,1.263807635722932,0.2157021942204454,22.092809918949932,1.2742099827522386,0.22045763120423589
2937,1333736276802365972,7,22.106432688718883,1.2673576488992213,0.21549250077344065,22.108360172968027,1.2778447070668708,0.22028950583450349
2938,1333736276852365972,7,22.120743914768859,1.2702183905468682,0.21635901485738665,22.122657044357318,1.2807749677707079,0.22115980067412908
2939,1333736276902362972,7,22.13066861975258,1.2737776076928686,0.21545673632516216,22.13256406732469,1.2843827287110763,0.22026130267073893
2940,1333736276952364972,7,22.135223007754909,1.278608465932922,0.21548429674614669,22.137094693598915,1.2892363688027217,0.22029264399863324
2941,1333736277002364972,7,22.14719401203104,1.2823846534602654,0.21409594267793849,22.149046888788121,1.2930710741846552,0.21890807068610482
2942,1333736277052362972,7,22.151833755978764,1.2802758486293566,0.21530104610023193,22.153696221169863,1.2909856392468102,0.22011695471284753
2943,1333736277102365972,7,22.165293595804627,1.2844872457658425,0.21510873431006586,22.167135101415763,1.2952628780891406,0.21992842390520642
2944,1333736277152365972,7,22.186945289371899,1.2896705459928492,0.21505914854311708,22.188761019872008,1.3005516232853334,0.21988261889393726
2945,1333736277202366972,7,22.20206121932555,1.2938793641222108,0.21455621500497296,22.20385591491701,1.3048345116388071,0.2193834661870879
2946,1333736277252364972,7,22.218936442919961,1.3008427063193404,0.2147737399157757,22.220696743584117,1.3118805051553899,0.21960477170234011
2947,1333736277302365972,7,22.239773202319725,1.3056717450046862,0.21653783877473873,22.241509327364156,1.3168115007330941,0.22137265139259779
2948,1333736277352363972,7,22.263753386026455,1.3088610217127845,0.2165935536163125,22.2654731955197,1.320118120517914,0.22143214683862095
2949,1333736277402364972,7,22.286523525087805,1.3173512358540096,0.21564522811210016,22.288201820576514,1.3287187104578502,0.22048466921265858
2950,1333736277452364972,7,22.303597463899706,1.3163837797356268,0.21639320410607008,22.30528007520758,1.3278342083154113,0.2212334930679212
2951,1333736277502364972,7,22.330380798866493,1.3245246389002443,0.21507398579073339,22.332023519287944,1.3361049480139582,0.21991512261387727
2952,1333736277552361972,7,22.354542708402793,1.3291326561931025,0.21568495103297813,22.356162660552581,1.3408302397300198,0.22052693566654294
2953,1333736277602363972,7,22.380804795462197,1.3394351739634169,0.21439780648850137,22.382374369278093,1.3512601768841026,0.21924063901727345
2954,1333736277652363972,7,22.403793324012351,1.3422679832880939,0.21557059622735136,22.405348720955093,1.3542046816411459,0.22041427661741619
2955,1333736277702365972,7,22.43017552814225,1.34620778098074,0.21568967022562008,22.431711340572178,1.3582726414440485,0.22053419851089204
2956,1333736277752362972,7,22.456899050720359,1.3563079485206067,0.21437642909405574,22.458385607228035,1.3685021679362841,0.21922099131136238
2957,1333736277802362972,7,22.475942665255804,1.3589940028961021,0.21520853202501605,22.47741597351386,1.3712804641727885,0.22005312817639364
2958,1333736277852361972,7,22.483869129926873,1.3624587426910031,0.21481874937355075,22.485325547780885,1.3747835797138919,0.21966337945832051
2959,1333736277902362972,7,22.496215013550966,1.3614598999729004,0.21631658101740842,22.497676113372219,1.3738445761774285,0.22116124503692766
2960,1333736277952363972,7,22.509740407573663,1.3707815769046714,0.21441634941266352,22.511156175978879,1.3832316863616021,0.21926104736693228
2961,1333736278002361972,7,22.510809090709021,1.3696063749130729,0.21501267357491244,22.51223052761506,1.3820616925360101,0.21985740546189467
2962,1333736278052365972,7,22.509804762688422,1.3675009109715881,0.2147041207748715,22.511236399385439,1.3799514045385868,0.2195488865986393
2963,1333736278102365972,7,22.509364514227673,1.3680754821337511,0.21486503436981877,22.510793360057203,1.3805238529648702,0.21970983412765746
2964,1333736278152363972,7,22.510184806651186,1.3681704186294996,0.21480741779034671,22.511613170522033,1.3806227794101265,0.21965225148089879
2965,1333736278202359972,7,22.510263902277885,1.3676725733804762,0.21437038559859511,22.511694664820631,1.3801253401363496,0.21921525322050331
2966,1333736278252360972,7,22.51014825869823,1.3676029582812017,0.2147475930430286,22.511579347506149,1.3800551825050249,0.21959249459968622
2967,1333736278302358972,7,22.511867174252799,1.3685737236666504,0.21476715007013022,22.513293527243157,1.3810342814248528,0.2196120855595014
2968,1333736278352358972,7,22.513814387754138,1.3691118883158604,0.21432420791503018,22.515238098109631,1.381581890895073,0.2191691773384721
2969,1333736278402362972,7,22.510861631568957,1.3686220387533754,0.21449067056856649,22.512287737475223,1.3810777580760329,0.21933567392879413
2970,1333736278452361972,7,22.516587561431074,1.3684896458975921,0.2155323787298794,22.518014229176057,1.3809731259592752,0.22037741602349914
2971,1333736278502364972,7,22.505817817271033,1.3669061230936341,0.219604929349656,22.507252271276538,1.3793374589138416,0.22445000057938258
2972,1333736278552364972,7,22.51172424246953,1.3689545025277208,0.22309418406237372,22.513148690231354,1.3814144482237318,0.22793928922617121
2973,1333736278602364972,7,22.515509768873358,1.3731459290879267,0.22806415289224558,22.516913851824143,1.3856241838960872,0.23290929199011384
2974,1333736278652362972,7,22.51396708666276,1.3665934639551351,0.23413688146600364,22.515402922869502,1.379064338248571,0.23898205449658544
2975,1333736278702363972,7,22.509943384828237,1.369148765979717,0.24049304200935612,22.511366875013369,1.3816001317434787,0.24533824897468737
2976,1333736278752362972,7,22.508742920121669,1.374589119434221,0.25215646793552299,22.510140052259516,1.3870346217390039,0.25700170883424639
2977,1333736278802363972,7,22.507485527387789,1.3666543508234488,0.26749949148479341,22.508921107666016,1.3790938707572846,0.27234476631826632
2978,1333736278852364972,7,22.510899291987201,1.3688303891075548,0.27770166049198081,22.512324276322815,1.38128644101318,0.28254696926020317
2979,1333736278902361972,7,22.507033556944322,1.3654241377528453,0.29224792673858341,22.508475078641535,1.3778615158559715,0.29709326943884057
2980,1333736278952368972,7,22.517472205904209,1.3711048589952761,0.30468273748638752,22.518886067644051,1.3835927662246106,0.30952811412546632
2981,1333736279002362972,7,22.508187734712514,1.3732946578244474,0.321639003614967,22.509591092483493,1.3857375566663528,0.32648438893957216
2982,1333736279052363972,7,22.513790632680127,1.3717708485877749,0.3359981553223314,22.515201305507187,1.3842409173620995,0.34084354933367905
2983,1333736279102362972,7,22.511869401987646,1.368272171844005,0.34487427038060303,22.513297047213086,1.3807329765402592,0.34971967307834567
2984,1333736279152361972,7,22.511988965209415,1.3692023118617462,0.35035417047256906,22.513412099582151,1.3816636889044156,0.35519958185670686
2985,1333736279202362972,7,22.513968638238307,1.3699605041768255,0.35161813982908935,22.515388073061786,1.3824314685646912,0.35646355989996953
2986,1333736279252360972,7,22.510723781764376,1.3690240781048435,0.35032928781846245,22.512147789477048,1.3814793347787964,0.35517471657556399
2987,1333736279302363972,7,22.511545643808006,1.3687377487616958,0.34508183277373894,22.512971026695798,1.3811969949873522,0.34992727021793052
2988,1333736279352361972,7,22.513733586117123,1.366447472726773,0.33695718942222913,22.515170038126325,1.3789173512851098,0.34180263555264195
2989,1333736279402361972,7,22.518416285202484,1.3712709590479131,0.32054349525225739,22.519829307806962,1.3837634746513965,0.32538895006923912
2990,1333736279452363972,7,22.512435921050621,1.3660075521531405,0.30293930423423349,22.513874514823979,1.3784711560137164,0.30778476773813135
2991,1333736279502362972,7,22.522185642294346,1.3687809323725235,0.27936180902825325,22.523610680792775,1.3812917494335046,0.28420728121854616
2992,1333736279552362972,7,22.509654076288001,1.3694686721800857,0.25718740169615911,22.511075926920782,1.3819187639658916,0.26203288257302076
2993,1333736279602362972,7,22.515063402485858,1.368502471297558,0.22070388581455225,22.516489868748465,1.3809787890723848,0.22554937537798259
2994,1333736279652363972,7,22.51227816064495,1.3730352611955383,0.19053195282230387,22.513682693507064,1.3854980338889342,0.19537745107247681
2995,1333736279702364972,7,22.513493057269073,1.3720202817661731,0.15357171642154327,22.514902490222344,1.3844889563248877,0.15841722048182524
2996,1333736279752361972,7,22.521618167449077,1.3690262608078856,0.10897375776104026,22.523042008811096,1.381534343855678,0.11381926763096649
2997,1333736279802361972,7,22.517103778820903,1.3712181475405332,0.070566641913626604,22.518517048708318,1.3837043336422747,0.075412157593545706
2998,1333736279852361972,7,22.506082440238856,1.3714652901164319,0.040813805821443838,22.507494641559305,1.3838980694202032,0.045659322334114516
2999,1333736279902361972,7,22.512009630687928,1.3775089616814682,0.0024327664402726918,22.513392477402043,1.389970390190616,0.0072782837856948798
3000,1333736279952361972,7,22.518219184817639,1.3715098269269956,-0.041426830414525273,22.519631027009098,1.3840014142208605,-0.036581312236351457
3001,1333736280002363972,7,22.512019175443506,1.370286840224471,-0.079107177072746782,22.513437020481891,1.3827483972670505,-0.07426165877519196
3002,1333736280052362972,7,22.508463900641068,1.3705488130037959,-0.11010082422621341,22.509880522108212,1.3829931374210058,-0.10525530580928487
3003,1333736280102362972,7,22.508729188397567,1.3773342574841316,-0.14958943690514054,22.510112931962642,1.3897797852270153,-0.14474391836883585
3004,1333736280152357972,7,22.511878612510102,1.369698102778736,-0.1926190009512731,22.513299320806386,1.3821589806228687,-0.18777348239779265
3005,1333736280202361972,7,22.514361794908716,1.3731695128670349,-0.22993961209425556,22.515765654057081,1.3856423821412662,-0.22509409352359636
3006,1333736280252362972,7,22.507061978231409,1.3776249751570508,-0.26152607175059928,22.508444334854659,1.3900624207908161,-0.25668055316276228
3007,1333736280302363972,7,22.504402610161797,1.3738437982071858,-0.29736914631792866,22.505803315699239,1.3862684050589527,-0.29252362772772017
3008,1333736280352362972,7,22.511473697922273,1.3690012136165854,-0.34121433219643971,22.512897781193718,1.3814601430667621,-0.33636881360385984
3009,1333736280402364972,7,22.516748763831309,1.3711724708332671,-0.37938403592718112,22.518162260353026,1.3836569379198214,-0.37453851733222965
3010,1333736280452362972,7,22.509344702407653,1.3851789787655584,-0.4119182626261006,22.510690417576303,1.3976274056960414,-0.40707274403091098
3011,1333736280502361972,7,22.508100995827057,1.3849645145292242,-0.44942724010155816,22.509447765038566,1.3974069182479194,-0.44458172150613012
3012,1333736280552361972,7,22.51580030127656,1.368819742235744,-0.49287586066118938,22.517225209846291,1.3812996431180715,-0.48803034206552315
3013,1333736280602362972,7,22.508107393758372,1.3821233252033547,-0.5251244764378401,22.50946793305765,1.3945657884833547,-0.5202789578417959
3014,1333736280652361972,7,22.516224836023238,1.3734003047538892,-0.56851966428371359,22.517627550345114,1.3858821980572407,-0.56367414568729135
3015,1333736280702361972,7,22.509604262108382,1.3814479669273119,-0.59953360966411617,22.510968062133362,1.3938976803224181,-0.59468809106731624
3016,1333736280752384972,7,22.51749231832509,1.3738451398415847,-0.64303019034424447,22.518892867016795,1.3863331626944519,-0.63818467174774307
3017,1333736280802361972,7,22.517304587536991,1.3747391519410166,-0.68106367294991688,22.518700808268335,1.3872262532812518,-0.6762181543537138
3018,1333736280852360972,7,22.505869832010877,1.3816890313272201,-0.71146774467345497,22.507232513114392,1.3941206426070956,-0.70662222607755054
3019,1333736280901359972,7,22.508224480201491,1.3846171769200444,-0.74937647554009879,22.509572943833223,1.3970601591499792,-0.74453095694416616
3020,1333736280951360972,7,22.514923377323797,1.3709626029735853,-0.79362461504826698,22.516337924015197,1.3834382007987707,-0.78877909645230559
3021,1333736281001358972,7,22.510030626775539,1.3914924198470842,-0.8248900056946965,22.511345752153645,1.4039440646354873,-0.82004448709870648
3022,1333736281051357972,7,22.516676288411642,1.3725044008090321,-0.8673566511064521,22.518083342141619,1.3849884713726131,-0.86251113251034195
3023,1333736281101357972,7,22.505166304929375,1.3877275170633239,-0.89693284264039219,22.506499730105904,1.4001556386086145,-0.89208732404416169
3024,1333736281151357972,7,22.509337057033747,1.3862833127442762,-0.93503186032678332,22.510677431068551,1.3987316619358845,-0.9301863417304328
3025,1333736281201355972,7,22.515825865383601,1.3776425774283121,-0.98011917436962104,22.517208030766362,1.3901224669647736,-0.97527365577334046
3026,1333736281251373972,7,22.516965975317142,1.3724810472923969,-1.0171746242810438,22.518373136351027,1.3849665192123033,-1.0123291056848331
3027,1333736281301376972,7,22.512002064675496,1.3933072854815756,-1.0493414565534369,22.513308369297086,1.4057684576727791,-1.0444959379572962
3028,1333736281376348972,7,22.510296701187542,1.39108979144496,-1.1054939749854471,22.51161377028626,1.4035427290727753,-1.1006484563893955
3029,1333736281426349972,7,22.512315393690756,1.3895764709051892,-1.1411269737951006,22.51363977161202,1.4020392097014691,-1.1362814551991085
3030,1333736281476348972,7,22.517157645563415,1.3720863831502801,-1.1853151364114523,22.518566715352964,1.3845727925632028,-1.1804696178150886
3031,1333736281526347972,7,22.515227557712066,1.3865862080925628,-1.2163149099863286,22.516566391763501,1.399063097206817,-1.2114693913895935
3032,1333736281576348972,7,22.510220975975148,1.38493298194812,-1.2521315029195728,22.511567880008144,1.39738563324257,-1.2472859843224662
3033,1333736281626347972,7,22.511655411043364,1.3869655925253694,-1.2911439597995267,22.512992446582217,1.3994251703955893,-1.2862984412025784
3034,1333736281676347972,7,22.521897091545412,1.377067933113185,-1.3374664347886061,22.523281963316286,1.3895772531191428,-1.3326209161918159
3035,1333736281726348972,7,22.515820258382512,1.3873426660662156,-1.3685519333676679,22.517155412636722,1.399822420042047,-1.363706414771036
3036,1333736281776347972,7,22.514548323848771,1.3901977955378826,-1.4053681036735086,22.515869655978697,1.4026713576066081,-1.4005225850738396
3037,1333736281826346972,7,22.517526347592636,1.3887112452446102,-1.4433965009023566,22.518854845313619,1.4011992595466902,-1.4385509822996505
3038,1333736281876346972,7,22.520946113790643,1.3748771932675532,-1.4893530665421812,22.522341601731821,1.3873819452195308,-1.4845075479364378
3039,1333736281926346972,7,22.519523796778081,1.3817885702393047,-1.5190492283823041,22.52088581252384,1.3942863454591783,-1.5142037097582886
3040,1333736281976346972,7,22.516659297766189,1.3897388745874835,-1.5557058185679942,22.517982824124505,1.4022226727862954,-1.5508602999257066
3041,1333736282026346972,7,22.519748599773486,1.3842111063040299,-1.5955509603940674,22.521098874846295,1.396709934848587,-1.590705441733508
3042,1333736282076345972,7,22.520160254497647,1.3805897478463276,-1.6384999200480119,22.521528071946936,1.393090610327639,-1.6336544012593273
3043,1333736282126345972,7,22.520960173864559,1.3863433802525387,-1.6699869007676431,22.522300102615425,1.3988480479492178,-1.6651413818508307
3044,1333736282176344972,7,22.519955100199901,1.390734400987353,-1.7064700372786215,22.521273763975547,1.4032341438021618,-1.701624518233684
3045,1333736282226345972,7,22.522351761487243,1.3889786780293967,-1.7467570358619848,22.523678904233392,1.4014900546220057,-1.7419115159231184
3046,1333736282276343972,7,22.52117241778609,1.3894964132766925,-1.7823259300296415,22.522497065440433,1.4020020694232371,-1.7774804091968999
3047,1333736282326344972,7,22.519674289081024,1.3915069596630862,-1.8196546715640598,22.520989211964519,1.4040053331629614,-1.8148091498373895
3048,1333736282376344972,7,22.52243247642668,1.3885162189408995,-1.8579722092191779,22.523761855785509,1.4010279991428989,-1.8531266812528733
3049,1333736282426344972,7,22.520825237417931,1.3769751088356359,-1.9030013830598267,22.522210555482712,1.3894792434121404,-1.8981558488538877
3050,1333736282476344972,7,22.523111693969042,1.3797400450489443,-1.941185721083605,22.524483584918642,1.3922552330187017,-1.9363401806380316
3051,1333736282526344972,7,22.524747727738397,1.3898978452945223,-1.9711130314941649,22.526070370294267,1.4024208551080719,-1.9662674475271869
3052,1333736282576343972,7,22.523233206125767,1.3887256209769978,-2.0097328321416397,22.524561537254478,1.4012413194289981,-2.0048872046541271
3053,1333736282626348972,7,22.521226393410451,1.3846171254457773,-2.0461981089481518,22.522574647141798,1.3971231614076589,-2.0413524379348824
3054,1333736282676349972,7,22.525223466398877,1.3752499752887364,-2.0929633704384956,22.526616995161358,1.3877756000316195,-2.0881173961261976
3055,1333736282726348972,7,22.525324360340036,1.3869617822134426,-2.1217143231755116,22.526661061482379,1.3994878687596481,-2.1168680455763171
3056,1333736282776348972,7,22.52659484746756,1.3900304381334152,-2.1593110077370663,22.527916589714,1.4025627565284782,-2.1544644268449096
3057,1333736282826348972,7,22.522450987729542,1.3891365320444957,-2.1967641353139156,22.523776596212773,1.4016496212396814,-2.1919154372390688
3058,1333736282876348972,7,22.522691732698704,1.3754349871106535,-2.243346876352811,22.524083286947707,1.3879502490850097,-2.2384960610952742
3059,1333736282926348972,7,22.521831961779494,1.3929520576485876,-2.2717437162908252,22.52313803152618,1.4054637853802532,-2.2668907838505978
3060,1333736282976348972,7,22.523618095979522,1.3937714309582514,-2.3092550815733666,22.52491609380689,1.4062980925694117,-2.304387364145625
3061,1333736283026347972,7,22.526367426741039,1.3902587247315719,-2.3480759453071003,22.527678467975161,1.4028051271596367,-2.3431934431875434
3062,1333736283076347972,7,22.522115465944903,1.3819125591816661,-2.3929421396648554,22.523463408585322,1.3944445550373745,-2.3880448525577842
3063,1333736283126347972,7,22.527109681093357,1.3863147410282974,-2.4234050745631111,22.528407289113343,1.3989174388317449,-2.4184047995920568
3064,1333736283176346972,7,22.52218355589288,1.3887019631677733,-2.4595549705016428,22.523440325232173,1.4013257835394961,-2.4544517097263627
3065,1333736283226346972,7,22.527953123001868,1.3869339292179712,-2.4969888203342787,22.529190050091294,1.3996335934338779,-2.4917825716950155
3066,1333736283276345972,8,22.524249623858815,1.3881621004038045,-2.541560974282207,22.525268261619662,1.4011854953612539,-2.5356362678922539
3067,1333736283326348972,8,22.530193378180183,1.3908882336986665,-2.5734405511153025,22.530981565844119,1.4042939575865203,-2.5667973294968891
3068,1333736283376348972,8,22.526851747036471,1.3907255735435187,-2.6155972417834223,22.527426791846889,1.4044536891736377,-2.6082355480448767
3069,1333736283426346972,8,22.530512223422207,1.3943380176499043,-2.6452793328146318,22.531031476310332,1.4081395209020824,-2.6378147018767275
3070,1333736283476347972,8,22.526506847104482,1.3935256917165646,-2.688168756883353,22.527003256156842,1.4073434457780083,-2.6806011825696108
3071,1333736283526347972,8,22.52916704192376,1.3909165199915519,-2.7144762803704592,22.529654362962397,1.4048008783299102,-2.7068057647397055
3072,1333736283576346972,8,22.53160478731667,1.3896635116830907,-2.7422432805610044,22.53210148143495,1.4035668817918723,-2.7345721396216423
3073,1333736283626351972,8,22.530362857257529,1.389179436144993,-2.7638200098570005,22.530863135249302,1.4030735691567104,-2.7561482435339912
3074,1333736283676351972,8,22.529611623635724,1.3919888215249709,-2.7823923435778193,22.53009020321813,1.4058773837063852,-2.7747199519336951
3075,1333736283726343972,8,22.529386062221239,1.3915708464065806,-2.7923156414361987,22.529867687789107,1.4054579652045949,-2.7846426245710112
3076,1333736283776345972,8,22.531989332093538,1.3914037818479992,-2.7984007197849143,22.532471995471926,1.4053111568781953,-2.7907270775735995
3077,1333736283826344972,8,22.531532133170778,1.391722330478371,-2.8004791852741207,22.532012197986333,1.4056264640557465,-2.7928049177541974
3078,1333736283876345972,8,22.531518044819862,1.3912777609217339,-2.798752918007354,22.53200135441411,1.4051820757504152,-2.7910780251538094
3079,1333736283926346972,8,22.531825782233611,1.394393584573427,-2.7980071904055857,22.532285000088105,1.4083004459179729,-2.7903316722184197
3080,1333736283976346972,8,22.531848409093051,1.3933602805888246,-2.7978438500938259,22.532315388697512,1.4072676225098111,-2.790167706585545
3081,1333736284026346972,8,22.531845386925095,1.3927591357130622,-2.7977332631898659,22.532316812774184,1.4066667486147746,-2.7900564943604707
3082,1333736284076348972,8,22.532173109448774,1.3926865728702758,-2.7977775946393413,22.532644914447271,1.4065969804202174,-2.7901002004638182
3083,1333736284126349972,8,22.529124991596678,1.3917159108184995,-2.7956744983794963,22.529604170896626,1.4056032203802313,-2.787996478870352
3084,1333736284176346972,8,22.530124527622903,1.3935276215855068,-2.7958380306590205,22.530589598510637,1.407422827499144,-2.7881593858662805
3085,1333736284226347972,8,22.529386525284998,1.3897098426150902,-2.7958483932474394,22.529880766651136,1.4035997692278877,-2.7881691231210781
3086,1333736284276346972,8,22.530625682789015,1.3913042411780716,-2.7952088903097994,22.531107476565779,1.4052039122177435,-2.7875289948748296
3087,1333736284326346972,8,22.529905813134405,1.3890073466182886,-2.7961032451305492,22.530405101957793,1.402901832197694,-2.788422724374465
3088,1333736284376346972,8,22.531179598749599,1.3910750876637969,-2.7954142641247888,22.531662801612324,1.4049795715552649,-2.7877331180475897
3089,1333736284426346972,8,22.5300734295278,1.3893007993652802,-2.795372779528249,22.530570127352149,1.4031971144104272,-2.7876910081299351
3090,1333736284476345972,8,22.531342519856178,1.3914412858443681,-2.7942827374942922,22.531822570225174,1.4053475626550067,-2.7866003407873698
3091,1333736284526345972,8,22.530445683188638,1.3898808045802458,-2.7945849461454748,22.530937581672394,1.4037805132585939,-2.7869019241174375
3092,1333736284576346972,8,22.530331250153154,1.389873572032944,-2.7945964615086623,22.530823041114548,1.4037726772817911,-2.7869128141470041
3093,1333736284626345972,8,22.531585592057386,1.3885655421145746,-2.7946090589599009,22.53208723068483,1.4024746001206876,-2.7869247862896342
3094,1333736284676346972,8,22.530325187992553,1.3892895937133292,-2.7941159662770643,22.530821133974673,1.4031892206881649,-2.7864310682731763
3095,1333736284726344972,8,22.529747208107313,1.3885461891135971,-2.7942551549548269,22.530248718463927,1.4024416715317098,-2.786569631654837
3096,1333736284776350972,8,22.53098372479884,1.391400553864202,-2.7943602027742003,22.531463094123513,1.4053057311350119,-2.7866740540780568
3097,1333736284826344972,8,22.531539386405353,1.3914602889085652,-2.7936780322622181,22.532018112746353,1.405370011519143,-2.7859912583199984
3098,1333736284876347972,8,22.532051238548291,1.3913945388957851,-2.7937271764226996,22.532530287733977,1.4053084745203732,-2.7860397771218461
3099,1333736284926348972,8,22.532477832278545,1.3912571109454199,-2.7935335987864409,22.532957757968688,1.4051746068695905,-2.7858455741519661
3100,1333736284976343972,8,22.531311382965438,1.3890172868761781,-2.7945927042358196,22.531808396862537,1.4029261575134744,-2.7869040543427621
3101,1333736285026343972,8,22.533507317653189,1.391880532251079,-2.7930643999570512,22.533982084634072,1.4058064793744145,-2.7853751247428788
3102,1333736285076344972,8,22.530763790558744,1.3885055675506595,-2.7937239900901534,22.531264423805972,1.4024107947347422,-2.7860340895423601
3103,1333736285126344972,8,22.530013262954714,1.390645883924857,-2.7929809574438909,22.530497292788041,1.4045455517308667,-2.7852904315749822
3104,1333736285176344972,8,22.531947113445163,1.3919821084998028,-2.7937086402700606,22.532420642130376,1.405896885505092,-2.7860174890800375
3105,1333736285225331972,8,22.531911712103959,1.3898173568359939,-2.7940303282797374,22.53240172803806,1.4037321965125005,-2.7863385644376053
3106,1333736285275330972,8,22.532658017580658,1.3879422276091846,-2.7945037418194558,22.533162269080581,1.4018631400952848,-2.7868113526687153
3107,1333736285325332972,8,22.533177941218149,1.3930382079495633,-2.7933921321155841,22.533642808992607,1.4069632463888309,-2.7856991176187158
3108,1333736285375330972,8,22.531640320857282,1.3921208481572251,-2.7943536534107944,22.53211212345289,1.4060343612525643,-2.7866600136178246
3109,1333736285425330972,8,22.532774205488181,1.3892892897963347,-2.793911504330012,22.533267593187585,1.4032118873710864,-2.7862172392159268
3110,1333736285475329972,8,22.532618642451322,1.3934441251120568,-2.7933028226361114,22.533079897959393,1.4073656797094183,-2.7856079322134182
3111,1333736285525330972,8,22.533097006761544,1.3898654703450868,-2.7939133415465465,22.533585618713371,1.4037910890824712,-2.7862178257902319
3112,1333736285575328972,8,22.53110420373406,1.3918489871862243,-2.7935992732107104,22.531577442959613,1.4057594876903894,-2.7859031321582939
3113,1333736285625330972,8,22.531471680885982,1.3895506704240155,-2.7931421949348101,22.531962430946464,1.4034643433791885,-2.7854454285362658
3114,1333736285675329972,8,22.532043470901215,1.3914261264227994,-2.7930358690950752,22.532519601777899,1.4053444213075355,-2.7853384773879224
3115,1333736285725329972,8,22.53299770073432,1.3887310381247919,-2.7938845971696109,22.533494382521539,1.4026570350640346,-2.7861865801413432
3116,1333736285775325972,8,22.533026219197467,1.3932235891261318,-2.79296306971785,22.53348814818505,1.4071499496651709,-2.7852644274184932
3117,1333736285825326972,8,22.532400652563631,1.3875778341894669,-2.7938116193661129,22.532905899262175,1.401499822913292,-2.7861123517331352
3118,1333736285875328972,8,22.529678380429935,1.3913621266497749,-2.7932496176815453,22.53015440441936,1.4052633190427921,-2.7855497247024399
3119,1333736285925327972,8,22.531208207835345,1.3927318309988388,-2.7930825176009635,22.531673471745336,1.4066450382398794,-2.7853819993132496
3120,1333736285975327972,8,22.530082498043978,1.3903447284005437,-2.7930708481000979,22.53056601031356,1.404249613326936,-2.7853697044912691
3121,1333736286025328972,8,22.52936427582712,1.3916203872586301,-2.7913959661448464,22.529837817899981,1.4055199782031325,-2.7836941972023967
3122,1333736286075329972,8,22.529928634590146,1.3900889847350015,-2.7930555864748272,22.530413787711801,1.4039932429003901,-2.7853531921987562
3123,1333736286125326972,8,22.531381475999389,1.3898767530462994,-2.7912748811554069,22.531868054234863,1.4037924839251912,-2.7835718615957403
3124,1333736286175329972,8,22.530980561550685,1.3904321486503564,-2.7900803658256579,22.531462706668009,1.4043450507813731,-2.7823767209073571
3125,1333736286225329972,8,22.531029198140182,1.389696648392553,-2.7884481841678288,22.531516841428967,1.4036102229915792,-2.7807439139284131
3126,1333736286275328972,8,22.527750226116105,1.3888112197040616,-2.7899323260531337,22.528244622442269,1.40269983266053,-2.7822274305051096
3127,1333736286325329972,8,22.527553129365,1.388745889974097,-2.7920582931003586,22.528047869140739,1.4026332600793749,-2.7843527722187136
3128,1333736286375326972,8,22.521013405335804,1.388062150824467,-2.7925706228188591,22.521513442490555,1.4018994194435062,-2.7848644766536186
3129,1333736286425325972,8,22.515920187353032,1.3824690686046039,-2.7910973116620128,22.516463314651784,1.396267521150419,-2.7833905401881638
3130,1333736286475325972,8,22.50848196976559,1.3818770504686022,-2.7908093279107953,22.509029719095814,1.3956184584265094,-2.7831019311158314
3131,1333736286525324972,8,22.500975243576107,1.3773116788163107,-2.7908944222759695,22.501558244181563,1.3909956228589537,-2.7831864001723972
3132,1333736286575325972,8,22.493777764373036,1.3733123742289104,-2.7913658500555107,22.494391649272661,1.3869412120562294,-2.7836572026183171
3133,1333736286625325972,8,22.482227020545981,1.3693577665084453,-2.7914353245718799,22.482871579599706,1.3828979276523821,-2.7837260518135718
3134,1333736286675327972,8,22.472665840701218,1.3673892704942026,-2.7923595371500385,22.473325707260628,1.3808560207110534,-2.7846496390456026
3135,1333736286725323972,8,22.466011108277087,1.3647762369692331,-2.7921455345818949,22.466691168189666,1.378191993460316,-2.7844350112063698
3136,1333736286775323972,8,22.457030675841864,1.3602278297289294,-2.7926261527612111,22.457745925378767,1.3735747081153222,-2.7849150040645712
3137,1333736286825326972,8,22.445159292917769,1.3556548479094443,-2.7918125114909533,22.445910013320859,1.368910543612144,-2.7841007374356792
3138,1333736286875325972,8,22.434613233317418,1.3473365767879244,-2.7915000548710678,22.435428275896566,1.3605114076942906,-2.7837876555071852
3139,1333736286925323972,8,22.425363928989174,1.3440470942102649,-2.7914499394808989,22.426204478893546,1.3571508994313248,-2.7837369148209143
3140,1333736286975325972,8,22.411996369733536,1.3428619974427938,-2.7914628477367169,22.412846321338733,1.3558629363920685,-2.783749197730605
3141,1333736287025323972,8,22.397479044719695,1.3344063483811606,-2.7923937997416197,22.398394520344407,1.3472957511490682,-2.7846795244394058
3142,1333736287075323972,8,22.379817875170684,1.3300885583320341,-2.7907447080219696,22.380767056233353,1.3428420294385575,-2.7830298073986408
3143,1333736287125322972,8,22.365195536179943,1.3238654713740796,-2.7905766028945673,22.366192996325367,1.3365065717803863,-2.7828607921025599
3144,1333736287175323972,8,22.339800064907195,1.3144615423943853,-2.7907525357399421,22.340870681845171,1.3269072078550699,-2.7830358147428482
3145,1333736287225325972,8,22.323999760531681,1.3090098392335769,-2.7898656921183376,22.325112764464254,1.3213339571801179,-2.7821480608979536
3146,1333736287275320972,8,22.302476691636389,1.2991847284564151,-2.791218630495873,22.303666019190928,1.3113432294927121,-2.7835000891796251
3147,1333736287325324972,8,22.280361445050204,1.2913639112767201,-2.7910627607111467,22.28161166013793,1.3033521254383182,-2.7833433091352013
3148,1333736287375322972,8,22.257222356098307,1.282430365275431,-2.7905218809558305,22.258542094378885,1.2942403811998606,-2.7828015192294102
3149,1333736287425323972,8,22.233410222800661,1.2735860608277694,-2.7906214894311612,22.234798831864449,1.2852126371626733,-2.7829002174996544
3150,1333736287475322972,8,22.208766135492702,1.2643576050996459,-2.7903254238129214,22.210226727859187,1.2757941958545302,-2.7826040213792114
3151,1333736287525324972,8,22.18715706920808,1.2534613705233888,-2.7911969854375194,22.188702434539913,1.2647314537858143,-2.7834754524937759
3152,1333736287575321972,8,22.162907808154191,1.2469440546676556,-2.79028522255742,22.164504215847906,1.2580271077810961,-2.7825635591166931
3153,1333736287625320972,8,22.143250022451291,1.2393688709395916,-2.7908400025533249,22.144905505927909,1.2503003732012723,-2.7831182086103947
3154,1333736287675322972,8,22.116597309790698,1.2277061665387101,-2.7917108513611324,22.118343642825124,1.2384322209381331,-2.7839889269081688
3155,1333736287725322972,8,22.097099579134827,1.2210765293947694,-2.7901655089672155,22.098897686263964,1.2316522295531982,-2.7824434540094383
3156,1333736287775322972,8,22.0730207111277,1.207630306731968,-2.7921781993597303,22.074923369126481,1.2180204747759678,-2.7844560138971399
3157,1333736287825325972,8,22.051548112175091,1.2013454551757472,-2.7901823609044252,22.053499952559925,1.2115700011827477,-2.7824601567512759
3158,1333736287875321972,8,22.030624292809016,1.1954823397592331,-2.7909666776501245,22.032622042749018,1.2055454881094188,-2.7832444548090325
3159,1333736287925323972,8,22.007490742350445,1.1809341960385769,-2.7907783745375143,22.009601535177836,1.1908191410003446,-2.7830561330062373
3160,1333736287975326972,8,21.978946383479808,1.1730493730315195,-2.7912668976865498,21.981118925691575,1.1827141318122041,-2.7835446374647135
3161,1333736288025321972,8,21.962559853213193,1.1633912178063361,-2.791794455566738,21.964807476634814,1.1729297274259469,-2.7840721766573333
3162,1333736288075324972,8,21.93613550070215,1.1542701169441936,-2.7904615619090443,21.938454357744295,1.1636048465000175,-2.7827392643090807
3163,1333736288125323972,8,21.916170778153106,1.1445691787013823,-2.7918426166184145,21.918565154200248,1.1537500273070338,-2.7841203003293868
3164,1333736288175321972,8,21.888883681570857,1.1377267218027065,-2.7906284581758101,21.891331721749236,1.1466970609713574,-2.7829061392123648
3165,1333736288225321972,8,21.869815214814789,1.1272628256548949,-2.7911097796675941,21.87234463974859,1.1360862294935485,-2.7833874580296243
3166,1333736288275338972,8,21.84614833025196,1.119072916700673,-2.7921393551970635,21.848741716820808,1.1277138071849404,-2.7844170308836595
3167,1333736288325323972,8,21.82318451992359,1.1116004903060861,-2.7923499130984712,21.825836306621486,1.1200642752291814,-2.7846275861113452
3168,1333736288375322972,8,21.803894106292979,1.1032134427525617,-2.7916165156801802,21.806611246570135,1.1115285161626942,-2.7838941860185829
3169,1333736288425322972,8,21.780052491601392,1.0929042965296822,-2.7916510922593827,21.782849964144322,1.10103557009762,-2.7839287599232612
3170,1333736288475321972,8,21.752804615433568,1.0838624545636308,-2.7922941439631459,21.755672735412176,1.0917835863440746,-2.7845718089525531
3171,1333736288525322972,8,21.733333364425533,1.0772769000768552,-2.7925963544330927,21.736252931409943,1.08504787059335,-2.7848740190403616
3172,1333736288575322972,8,21.707033846532134,1.0648755810640582,-2.7917269662032482,21.71004997496637,1.0724438340652673,-2.7840046304283863
3173,1333736288625321972,8,21.689335219347619,1.0563252899753164,-2.7924828704902054,21.692417914150973,1.063757128923845,-2.7847605343332202
3174,1333736288675321972,8,21.661411613995657,1.0460781514189492,-2.7936626880139008,21.664574283551069,1.0532946669587464,-2.7859403514747849
3175,1333736288725321972,8,21.643010489294834,1.0390641202858844,-2.7954104629848366,21.646227882780906,1.046138751066837,-2.78768812606359
3176,1333736288775320972,8,21.615743249859648,1.0279562586485709,-2.7957142648558779,21.61904724526925,1.0348206602746666,-2.7879919275525085
3177,1333736288825322972,8,21.596522482312949,1.0207310012438915,-2.7963446778335945,21.599882857249945,1.027447194882124,-2.7886223401480787
3178,1333736288875323972,8,21.575844254218421,1.0105440212368384,-2.7985826899538879,21.579283922861279,1.0171008401570982,-2.7908603522141542
3179,1333736288925320972,8,21.552372820381013,1.0053937904562567,-2.7980251079313554,21.555852970922974,1.0117695146108168,-2.7903027701374081
3180,1333736288975322972,8,21.523076860106002,0.9951095339991971,-2.7994039415353664,21.526637312505965,1.0012593379538002,-2.7916816036871999
3181,1333736289025322972,8,21.503441937146075,0.98371908783980899,-2.8002021935713484,21.507090945626363,0.98971760962761535,-2.7924798556689652
3182,1333736289075321972,8,21.483850270195081,0.97671396866475235,-2.8028316325900158,21.487553968826532,0.98256141156000909,-2.7951092946334168
3183,1333736289125319972,8,21.464390533982783,0.96704996435492474,-2.8049386741910767,21.468169451437834,0.972747426439317,-2.7972163361802629
3184,1333736289175320972,8,21.447290979047491,0.96185898108389456,-2.8078580914602247,21.451110503116748,0.96742455491960189,-2.8001357533951929
3185,1333736289225322972,8,21.432446392099841,0.95393988628688831,-2.8141874258224915,21.436327522538228,0.95939106623763903,-2.8064650877503001
3186,1333736289275322972,8,21.40533949663045,0.94550049859752328,-2.8255397890794658,21.409286616901884,0.95074260742571193,-2.8178174510001144
3187,1333736289325321972,8,21.391739704193583,0.94310545907294308,-2.8355335822102359,21.395705735519147,0.94824262193262498,-2.8278112441237253
3188,1333736289375322972,8,21.369059069067813,0.93289799592010691,-2.8503412358254883,21.373104611789365,0.93786032111464979,-2.8426188977318176
3189,1333736289425320972,8,21.351799825092591,0.9260134745755213,-2.8573503077020881,21.355899056934376,0.93084272842320792,-2.8496279696012583
3190,1333736289475321972,8,21.320716180713596,0.91626103730461039,-2.867110179746053,21.324891660676268,0.92085054968537283,-2.8593878416380636
3191,1333736289525320972,8,21.303002125396823,0.91074194917241025,-2.8715831738294728,21.30722076380918,0.91519483732048357,-2.8638608357143238
3192,1333736289575321972,8,21.276371302206297,0.90153590057073141,-2.8738319094507609,21.280661837529856,0.90578341671765461,-2.8661095713338165
3193,1333736289625323972,8,21.257270713005283,0.89383043744706092,-2.8768243754255129,21.261621332797265,0.89793068728471259,-2.8691020373067735
3194,1333736289675322972,8,21.227683771948282,0.88433152948183058,-2.8781095296096919,21.232108638330498,0.88820358813542732,-2.8703871914891574
3195,1333736289725320972,8,21.209012247549627,0.87724957262673953,-2.8790331952129176,21.213492370727582,0.88097765973001163,-2.8713108570905881
3196,1333736289775317972,8,21.185328321003851,0.87362331105538171,-2.8797219269480592,21.189837164650452,0.87716861648987954,-2.8719995888239347
3197,1333736289825321972,8,21.16403491654054,0.86455724018960167,-2.8813288557780208,21.168614417008143,0.86793838639146015,-2.8736065176521008
3198,1333736289875320972,8,21.138492350920828,0.85952004942991478,-2.880591193654273,21.14311152284078,0.86270410313607626,-2.872868855526558
3199,1333736289925316972,8,21.117779190164985,0.84975287809409539,-2.8823496509852711,21.122474416584513,0.85277727445714469,-2.8746273128571422
3200,1333736289975311972,8,21.087469268265309,0.83763487954276561,-2.8827154657445773,21.092258989034011,0.84042557995955502,-2.874993127616035
3201,1333736290025316972,8,21.069149048960451,0.83606335426933454,-2.8822052591088041,21.073951463959315,0.83871263189257483,-2.8744829209798479
3202,1333736290075318972,8,21.042387278772136,0.82566095229785741,-2.8831503454630729,21.047270834041083,0.82810388257613132,-2.8754280073337033
3203,1333736290125316972,8,21.021242644188284,0.82424291066855027,-2.8843845982473217,21.026137792660759,0.82652260270323885,-2.8766622601175382
3204,1333736290175318972,8,20.994278432135978,0.81492124254792608,-2.8858320188591162,20.999246381205502,0.8169929917042652,-2.8781096807289193
3205,1333736290225315972,8,20.973257762623664,0.80822390375932751,-2.8854827788968653,20.978278068218721,0.81013352885770284,-2.8777604407665081
3206,1333736290275315972,8,20.945553331342726,0.79927736990099241,-2.8874802368429213,20.950643561626624,0.80097332425071877,-2.8797578987124033
3207,1333736290325315972,8,20.930340494140243,0.79517951667209319,-2.888452810277391,20.935462833870648,0.79675811905404403,-2.8807304721467126
3208,1333736290375330972,8,20.898265588586604,0.7852553421759203,-2.8863797313650075,20.903465532920631,0.78658655301594571,-2.8786573932341688
3209,1333736290425316972,8,20.880460335415652,0.78134323306102338,-2.88692983535408,20.885691032126818,0.78253706708026194,-2.879207497223081
3210,1333736290475314972,8,20.852547499329589,0.77382062199670221,-2.8878350309046894,20.857837131039194,0.77479913345349183,-2.8801126927735297
3211,1333736290525316972,8,20.833524720982489,0.767312595419683,-2.8930226265208434,20.838865187729031,0.76814440541184181,-2.8853002883895233
3212,1333736290575315972,8,20.803313914892978,0.75528651494909749,-2.9035063670584473,20.808748163150085,0.75588539097711704,-2.8957840289283165
3213,1333736290625328972,8,20.787233603828486,0.75387220964664114,-2.9143193887208816,20.792679265367582,0.7543469546750331,-2.9065970505919401
3214,1333736290675318972,8,20.760925933976448,0.74332542247846201,-2.9318006391060751,20.766453837154117,0.74359733047223053,-2.9240783009783229
3215,1333736290725314972,8,20.741922941012646,0.74045927467180916,-2.9482082298847669,20.747473556121349,0.74058452524115292,-2.940485891758204
3216,1333736290775315972,8,20.715094774745982,0.73390712084517418,-2.967967605066673,20.720696799412838,0.73382539586295503,-2.9602452669412989
3217,1333736290825315972,8,20.688491671231866,0.72959913099923135,-2.9888647869395846,20.694127768725085,0.72931210154437565,-2.9811424488153997
3218,1333736290875316972,8,20.661047684503433,0.72178822651806951,-3.0060608816553716,20.666744930500059,0.72128950268827086,-2.9983385435309056
3219,1333736290925314972,8,20.64036728931535,0.71978994837958266,-3.0145742579558572,20.646080595524051,0.71913158708068126,-3.0068519198311097
3220,1333736290975323972,8,20.611297119071352,0.71302168493812879,-3.0219066368905612,20.617063570726906,0.7121390403619503,-3.0141842987655321
3221,1333736291024305972,8,20.595961676174706,0.71328076244402627,-3.0228690566249061,20.601726596529947,0.7122796881614708,-3.0151467184996013
3222,1333736291074303972,8,20.566723786984863,0.70881514363917908,-3.0272969578078093,20.572524076161397,0.70758842225106255,-3.0195746196822233
3223,1333736291124303972,8,20.53710757489339,0.70293617602672231,-3.0296639105636016,20.542954158421114,0.701480928166763,-3.0219415724377341
3224,1333736291174304972,8,20.519292723388876,0.69694794190576226,-3.0304324176656676,20.525186089248677,0.695355303018933,-3.0227100795387831
3225,1333736291224306972,8,20.49763468139874,0.69705951768593977,-3.0290496827058133,20.503527839857206,0.69529962777211474,-3.0213273445779123
3226,1333736291274304972,8,20.470200968902223,0.69760251678331575,-3.0291207368245812,20.476090760608841,0.69563076174127569,-3.0213983986956627
3227,1333736291324304972,8,20.447498899108794,0.68767079873420789,-3.030895277647955,20.453466071483675,0.68552402987138783,-3.02317293951802
3228,1333736291374303972,8,20.43150768176659,0.68683434718333369,-3.0313682301038813,20.437481798686186,0.68456411626184444,-3.0236458919729294
3229,1333736291424306972,8,20.410005354312229,0.68468145307174688,-3.0327178655673941,20.415996746016113,0.68224524111139406,-3.0249955274354252
3230,1333736291474303972,8,20.396801896227608,0.68720128636407951,-3.0322021595369,20.402774231244134,0.68466304007588663,-3.0244798214039141
3231,1333736291524305972,8,20.385599736473075,0.68045791439567382,-3.0334950816932773,20.391624488022408,0.67783336453051923,-3.0257727435592745
3232,1333736291574303972,8,20.381934681675329,0.68083610555311791,-3.033651302463392,20.387956622192533,0.67818324192890489,-3.0259289643293696
3233,1333736291624304972,8,20.385418248863292,0.68118581016968327,-3.0331995222680064,20.391437385177678,0.67855983716328871,-3.0254771841339649
3234,1333736291674304972,8,20.384068232617388,0.68150351206842674,-3.0329628189551125,20.390084955985763,0.67886710443939391,-3.0252404808210516
3235,1333736291724304972,8,20.386760494656126,0.68144308067300563,-3.0332381847125869,20.392777604593594,0.67882746522566439,-3.0255158465785068
3236,1333736291774303972,8,20.388359513805444,0.68101072801532792,-3.0336796647609323,20.394379914982544,0.67840747353194808,-3.0259573266268327
3237,1333736291824305972,8,20.389034611486849,0.68273346248249556,-3.0336560412454059,20.395041689306165,0.68013536994154777,-3.0259337031112872
3238,1333736291874304972,8,20.385925042364015,0.68011867161809247,-3.0333375258643152,20.391952405177712,0.67749664416572009,-3.0256151877301773
3239,1333736291924305972,8,20.389059673997686,0.68040995137040849,-3.0325808261584575,20.395084694184881,0.6778121217063604,-3.0248584880243001
3240,1333736291974305972,8,20.385858748057682,0.67772774997965679,-3.0347022488063855,20.391904576524958,0.67510528193294927,-3.0269799106722091
3241,1333736292024305972,8,20.38914713229715,0.68218587721014656,-3.0329690365462838,20.395158436068108,0.67958867002624457,-3.0252466984120878
3242,1333736292074305972,8,20.389299668190159,0.68197039720180086,-3.0329233394316923,20.395312631583398,0.67937437439355619,-3.0252010012974768
3243,1333736292124303972,8,20.391284791745203,0.68111832053067922,-3.0332240030562043,20.397304276084093,0.67853765280049227,-3.0255016649219693
3244,1333736292174304972,8,20.386150388645476,0.67890373282136951,-3.0343259507513514,20.392187127880067,0.67628348194963572,-3.0266036126170972
3245,1333736292224302972,8,20.388931534967039,0.68204889428495719,-3.0332809563685705,20.394943903694507,0.67945002640108043,-3.0255586182342968
3246,1333736292274300972,8,20.391751263220762,0.6813993336989097,-3.0327231977660398,20.397768564126238,0.67882225989028089,-3.025000859631747
3247,1333736292324304972,8,20.390015670231232,0.68142051115082369,-3.0327617152329638,20.396032859526777,0.67883003403666142,-3.0250393770986519
3248,1333736292374300972,8,20.38898947781248,0.68057433777642795,-3.0332028534937141,20.395013232255593,0.67797596139525129,-3.0254805153593827
3249,1333736292424312972,8,20.39210810690291,0.68418184015084382,-3.0326611558454926,20.398103910458822,0.68160743910201749,-3.0249388177111416
3250,1333736292474303972,8,20.388270785881005,0.68260060503408537,-3.0330628909054926,20.394278914743083,0.67999661836580338,-3.025340552771123
3251,1333736292524303972,8,20.38755182889987,0.67953999222897654,-3.0339902861457064,20.39358361422876,0.67693054487421023,-3.0262679480113168
3252,1333736292574303972,8,20.388008247848632,0.68044602088785378,-3.0329210502422659,20.394033023155821,0.67784007113298983,-3.0251987121078572
3253,1333736292624301972,8,20.390652615662365,0.68215342389889677,-3.032686000608984,20.396664127287341,0.67956784376229618,-3.0249636624745562
3254,1333736292674306972,8,20.387693221863856,0.68110461588719895,-3.0329314188070096,20.393712921076531,0.67849621383920855,-3.0252090806725618
3255,1333736292724303972,8,20.389235395225299,0.68016276634623285,-3.0328509562074637,20.395262321840676,0.67756630147589281,-3.0251286180729968
3256,1333736292774303972,8,20.389045191875105,0.68010252628732792,-3.0332437094254505,20.395072589528795,0.67750459444181765,-3.0255213712909641
3257,1333736292824309972,8,20.389241332983342,0.68061180288447054,-3.0328787238445822,20.395264792199217,0.6780153705353491,-3.0251563857100767
3258,1333736292874305972,8,20.390356498489165,0.68255216843357014,-3.0324608401360362,20.396364940621591,0.67996428985651436,-3.0247385020015116
3259,1333736292924306972,8,20.389811837827814,0.68313322149871558,-3.0326312084156637,20.395815809334319,0.68054111961298114,-3.0249088702811195
3260,1333736292974307972,8,20.386972423900797,0.68190367359015591,-3.0330947795353969,20.392985975138263,0.67928968169809867,-3.0253724414008332
3261,1333736293024303972,8,20.388710253056594,0.68350185889661053,-3.0326652257838278,20.394711411049862,0.68090123935090197,-3.0249428876492455
3262,1333736293074301972,8,20.387418637821728,0.68387717446618312,-3.0332313369728188,20.393416936219801,0.68126656956783316,-3.0255089988382164
3263,1333736293124301972,8,20.390626967731148,0.68405879558776828,-3.0324918118040443,20.396623768117859,0.68147296086479481,-3.0247694736694233
3264,1333736293174302972,8,20.391998893182642,0.68235799843692624,-3.032268625645723,20.39800878684019,0.6797828088223663,-3.024546287511082
3265,1333736293224300972,8,20.386669227100708,0.68109697177411566,-3.0326030694677408,20.392689017828477,0.67848066271378815,-3.0248807313330808
3266,1333736293274299972,8,20.388317930372473,0.68232816204475633,-3.0325190422858297,20.394328164545122,0.67972454802013671,-3.0247967041511501
3267,1333736293324303972,8,20.388506755948331,0.67939536501067543,-3.0330326774215082,20.394539632493558,0.67679329662265952,-3.025310339286809
3268,1333736293374303972,8,20.389578405968535,0.68211792860917386,-3.0331264025489615,20.395590226390045,0.6795240546323924,-3.0254040644142433
3269,1333736293424306972,8,20.389822064834959,0.68042899964216852,-3.0337511206981329,20.395846920519734,0.67783705765044722,-3.0260287825633951
3270,1333736293474304972,8,20.388847723615601,0.68195823836423797,-3.0327383414597713,20.394860799348802,0.67935872668610542,-3.0250160033250144
3271,1333736293524316972,8,20.388889219748982,0.68073167107624943,-3.0328287768192936,20.394911766295646,0.67813251644343053,-3.0251064386845172
3272,1333736293574304972,8,20.391037667697187,0.68446572182427645,-3.0317034291775791,20.397031315044941,0.6818830467581215,-3.0239810910427836
3273,1333736293624301972,8,20.388051157107036,0.68067916453539201,-3.0333115915648197,20.394074134466521,0.67807353978664575,-3.0255892534300046
3274,1333736293674305972,8,20.391272751743184,0.6839628199379868,-3.0324430658438577,20.397270275976272,0.68138197530462563,-3.0247207277090236
3275,1333736293724300972,8,20.38788084001671,0.6828065270192325,-3.0336257156106385,20.393887394760441,0.68019952366287162,-3.0259033774757849
3276,1333736293774300972,8,20.389461044644779,0.68324657829559177,-3.0331192796124684,20.395464154257919,0.68065176459998233,-3.0253969414775956
3277,1333736293824301972,8,20.389784972952068,0.67851265874392008,-3.0336795595053698,20.395824629648271,0.67592048768777779,-3.0259572213704775
3278,1333736293874300972,8,20.389029747846681,0.68179419486419879,-3.0337041403607037,20.395044086359377,0.6791960939451156,-3.0259818022257923
3279,1333736293924295972,8,20.38945867764528,0.68334671579470341,-3.0333094728771544,20.395461014573602,0.68075188092058947,-3.0255871347422238
3280,1333736293974296972,8,20.388940204078548,0.68148989968513562,-3.0331108483553795,20.394956895463114,0.6788911164161332,-3.025388510220429
3281,1333736294024298972,8,20.388290836664797,0.68142699558475939,-3.0333734054753685,20.394308033351049,0.67882319963510573,-3.0256510673403989
3282,1333736294074297972,8,20.387067267933816,0.68233460516609856,-3.0329918709283268,20.393077492482441,0.67972133346522823,-3.0252695327933377
3283,1333736294124300972,8,20.387603518956933,0.68173675180631299,-3.0332542331617867,20.393618344473548,0.67912763903089957,-3.0255318950267784
3284,1333736294174296972,8,20.388769065528059,0.68174877983300075,-3.0327104201881827,20.394783763585394,0.67914866738285151,-3.0249880820531549
3285,1333736294224299972,8,20.390028591874536,0.67995119400806625,-3.0326928146495113,20.396057133981561,0.67736086157702147,-3.0249704765144645
3286,1333736294274301972,8,20.388950968874763,0.68127590235494884,-3.033357700736842,20.39496931354681,0.6786772087670947,-3.0256353626017756
3287,1333736294324301972,8,20.389720316081654,0.68372467213493782,-3.0332442280180736,20.395719727951203,0.68113184666071502,-3.0255218898829881
3288,1333736294374298972,8,20.389213201966808,0.68229024154600837,-3.033242146274989,20.395223706182488,0.67969354280323868,-3.025519808139884
3289,1333736294424300972,8,20.386805769690369,0.68062962871238142,-3.0331350031508859,20.392829169552591,0.67801438869161323,-3.0254126650157618
3290,1333736294474297972,8,20.390419887256702,0.68129231265771717,-3.0323358427920541,20.396438062115273,0.67870496206677611,-3.0246135046569105
3291,1333736294524297972,8,20.389394992825672,0.68069846517521992,-3.0329885609035054,20.395417784266627,0.67810321781703942,-3.0252662227683427
3292,1333736294574299972,8,20.389620061823827,0.68242857079617525,-3.0328732778123841,20.395629486403578,0.67983500992151957,-3.0251509396772018
3293,1333736294624297972,8,20.390647540150269,0.68308216187921533,-3.0317745412876302,20.396651887069925,0.68049651600119776,-3.0240522031524288
3294,1333736294674301972,8,20.389568279137961,0.68132118059517699,-3.0336513789607373,20.395586257173356,0.67872725291752167,-3.0259290408255164
3295,1333736294724303972,8,20.391160549996382,0.67942729766824561,-3.0332049931813381,20.397193105791384,0.67684572242109009,-3.0254826550460976
3296,1333736294774300972,8,20.386520593074827,0.68330470050603076,-3.0328228818200738,20.392523345079223,0.68068717871442652,-3.0251005436848142
3297,1333736294824303972,8,20.390532773306017,0.68176027773803738,-3.0323299654554332,20.396547332292645,0.67917378512974158,-3.0246076273201541
3298,1333736294874303972,8,20.390107059404652,0.6809523608676139,-3.0327327578462646,20.3961278702076,0.67836260490367295,-3.0250104197109664
3299,1333736294924305972,8,20.388328738970113,0.68298160367875804,-3.032855863857574,20.394333932631561,0.68037805458208689,-3.0251335257222562
3300,1333736294973286972,8,20.390255155392669,0.6810776838422028,-3.0330187103699862,20.396274994354485,0.67848906783410423,-3.0252963722346493
3301,1333736295023284972,8,20.392253720010508,0.68130000616804121,-3.0328828469761531,20.398271782727313,0.67872681699793569,-3.0251605088407971
3302,1333736295073285972,8,20.388843488366206,0.6821669590022239,-3.033330241136055,20.394854958107381,0.67956740931059412,-3.0256079030006795
3303,1333736295123285972,8,20.39062324335044,0.68180447349478068,-3.0334164416710276,20.396637459409831,0.67921867837323857,-3.0256941035356331
3304,1333736295173281972,8,20.392057916094068,0.68043145922802983,-3.0335839618545344,20.398082692328227,0.67785678399235272,-3.0258616237191203
3305,1333736295223287972,8,20.387828269831829,0.68029689347907463,-3.0335756549145625,20.393854211511218,0.67768955985040114,-3.0258533167791293
3306,1333736295273286972,8,20.390000324306587,0.68086498253770988,-3.0331018460187651,20.39602181446692,0.6782744051712889,-3.0253795078833123
3307,1333736295323290972,8,20.391248442075657,0.6836413359354635,-3.0324365513173865,20.39724845547164,0.6810603141065048,-3.0247142131819147
3308,1333736295373279972,8,20.387947509671367,0.68238718160131218,-3.0334978170199136,20.39395730657666,0.67978070653339906,-3.0257754788844222
3309,1333736295423282972,8,20.389799729591218,0.68154017716738247,-3.032930850941836,20.395816012235834,0.67894803070968202,-3.0252085128063255
3310,1333736295473278972,8,20.389713097727029,0.68519700244249815,-3.0325763776427479,20.395701144171657,0.68260407798358558,-3.0248540395072179
3311,1333736295523280972,8,20.391239191451962,0.68007452324749407,-3.0330916228254532,20.397266749693696,0.67749353644935395,-3.0253692846899036
3312,1333736295573280972,8,20.388938013374794,0.68360686177305952,-3.0331169393498376,20.394938362767125,0.68100799938084222,-3.025394601214269
3313,1333736295623285972,8,20.389381869563039,0.6821732873808789,-3.0332688782099764,20.395393276334573,0.67957789533583768,-3.0255465400743882
3314,1333736295673282972,8,20.390460778269333,0.68211612942319588,-3.0325457124505584,20.396472594437128,0.67952907072610835,-3.0248233743149511
3315,1333736295723282972,8,20.388109165874202,0.68238754666666246,-3.0327225492448511,20.39411895638289,0.67978232013974438,-3.0250002111092242
3316,1333736295773281972,8,20.386772000472391,0.68116955789421263,-3.0339724505427523,20.392791236656663,0.6785540417720799,-3.0262501124071064
3317,1333736295823283972,8,20.388440797540582,0.68065398538315758,-3.0336166020226019,20.394463965529379,0.67805137154969397,-3.0258942638869364
3318,1333736295873282972,8,20.388791396206262,0.68001592202906791,-3.0332784061211133,20.394819481210735,0.6774160346639746,-3.0255560679854288
3319,1333736295923280972,8,20.389816565315449,0.68253463216358745,-3.0328470280984932,20.395825169791856,0.67994258635030436,-3.025124689962789
3320,1333736295973278972,8,20.389106103801929,0.68258104182616108,-3.032723429167973,20.395114371252205,0.6799835082881972,-3.0250010910322498
3321,1333736296023285972,8,20.388696719197164,0.68108702470688609,-3.0336143096406594,20.394716536222358,0.67848637436989956,-3.0258919715049166
3322,1333736296073278972,8,20.390497628975812,0.68298026208277285,-3.0328482437070963,20.396502772406706,0.68039346241959442,-3.0251259055713344
3323,1333736296123280972,8,20.389700719456332,0.68329373807506699,-3.0324606168181116,20.39570346608274,0.68070077514996852,-3.0247382786823303
3324,1333736296173280972,8,20.390375673073301,0.68189221231930808,-3.0329851228884555,20.396389222700289,0.67930450338053383,-3.0252627847526545
3325,1333736296223282972,8,20.391187953035594,0.68215712563464792,-3.0329712100013513,20.397199432890403,0.67957568146374392,-3.0252488718655313
3326,1333736296273280972,8,20.388550733653876,0.6817602462415977,-3.0330202337188292,20.394565357126858,0.67915844863572916,-3.0252978955829897
3327,1333736296323279972,8,20.390421809185511,0.68286420565716699,-3.0323863893874878,20.396427851982789,0.68027682409738,-3.0246640512516292
3328,1333736296373280972,8,20.389598944156862,0.68476135478846745,-3.0329541779351774,20.395590361385647,0.68216756231098385,-3.0252318397992992
3329,1333736296423280972,8,20.389687682512385,0.68260189395901905,-3.0333264782869747,20.395695773193733,0.68000885115981413,-3.0256041401510774
3330,1333736296473282972,8,20.388120784052919,0.68001957818578496,-3.0338669632912674,20.39414886294955,0.67741451241292938,-3.0261446251553505
3331,1333736296523290972,8,20.390228495155597,0.68047643231812327,-3.033238431129293,20.396252983436909,0.67788762924789281,-3.0255160929933571
3332,1333736296573282972,8,20.385729642995827,0.68018214184856007,-3.0332790559374385,20.391756538185298,0.67755860626954323,-3.0255567178014831
3333,1333736296623283972,8,20.387647863619925,0.67898544753826795,-3.0332793253057839,20.393683943973624,0.67637676081750786,-3.0255569871695722
3334,1333736296673284972,8,20.389942887828067,0.68299813724862679,-3.0328124948660129,20.395947913885738,0.68040705383314015,-3.025090156729545
3335,1333736296723282972,8,20.39011627243999,0.68081455640467736,-3.0329504257547519,20.396138156683538,0.67822487719377844,-3.0252280876180278
3336,1333736296773281972,8,20.388038630213785,0.67921501645470517,-3.0334008503332281,20.394072929645894,0.6766093410163625,-3.0256785121962482
3337,1333736296823281972,8,20.387985428229147,0.68073019129087931,-3.0330102679582294,20.394008029845182,0.6781240600100209,-3.0252879298209931
3338,1333736296873282972,8,20.389488041441052,0.68100128954562444,-3.0326565677380004,20.395508505935677,0.67840675392862959,-3.024934229600508
3339,1333736296923282972,8,20.387712328022833,0.68100539326965637,-3.0328485972050996,20.393732814947786,0.6783971451823827,-3.0251262590673509
3340,1333736296973281972,8,20.389685962924705,0.68259712358567004,-3.0322344526085807,20.395694100417717,0.68000406913743694,-3.0245121144705758
3341,1333736297023280972,8,20.388992601820462,0.68115866792580537,-3.0332771232495661,20.395011869291793,0.67856030222771424,-3.0255547851113049
3342,1333736297073281972,8,20.388523511465149,0.68334139323786192,-3.0326925552068142,20.394525938521753,0.68073934019412996,-3.0249702170682968
3343,1333736297123284972,8,20.390281855174546,0.68009141622081559,-3.0332505388225082,20.396309328148241,0.67750303864697214,-3.025528200683735
3344,1333736297173281972,8,20.388798397103546,0.68132422283610228,-3.0329798425840839,20.3948163954284,0.67872435302778744,-3.0252575044450545
3345,1333736297223281972,8,20.387788127222656,0.68071397878744899,-3.0328295106766112,20.393810869308606,0.67810632578199703,-3.0251071725373255
3346,1333736297273280972,8,20.388837474669621,0.6802539917792646,-3.0331784978118788,20.394863738780682,0.67765445599980367,-3.0254561596723373
3347,1333736297323281972,8,20.391692122093968,0.68217632669844375,-3.0325057785890763,20.397703457488731,0.67959877810934566,-3.0247834404492782
3348,1333736297373282972,8,20.387612439101684,0.68070955934488164,-3.0327879873558361,20.393635224075425,0.67810055028734262,-3.0250656492157817
3349,1333736297423281972,8,20.391325199246445,0.68430981036816674,-3.0326508817168887,20.397320072610661,0.6817293650411107,-3.024928543576578
3350,1333736297473282972,8,20.389512285678212,0.67990899958353168,-3.0332547033730206,20.395541198483208,0.67731468585871357,-3.0255323652324537
3351,1333736297523282972,8,20.387594608434469,0.68184826139999832,-3.0332631937713339,20.393608604106124,0.67923908122231536,-3.0255408556305112
3352,1333736297573282972,8,20.388590120511893,0.68259021861585123,-3.0324518103804463,20.394598358086423,0.67998870409487089,-3.0247294722393678
3353,1333736297623280972,8,20.388098195100081,0.68230273430330957,-3.0331237565040721,20.394108668545087,0.67969742975290171,-3.0254014183627369
3354,1333736297673286972,8,20.390608360954332,0.68212418167398581,-3.0328313309199451,20.396620139557395,0.67953826677961948,-3.0251089927783537
3355,1333736297723279972,8,20.38997280552811,0.68071045736892111,-3.0327875958730353,20.395995521403769,0.67811967687781027,-3.0250652577311876
3356,1333736297773281972,8,20.387494345670227,0.68047512050218306,-3.0332883461721027,20.393518953952949,0.677865207888521,-3.0255660080299989
3357,1333736297823280972,8,20.389431611026204,0.68031359578971085,-3.0321887333432498,20.395457410055037,0.67771864823694727,-3.0244663952008897
3358,1333736297873283972,8,20.390446505578854,0.68185573469756822,-3.0327999559253178,20.396460366720515,0.6792685786189584,-3.0250776177827019
3359,1333736297923282972,8,20.389617204546923,0.67758945791352909,-3.033161737485941,20.395664036894125,0.67499602513884172,-3.0254393993430688
3360,1333736297973280972,8,20.388287450702776,0.6817077078894842,-3.0328955329831686,20.394302521670276,0.67910388378897202,-3.0251731948400407
3361,1333736298023279972,8,20.387598067925254,0.68146464806092655,-3.0330123359065388,20.393615037593381,0.67885550778898796,-3.0252899977631547
3362,1333736298073279972,8,20.39007392004282,0.68141610839122779,-3.0321938102892725,20.396091191897945,0.67882608891906049,-3.0244714721456316
3363,1333736298123279972,8,20.387178192588394,0.6811913641793641,-3.0326281306700005,20.393197287493003,0.67857899001934185,-3.0249057925261034
3364,1333736298173280972,8,20.391778602563235,0.68079338459890959,-3.0332431801746851,20.397800634773034,0.67821654804906584,-3.0255208420305317
3365,1333736298223282972,8,20.389978212440742,0.68082972536468322,-3.0331300337504654,20.396000018873835,0.67823898482337952,-3.0254076956060558
3366,1333736298273280972,8,20.390789431796485,0.68122389106357217,-3.0327712165824305,20.396808171364484,0.67863940339253681,-3.0250488784377652
3367,1333736298323278972,8,20.389832783286444,0.68005144787143401,-3.0327116196104362,20.395860606465405,0.67745960784464099,-3.0249892814655146
3368,1333736298373279972,8,20.392340709405296,0.68343149323718722,-3.0324932972392924,20.398342357385079,0.68085891946351618,-3.024770959094115
3369,1333736298423279972,8,20.388719813219385,0.68064941331145479,-3.0329342947095568,20.394743054285929,0.67804896115977331,-3.0252119565641227
3370,1333736298473279972,8,20.388920419590765,0.68120782904600097,-3.0331801647995849,20.394939343617263,0.6786089095540585,-3.0254578266538945
3371,1333736298523279972,8,20.389919879032664,0.6786239890096224,-3.0333657558758622,20.395958727520057,0.67603286482261427,-3.0256434177299156
3372,1333736298573279972,8,20.389238167229156,0.67888248946816521,-3.0338736013835375,20.395275041008833,0.67628609339192303,-3.0261512632373351
3373,1333736298623278972,8,20.389229953325223,0.68052920592046184,-3.0334533943897148,20.395254112148628,0.67793269748922902,-3.0257310562432562
3374,1333736298673280972,8,20.383876307396051,0.68015999768606106,-3.0329461712597241,20.389903478145939,0.67752215818552175,-3.0252238331130092
3375,1333736298723277972,8,20.381830400849989,0.67874652532721402,-3.0332058811452765,20.387868548979569,0.67609292912242303,-3.0254835429983058
3376,1333736298773278972,8,20.377507452904215,0.67955327526971254,-3.0323400732421431,20.383539501171406,0.67686627225118734,-3.0246177350949157
3377,1333736298823277972,8,20.370975115272106,0.67657559840459525,-3.0338586648287689,20.377030353887491,0.6738382399282955,-3.0261363266812853
3378,1333736298873278972,8,20.362697059621684,0.67675659631796548,-3.0342632303793153,20.368751148525277,0.67395530731049957,-3.0265408922315755
3379,1333736298923279972,8,20.358917047528021,0.67644634904200207,-3.0320006355528162,20.364973646124938,0.67361587921898669,-3.0242782974048201
3380,1333736298973279972,8,20.350658354470877,0.67467413308840529,-3.0332216783654147,20.356728886006675,0.67177994049640088,-3.0254993402171633
3381,1333736299023282972,8,20.343832942998446,0.67314167707150419,-3.0332008362673029,20.349915513247989,0.67019482273662156,-3.0254784981187952
3382,1333736299073282972,8,20.335477561401124,0.67081397521454611,-3.033515163170724,20.341578357079875,0.66780266801946742,-3.0257928250219597
3383,1333736299123280972,8,20.326006932109575,0.67096793434985624,-3.0335939316351719,20.332106822436064,0.66788348806440789,-3.0258715934861513
3384,1333736299173275972,8,20.313227934165759,0.66740527332820687,-3.0336868389766813,20.319355718498258,0.66422225068369722,-3.0259645008274045
3385,1333736299223278972,8,20.304743248349961,0.66961878381862605,-3.0348286733169791,20.310854193538418,0.66637017438713675,-3.0271063351674461
3386,1333736299273281972,8,20.294118947883405,0.6687054491617942,-3.034615679616413,20.300237264040501,0.66537482351316912,-3.0268933414666237
3387,1333736299323277972,8,20.277607886556932,0.6598702297671295,-3.0349772477754007,20.283794924073383,0.65641236500286393,-3.0272549096253556
3388,1333736299373280972,8,20.266565906536613,0.66503946511330958,-3.0346100452611289,20.272713356280168,0.66149617733657196,-3.0268877071108276
3389,1333736299423278972,8,20.255630848542797,0.66096329269907117,-3.0349913499676049,20.261810102780689,0.65733568326096958,-3.0272690118170473
3390,1333736299473278972,8,20.233155289892462,0.65750573201646534,-3.0346987444874203,20.239361915647564,0.65370466370905655,-3.0269764063366069
3391,1333736299523277972,8,20.21496180535458,0.65587162098765717,-3.0356803283654652,20.221181603393134,0.65193010771666926,-3.0279579902206257
3392,1333736299573277972,8,20.193044445905457,0.65131071367399707,-3.0339982158954437,20.199300128748767,0.64720008597282819,-3.0262758777565781
3393,1333736299623277972,8,20.173619745758291,0.64737998990920287,-3.0335730166925203,20.179906372640335,0.64311947795452673,-3.0258506785596291
3394,1333736299673276972,8,20.1502289896295,0.64497101101856202,-3.0327552114098961,20.156534927494651,0.64052994251564588,-3.0250328732829792
3395,1333736299723276972,8,20.128111362632424,0.646571883503817,-3.0334172820404874,20.134405608399472,0.6419599703267147,-3.0256949439195449
3396,1333736299773276972,8,20.101518753862592,0.63854243327186655,-3.0333315734698463,20.107875808831579,0.63372540559034374,-3.0256092353548776
3397,1333736299823279972,8,20.081037494359329,0.63602192129336466,-3.0328459983054028,20.087414634847072,0.63104680828349435,-3.0251236601964089
3398,1333736299873277972,8,20.058373036598081,0.63509048687473035,-3.0336805105124527,20.064758057379855,0.62994037912417167,-3.0259581724030444
3399,1333736299923276972,8,20.03302263309838,0.63242536244760705,-3.0364109131363048,20.039429002268907,0.62707957007494053,-3.0286885750264823
3400,1333736299973279972,8,20.0125288607668,0.63414362392607548,-3.0364619801884118,20.018922583864743,0.62863952040646964,-3.0287396420781749
3401,1333736300022264972,8,19.989110514725621,0.64330797040635912,-3.0386545167040979,19.995434178100087,0.63762274943008967,-3.0309321785934555
3402,1333736300072261972,8,19.960292602454775,0.65005529763613645,-3.0393933438751897,19.966565032196876,0.64414733437671456,-3.031671005764133
3403,1333736300122262972,8,19.934121279053553,0.65719846080545707,-3.0427615974021158,19.940339339502028,0.65108818111100686,-3.0350392592906443
3404,1333736300172259972,8,19.912274274855108,0.66563657005115018,-3.0439586759035917,19.91842783715828,0.65935732883332154,-3.0362363377917059
3405,1333736300222259972,8,19.887673251478702,0.6729082398445283,-3.0449200661817328,19.893771406250963,0.666438803505084,-3.0371977280650926
3406,1333736300272259972,8,19.85865479280492,0.68520915109836422,-3.0422404487700505,19.864658834644288,0.67851525708970306,-3.0345181106486558
3407,1333736300322262972,8,19.833846324269331,0.68864573201361723,-3.0431648653308878,19.839824580322514,0.68176015528819078,-3.0354425272047383
3408,1333736300372262972,8,19.814072183006576,0.6937723985996922,-3.0441897925805219,19.820011451880408,0.68673396515503249,-3.0364674544496175
3409,1333736300422262972,8,19.783860573244816,0.69177566919097144,-3.0457009396225168,19.789816174880151,0.68450399056601108,-3.0379786014868579
3410,1333736300472261972,8,19.762557519532578,0.70355531522931358,-3.0428012248217757,19.76842280352966,0.69611877485058837,-3.0350788866813629
3411,1333736300522263972,8,19.738334306627983,0.70503103441196124,-3.0441555009555081,19.744188924105366,0.69740739092447002,-3.0364331628117607
3412,1333736300572263972,8,19.722825300784677,0.71826118898778402,-3.0411326699687691,19.728578221086995,0.71051738529294572,-3.0334103318216874
3413,1333736300622262972,8,19.697910136255938,0.7141661363649574,-3.042226728287043,19.703695429626148,0.70623005223409918,-3.0345043901366271
3414,1333736300672262972,8,19.680783812552377,0.71296674440460239,-3.0432565130081097,19.68657888570139,0.70489844096217769,-3.0355341748543601
3415,1333736300722260972,8,19.663789223547095,0.71877795136068146,-3.0441892719352155,19.669539934869256,0.71057823686063326,-3.036466933778132
3416,1333736300772257972,8,19.658855138878451,0.72116006689100687,-3.0443655711342421,19.664587609104636,0.71292217794602064,-3.0366432329738249
3417,1333736300822262972,8,19.649091310113636,0.72329649916847949,-3.0450257220048766,19.654807580484256,0.71498314655744533,-3.0373033838411247
3418,1333736300872260972,8,19.638107764068209,0.72637368197451124,-3.0451356728369805,19.643800606229185,0.71797541867137182,-3.0374133346698944
3419,1333736300922263972,8,19.62499135790836,0.72377775725240123,-3.0456862877255473,19.630704644675482,0.71527828190924536,-3.0379639495551265
3420,1333736300972263972,8,19.615001934507333,0.72466598411338123,-3.0464476134444101,19.620708667113263,0.71608934022119486,-3.0387252752706555
3421,1333736301022262972,8,19.603954472189372,0.72790319949340387,-3.046581701222896,19.609636542678196,0.71924114655899152,-3.0388593630458072
3422,1333736301072263972,8,19.589749556655313,0.72560127433020682,-3.0478160641104171,19.595449832574293,0.71682959496961063,-3.0400937259109511
3423,1333736301122261972,8,19.575359695318642,0.72869575818678023,-3.0483570421245889,19.581036509700635,0.71981286329428174,-3.0406347039027461
3424,1333736301172263972,8,19.564813858408947,0.72955525269763344,-3.048346500348964,19.570484355808759,0.72059089347522653,-3.0406241621047432
3425,1333736301222262972,8,19.552670169958013,0.72982632992849639,-3.0490154983270448,19.558338941930682,0.72076818489320704,-3.0412931600604471
3426,1333736301272260972,8,19.536094631386895,0.73610773865102985,-3.0463518239307614,19.541715396725557,0.72692140468592448,-3.0386294856417879
3427,1333736301322260972,8,19.521207289756163,0.73632379513458512,-3.0473836506501004,19.526826836360048,0.72702248978846895,-3.0396613123387493
3428,1333736301372259972,8,19.513824328232804,0.73648168348856624,-3.0471663057691347,19.519442881532413,0.72712335928138994,-3.0394439674354068
3429,1333736301422260972,8,19.503892102410063,0.73881679588249316,-3.0476592276718071,19.509492925323698,0.72938170180954998,-3.0399368893157011
3430,1333736301472261972,8,19.483573905324064,0.74122299381209933,-3.0494918042299046,19.489156758590138,0.73163092456604661,-3.0417694658514214
3431,1333736301522261972,8,19.475284572224393,0.74444035270315034,-3.0538755033837872,19.48084283317958,0.73478417413165598,-3.0461531649829268
3432,1333736301572262972,8,19.46642074518563,0.74924793413431434,-3.0590114701915447,19.471942150845077,0.73952316242862526,-3.0512891317683066
3433,1333736301622264972,8,19.455882888784981,0.75033545167710991,-3.0709715076536761,19.461396216370176,0.7405292704655374,-3.0632491692080595
3434,1333736301672263972,8,19.441115626956325,0.75701988431689415,-3.0809260608902624,19.446577781732326,0.74709946613959188,-3.0732037224222695
3435,1333736301722263972,8,19.429124816837593,0.75911306979764581,-3.0971468472645807,19.434571173471923,0.74909999139150463,-3.0894245083996741
3436,1333736301772262972,8,19.422186269484179,0.76007263150098547,-3.1119548264191303,19.427625431471576,0.7500059415572321,-3.1042324871573186
3437,1333736301822260972,8,19.409162228367464,0.76300397736100878,-3.1337663915885487,19.41457915052327,0.7528366232984931,-3.1260440519298398
3438,1333736301872263972,8,19.396712921903614,0.76874674765942541,3.1269617012574988,19.402085876529725,0.75848308389136498,3.1346840413131449
3439,1333736301922261972,8,19.380156846470264,0.7683346825988675,3.1021107855273478,19.385533485275058,0.75794317908205544,3.109833125979891
3440,1333736301972261972,8,19.376087128054678,0.77510827566991902,3.0865850604871934,19.381411590120013,0.76468514050641478,3.0943074026324031
3441,1333736302022261972,8,19.354548916386332,0.77727334065601172,3.0674618390713175,19.35985731083478,0.76668381487455894,3.0751841829091933
3442,1333736302072260972,8,19.336156989220434,0.77820908350574181,3.048215775589187,19.34145871538772,0.7674775001428944,3.0559381211196954
3443,1333736302122261972,8,19.318024725807724,0.78474537311840298,3.0381952740153522,19.323276527012222,0.77387357031303228,3.0459176212385608
3444,1333736302172260972,8,19.30434158586003,0.78645073722126757,3.0342717876518615,19.309580635140939,0.77547321629881316,3.0419941365677023
3445,1333736302222262972,8,19.280472625578458,0.78894284169816942,3.0304082321158927,19.285693151218961,0.7777809214596676,3.0381305827244676
3446,1333736302272260972,8,19.258733929101247,0.79400152837362192,3.0289123585762416,19.263916047719292,0.78267158269415171,3.036634710877415
3447,1333736302322266972,8,19.228052745111416,0.79728752882771881,3.0278338509921552,19.23321041250659,0.78572055412195851,3.0355562049861979
3448,1333736302372260972,8,19.205326451993301,0.79474333688967036,3.0264870073724728,19.210504458700193,0.78300093159883866,3.0342093743847882
3449,1333736302422260972,8,19.17422227460543,0.79893740232982458,3.0247289285688193,19.179368835636534,0.78695466838110595,3.0324513086009697
3450,1333736302472261972,8,19.157206308082667,0.79990821547905955,3.0242049243773734,19.162345894233386,0.78779404179131429,3.0319273174296195
3451,1333736302522263972,8,19.130477893915518,0.80681057857500438,3.0255531252458261,19.135564989384399,0.79448978512082791,3.0332755313184281
3452,1333736302572262972,8,19.107637494457801,0.80673720422843864,3.0246255104706843,19.112725852170431,0.79424002289223306,3.0323479295628606
3453,1333736302622261972,8,19.083798975678484,0.80867102348360265,3.0238972769223236,19.08887312514085,0.79598968598840836,3.0316197090340746
3454,1333736302672259972,8,19.059131186166141,0.8108983965746559,3.0227009086734551,19.064188885128679,0.79802648961230804,3.0304233538045207
3455,1333736302722259972,8,19.029788177672476,0.81043375722922983,3.0201208422933226,19.03485037273763,0.79733521170637933,3.0278433747427522
3456,1333736302772262972,8,19.014763012574878,0.81075386504261049,3.0200291119511693,19.019823216673895,0.79753922259309529,3.0277517317242024
3457,1333736302822260972,8,18.991513483529463,0.82012977716687585,3.0220805123911387,18.996502007244576,0.80673525140590219,3.0298032194790432
3458,1333736302872268972,8,18.960955516221791,0.8172362420682473,3.0189228165955009,18.965967329372276,0.80360575378861987,3.0266456110157409
3459,1333736302922258972,8,18.936913513833055,0.82158276911241568,3.0197349580274953,18.941892509051385,0.80776641862174714,3.0274578397486356
3460,1333736302972258972,8,18.916467061262516,0.81961435237347613,3.018689870866504,18.921461900232696,0.80564009182323293,3.0264128399060084
3461,1333736303022259972,8,18.890581893116,0.82111854584877952,3.0188701918583436,18.895565919509131,0.80694426501788341,3.0265932482179587
3462,1333736303072257972,8,18.865143730827569,0.82568131086954399,3.0190108562804268,18.870093446802557,0.81131000994562952,3.0267344958716307
3463,1333736303122260972,8,18.841346445517758,0.82806845978455734,3.0199446448556855,18.846278601825045,0.81351284828648274,3.0276688677368035
3464,1333736303172260972,8,18.820267578045758,0.83317988914487606,3.0200438786383392,18.825161046669166,0.81846085707769378,3.0277686847743763
3465,1333736303222257972,8,18.793630508657206,0.83482510570559931,3.0203164744958801,18.798512227252449,0.8198997930505294,3.0280418638518412
3466,1333736303272256972,8,18.775404304321604,0.83576228103402606,3.0190350664203356,18.780279490445501,0.82069565928549237,3.0267610390195503
3467,1333736303322257972,8,18.747860446284694,0.83620662873461293,3.0177765536784884,18.752733184966466,0.82092669865994927,3.025503109544287
3468,1333736303372259972,8,18.724340318816651,0.83990289033585497,3.018954637512024,18.72918536192342,0.8244406143243983,3.0266817766560719
3469,1333736303422256972,8,18.701547956302946,0.83956941866831403,3.0176581824166946,18.706397417452514,0.82392776373692955,3.0253891782146476
3470,1333736303472255972,8,18.675800075868771,0.84091129907944828,3.018495065854395,18.680641088990161,0.82506717893515946,3.0262299184605284
3471,1333736303522258972,8,18.649375457228427,0.84410872608515142,3.0170515957665223,18.654193674483434,0.82805664918131994,3.0247903054893865
3472,1333736303572258972,8,18.625489275065469,0.8453461539614282,3.0168837476716477,18.630299772498319,0.82910562905169405,3.0246263142798302
3473,1333736303622254972,8,18.603015029132372,0.84856396144229995,3.0173187018659839,18.607802415479568,0.83214568243075515,3.0250651250509337
3474,1333736303672254972,8,18.578486556263393,0.85447184734251014,3.0171226262001172,18.583230021195231,0.83785963893354554,3.0248729062703852
3475,1333736303722256972,8,18.549541149353789,0.85346235585789731,3.0146791552864936,18.55429441936132,0.83662198720835779,3.0224332923963551
3476,1333736303772254972,8,18.536018974141321,0.85503042357704928,3.0163786064230034,18.540768929590104,0.83805963836455843,3.0241581878729273
3477,1333736303822256972,8,18.510095711125917,0.85445153122404915,3.0155085303699511,18.514859413534797,0.83725291441045291,3.0233135581955657
3478,1333736303872256972,8,18.47853537663477,0.85644544306050674,3.0136304018644298,18.483292892841373,0.83897345753554076,3.021460875047921
3479,1333736303922254972,8,18.455210234279736,0.85441944165651917,3.0112265446253415,18.459992801407964,0.83673730024183901,3.0190824621488948
3480,1333736303972256972,8,18.433767163452046,0.85985187804946261,3.0137178783835847,18.438516054801102,0.84197299406258963,3.0215992422828291
3481,1333736304022253972,8,18.410663570405593,0.86551969902950388,3.0147453654956533,18.415376708792643,0.84742984545648892,3.0226521732260525
3482,1333736304072256972,8,18.387462459166205,0.86861894345051438,3.013356275502169,18.392159944630585,0.85031624631013925,3.0212885301171664
3483,1333736304122255972,9,18.36126872356531,0.86844850986069022,3.0118006612371468,18.366030931995269,0.84973939345953653,3.0198991288063892
3484,1333736304172254972,9,18.339340455431561,0.86582702060277872,3.0087256212784226,18.344187658301795,0.84673812464147524,3.01699030180191
3485,1333736304222254972,9,18.311069834821183,0.87100671049853395,3.0038573860070366,18.315937453938812,0.85147701092924655,3.0122882828090942
3486,1333736304272252972,9,18.290803284328433,0.87611913529010166,2.9979562083638305,18.295689991522231,0.85620805215420137,3.0065533147958075
3487,1333736304322252972,9,18.264950518716219,0.8787025447974095,2.9899358661460451,18.269877086677134,0.85835447234231821,2.9986991888565933
3488,1333736304372250972,9,18.240352508103072,0.88580841905122831,2.9807542002229508,18.245277753629523,0.86502579862305129,2.9896837325634182
3489,1333736304422256972,9,18.223107251902029,0.88642575711498495,2.9720266212397761,18.228087645005814,0.86526751186129602,2.9811223898047672
3490,1333736304472256972,9,18.19623763207931,0.89150751770623615,2.960193777520959,18.20118095030497,0.87007461511028039,2.9693131232789196
3491,1333736304522257972,9,18.178417955135558,0.89580791853589092,2.9518768400294646,18.183330736846354,0.8741818634603119,2.961019763451938
3492,1333736304572255972,9,18.149342583709164,0.9005508661039805,2.9397934678139657,18.154221050384542,0.87862762601064215,2.9489599674863207
3493,1333736304622256972,9,18.12860538280372,0.89663683317483267,2.927635831208518,18.133528529668709,0.87449202629323564,2.9368259085453858
3494,1333736304672256972,9,18.099262230448705,0.9020746135585358,2.9148387916111522,18.10414445376033,0.87962757650301138,2.9240524461409896
3495,1333736304722258972,9,18.081374100191436,0.90361315105837248,2.9062936469137206,18.086250686360501,0.88096847428240943,2.9155308795796149
3496,1333736304772257972,9,18.052600093590925,0.91951837310940698,2.8946676305875627,18.057338399740516,0.8965737879661192,2.9039284399748824
3497,1333736304822255972,9,18.034536186613199,0.92290301720063939,2.8860326211461138,18.039244924572408,0.89978649640640862,2.8952967740367987
3498,1333736304872254972,9,18.008990286174289,0.92644039103521569,2.8707041435384335,18.013668340361555,0.90308246859005137,2.8799716399993565
3499,1333736304922257972,9,17.978766602736492,0.93116707632286255,2.859464552350401,17.983403126438869,0.90752416334764718,2.8687353926490529
3500,1333736304972255972,9,17.96042174597812,0.93707444414338181,2.8505769225889224,17.965005248821896,0.91325645277784573,2.85985110639094
3501,1333736305022255972,9,17.933163133531767,0.93614594869578949,2.837685071842305,17.937757379818279,0.91207035347843068,2.8469625992814329
3502,1333736305072255972,9,17.909632721987656,0.94673809206830017,2.8231665285036742,17.914130639042078,0.92243881507809822,2.8324473995799133
3503,1333736305122255972,9,17.890037046229416,0.95192867838728912,2.8141806354106174,17.894488543618767,0.92744232477050403,2.8234648501239672
3504,1333736305172254972,9,17.866742396409375,0.96094483917246265,2.8041378414561655,17.871111335294817,0.93624103522457447,2.8134226117954673
3505,1333736305222255972,9,17.843601908052385,0.96165736430499282,2.7901391643142195,17.847965372871837,0.93673787339046755,2.7994244903016985
3506,1333736305271246972,9,17.820289008994791,0.96821279500791491,2.7771914952105901,17.824592748040644,0.94307575506173591,2.7864773656223782
3507,1333736305321247972,9,17.795421663639562,0.97908588564067656,2.766950235928868,17.799625644749788,0.95371663320935618,2.7762366619888339
3508,1333736305371250972,9,17.769652159376381,0.9870462806523197,2.7536532760863284,17.773783459397137,0.96143653534945817,2.7629402578166968
3509,1333736305421248972,9,17.74390947542279,0.9963804364618829,2.7426178041534355,17.74795532593356,0.97053035949630428,2.751905341498643
3510,1333736305471250972,9,17.72986491642127,0.99758192869841023,2.7343722617193937,17.733900229439751,0.97160127486212278,2.7436598579644076
3511,1333736305521250972,9,17.712010593739535,1.003426561058564,2.7254749862171188,17.715992410189639,0.97727974517843919,2.7347626413595827
3512,1333736305571266972,9,17.693393876308825,1.0130081926359782,2.7145515026849103,17.697287520727699,0.98668797059257707,2.7238392167436718
3513,1333736305621250972,9,17.671099510590295,1.0250357766073179,2.7043207081357488,17.674882423357335,0.99850788408705216,2.7136084810731131
3514,1333736305671250972,9,17.650727022393767,1.0348712756673568,2.6935706525682552,17.654419478650979,1.0081536543690364,2.7028584844030701
3515,1333736305721250972,9,17.633519705866068,1.0412925338155956,2.6827692400817957,17.637153278597168,1.0144147259382763,2.6920571308140611
3516,1333736305771253972,9,17.611116291772763,1.053778324362918,2.673987735444955,17.614634878101047,1.0266918058888526,2.683275685078204
3517,1333736305821251972,9,17.590080345058198,1.0563886215064091,2.6620524811502242,17.593575606901112,1.0291065166205762,2.6713404896785677
3518,1333736305871252972,9,17.562899702141145,1.071200790223376,2.6497484540386971,17.56625856751694,1.0436655797039667,2.6590364721068882
3519,1333736305921251972,9,17.538878880765424,1.078930717406533,2.636795543342624,17.542166992211346,1.0511720543020435,2.6460835709502817
3520,1333736305971253972,9,17.521891453038009,1.0897061175908498,2.6283828981796944,17.525080220976513,1.0617891955609229,2.6376709353273911
3521,1333736306021252972,9,17.504381698145004,1.0969996540532903,2.6157180908295858,17.507503484150927,1.0689197716288779,2.625006137516749
3522,1333736306071252972,9,17.483750132348575,1.1109287813741631,2.6067030213617701,17.486743440086311,1.0826566568637956,2.6159910775885904
3523,1333736306121252972,9,17.461035240842129,1.122118524237754,2.5942934281083021,17.463925603128459,1.093634925617335,2.6035814938747794
3524,1333736306171250972,9,17.437700560265142,1.1330837668029541,2.5846729060611993,17.440490088770034,1.1043829467566106,2.5939609813669522
3525,1333736306221251972,9,17.419370892771639,1.1461425717733804,2.5748672461822073,17.422039926085976,1.1172709390208826,2.5841553230672272
3526,1333736306271250972,9,17.398334432747465,1.1562095888323407,2.562344739931453,17.400910875146216,1.1271421318231127,2.5716328183956767
3527,1333736306321251972,9,17.376064463326884,1.1679212440587623,2.5512034328484074,17.378533092673788,1.1386464350169396,2.5604915128918981
3528,1333736306371250972,9,17.348678777531429,1.1845042121105331,2.5377736961521378,17.350994569950316,1.1549743263387298,2.5470617777748319
3529,1333736306421251972,9,17.33540551232543,1.1967568400514788,2.5292705436723817,17.337608079021589,1.1671031396991176,2.5385586268743427
3530,1333736306471252972,9,17.3063972242524,1.2116923061567366,2.5146860090844259,17.308462325831151,1.1817685293350328,2.5239740938656539
3531,1333736306521248972,9,17.289587133255843,1.2259604673300255,2.5045629467566948,17.291520441201193,1.1958799411278178,2.5138510317621345
3532,1333736306571251972,9,17.269525968338755,1.2358559865512628,2.494171710678692,17.271368235763696,1.2055887037524202,2.5034597959083742
3533,1333736306621249972,9,17.251074221070027,1.2576776641166449,2.4818703392948076,17.252714608964158,1.2272380584837315,2.49115842474871
3534,1333736306671251972,9,17.23456729427771,1.265628381625473,2.473173118658798,17.236134551556834,1.2350351148588106,2.4824612043369387
3535,1333736306721250972,9,17.211596479543537,1.2788943724498445,2.4604934549793511,17.213041517011717,1.2480871789901171,2.4697815408817165
3536,1333736306771251972,9,17.184140185676114,1.2986463282658476,2.4478844712359122,17.185402955468827,1.2675832674197292,2.4571725573625112
3537,1333736306821249972,9,17.168253275064075,1.3117209747287997,2.437964005828805,17.169395296290361,1.2805097907358498,2.4472520919825667
3538,1333736306871249972,9,17.149249359654196,1.3270725432609352,2.4260979203722757,17.150249618817895,1.295684187314593,2.4353860065532
3539,1333736306921249972,9,17.132184085550819,1.3425437864415173,2.4142846866065186,17.133041387497361,1.3109962593873852,2.4235727728146066
3540,1333736306971249972,9,17.110238390386939,1.3556967493471781,2.4014791801379261,17.110974477704904,1.3239448220610159,2.4107672663731772
3541,1333736307021250972,9,17.092227495440049,1.3723178535369711,2.3904317953392407,17.092809986473,1.3403979226612273,2.3997198816016558
3542,1333736307071248972,9,17.07515693583651,1.3860396304929576,2.3786967943080222,17.075612718837331,1.3539605548764901,2.3879848805975992
3543,1333736307121248972,9,17.055194284571435,1.4015100829185085,2.3667318695220421,17.055507242671709,1.3692449255222241,2.3760199558387822
3544,1333736307171248972,9,17.046648383283102,1.413364913088536,2.3587270889082745,17.046851605617203,1.3810198678763783,2.3680151752284728
3545,1333736307221247972,9,17.027162458114777,1.4271443878920329,2.3458259133899602,17.027238540560685,1.3946177614212443,2.3551139997136161
3546,1333736307271248972,9,17.001813691901063,1.4566598409247544,2.3347662562437681,17.001616732323587,1.4238965006491811,2.3440543425708817
3547,1333736307321253972,9,16.984538205691464,1.4642315215912101,2.321021906888316,16.984271668579741,1.43130739827586,2.3303099932188882
3548,1333736307371251972,9,16.969800294358073,1.4795833924274242,2.312739168478148,16.969391808217015,1.4465217193577431,2.3220272548121779
3549,1333736307421248972,9,16.954762087208934,1.4989891439100402,2.3038416639228023,16.954174012739255,1.465786957092674,2.3131297502602899
3550,1333736307471248972,9,16.932887155436859,1.5165164510431506,2.2882564513747732,16.93213723443608,1.4831103323270127,2.2975445377157184
3551,1333736307521247972,9,16.917565913939804,1.5396867565731465,2.2793676279140125,16.916601451628491,1.5061373325335305,2.2886557142558019
3552,1333736307571246972,9,16.902296968594339,1.5493154651415288,2.2682557186725707,16.901243736430104,1.5156238056053488,2.2775438050152039
3553,1333736307646241972,9,16.882161545184495,1.577849685063498,2.2541994156194947,16.880844160844344,1.5439697734784417,2.263487501963394
3554,1333736307696241972,9,16.865885895250941,1.5971386314943081,2.244537387902692,16.864390060647722,1.5631067175035185,2.2538254742474351
3555,1333736307746242972,9,16.8441156853455,1.6180251927060363,2.2299003306047616,16.842426798910704,1.5837901741842879,2.2391884169503484
3556,1333736307796242972,9,16.832219527528576,1.6384127685448902,2.2206485653976817,16.830341797907703,1.604066376745183,2.2299366517441128
3557,1333736307846242972,9,16.818938211511025,1.6526634595751934,2.2127945379056064,16.816928697387066,1.6181930939020468,2.2220826242520961
3558,1333736307896241972,9,16.801157320645878,1.6710597682839494,2.2031507052229276,16.798977711801953,1.6364234580816848,2.2124387915694754
3559,1333736307946241972,9,16.784005115064559,1.6951484511477415,2.1909748867006686,16.781602513880546,1.660351790080878,2.2002629730472751
3560,1333736307996241972,9,16.770625619498119,1.7069699597947294,2.1795228167183507,16.768113800177215,1.6720485177476707,2.1888109030650154
3561,1333736308046246972,9,16.759506817352595,1.7288484072041448,2.1728594091296478,16.756792274009808,1.6938227475947554,2.1821474954763711
3562,1333736308096241972,9,16.745251836685561,1.7479901510215057,2.1628428430100626,16.742360122970023,1.7128312632171601,2.1721309293568445
3563,1333736308146241972,9,16.725535483884734,1.7731619722151128,2.1527899327748417,16.722410828293235,1.7378188711477576,2.1620780191216817
3564,1333736308196239972,9,16.713884657585218,1.7926555599950778,2.1462476104805304,16.710579450882189,1.7572034032185204,2.155535696827477
3565,1333736308246241972,9,16.702723139948496,1.8041792741614047,2.1421560745281072,16.699311384838225,1.7686229501234441,2.1514441608751604
3566,1333736308296241972,9,16.688017596963046,1.820103792369193,2.1385975795511474,16.684458571853085,1.7844101945056376,2.1478856658983072
3567,1333736308346239972,9,16.676651437858808,1.8385391057664573,2.1361847128955405,16.672921678560993,1.8027391418167324,2.1454727992428069
3568,1333736308396241972,9,16.662890730069968,1.8529768159941002,2.133957741075402,16.659027469420394,1.8170484179353079,2.1432458274227746
3569,1333736308446242972,9,16.656382225135452,1.8641458712262278,2.1353275791483197,16.652415509431147,1.8281565381662903,2.1446156654957989
3570,1333736308496241972,9,16.644660914845545,1.8839293633607053,2.1333000098549015,16.640510958452015,1.8478303074347984,2.1425880962024877
3571,1333736308546241972,9,16.632991772960779,1.9032269659626833,2.1329139687080207,16.628663086546869,1.8670186926667796,2.142202055055713
3572,1333736308596241972,9,16.621984441838784,1.9189314779610598,2.1326630222824701,16.617510369282325,1.8826202890873733,2.1419511086301806
3573,1333736308646241972,9,16.612231250411504,1.9304531182596825,2.1320419300638362,16.607650587931403,1.8940508426223417,2.141330016411565
3574,1333736308696240972,9,16.60345709290624,1.951010094131961,2.1322755806791109,16.598685878502476,1.9145254352220404,2.1415636670268579
3575,1333736308746240972,9,16.588588510507442,1.9673956626369304,2.1304152530868294,16.583665750891509,1.9307721956529373,2.1397033394345946
3576,1333736308796240972,9,16.572864055417099,1.9894852400035177,2.1290936126784183,16.567736808941078,1.9527147696037748,2.1383816990262017
3577,1333736308846240972,9,16.564159443852475,2.0060523283489378,2.1299704920089866,16.558878700340077,1.9692002927156409,2.1392585783567881
3578,1333736308896239972,9,16.551592191193855,2.0229120666453455,2.1292685986705808,16.546155399137135,1.9859425771272159,2.1385566850184006
3579,1333736308946240972,9,16.539531856726366,2.0384005288248535,2.1278295794899287,16.533951730607853,2.0013183528025964,2.1371176658377666
3580,1333736308996240972,9,16.529031311990231,2.0484228936783557,2.1272207967311307,16.523358551693246,2.0112427565744424,2.1365088830789607
3581,1333736309046241972,9,16.524913822534629,2.0586809670700048,2.1273272963254488,16.51914596348292,2.0214621442335758,2.1366153826732703
3582,1333736309096241972,9,16.519892595319458,2.0686536951160952,2.125832540931003,16.514032326768916,2.0313878049815735,2.1351206272788166
3583,1333736309146241972,9,16.515620541630543,2.0723075475492467,2.1260550326324332,16.509726520684811,2.0350018209631382,2.1353431189802388
3584,1333736309196239972,9,16.517622270153641,2.0752746625401821,2.1272346461388425,16.511700604584572,2.0379873997172884,2.1365227324866396
3585,1333736309246240972,9,16.514052102542244,2.0766863598796474,2.126606169463888,16.508117479333542,2.0393658764029592,2.1358942558116767
3586,1333736309296239972,9,16.518043545026501,2.0747704189084883,2.1257824250887292,16.512126544963525,2.0374870901899351,2.1350705114365098
3587,1333736309346239972,9,16.51761282889569,2.0732106373304613,2.1262532344273377,16.511710334732037,2.0359233752069641,2.1355413207751099
3588,1333736309396240972,9,16.517675655742025,2.07417050905724,2.126276006930012,16.511764243768255,2.0368837888500373,2.1355640932777762
3589,1333736309446239972,9,16.516567148742602,2.0746918584609304,2.1272397709359638,16.510650942457627,2.0373948197917624,2.1365278572837196
3590,1333736309496242972,9,16.518511612494841,2.0739740578125305,2.1268133407361898,16.512601989379135,2.036695109979084,2.1361014270839376
3591,1333736309546242972,9,16.515405762013849,2.0767519779105084,2.1266450933805134,16.509470471818172,2.0394440630482631,2.1359331797282528
3592,1333736309596239972,9,16.518639077500932,2.0733351803768203,2.1274816395897242,16.512735383036919,2.0360574435628402,2.1367697259374556
3593,1333736309646238972,9,16.51720909062724,2.0741141210031864,2.1269997487679246,16.511298223223601,2.0368230687264108,2.1362878351156476
3594,1333736309696238972,9,16.517637059803491,2.0723430478405391,2.127186555791106,16.511742623726938,2.0350560467012673,2.136474642138821
3595,1333736309746237972,9,16.515572930589865,2.0731237428698615,2.1266330446775088,16.509671332631946,2.0358175363079956,2.1359211310252157
3596,1333736309796237972,9,16.514945201306865,2.0747590827962736,2.1253643425157689,16.509028441608496,2.0374469751623492,2.1346524288634674
3597,1333736309846238972,9,16.515778969610999,2.0725335431864225,2.1268803169742667,16.509882844798909,2.0352292753360848,2.1361684033219568
3598,1333736309896250972,9,16.515960371375712,2.0745224786576846,2.1263154957144343,16.510045765743438,2.037219809654244,2.135603582062116
3599,1333736309946237972,9,16.516302354796565,2.0716056033363253,2.1262659595742432,16.510414826356619,2.0343062362617954,2.1355540459219169
3600,1333736309996236972,9,16.518488714326931,2.075939972502888,2.1272495686144053,16.512560834307532,2.0386607250605562,2.1365376549620705
3601,1333736310046237972,9,16.520039652081465,2.0736917544979825,2.1273526083159151,16.51413258664984,2.0364270088534546,2.1366406946635723
3602,1333736310096237972,9,16.517283735045908,2.0735279870410808,2.127339408514807,16.51137830969547,2.0362376514197256,2.1366274948624562
3603,1333736310146238972,9,16.515586079785855,2.0745768117718284,2.1271323266065285,16.509670986370573,2.0372706629551569,2.1364204129541697
3604,1333736310196237972,9,16.520299300617246,2.0733758791832964,2.1275731787024794,16.514395158250416,2.0361135581268348,2.1368612650501122
3605,1333736310246238972,9,16.51603246229616,2.07360231728335,2.1265534342384442,16.510126400971743,2.0363003560533555,2.1358415205860686
3606,1333736310296238972,9,16.516635252083738,2.0738072928302222,2.1264872836459889,16.510727261098555,2.036510921228504,2.1357753699936048
3607,1333736310346237972,9,16.514239387377948,2.0718953903731308,2.1267608700702914,16.508349257538836,2.0345768483476268,2.1360489564178993
3608,1333736310396236972,9,16.515500217578051,2.0758401713608641,2.1273377026870106,16.509573394557847,2.0385331694993045,2.1366257890346105
3609,1333736310446238972,9,16.516815380187413,2.0741605473064011,2.1272170864357265,16.510904100851135,2.036865832848509,2.136505172783318
3610,1333736310495223972,9,16.518657384082104,2.0716131836039002,2.1269422409150187,16.512769685226978,2.03433568726006,2.1362303272626022
3611,1333736310545221972,9,16.520863547234534,2.0718888384706746,2.1269913399874216,16.514973193092597,2.0346318207625815,2.1362794263349967
3612,1333736310595224972,9,16.515505597456208,2.0732232684914949,2.1271141052236806,16.509603080443991,2.0359164286260585,2.1364021915712477
3613,1333736310645222972,9,16.517976399953881,2.0754275269645666,2.1270153424768639,16.51205330346064,2.0381435405043069,2.1363034288244225
3614,1333736310695222972,9,16.517875861547648,2.0741596922629415,2.1268828425300441,16.511964545123046,2.0368748264800334,2.1361709288775947
3615,1333736310745221972,9,16.517194753344519,2.0737536370228047,2.1272456102194894,16.511287237863861,2.0364624624404182,2.1365336965670316
3616,1333736310795221972,9,16.519423317065947,2.0726188605263092,2.1267715927914974,16.513526245352192,2.0353484334725822,2.1360596791390316
3617,1333736310845220972,9,16.515671708296324,2.0731192050329126,2.127222820653603,16.50977015137131,2.0358139114187486,2.1365109070011292
3618,1333736310895221972,9,16.515982826960567,2.0723578069335038,2.1261881513014589,16.510088328588537,2.0350554356035131,2.1354762376489766
3619,1333736310945221972,9,16.516747910044813,2.0767340739476929,2.1273930172383961,16.510812732253388,2.0394386196941219,2.1366811035859059
3620,1333736310995221972,9,16.514764633017556,2.0763443989864112,2.1267343588263627,16.508833160198524,2.039030540744232,2.1360224451738641
3621,1333736311045221972,9,16.514630997751222,2.0735058405443945,2.1258596868194113,16.508725895236399,2.036190863329034,2.1351477731669042
3622,1333736311095221972,9,16.518025183028652,2.0727335401288376,2.1269421066455569,16.512127107342121,2.0354501210451073,2.1362301929930418
3623,1333736311145219972,9,16.517902433659646,2.0727899597846657,2.1269572802445671,16.512003839387823,2.0355053979635818,2.1362453665920436
3624,1333736311195221972,9,16.516672868575601,2.0747617230442383,2.1261117511447938,16.510756013838851,2.037465655817301,2.1353998374922623
3625,1333736311245222972,9,16.516824656667779,2.0673741913750971,2.1250780429710741,16.510976410572436,2.0300798523889045,2.1343661293185345
3626,1333736311295222972,9,16.513786679873725,2.0716419249326004,2.1253571473401007,16.507898926453652,2.0343191850636506,2.1346452336875523
3627,1333736311345221972,9,16.515519666054011,2.0719303176616988,2.1267062751399908,16.509629159448465,2.0346236610336712,2.1359943614874344
3628,1333736311395221972,9,16.520034718572028,2.0737609698240234,2.1272766654062494,16.514127014346641,2.0364961696139914,2.136564751753685
3629,1333736311445221972,9,16.515945371511616,2.0740421785456076,2.1271470394120433,16.510035231965791,2.0367393843300245,2.1364351257594705
3630,1333736311495222972,9,16.513552947824163,2.0741385536944819,2.1261487562492754,16.507642016488376,2.0368135343901477,2.1354368425966945
3631,1333736311545221972,9,16.519635439421851,2.0707292451217176,2.1271195406733501,16.513755911364349,2.0334608665558531,2.1364076270207608
3632,1333736311595221972,9,16.514042089903658,2.0712228672095963,2.1263797519960055,16.508158218513984,2.0339025163721081,2.1356678383434082
3633,1333736311645220972,9,16.513702007319473,2.0727481285799847,2.1254320735977701,16.507803984186435,2.0354245530675295,2.1347201599451644
3634,1333736311695218972,9,16.514363498417509,2.0717866617170007,2.1261833213403372,16.508474376953725,2.0344692713611154,2.135471407687723
3635,1333736311745220972,9,16.518674974259635,2.0727300321318007,2.1272629815520423,16.51277690498808,2.0354526456553259,2.1365510678994202
3636,1333736311795220972,9,16.516948074770262,2.0725783415640202,2.1264889073949189,16.511051489024705,2.035284922056197,2.1357769937422888
3637,1333736311845222972,9,16.515434812851204,2.071121769706882,2.1260759272738103,16.509551821092451,2.033814357708073,2.1353640136211718
3638,1333736311895221972,9,16.515053925594394,2.0722187633242926,2.1270324887583816,16.509160761583022,2.0349077661315298,2.136320575105735
3639,1333736311945219972,9,16.516616992984577,2.0709961923133724,2.1255135120421524,16.510735116876901,2.0336997653376874,2.1348015983894979
3640,1333736311995220972,9,16.517203709449987,2.072768516022319,2.1264685843238125,16.511305346919098,2.0354774617807116,2.1357566706711495
3641,1333736312045219972,9,16.517685636107608,2.0721643476222877,2.1272280475414127,16.511792864420041,2.0348777953395016,2.1365161338887413
3642,1333736312095219972,9,16.520793676363681,2.0729798251972813,2.1271477245237214,16.514893196639939,2.0357221048575092,2.136435810871042
3643,1333736312145219972,9,16.517578897964846,2.0708307157570873,2.1270494361353278,16.511698517877434,2.0335432291934743,2.13633752248264
3644,1333736312195220972,9,16.514460635852508,2.0746581151062773,2.1273211246447614,16.508544841706744,2.0373415009670164,2.1366092109920651
3645,1333736312245234972,9,16.517637962300132,2.0728119780355803,2.1271942798539731,16.511739178080852,2.0355249541721441,2.1364823662012689
3646,1333736312295220972,9,16.519219022225069,2.0717422400758747,2.1267019547683277,16.513330105627194,2.0344699469510861,2.1359900411156154
3647,1333736312345221972,9,16.517301440682413,2.0725203963599181,2.1262813250591122,16.511405379461749,2.0352302590498859,2.1355694114063914
3648,1333736312395219972,9,16.517642748695131,2.0722645190733346,2.1272813231438561,16.511749049471803,2.0349775626396145,2.1365694094911274
3649,1333736312445220972,9,16.517783338815981,2.0720060004957817,2.1268977452173368,16.51189203477994,2.0347203607939837,2.1361858315645996
3650,1333736312495220972,9,16.514700331700922,2.0710191558670359,2.1248059661383176,16.508818326556685,2.033704923693771,2.134094052485572
3651,1333736312545220972,9,16.51773085072956,2.070454560361314,2.125554055740662,16.511853958946581,2.0331684996455861,2.1348421420879085
3652,1333736312595220972,9,16.516982555108548,2.0726744430234887,2.1271193715857857,16.51108507758028,2.0353813362076001,2.1364074579330241
3653,1333736312645218972,9,16.515774508660449,2.0737604590279339,2.1263354930695395,16.509866996517765,2.0364560848760753,2.1356235794167695
3654,1333736312695216972,9,16.515288379767725,2.0729502974511602,2.1257908976014828,16.509388413479339,2.0356414428891667,2.1350789839487043
3655,1333736312745217972,9,16.516154444791987,2.071200870146249,2.1252251121525259,16.510270689888173,2.0339001348016437,2.1345131984997394
3656,1333736312795216972,9,16.518646230373768,2.0719818495443798,2.126954643910318,16.512755114432721,2.034704223886509,2.1362427302575235
3657,1333736312845217972,9,16.515387084339036,2.0742619646049922,2.1260998927404695,16.509474931519957,2.0369539695887555,2.1353879790876666
3658,1333736312895214972,9,16.516686836881028,2.0736567099312695,2.1260486684992297,16.510780249718458,2.0363608128489337,2.1353367548464188
3659,1333736312945217972,9,16.516032699726381,2.0732634126142928,2.1261832981123794,16.510129793849416,2.0359614566879847,2.1354713844595601
3660,1333736312995219972,9,16.518353630726445,2.0739280587295776,2.1272224020797919,16.512444451679929,2.0366476306186163,2.1365104884269646
3661,1333736313045219972,9,16.517511347756226,2.0736942263456721,2.1256422603041663,16.511604377008009,2.0364059850229443,2.1349303466513305
3662,1333736313095217972,9,16.517102902166382,2.0712959483591695,2.1253517609094841,16.511218224271932,2.0340040166469131,2.1346398472566399
3663,1333736313145218972,9,16.515060678168311,2.0766009950997617,2.1253028861858478,16.509126815482485,2.0392898662662877,2.1345909725329957
3664,1333736313195220972,9,16.511728699538963,2.0780201999443979,2.1271791749892235,16.505781799210126,2.0406780624213248,2.1364672613363633
3665,1333736313245219972,9,16.510007794984237,2.0819853581713774,2.1259476704442957,16.504024140825511,2.0446270657216226,2.1352357567914271
3666,1333736313295218972,9,16.506120646955768,2.0839262473452429,2.1256486356230639,16.500119133721245,2.0465317673164112,2.1349367219701874
3667,1333736313345218972,9,16.506569789611738,2.0957643352435471,2.1262951692921801,16.500458305545394,2.0583735159934382,2.1355832556392946
3668,1333736313395219972,9,16.498812170216045,2.1045624335538342,2.1262881625468291,16.492619304587866,2.0670991821906459,2.1355762488939356
3669,1333736313445218972,9,16.493636120454166,2.1121872170224996,2.1263408846100451,16.48737265960369,2.0746755616528776,2.1356289709571437
3670,1333736313495216972,9,16.482343233652319,2.1226148097680735,2.1248795962938862,16.475983409062692,2.0849978166020184,2.1341676826409768
3671,1333736313545217972,9,16.477692806262013,2.125322498082225,2.1248353266173829,16.471308033525634,2.0876621949593099,2.1341234129644651
3672,1333736313595220972,9,16.469613025149698,2.1476307094761125,2.1245412113647064,16.463021403454928,2.1098943992725614,2.1338292977117801
3673,1333736313645218972,9,16.464239388544637,2.1522138389247618,2.1239427406364308,16.457605430889249,2.1144274207361016,2.1332308269834961
3674,1333736313695218972,9,16.455614129002942,2.1666306927694712,2.1241885248544023,16.448846640474269,2.1287635415078139,2.1334766112014596
3675,1333736313745221972,9,16.449080438041754,2.1759588652293447,2.1241959407616693,16.442226593117578,2.1380306248681129,2.1334840271089015
3676,1333736313795216972,9,16.435979334830812,2.1916248539043477,2.1236289579526333,16.428980551451549,2.1535742532537281,2.13291704430004
3677,1333736313845217972,9,16.432774111187392,2.2000937155445182,2.1242559114728881,16.425696809080911,2.1620129775072394,2.1335439978204698
3678,1333736313895217972,9,16.423064004856638,2.2151039330996878,2.1234772575083292,16.41584770879928,2.1769323584777904,2.1327653438560854
3679,1333736313945215972,9,16.413294551900854,2.230204208594373,2.1244074770557857,16.405938427998517,2.1919412422947304,2.1336955634037169
3680,1333736313995219972,9,16.399950804307498,2.2437344437719298,2.122165748343714,16.392469589194203,2.2053469556364447,2.1314538346918193
3681,1333736314045220972,9,16.391528404531684,2.2570610389952011,2.1224098244816694,16.383923777328391,2.2185947470540563,2.1316979108299496
3682,1333736314095219972,9,16.382390584075946,2.2709733800681571,2.1216927177025835,16.374657135261717,2.2324216142623836,2.1309808040510383
3683,1333736314145218972,9,16.372388169463882,2.2904326615558199,2.1234257142989574,16.364474416611309,2.2517871523141682,2.1327138006475872
3684,1333736314195217972,9,16.365842099648376,2.3058438404600072,2.1242161022352097,16.357785492257339,2.2671368647605306,2.133504188584014
3685,1333736314245218972,9,16.356427085600409,2.317528586683856,2.1240371914214995,16.348262358630755,2.2787336582951561,2.1333252777703993
3686,1333736314295217972,9,16.345545832476262,2.3325303220156974,2.1235476122641486,16.337242241134344,2.2936336795036425,2.1328356986131443
3687,1333736314345217972,9,16.335137426895759,2.3483654727502716,2.1230933252913005,16.326687210062889,2.3093714719519691,2.1323814116403921
3688,1333736314395219972,9,16.319651004878249,2.3701562209071865,2.123652146039722,16.310999066281688,2.3310174405570034,2.1329402323889095
3689,1333736314445216972,9,16.311923584533297,2.3828477688912741,2.1244368784828258,16.303154102438143,2.3436366667153745,2.1337249648321088
3690,1333736314495209972,9,16.302141916565404,2.4012662179189097,2.1254374984896707,16.293201788392746,2.3619634671385761,2.1347255848390496
3691,1333736314545215972,9,16.28926132032322,2.4180725752341687,2.1237611891951955,16.280165652774301,2.3786494626851016,2.1330492755446704
3692,1333736314595214972,9,16.282385025668027,2.4306352241451945,2.1235670390802879,16.273172975116651,2.3911477005454724,2.1328551254298587
3693,1333736314645214972,9,16.276174459087727,2.4437308657328289,2.1232668328144326,16.266841046506091,2.4041850912891212,2.1325549191637609
3694,1333736314695214972,9,16.264478710262935,2.4564732389007853,2.1231566791356675,16.255027453389108,2.4168182827371485,2.1324447654847534
3695,1333736314745211972,9,16.250376995995403,2.4722514219315199,2.1221442186586783,16.240779802149383,2.4324648066081198,2.1314323050075212
3696,1333736314795217972,9,16.241481603634075,2.4856562283619392,2.1213477093506765,16.231760292056741,2.4457864123236162,2.1306357956992774
3697,1333736314845217972,9,16.231761498765731,2.5023763806899764,2.1222156312822196,16.221885312253765,2.4624155610421861,2.131503717630578
3698,1333736314895220972,9,16.219201821600823,2.5203646080332458,2.1218197351417332,16.209159104815459,2.4802863562652653,2.1311078214898491
3699,1333736314945216972,9,16.207432648538983,2.5426762005037373,2.1217890656383336,16.197183212171147,2.5024876722968514,2.1310771519862071
3700,1333736314995220972,9,16.192674042751896,2.5584128733065685,2.1203103387373479,16.182279083291533,2.5180865865526667,2.1295984250849784
3701,1333736315045216972,9,16.184135299425638,2.5708599321647077,2.1199835161865535,16.173625102498377,2.5304537982740412,2.1292716025342489
3702,1333736315095216972,9,16.170583983613337,2.5936513504979377,2.1200168446684717,16.159862687508866,2.5531183667403807,2.129304931016232
3703,1333736315145215972,9,16.159490982529427,2.6083049229278679,2.1196577943481212,16.148634065139518,2.5676682730322002,2.1289458806959458
3704,1333736315195215972,9,16.145825478672773,2.6283863814048476,2.1191335448417195,16.134782637010272,2.5876219379604284,2.1284216311896085
3705,1333736315245215972,9,16.137158196565029,2.6396248266762208,2.1191467456858293,16.126011348526117,2.59877939436497,2.1284348320337831
3706,1333736315295216972,9,16.122734449890892,2.6643548337925358,2.1180299020461657,16.111358534785079,2.6233743648986425,2.127317988394184
3707,1333736315345215972,9,16.110823780195364,2.6817829795550336,2.1187062274230803,16.099286508967229,2.6406911303772027,2.1279943137711634
3708,1333736315395215972,9,16.094199295334942,2.7041476392249391,2.1177609930365509,16.082455021201863,2.6629004151389228,2.1270490793846983
3709,1333736315445215972,9,16.085080053004233,2.7149842261623101,2.1166687225111755,16.073235524377669,2.6736518326904806,2.1259568088592258
3710,1333736315495215972,9,16.074941699291006,2.7371910278711176,2.1174286720099333,16.062891354111109,2.69576350911262,2.1267167583578868
3711,1333736315545214972,9,16.060320955973111,2.7588956163146277,2.1145567665130605,16.04806965211618,2.7173313617088781,2.1238448528609166
3712,1333736315595215972,9,16.049147228259827,2.7741584945767106,2.1098654918340309,16.036754647342629,2.7324897976983369,2.1191535781817894
3713,1333736315645212972,9,16.037441206154014,2.7904206563583558,2.0999745174811149,16.02489808983821,2.7486425301793371,2.1092626038287765
3714,1333736315695214972,9,16.023900983317521,2.8128405018610549,2.087341192802759,16.011150218443863,2.7709356448059821,2.0966292791503234
3715,1333736315745213972,9,16.012502008861883,2.828842329245846,2.0709223353824493,15.999603113319109,2.7868309059633534,2.0802104217299169
3716,1333736315795213972,9,15.997235832000566,2.8538760806756902,2.0536305334442408,15.984105084512233,2.8117217831896149,2.0629186197916107
3717,1333736315845214972,9,15.993358161196122,2.8685647903127256,2.0426391055974431,15.980091154631252,2.8263738405690471,2.0519271919452802
3718,1333736315895214972,9,15.980164122018794,2.8901364996037873,2.0317481312104158,15.966697329253297,2.8478220707217519,2.0410362175587196
3719,1333736315945214972,9,15.968450874456185,2.9090271446282299,2.0239818960399316,15.954809133216006,2.866603105775384,2.0332699823887026
3720,1333736315995215972,9,15.95724473596429,2.9336187116577803,2.0199391154283295,15.943375074481292,2.8910895269358061,2.0292272017775677
3721,1333736316045217972,9,15.950981291072974,2.9484420675458467,2.0194567885595185,15.936974222833271,2.9058540658012308,2.0287448749092234
3722,1333736316095214972,9,15.941059072207834,2.9657514589172953,2.0178542523659191,15.926891664848428,2.9230705503977763,2.0271423387160912
3723,1333736316145214972,9,15.926343057447646,2.9862810223428533,2.0143946911257764,15.911985608937977,2.9434625435994182,2.0236827774764157
3724,1333736316195211972,9,15.913090191111227,3.0141720429751322,2.0137738323222316,15.898474265570988,2.9712292657920729,2.023061918676289
3725,1333736316244199972,9,15.907127383109595,3.0327782842148983,2.014020853003387,15.892338902645958,2.9897793188677446,2.0233089393607937
3726,1333736316294199972,9,15.894420556305626,3.0544839530261223,2.0133712231312004,15.879431024514197,3.0113660276271395,2.0226593094920258
3727,1333736316344199972,9,15.881651944260192,3.0734932596101294,2.0118652048859436,15.866486407491021,3.0302559166056144,2.0211532912501875
3728,1333736316394197972,9,15.867919167220744,3.0983448951847707,2.0103594289465372,15.852523403785845,3.0549789274529835,2.0196475153141993
3729,1333736316444193972,9,15.858801063007366,3.1199918428668658,2.0092927577448703,15.843204638847336,3.0765402495022571,2.0185808441159505
3730,1333736316494196972,9,15.846459237002289,3.1397965426990866,2.0082535464237572,15.830679401880266,3.0962294613886354,2.017541632798256
3731,1333736316544196972,9,15.835557246833208,3.1599363452711469,2.0077951922434729,15.819590826209636,3.1162671345904109,2.0170832786401864
3732,1333736316594197972,9,15.821558924577088,3.1870346187527465,2.007209580135255,15.805341422058305,3.1432342199682179,2.0164976665541832
3733,1333736316644195972,9,15.812472650225402,3.2024935151008744,2.007694919809115,15.796111959920562,3.1586080531341763,2.0169830062502569
3734,1333736316694197972,9,15.80385309801402,3.2247366325230247,2.0061285919970233,15.78728618826508,3.1807701496363787,2.0154166784603809
3735,1333736316744196972,9,15.792789086200044,3.2488626851262663,2.0066394716925919,15.775998573831796,3.2047923960752751,2.0159275581781637
3736,1333736316794196972,9,15.779196920825827,3.2725577083759658,2.006260655688088,15.762186918266888,3.2283601503807091,2.015548742195874
3737,1333736316845216972,9,15.765837689431709,3.2979803935840324,2.0044381650430836,15.748592140227052,3.2536576555316086,2.0137262515735372
3738,1333736316894197972,9,15.755317853844938,3.3193957400639267,2.0041816994617072,15.737873855204443,3.274974367121358,2.0134697861408002
3739,1333736316944194972,9,15.74809562471035,3.3368803973945647,2.0034347672797974,15.730489542477768,3.2923911870485378,2.0127228541106126
3740,1333736316994198972,9,15.734618029017597,3.3608729574123557,2.0037008248836923,15.71678968790952,3.316257529395132,2.0129889118662514
3741,1333736317044194972,9,15.724207832159665,3.3804994464822569,2.0029334431257046,15.706197651723837,3.3357864789742351,2.0122215302599833
3742,1333736317094194972,9,15.713529884012095,3.4073273836638784,2.0034706514800269,15.695270989074958,3.3625140791729073,2.0127587387660371
3743,1333736317144194972,9,15.70221786303224,3.424759270938992,2.0010217810891331,15.683797551014077,3.3798401455114977,2.0103098685268752
3744,1333736317194194972,9,15.696623684279345,3.4496162648602406,2.0006194652186657,15.677972744492321,3.404644105274214,2.0099075528081389
3745,1333736317244197972,9,15.684292028227373,3.4697810343021027,1.9994309258048619,15.665454332098459,3.4246934650255243,2.0087190143995461
3746,1333736317294196972,9,15.672846173440078,3.4918314544014772,1.9990423983488164,15.65380416888028,3.446636621357082,2.0083304879486312
3747,1333736317344196972,9,15.661059584922818,3.5117862617774582,1.9976912251085577,15.641832750546248,3.4664810906136587,2.0069793157135232
3748,1333736317394194972,9,15.647119513022023,3.5398977997321288,1.995474120432887,15.627632182305558,3.4944619371291386,2.0047622120429627
3749,1333736317444193972,9,15.640860027240095,3.5609730850989685,1.9958248841111381,15.62117722125898,3.5154781714995442,2.0051129767263438
3750,1333736317494196972,9,15.631213692623302,3.5841603678388996,1.994550854796076,15.611315941276541,3.5385748552140175,2.0038389484164929
3751,1333736317544196972,9,15.621219492049558,3.6035339826102972,1.9929426657527074,15.601142231495185,3.5578548044738172,2.002230760378275
3752,1333736317594195972,9,15.603896696218886,3.6272422778097804,1.991597296482299,15.583599978290637,3.5814011739622749,2.0008853989054614
3753,1333736317644197972,9,15.596066716319141,3.6475056739745435,1.9894319366474336,15.575582127326626,3.601590961787724,1.9987200468686586
3754,1333736317694196972,9,15.589668120592826,3.6677039302159473,1.9916171203621333,15.568996203498253,3.621728907049091,2.0009052383809531
3755,1333736317744193972,9,15.576332120847209,3.6914405934237564,1.9908489781885934,15.555440309880384,3.6453406719928241,2.000137104004696
3756,1333736317794195972,9,15.554947566650938,3.7211262074659013,1.9871481561316826,15.533780954757125,3.6748263759797739,1.9964362897458481
3757,1333736317844194972,9,15.551796446975271,3.7401786521246545,1.9897034904321742,15.530453008166072,3.6938487211855606,1.9989916318439345
3758,1333736317894192972,9,15.540291219472728,3.7595426014920199,1.9879716781675574,15.518768395283779,3.713104933118768,1.9972598634058976
3759,1333736317944191972,9,15.529360989411861,3.7857981373614731,1.9889463750400906,15.507594743638327,3.7392577738896122,1.9982346041058874
3760,1333736317994191972,9,15.519457339220883,3.8084349725807831,1.9872952180672778,15.497481236283345,3.7618016041420876,1.9965834909614077
3761,1333736318044191972,9,15.508157678418586,3.8241178974465604,1.9871158158419413,15.486036365752485,3.7773788567168523,1.9964041325644042
3762,1333736318094193972,9,15.497547929521089,3.8453629939860883,1.9885392384360712,15.47522971328617,3.7985244480861091,1.9978275989886205
3763,1333736318144193972,9,15.488129116854624,3.8697341016104212,1.989871881125385,15.465584908587747,3.822806976486381,1.9991602855062673
3764,1333736318194192972,9,15.475526678530116,3.8913284812086477,1.9888958036835349,15.452782404560146,3.8442833252797892,1.9981842518918738
3765,1333736318244192972,9,15.465429824198997,3.91041591147436,1.9909844672718073,15.442508457476034,3.8632758567369079,2.0002731999743038
3766,1333736318294192972,9,15.458438696378327,3.9340564645616944,1.9913121872807396,15.435297798678649,3.8868501574684435,2.0006012044773933
3767,1333736318344190972,9,15.447506164574524,3.9572691550184946,1.9912139230502428,15.424149867035377,3.9099599975747616,2.0005032247296741
3768,1333736318394192972,9,15.432794470220085,3.9833612331461579,1.990952219655532,15.409196174799728,3.9359139883943284,2.0002418058405005
3769,1333736318444191972,9,15.421537333033267,4.0039537169547099,1.9908021030630572,15.397747965698608,3.9564007056425941,2.0000919737364931
3770,1333736318494192972,9,15.415749335577766,4.0241497294932262,1.9918838028886066,15.391772331877283,3.9765417706296877,2.0011739580618899
3771,1333736318544189972,9,15.399529695752953,4.0459092306477196,1.99137810477849,15.37535096914684,3.998149340234022,2.0006685444288608
3772,1333736318594192972,9,15.390300357064849,4.0747853807412326,1.990092230542968,15.365851872479048,4.0269362958902706,1.9993845051358652
3773,1333736318644190972,9,15.379199075645538,4.0891820008223547,1.9903160483045592,15.354615380872257,4.0412269144788491,1.9996101576564993
3774,1333736318694191972,9,15.366761125731189,4.1114352614604623,1.9887972583218871,15.341969192123219,4.0633613673820461,1.9980932025429601
3775,1333736318744191972,9,15.358474540046057,4.1306319549646782,1.9873438174987628,15.333502525849301,4.0824779368204362,1.9966415965522721
3776,1333736318794191972,9,15.349770134886047,4.1540479449545451,1.9864657930297274,15.324578750749353,4.1058097037273749,1.9957654069156729
3777,1333736318844192972,9,15.340227035455666,4.1726707654461928,1.9865534781445373,15.31486081477161,4.1243406747308837,1.9958549268996157
3778,1333736318894191972,9,15.33174654790967,4.1957750845643833,1.9862870621294388,15.306163684718497,4.1473628004941405,1.9955903456802568
3779,1333736318944191972,9,15.320332340195677,4.2205836343219492,1.9850598275464657,15.294502095740814,4.1720446862787099,1.994376821652327
3780,1333736318994192972,9,15.307239022402138,4.2447604688902461,1.9837298300842277,15.281166686624285,4.1960788973795493,1.9930605350193433
3781,1333736319044190972,9,15.297193222205721,4.2667948320934634,1.9813713553690697,15.270898023646959,4.2179988432441053,1.9907157703108065
3782,1333736319094195972,9,15.289732673784362,4.2819246568034952,1.9819795875628197,15.263278508015597,4.2330384615914198,1.9913377144306552
3783,1333736319144191972,9,15.274968879059083,4.3047795525959627,1.9782035379275535,15.248283260311069,4.2557341628168137,1.9875753742535878
3784,1333736319194192972,9,15.265776145755023,4.332315423155948,1.9768025816555901,15.238814271373274,4.2831625064210721,1.9861881288108787
3785,1333736319244191972,10,15.255198647365109,4.3517939551548102,1.975993737278595,15.22794388690129,4.3024160219268826,1.9854527682087686
3786,1333736319294192972,10,15.244642599199878,4.3731156446197108,1.9726892475118138,15.217074538833959,4.3235112209205111,1.9822217651562828
3787,1333736319344189972,10,15.234517949485131,4.3971118712095114,1.972107691314422,15.206607777646369,4.3472833982145929,1.9817136897943664
3788,1333736319394192972,10,15.226016386559174,4.418884688888796,1.9716772476840216,15.197782031688991,4.3688464357862085,1.9813567358176707
3789,1333736319444192972,10,15.216597110293037,4.4361934607270186,1.9706157363534782,15.18807898152064,4.3859354082465449,1.9803687097317173
3790,1333736319494188972,10,15.201747872904575,4.4608114602751616,1.9696056546198295,15.17287189833022,4.4102784917446245,1.9794321073638392
3791,1333736319544190972,10,15.199789898567559,4.4815468342677454,1.9702098330765407,15.170590282433508,4.4308645186360334,1.9801097740045501
3792,1333736319594191972,10,15.187071528170669,4.50874240570477,1.9699217878901332,15.157587032201352,4.4579154071451601,1.9798320770156057
3793,1333736319644193972,10,15.177249930494872,4.527418895260972,1.9693753668126288,15.147564365115148,4.4764761010414613,1.9792960043425243
3794,1333736319694190972,10,15.166977875139576,4.5470029365210207,1.9683843363415281,15.13708186716733,4.4959396229677209,1.9783153212410474
3795,1333736319744191972,10,15.159083891965675,4.5732199842168537,1.96803211458236,15.128910979726742,4.5220592461951634,1.9779734476793425
3796,1333736319794190972,10,15.14447224264568,4.5971582857052358,1.9660419393896871,15.114044895687712,4.5458332168614737,1.9759936202702129
3797,1333736319844190972,10,15.133271328288028,4.6144160672841643,1.9653305045559555,15.102655435253428,4.5629606685376496,1.9752925334269846
3798,1333736319894187972,10,15.127471779221722,4.6355931736451561,1.9652645479112021,15.096627633598731,4.584060879219904,1.9752369241518548
3799,1333736319944190972,10,15.11919401037267,4.6586755631234613,1.9662870778731445,15.08811731669158,4.6070567293796971,1.976261158362761
3800,1333736319994189972,10,15.106918713552645,4.6837558496678291,1.9644172709849954,15.075589662300333,4.6320104706040421,1.9743930555872435
3801,1333736320044191972,10,15.095757560827636,4.6987725189833487,1.9634686927373932,15.064276419285772,4.6469121688235679,1.9734461815545221
3802,1333736320094187972,10,15.084396934370243,4.7262929133663221,1.9631101395984087,15.052638887006626,4.6743149407674345,1.9730893324259209
3803,1333736320144188972,10,15.07564028675618,4.7459403044534465,1.9623911034199029,15.043683688512358,4.6938710512243649,1.9723720004282126
3804,1333736320194201972,10,15.066071772587565,4.7730365792752742,1.9618203349285137,15.033842238542523,4.7208675386419765,1.9718029365266165
3805,1333736320244189972,10,15.058289371521333,4.793835069742034,1.9619668273086743,15.025852261839512,4.7415869662690149,1.971949634557548
3806,1333736320294189972,10,15.045748973329005,4.8139866013837809,1.9607904344365497,15.013110974986224,4.7616119655829019,1.9707734473855623
3807,1333736320344188972,10,15.036935265421327,4.8350333217824417,1.9600676338914254,15.004087247761527,4.7825693075558702,1.9700508525364626
3808,1333736320394189972,10,15.025881517343018,4.8617419269429876,1.9580418550199608,14.992767059301025,4.8091658855104029,1.9680252793692512
3809,1333736320444187972,10,15.01859868682971,4.8786873239974362,1.9576006913720863,14.9853150601962,4.8260373841025164,1.9675843214132875
3810,1333736320494187972,10,15.008212892341351,4.9019933779529277,1.9565575087321285,14.974696742108016,4.8492382405452732,1.9665413444734687
3811,1333736320544187972,10,14.997315099393571,4.9270756976442591,1.9550885609727637,14.963548707517479,4.8742101580973412,1.9650726024142429
3812,1333736320594187972,10,14.98539204040539,4.9508406848675843,1.9538273054308328,14.951388925930772,4.8978548748697701,1.9638113758283609
3813,1333736320644189972,10,14.980247848765437,4.9675601348509444,1.9537517077930233,14.946078014632564,4.9145220846113613,1.963735807147758
3814,1333736320694189972,10,14.971344684132307,4.9904608468723026,1.9531300050345246,14.9369466032409,4.9373327185598743,1.9631141333453082
3815,1333736320744187972,10,14.961244388493045,5.0159192835706783,1.9521940139311853,14.926592582889565,4.9626889970325809,1.9621781711968596
3816,1333736320794187972,10,14.948937939124299,5.0359855320521056,1.9507839965798053,14.914086353013293,4.9826313291582158,1.9607681828015282
3817,1333736320844191972,10,14.943195929592809,5.0585680562568722,1.9513021881608341,14.908119112010327,5.0051553505541113,1.9612864033409223
3818,1333736320894192972,10,14.927895549682864,5.0796847971589854,1.9500813461124797,14.892608610232566,5.0261182298446174,1.9600655902491959
3819,1333736320944190972,10,14.922856477496124,5.1017302691420943,1.9493035451140681,14.887349678245188,5.0481122858037866,1.9592877933246822
3820,1333736320994191972,10,14.908098093349007,5.126739480146516,1.9479499410175336,14.87234232832353,5.072972894571234,1.9579341933022902
3821,1333736321044191972,10,14.90200883184905,5.1488252551432057,1.9474460441619246,14.866032856607436,5.09499676622438,1.9574303005207421
3822,1333736321094191972,10,14.891444775503766,5.1685873843589691,1.9473035813124293,14.855272012399871,5.1146524310862347,1.9572878417453079
3823,1333736321144192972,10,14.879817571572643,5.1914013563961756,1.9466358275930693,14.843417603536217,5.1373491720003273,1.9566200921000902
3824,1333736321194200972,10,14.868556214206491,5.2168400340561156,1.945138045574385,14.831902817486352,5.1626741402676464,1.9551223141561187
3825,1333736321244191972,10,14.860175426830086,5.2365472905655119,1.94618064594194,14.823325680768614,5.182296732879311,1.9561649185970011
3826,1333736321294190972,10,14.85319916815499,5.2582235620326072,1.9477492881769831,14.816133350585268,5.2039022711954139,1.9577335614046361
3827,1333736321344189972,10,14.839092426045347,5.2820404066063942,1.9464199751005047,14.801789520630473,5.2275770844024416,1.9564042489007492
3828,1333736321394188972,10,14.833382679400238,5.3059861341589718,1.9468357956339528,14.795840980804602,5.2514646106617144,1.9568200700067888
3829,1333736321444186972,10,14.821886959603432,5.3281851628458217,1.9462641313814011,14.784124195418807,5.2735477573212437,1.9562484063268171
3830,1333736321494190972,10,14.808838750050514,5.351978524109005,1.9443724087004006,14.770839079640158,5.2972096568501605,1.9543566842184656
3831,1333736321544187972,10,14.802061637460744,5.3700082869986385,1.9449846848168282,14.763882292632111,5.3151708565856604,1.9549689609074616
3832,1333736321594187972,10,14.790256387988006,5.3989427367439911,1.9439666567180665,14.751788745733638,5.3439859981765849,1.9539509333813032
3833,1333736321644191972,10,14.780059023073544,5.4183664856544924,1.9430378986474155,14.741397960106108,5.3633069670985716,1.953022175391397
3834,1333736321694186972,10,14.773554219387906,5.4383140718881045,1.942570344578292,14.734694321607947,5.3831886141736582,1.9525546214030038
3835,1333736321744185972,10,14.76077642144028,5.4606367923204386,1.9407345066611592,14.721694287902624,5.4053826467926269,1.950718783566608
3836,1333736321794187972,10,14.755464152462979,5.4825368295517052,1.9405748957897553,14.716163631179603,5.427228553946688,1.9505591727759457
3837,1333736321844186972,10,14.74665578945142,5.5009614305142467,1.9394828638241566,14.707171753814924,5.4455642926639545,1.9494671408910835
3838,1333736321893172972,10,14.737911196967254,5.5198292590559133,1.9373161919170878,14.698239218565208,5.4643438735643022,1.9473004690631159
3839,1333736321943174972,10,14.730206158975035,5.5484988324842481,1.9314790462069344,14.690248324275643,5.4929350898294533,1.9414633234337042
3840,1333736321993171972,10,14.721816849568004,5.5762621800137877,1.9212735313345175,14.681582240675336,5.5206132936362975,1.9312578085725411
3841,1333736322043172972,10,14.712642469821322,5.5912732234896474,1.9131224846616701,14.672258446288479,5.5355319907660405,1.9231067619109483
3842,1333736322093172972,10,14.703243056369992,5.6106735047637297,1.9045349712372019,14.66266580677383,5.5548374601617203,1.9145192484977345
3843,1333736322143173972,10,14.692824414295423,5.6399977795515586,1.8995122376636004,14.651954907179707,5.58405625234235,1.9094965149353877
3844,1333736322193174972,10,14.684215960496111,5.6629691401021889,1.897573701964868,14.643117533839378,5.6069405200519569,1.9075579792479098
3845,1333736322243173972,10,14.680506604555354,5.6810915117861578,1.8958617426979907,14.639227427018978,5.6250249537191923,1.9058460199922866
3846,1333736322293171972,10,14.671966859470057,5.7048441294877126,1.8942650147047326,14.630450958808627,5.6486911256350503,1.9042492920102827
3847,1333736322343171972,10,14.663775943377335,5.7278674597883619,1.8939344682692665,14.622030583511521,5.6716315292603445,1.9039187455763649
3848,1333736322393173972,10,14.65417297598902,5.7525446084463736,1.8924336167926699,14.612181715392131,5.6962115707350849,1.902417894101317
3849,1333736322443170972,10,14.642014606400096,5.7736076101573,1.890535949307371,14.599813656485482,5.717152131980459,1.9005202266175665
3850,1333736322493170972,10,14.637436780000336,5.7931880473811406,1.8901276831326301,14.595040565023885,5.7366858876212996,1.9001119604443741
3851,1333736322543170972,10,14.627832381446462,5.8191653953375546,1.8891106470092032,14.585177284475375,5.7625660493002808,1.8990949243224955
3852,1333736322593170972,10,14.620136375479696,5.8452325066582436,1.888227283166291,14.577221405187432,5.7885550234737257,1.8982115604811318
3853,1333736322643172972,10,14.612748664784249,5.8654325083331678,1.8871049171431002,14.569632383681036,5.8086802584870325,1.8970891944594896
3854,1333736322693169972,10,14.602432629001997,5.8879615605772138,1.8860935917942461,14.559091929546021,5.8311051912606215,1.8960778691109474
3855,1333736322743169972,10,14.59632244499457,5.914070013979682,1.8852043936302665,14.552721380415688,5.8571513384791816,1.8951886709472801
3856,1333736322793168972,10,14.584162690983636,5.936735178232297,1.8836291823102109,14.540335940989999,5.8796939685889109,1.8936134596275367
3857,1333736322843171972,10,14.578813572074193,5.9567569218545655,1.8829154705307349,14.534787189412972,5.89966130796273,1.8928997478483729
3858,1333736322893170972,10,14.567668668268634,5.9795365908293343,1.8825005512911708,14.523415406382069,5.9223285694649439,1.8924848286091209
3859,1333736322943172972,10,14.561893284034703,6.0059522662201292,1.8812521113830756,14.517376572999352,5.9486852660373479,1.8912363887013377
3860,1333736322993173972,10,14.549171375195137,6.0287712103708753,1.8801862243278247,14.504427471408519,5.9713760557639484,1.8901705016463988
3861,1333736323043171972,10,14.548417063238631,6.04715232861105,1.8812074918657158,14.503489677949334,5.989748726595117,1.8911917691842972
3862,1333736323093173972,10,14.537276432777727,6.0717978658962402,1.8795162305420872,14.492103539007818,6.0142818060757239,1.8895005078606757
3863,1333736323143172972,10,14.529712142738003,6.0989234559353678,1.8797732622297756,14.484268801110721,6.0413305212795887,1.8897575395483714
3864,1333736323193169972,10,14.518618834034191,6.1245655544099842,1.8785348546049556,14.472920031789684,6.0668605847442434,1.8885191319235588
3865,1333736323243169972,10,14.512743832703789,6.1425913673282135,1.8781972306880506,14.466865351592403,6.0848268424294147,1.8881815080066606
3866,1333736323293171972,10,14.504615311275566,6.1646603096553241,1.8755901901560927,14.458516896563763,6.1068135286080736,1.8855744674747104
3867,1333736323343171972,10,14.499984610654046,6.1879724610605749,1.8763083788837585,14.453653675663768,6.1300782845329715,1.8862926562023832
3868,1333736323393171972,10,14.485700532577425,6.2154776718846048,1.873485803824201,14.439095694486348,6.1574395104872535,1.8834700811427887
3869,1333736323443171972,10,14.48178295477457,6.2347540820522518,1.8728844756556966,14.434985854153329,6.1766758462229605,1.8828687529742469
3870,1333736323493169972,10,14.472950004253052,6.2573548077449024,1.8716604297090509,14.425927695759373,6.1991872561625554,1.8816447070275644
3871,1333736323543173972,10,14.468140811136323,6.2806504781262689,1.872691727426264,14.420886155810937,6.2224337497954121,1.8826760047447404
3872,1333736323593170972,10,14.45337275373989,6.3094690319851559,1.8701308709422757,14.405831106873222,6.2511034212208214,1.8801151482607148
3873,1333736323643172972,10,14.452685510750673,6.3241765209913723,1.8715689006773788,14.404997056963969,6.2658033155442299,1.8815531779957808
3874,1333736323693171972,10,14.443775072592096,6.3487211854374621,1.8711387559659205,14.395842006293995,6.2902577937013264,1.8811230332842854
3875,1333736323743169972,10,14.430254299977438,6.374187920982731,1.8686008251053874,14.382067644898115,6.3155882669050136,1.878585102423699
3876,1333736323793169972,10,14.425240885606177,6.3972542764568985,1.8686043139080102,14.376824183379901,6.3386034180912345,1.8785885912262683
3877,1333736323843169972,10,14.419897744960487,6.4179084966577644,1.8680548381832611,14.371275095049004,6.3592032622070986,1.8780391155014662
3878,1333736323893169972,10,14.411035555452665,6.4421539740020206,1.8674669197729796,14.362171277742595,6.3833590498931922,1.8774511970911314
3879,1333736323943171972,10,14.404565383084153,6.4653102749988465,1.8676721830790317,14.355470232809449,6.4064495976847793,1.8776564603971304
3880,1333736323993171972,10,14.390295401577031,6.4867363244563983,1.8669668945080571,14.34098704252373,6.4277321060135044,1.8769511718261023
3881,1333736324043170972,10,14.388314801944114,6.5113969000997507,1.8666773228572795,14.338760327709029,6.4523716778693432,1.8766616001752716
3882,1333736324093171972,10,14.384458962466825,6.5356710382711345,1.8673863950203387,14.334662324751827,6.4766061089093245,1.8773706723384553
3883,1333736324143171972,10,14.371559521534476,6.5582522537739258,1.865003014119339,14.321538073423689,6.4990574093354629,1.87498729143758
3884,1333736324193169972,10,14.363221332995714,6.5811504895436901,1.8661629555521995,14.312971681979306,6.5218712542796888,1.8761472328705648
3885,1333736324243238972,10,14.357868099870309,6.6034761325492664,1.8671168652864201,14.307395814000706,6.5441423371264893,1.87710114260491
3886,1333736324293170972,10,14.352059104602514,6.6303981819080695,1.8678879656284875,14.301318315562686,6.5710050468505088,1.8778722429471015
3887,1333736324343167972,10,14.349067771951242,6.6507719769512965,1.8689697381962338,14.298123717802738,6.591347960497612,1.8789540155149724
3888,1333736324393169972,10,14.331074514889902,6.6780795735028899,1.8671230838199138,14.279858715518928,6.6184745491700934,1.877107361138777
3889,1333736324443171972,10,14.327339990221256,6.6993330975451357,1.8678666151817311,14.275912179470682,6.639689727859551,1.877850892500553
3890,1333736324493169972,10,14.320171543337693,6.7216053521100037,1.8686403405755898,14.268521721243657,6.6618893016335212,1.8786246178943704
3891,1333736324543169972,10,14.306938891459973,6.7447895895811243,1.8671669327226932,14.255058254938547,6.6849402671598037,1.8771512100414323
3892,1333736324593168972,10,14.297063357801663,6.7712348165773895,1.8673486898542926,14.244919181442928,6.7112855775178337,1.8773329671729904
3893,1333736324643167972,10,14.295931336541903,6.7917176784938755,1.8673038162508311,14.243582713464882,6.7317561161773058,1.8772880935694876
3894,1333736324693169972,10,14.285328871899999,6.8134977184586107,1.8664108718211954,14.232763322964916,6.7534292142683547,1.8763951491398105
3895,1333736324743165972,10,14.276963433000253,6.8362494711519561,1.8669546796923167,14.224171145020021,6.7760963113697539,1.8769389570108905
3896,1333736324793216972,10,14.270738981021523,6.8600010549245916,1.865783816933783,14.2177098648586,6.7997845655667533,1.8757680942523201
3897,1333736324843164972,10,14.265895177204683,6.8827038829354379,1.8656230839165726,14.212639634938455,6.8224379008198941,1.8756073612350728
3898,1333736324893166972,10,14.254014284458519,6.9057815369604842,1.8639076951175899,14.200528924530314,6.8453957843247899,1.8738919724360532
3899,1333736324943163972,10,14.248916040280736,6.9295131872796034,1.863620363637347,14.195193995054632,6.8690753502461162,1.8736046409557734
3900,1333736324993162972,10,14.237552694874994,6.9525703079369681,1.8622694550404693,14.183601011198505,6.8920178686570912,1.8722537323588586
3901,1333736325043179972,10,14.227957401296397,6.9771287437660954,1.8608513153598434,14.173761001747465,6.9164792798369819,1.8708355926781961
3902,1333736325093165972,10,14.220823841324744,6.9983688892900009,1.8593668933672627,14.166415733384621,6.9376471443262124,1.8693511706855783
3903,1333736325143168972,10,14.216727853914033,7.0219195405865689,1.8563801994403417,14.162084817830104,6.9611557268876876,1.8663644767587799
3904,1333736325193167972,10,14.209319506952175,7.0469140204593783,1.8507864273330061,14.154427292475255,6.9860749950945342,1.8607707046515669
3905,1333736325243165972,10,14.1991040906045,7.0695089424666051,1.842004207312639,14.143986795099021,7.0085667989421561,1.8519884846313222
3906,1333736325293168972,10,14.19195774947636,7.101812747692601,1.8288877333674762,14.136518285399998,7.0407976440826907,1.8388720106862821
3907,1333736325343164972,10,14.188781237586712,7.1158595534261728,1.819855272691526,14.133201686990763,7.0548120349225085,1.8298395500104545
3908,1333736325393165972,10,14.180203480832883,7.1413094114836149,1.8090704325322895,14.124370263583662,7.080174983099111,1.8190547098513405
3909,1333736325443166972,10,14.175780941096434,7.1655585515727855,1.8027628538502063,14.119705838189603,7.1043787593039607,1.8127471311693799
3910,1333736325493165972,10,14.164935177303967,7.1878023998980174,1.7989897732329301,14.10863852994293,7.1265132135104281,1.8089740505522807
3911,1333736325543166972,10,14.16360477325054,7.2105242060828898,1.7964493606658991,14.107081335181599,7.1492206041659356,1.8064336379854267
3912,1333736325593163972,10,14.151393109459713,7.2331774060800242,1.7939829680443862,14.094644108003685,7.1717507523434021,1.8039672453640909
3913,1333736325643168972,10,14.149031083566182,7.2568693072407555,1.7933153468981851,14.092045657284485,7.1954178897953973,1.803299624218067
3914,1333736325693164972,10,14.144512217743088,7.280550973827844,1.7922080965702734,14.087290576321088,7.219053259053676,1.8021923738903323
3915,1333736325743163972,10,14.136773474445011,7.3022361477310005,1.7911947462692059,14.079335711574837,7.240660087522631,1.8011790235894418
3916,1333736325793165972,10,14.132063111465715,7.3273226369410631,1.7914249847736132,14.074375117094297,7.265698297455069,1.8014092620940261
3917,1333736325843164972,10,14.125598635007513,7.3485929715663012,1.7909591243939424,14.06769859747301,7.2869030297430273,1.8009434017157617
3918,1333736325893163972,10,14.12112671200096,7.3725811416049831,1.7901186746987436,14.062987396817844,7.3108453558564612,1.8001029520219696
3919,1333736325943163972,10,14.112528913623182,7.3956447238999123,1.7886146428826288,14.054159757622337,7.3338219471103656,1.7985989202072614
3920,1333736325993163972,10,14.108341537810515,7.4177929117773616,1.7874858093485495,14.049751460565346,7.3559272237227047,1.7974700866745885
3921,1333736326043162972,10,14.107357367419567,7.4433460416425525,1.7876289311869882,14.048512213954027,7.3814692537719306,1.7976132085144336
3922,1333736326093162972,10,14.098687465084833,7.4672150965075046,1.7872206759630394,14.039604432467293,7.4052505575551066,1.7972049532918914
3923,1333736326143157972,10,14.097821280349123,7.4923637061837542,1.7879566779784966,14.038487204405017,7.4303892655596044,1.7979409553087549
3924,1333736326193157972,10,14.089455034889662,7.5171242768191551,1.7875824954455917,14.029874163668351,7.4550650724152527,1.7975667727856988
3925,1333736326243155972,10,14.086515382123732,7.5392813030072627,1.7872034779386998,14.02671343922785,7.4771916442969113,1.7971877552886553
3926,1333736326293156972,10,14.076973542003513,7.5619570145790265,1.7850725714359148,14.016945677889339,7.4997709587350405,1.7950568487957193
3927,1333736326343157972,10,14.07166671298706,7.586553200533972,1.7838494481011178,14.011393542340327,7.5243129346579627,1.793833725470771
3928,1333736326393153972,10,14.064891627313173,7.6078993125433003,1.7826521077500914,14.004405672415611,7.5455903393887516,1.7926363851295926
3929,1333736326443152972,10,14.056861720120427,7.6329593387101387,1.7822134263159901,13.996125963381953,7.5705689448882314,1.7921977037053398
3930,1333736326493150972,10,14.053607276469888,7.6593082554460814,1.7815799862959285,13.992608611441868,7.5968840554757051,1.7915642636951266
3931,1333736326543149972,10,14.050346523502537,7.6826925914849822,1.7814230193804153,13.989114549197124,7.6202346700922279,1.7914072968461141
3932,1333736326593148972,10,14.041798202931433,7.7037933521395336,1.7808401604835731,13.980355982362628,7.6412490314776891,1.7908244380157727
3933,1333736326643151972,10,14.037978228322538,7.7267001187285063,1.7797043760434366,13.976307494450019,7.6641165171148957,1.7896886536421424
3934,1333736326693147972,10,14.036088006701094,7.7501774468250879,1.7779309524259257,13.974182966788257,7.6875738026905349,1.7879152300911285
3935,1333736326743144972,10,14.025904956752951,7.7715446924130571,1.7762659754280594,13.963787091431646,7.7088383144034633,1.7862502531597604
3936,1333736326793144972,10,14.021742044684178,7.7981445975877843,1.7765380571052893,13.959358810433994,7.735395330623331,1.7865223349034922
3937,1333736326843143972,10,14.017669082129983,7.8184976844453367,1.7755132481553741,13.955082843397692,7.755706737948433,1.7854975260200781
3938,1333736326893141972,10,14.014171293142059,7.8455978000516273,1.7757497354967391,13.951314658131242,7.7827705799840858,1.785734013815742
3939,1333736326943139972,10,14.008794727541176,7.866893290049866,1.7748765675896334,13.945725743907522,7.8040113278074985,1.7848608463629358
3940,1333736326993136972,10,14.001444736415834,7.892165790900231,1.7735063573614918,13.938123795573384,7.8292091853496801,1.7834906365890844
3941,1333736327043140972,10,13.998175657703843,7.9144123079430919,1.7732651865930116,13.934632767993484,7.8514219541939418,1.7832494662749581
3942,1333736327093138972,10,13.990577516653691,7.9398511445568083,1.7724367877657989,13.926781021343249,7.8767836616397231,1.7824210679020447
3943,1333736327143142972,10,13.986487004336034,7.96489627888357,1.7727394895028064,13.922440659342213,7.901786706982092,1.782723770093406
3944,1333736327193136972,10,13.985029336021078,7.9886230303930574,1.7721777753792614,13.920746172979468,7.9254977218325973,1.7821620564241238
3945,1333736327243137972,10,13.977844909008986,8.0171163204620495,1.7711846064260135,13.913277623302811,7.9539178584798718,1.7811688905555028
3946,1333736327293137972,10,13.971190713457986,8.0368726966673858,1.7702985126545625,13.906426508891904,7.9736068105830684,1.7802827998686166
3947,1333736327343137972,10,13.969000811626483,8.060273369799166,1.7703524146008791,13.904003080453041,7.9969844499930867,1.7803367048994982
3948,1333736327393139972,10,13.959619252840925,8.0812516776743752,1.77121526012224,13.89441253857065,8.0178680424485727,1.7811995535055474
3949,1333736327443142972,10,13.954010716565724,8.1070820427520296,1.7714138332562632,13.888546387439508,8.0436411205572149,1.7813981297243209
3950,1333736327493135972,10,13.950577041211517,8.1287365813054215,1.7713966197351299,13.884896680679772,8.0652602943426803,1.7813809192873205
3951,1333736327543135972,10,13.950096928990355,8.1557583942097054,1.7711014955457545,13.884146802104812,8.0922759637146733,1.7810857981825101
3952,1333736327593134972,10,13.94216874206486,8.1792439846737395,1.769464216706055,13.875984522654965,8.1156812051587544,1.7794485401843356
3953,1333736327643137972,10,13.935408504403258,8.2008890832421777,1.7688388181775974,13.869008509078249,8.1372577071149852,1.7788231624990702
3954,1333736327693135972,10,13.933456016310682,8.2260331180407071,1.7687724308277093,13.866805070460664,8.1623809721437954,1.7787567959902904
3955,1333736327743137972,10,13.926605560810588,8.2477628874371529,1.7697570481380605,13.859737996297389,8.1840412394713127,1.779741434143417
3956,1333736327793133972,10,13.920981876661571,8.2712347437346541,1.7696552600446676,13.853880238020713,8.2074557549566105,1.7796396668902985
3957,1333736327843135972,10,13.913094142049779,8.2954518846799399,1.7689958419314578,13.845751100036772,8.2315929128222827,1.7789802696198642
3958,1333736327893137972,10,13.911355892306442,8.3194057397157835,1.7688497459061079,13.843773768119947,8.2555281957579449,1.7788341944372896
3959,1333736327943133972,10,13.905630895979737,8.3446151744657513,1.7680644845696254,13.837797312400804,8.2806790189307193,1.7780490976827619
3960,1333736327993135972,10,13.901747100855117,8.368681149769241,1.7676280043149033,13.83367337481833,8.3047048213440959,1.7776127820297456
3961,1333736328043135972,10,13.900957929803063,8.3913889645347712,1.7678546239983692,13.832657460066182,8.3274034287022687,1.7778395663083337
3962,1333736328093136972,10,13.891915915821354,8.4173602889660781,1.7671495934772519,13.823356520370147,8.3532829785497995,1.7771347003856304
3963,1333736328143137972,10,13.883085768529705,8.4443054753217588,1.7659454535314707,13.814257704168476,8.3801384542217754,1.775930725038263
3964,1333736328193135972,10,13.881455365282255,8.4679013287014406,1.7663087999991736,13.812391708232468,8.4037166523016538,1.7762942360945044
3965,1333736328243134972,10,13.876831984498155,8.4885866500363285,1.7648884372934113,13.807561696068275,8.4243535372900791,1.7748748186230605
3966,1333736328293133972,10,13.870362058290894,8.513786175605496,1.7619022614170565,13.800840107476647,8.449485950499886,1.7718895879810241
3967,1333736328343135972,10,13.868034211603884,8.5336611043744881,1.7615940025026124,13.798313526889709,8.4693353912596123,1.7715822743576133
3968,1333736328393134972,10,13.859786296567583,8.567173544478683,1.7613051988803625,13.789730910015013,8.5027625223885455,1.771294415969682
3969,1333736328443131972,10,13.851248994364287,8.582966186716277,1.7600106721143971,13.781035877948531,8.5184678327400913,1.7700008344002247
3970,1333736328493134972,10,13.850843118272877,8.6099722420293006,1.7604657951608118,13.78035980385568,8.5454672205099396,1.770456902756578
3971,1333736328543131972,10,13.844788733039682,8.6293785073585259,1.7594727190171155,13.774111387842177,8.5648107572902799,1.7694647718093899
3972,1333736328593132972,10,13.838115334505368,8.6540674200372898,1.7576723838652399,13.767188497371537,8.5894208518048014,1.7676718624319052
3973,1333736328642122972,10,13.836253994490857,8.6838094102175774,1.7566029732639503,13.765026561964001,8.6191320418673474,1.7666097274588517
3974,1333736328692121972,10,13.827878698122699,8.7066324711543004,1.7531894661661127,13.756419778459962,8.6418591666106757,1.76320364583838
3975,1333736328742116972,10,13.82285021162706,8.7309043041802852,1.7490855459691372,13.751144780682996,8.6660684036242603,1.7591071505247207
3976,1333736328792116972,10,13.81852374580032,8.747931354056238,1.7417384683927022,13.746644065229665,8.6830401828845467,1.751767498574164
3977,1333736328842116972,10,13.815571831160039,8.7776921139704598,1.7329920394864946,13.74338978042814,8.7127587594271656,1.7430284952938351
3978,1333736328892117972,10,13.812726025442593,8.8000182772386495,1.7268533744906758,13.740299477968005,8.7349861031460794,1.7369318753958551
3979,1333736328942117972,10,13.80500448084382,8.8201508015146235,1.7191647515454229,13.732354015200224,8.754970318227997,1.7292852967075563
3980,1333736328992118972,10,13.800595909303553,8.8489349364432535,1.7096998239426868,13.727631749372149,8.7836386963241253,1.7198624142026591
3981,1333736329042121972,10,13.795399052905651,8.8712148579768559,1.7022089334474479,13.722185197120226,8.8057947566163648,1.7124135704870291
3982,1333736329092120972,10,13.795014797094321,8.8927193260045279,1.6974249920773854,13.721557074350359,8.8272242649303632,1.7076716725330354
3983,1333736329142119972,10,13.787930079226864,8.9168433764839854,1.688468882928446,13.714200087607528,8.8512042271930511,1.6987576068001649
3984,1333736329192121972,10,13.783062394369896,8.9445130854221464,1.6807697967162627,13.709021365930349,8.8787519400822319,1.6911005665267056
3985,1333736329242116972,10,13.782184910764251,8.9712110465763679,1.6758282051080315,13.707702005233424,8.9049214281036448,1.6864379118568886
3986,1333736329292115972,10,13.779736254682735,8.9904761007422049,1.6718239005136837,13.704877740602722,8.923640606824625,1.6827125665181419
3987,1333736329342115972,10,13.775610600219752,9.0122557335056417,1.6698578766363383,13.700337909248146,8.9448539383557559,1.6810255074756941
3988,1333736329392119972,10,13.772982708700056,9.0349723203164398,1.6683522482281805,13.697273023398447,8.967018777972541,1.679798866219621
3989,1333736329442120972,10,13.766588141761975,9.0637446401817083,1.6675047262961715,13.69035821473188,8.9951931377329473,1.6792303147018064
3990,1333736329492120972,10,13.762843126628821,9.0918452527075253,1.6670880725228379,13.686084969855868,9.022723845844304,1.6790926257633705
3991,1333736329542117972,10,13.762191500989818,9.1108517950279957,1.6654257764275464,13.685001091964862,9.0411968650310968,1.6777092777650868
3992,1333736329592119972,11,13.682654094380448,9.0754592141437271,1.6746243367221116,13.681083933506901,9.0716119152731594,1.6765592940821061
3993,1333736329642119972,11,13.680795001503016,9.0974430384862366,1.6750902827728376,13.67939055832279,9.0941660350078593,1.6767155491441152
3994,1333736329692121972,11,13.674468768493918,9.117798579969703,1.6732042926416553,13.673245989820812,9.1150871285629194,1.6745198556365766
3995,1333736329742118972,11,13.675325096384151,9.139115062308754,1.6741816478615001,13.674295771382649,9.1369801981482333,1.6751875384491639
3996,1333736329792119972,11,13.669645430265319,9.1694518681581023,1.6731096857579915,13.668816679879317,9.1678884990530616,1.6738058791631185
3997,1333736329842117972,11,13.670382205755296,9.2017958545804532,1.6737132406937043,13.669772206001667,9.2008098851380868,1.6740997554977541
3998,1333736329892120972,11,13.664564790930809,9.2144839069302584,1.6727253256983652,13.66397749636001,9.2135624639166736,1.6730741095528223
3999,1333736329942119972,11,13.661120816009113,9.240515069850332,1.6704043454730766,13.6605530336365,9.2396593238186835,1.670715401396236
4000,1333736329992114972,11,13.658085186539793,9.2667476273287583,1.6707123143504028,13.657538825583407,9.2659579439229471,1.6709856453605592
4001,1333736330042118972,11,13.652883304750398,9.2920894484364176,1.6684382560634514,13.652360562338259,9.2913655578593612,1.6686738553694416
4002,1333736330092114972,11,13.653230487346766,9.3184921706564445,1.6672632080879328,13.652733063229274,9.3178355519658425,1.6674610817263462
4003,1333736330142119972,11,13.652456866591937,9.3374316900679624,1.6675675302920463,13.651987956467563,9.3368421489743358,1.6677276714717197
4004,1333736330192116972,11,13.645347406026483,9.3628755798795176,1.6672386760081253,13.644907640229089,9.3623523873717858,1.6673610907656484
4005,1333736330242118972,11,13.641487189365945,9.3898651934327475,1.6667528936401304,13.641048639014532,9.389350632377738,1.6668699488639973
4006,1333736330292116972,11,13.640744566532364,9.4072493878266421,1.6673369710586659,13.64030859346985,9.4067438471650071,1.6674486671776225
4007,1333736330342120972,11,13.637522475875516,9.4332384101301265,1.6662525677687006,13.637088352049783,9.4327416352046995,1.6663589041396285
4008,1333736330392131972,11,13.636281114211256,9.4630851884990186,1.6665771248558539,13.635848729391132,9.4625974151192356,1.6666781007284481
4009,1333736330442122972,11,13.633315842400267,9.4855809302385818,1.6673176931692155,13.632886217487636,9.4851020032613143,1.6674133106872038
4010,1333736330492122972,11,13.626504026970869,9.5050199878527977,1.6672126068933451,13.626077679926022,9.5045495935318645,1.6673028650920501
4011,1333736330542121972,11,13.62656365792156,9.5302922912897134,1.6658488031254846,13.626140301783041,9.5298310857998327,1.6659337021120928
4012,1333736330592120972,11,13.62027536535726,9.5595142210911526,1.6645876643672202,13.61985036768335,9.55905392890201,1.6646716752802349
4013,1333736330642122972,11,13.618777741468126,9.5849997633488684,1.6640055162589904,13.618351464775937,9.5845407939468181,1.6640886390451259
4014,1333736330692121972,11,13.612515046290337,9.6074030852333774,1.6621057945658937,13.612087789278265,9.6069450493507382,1.6621880292784359
4015,1333736330742122972,11,13.61439279976311,9.6275274628151575,1.6597465388459833,13.613964787616645,9.627071033841661,1.6598278854494084
4016,1333736330792122972,11,13.609771441635328,9.6530117212411142,1.6524970539664579,13.609342278855962,9.6525563728883554,1.6525775124785278
4017,1333736330842123972,11,13.607577095372728,9.6814953161698849,1.6386819039522962,13.607146588578598,9.6810412497870928,1.638761474355249
4018,1333736330892124972,11,13.605490740839386,9.7002704162068341,1.6256010883520451,13.605058894419136,9.699816419818962,1.6256805068873146
4019,1333736330942124972,11,13.604488380369519,9.7236611323953515,1.6065060491521261,13.60405483415472,9.7232072925419022,1.6065853158227497
4020,1333736330992141972,11,13.601202163832832,9.7573582955856306,1.5813785389833117,13.600766109597945,9.7569044319329841,1.5814576537376548
4021,1333736331042124972,11,13.602128703751831,9.779576324810499,1.56200861505454,13.601691058033856,9.779122770884026,1.5620875779958712
4022,1333736331092123972,11,13.60051239892757,9.7953332608237975,1.5509344546522614,13.600073677740481,9.7948798160340651,1.5510132657319837
4023,1333736331142123972,11,13.599410154987352,9.8220628201090783,1.5403536815705903,13.598969343445074,9.8216093111186407,1.540432477289946
4024,1333736331192123972,11,13.597019533079092,9.8431183296198057,1.5329384728399786,13.596577079010455,9.8426646549813164,1.5330172531989676
4025,1333736331242123972,11,13.598163389678094,9.8731985068035755,1.5278778362453043,13.597718582891037,9.872744944955727,1.5279566012439265
4026,1333736331292122972,11,13.60142138919112,9.8976630335757108,1.5252049013135631,13.60097467283326,9.897209750988381,1.5252836509521259
4027,1333736331342122972,11,13.60202262025078,9.9192251562501532,1.5252293207304766,13.601574223600963,9.9187719436540203,1.5253080550086724
4028,1333736331392118972,11,13.597049034396639,9.9415913200500849,1.5233824213417546,13.59659889483985,9.9411377385788615,1.5234611402608127
4029,1333736331442123972,11,13.597824718145482,9.9710660285927428,1.5219480750588557,13.597372276886512,9.9706125308693316,1.5220267786160111
4030,1333736331492122972,11,13.603293853337767,9.990744787536368,1.5231748099944196,13.602839864865823,9.9902917224050878,1.5232535115700787
4031,1333736331542122972,11,13.60185567017678,10.014808858712641,1.5200139021654262,13.601399789468987,10.014355682535141,1.5200926017595495
4032,1333736331592125972,11,13.600465718972645,10.046712488816627,1.5189964154671274,13.600007329169749,10.046259205370209,1.5190751130795959
4033,1333736331642122972,11,13.6026017651524,10.067391207391237,1.5170578250100415,13.602141749721207,10.066938094196498,1.5171365206410932
4034,1333736331692122972,11,13.60520666900646,10.085097545241949,1.5176625095952669,13.604745261935065,10.08464463919589,1.5177412032447826
4035,1333736331742120972,11,13.60470573388876,10.113719903677321,1.5179922633859049,13.604242076257007,10.113266960332089,1.5180709550539642
4036,1333736331792120972,11,13.601525816452027,10.143162146842879,1.5150373612147749,13.601059843865247,10.142708955389741,1.5151160509012982
