0.000246 0.000000 0.000000 0.000000 0.000000 0.000000 0.000000 1.000000
0.011612 0.000000 0.000000 0.000000 0.000000 0.000000 0.000000 1.000000
0.204947 0.000000 0.000000 0.000000 0.000000 0.000000 0.000000 1.000000
0.404839 0.000000 0.000000 0.000000 0.000000 0.000000 0.000000 1.000000
0.564958 0.000000 0.000000 0.000000 0.000000 0.000000 0.000000 1.000000
0.771842 0.000000 0.000000 0.000000 0.000000 0.000000 0.000000 1.000000
0.967073 0.000000 0.000000 0.000000 0.000000 0.000000 0.000000 1.000000
1.124730 0.000000 0.000000 0.000000 0.000000 0.000000 0.000000 1.000000
1.324590 0.000000 0.000000 0.000000 0.000000 0.000000 0.000000 1.000000
1.524500 0.000000 0.000000 0.000000 0.000000 0.000000 0.000000 1.000000
1.883210 0.000000 0.000000 0.000000 0.000000 0.000000 0.000000 1.000000
1.884560 0.000000 0.000000 0.000000 0.000000 0.000000 0.000000 1.000000
2.084480 0.000000 0.000000 0.000000 0.000000 0.000000 0.000000 1.000000
2.246470 0.000000 0.000000 0.000000 0.000000 0.000000 0.000000 1.000000
2.444340 0.000000 0.000000 0.000000 0.000000 0.000000 0.000000 1.000000
2.644380 0.000000 0.000000 0.000000 0.000000 0.000000 0.000000 1.000000
2.806460 0.000000 0.000000 0.000000 0.000000 0.000000 0.000000 1.000000
3.006310 0.000000 0.000000 0.000000 0.000000 0.000000 0.000000 1.000000
3.207610 0.000000 0.000000 0.000000 0.000000 0.000000 0.000000 1.000000
3.364630 0.000000 0.000000 0.000000 0.000000 0.000000 0.000000 1.000000
3.564490 0.000000 0.000000 0.000000 0.000000 0.000000 0.000000 1.000000
3.766570 0.000000 0.000000 0.000000 0.000000 0.000000 0.000000 1.000000
3.924620 0.000000 0.000000 0.000000 0.000000 0.000000 0.000000 1.000000
4.125470 0.000000 0.000000 0.000000 0.000000 0.000000 0.000000 1.000000
4.324970 0.000000 0.000000 0.000000 0.000000 0.000000 0.000000 1.000000
4.484610 0.000000 0.000000 0.000000 0.000000 0.000000 0.000000 1.000000
4.890900 0.000000 0.000000 0.000000 0.000000 0.000000 0.000000 1.000000
5.087460 0.000000 0.000000 0.000000 0.000000 0.000000 0.000000 1.000000
5.285350 0.000000 0.000000 0.000000 0.000000 0.000000 0.000000 1.000000
5.445260 0.000000 0.000000 0.000000 0.000000 0.000000 0.000000 1.000000
5.645100 0.000000 0.000000 0.000000 0.000000 0.000000 0.000000 1.000000
5.845320 0.000000 0.000000 0.000000 0.000000 0.000000 0.000000 1.000000
6.044800 0.000000 0.000000 0.000000 0.000000 0.000000 0.000000 1.000000
6.245480 0.000000 0.000000 0.000000 0.000000 0.000000 0.000000 1.000000
6.446920 0.000000 0.000000 0.000000 0.000000 0.000000 0.000000 1.000000
6.645340 0.000000 0.000000 0.000000 0.000000 0.000000 0.000000 1.000000
6.845210 0.000000 0.000000 0.000000 0.000000 0.000000 0.000000 1.000000
7.045040 0.000000 0.000000 0.000000 0.000000 0.000000 0.000000 1.000000
7.244900 0.000000 0.000000 0.000000 0.000000 0.000000 0.000000 1.000000
7.445740 0.000000 0.000000 0.000000 0.000000 0.000000 0.000000 1.000000
7.645570 0.000000 0.000000 0.000000 0.000000 0.000000 0.000000 1.000000
7.845440 0.000000 0.000000 0.000000 0.000000 0.000000 0.000000 1.000000
8.047240 0.000000 0.000000 0.000000 0.000000 0.000000 0.000000 1.000000
8.245170 0.000000 0.000000 0.000000 0.000000 0.000000 0.000000 1.000000
8.444970 0.000000 0.000000 0.000000 0.000000 0.000000 0.000000 1.000000
8.659160 0.000000 0.000000 0.000000 0.000000 0.000000 0.000000 1.000000
8.845690 0.000000 0.000000 0.000000 0.000000 0.000000 0.000000 1.000000
9.048000 0.000000 0.000000 0.000000 0.000000 0.000000 0.000000 1.000000
9.245390 0.000000 0.000000 0.000000 0.000000 0.000000 0.000000 1.000000
9.445330 0.000000 0.000000 0.000000 0.000000 0.000000 0.000000 1.000000
9.647470 0.000000 0.000000 0.000000 0.000000 0.000000 0.000000 1.000000
9.845250 0.000000 0.000000 0.000000 0.000000 0.000000 0.000000 1.000000
10.045800 0.000000 0.000000 0.000000 0.000000 0.000000 0.000000 1.000000
10.245200 0.000000 0.000000 0.000000 0.000000 0.000000 0.000000 1.000000
10.447300 0.000000 0.000000 0.000000 0.000000 0.000000 0.000000 1.000000
10.646400 0.000000 0.000000 0.000000 0.000000 0.000000 0.000000 1.000000
10.845200 0.000000 0.000000 0.000000 0.000000 0.000000 0.000000 1.000000
11.045700 0.000000 0.000000 0.000000 0.000000 0.000000 0.000000 1.000000
11.245900 0.000000 0.000000 0.000000 0.000000 0.000000 0.000000 1.000000
11.456000 0.000000 0.000000 0.000000 0.000000 0.000000 0.000000 1.000000
11.647900 0.000000 0.000000 0.000000 0.000000 0.000000 0.000000 1.000000
11.845300 0.000000 0.000000 0.000000 0.000000 0.000000 0.000000 1.000000
12.045300 0.000000 0.000000 0.000000 0.000000 0.000000 0.000000 1.000000
12.245300 0.000000 0.000000 0.000000 0.000000 0.000000 0.000000 1.000000
12.447800 0.000000 0.000000 0.000000 0.000000 0.000000 0.000000 1.000000
12.654100 0.000000 0.000000 0.000000 0.000000 0.000000 0.000000 1.000000
12.845700 0.000000 0.000000 0.000000 0.000000 0.000000 0.000000 1.000000
13.047300 0.000000 0.000000 0.000000 0.000000 0.000000 0.000000 1.000000
13.245400 0.000000 0.000000 0.000000 0.000000 0.000000 0.000000 1.000000
13.446000 0.000000 0.000000 0.000000 0.000000 0.000000 0.000000 1.000000
13.646100 0.000000 0.000000 0.000000 0.000000 0.000000 0.000000 1.000000
13.845900 0.000000 0.000000 0.000000 0.000000 0.000000 0.000000 1.000000
14.045800 0.000000 0.000000 0.000000 0.000000 0.000000 0.000000 1.000000
14.248400 0.000000 0.000000 0.000000 0.000000 0.000000 0.000000 1.000000
14.446300 0.000000 0.000000 0.000000 0.000000 0.000000 0.000000 1.000000
14.647700 0.000000 0.000000 0.000000 0.000000 0.000000 0.000000 1.000000
14.848200 0.000000 0.000000 0.000000 0.000000 0.000000 0.000000 1.000000
15.046000 0.000000 0.000000 0.000000 0.000000 0.000000 0.000000 1.000000
15.245900 0.000000 0.000000 0.000000 0.000000 0.000000 0.000000 1.000000
15.445700 0.000000 0.000000 0.000000 0.000000 0.000000 0.000000 1.000000
15.648300 0.000000 0.000000 0.000000 0.000000 0.000000 0.000000 1.000000
15.846300 0.000000 0.000000 0.000000 0.000000 0.000000 0.000000 1.000000
16.046200 0.000000 0.000000 0.000000 0.000000 0.000000 0.000000 1.000000
16.246100 0.000000 0.000000 0.000000 0.000000 0.000000 0.000000 1.000000
16.446000 0.000000 0.000000 0.000000 0.000000 0.000000 0.000000 1.000000
16.647800 0.000000 0.000000 0.000000 0.000000 0.000000 0.000000 1.000000
16.846400 0.000000 0.000000 0.000000 0.000000 0.000000 0.000000 1.000000
17.053800 0.000000 0.000000 0.000000 0.000000 0.000000 0.000000 1.000000
17.245800 0.000000 0.000000 0.000000 0.000000 0.000000 0.000000 1.000000
17.446200 0.000000 0.000000 0.000000 0.000000 0.000000 0.000000 1.000000
17.646100 0.000000 0.000000 0.000000 0.000000 0.000000 0.000000 1.000000
17.846000 0.000000 0.000000 0.000000 0.000000 0.000000 0.000000 1.000000
18.046500 0.000000 0.000000 0.000000 0.000000 0.000000 0.000000 1.000000
18.246000 0.000000 0.000000 0.000000 0.000000 0.000000 0.000000 1.000000
18.447800 0.000000 0.000000 0.000000 0.000000 0.000000 0.000000 1.000000
18.647600 0.000000 0.000000 0.000000 0.000000 0.000000 0.000000 1.000000
18.846200 0.000000 0.000000 0.000000 0.000000 0.000000 0.000000 1.000000
19.046000 0.000000 0.000000 0.000000 0.000000 0.000000 0.000000 1.000000
19.246500 0.000000 0.000000 0.000000 0.000000 0.000000 0.000000 1.000000
19.448500 0.000000 0.000000 0.000000 0.000000 0.000000 0.000000 1.000000
19.647600 0.000000 0.000000 0.000000 0.000000 0.000000 0.000000 1.000000
19.848300 0.000000 0.000000 0.000000 0.000000 0.000000 0.000000 1.000000
20.046200 0.000000 0.000000 0.000000 0.000000 0.000000 0.000000 1.000000
20.256000 0.000000 0.000000 0.000000 0.000000 0.000000 0.000000 1.000000
20.446600 0.000000 0.000000 0.000000 0.000000 0.000000 0.000000 1.000000
20.646500 0.000000 0.000000 0.000000 0.000000 0.000000 0.000000 1.000000
20.846500 0.000000 0.000000 0.000000 0.000000 0.000000 0.000000 1.000000
21.048100 0.000000 0.000000 0.000000 0.000000 0.000000 0.000000 1.000000
21.246300 0.000000 0.000000 0.000000 0.000000 0.000000 0.000000 1.000000
21.446200 0.000000 0.000000 0.000000 0.000000 0.000000 0.000000 1.000000
21.647900 0.000000 0.000000 0.000000 0.000000 0.000000 0.000000 1.000000
21.848800 0.000000 0.000000 0.000000 0.000000 0.000000 0.000000 1.000000
22.046500 0.000000 0.000000 0.000000 0.000000 0.000000 0.000000 1.000000
22.246300 0.000000 0.000000 0.000000 0.000000 0.000000 0.000000 1.000000
22.446400 0.000000 0.000000 0.000000 0.000000 0.000000 0.000000 1.000000
22.646300 0.000000 0.000000 0.000000 0.000000 0.000000 0.000000 1.000000
22.846800 0.000000 0.000000 0.000000 0.000000 0.000000 0.000000 1.000000
23.046700 0.000000 0.000000 0.000000 0.000000 0.000000 0.000000 1.000000
23.246600 0.000000 0.000000 0.000000 0.000000 0.000000 0.000000 1.000000
23.446500 0.000000 0.000000 0.000000 0.000000 0.000000 0.000000 1.000000
23.646500 0.000000 0.000000 0.000000 0.000000 0.000000 0.000000 1.000000
23.848700 0.000000 0.000000 0.000000 0.000000 0.000000 0.000000 1.000000
24.048100 0.000000 0.000000 0.000000 0.000000 0.000000 0.000000 1.000000
24.231600 0.000000 0.000000 0.000000 0.000000 0.000000 0.000000 1.000000
24.426700 0.000000 0.000000 0.000000 0.000000 0.000000 0.000000 1.000000
24.626600 0.000000 0.000000 0.000000 0.000000 0.000000 0.000000 1.000000
24.786900 0.000000 0.000000 0.000000 0.000000 0.000000 0.000000 1.000000
24.986700 0.000000 0.000000 0.000000 0.000000 0.000000 0.000000 1.000000
25.188700 0.000000 0.000000 0.000000 0.000000 0.000000 0.000000 1.000000
25.346600 0.000000 0.000000 0.000000 0.000000 0.000000 0.000000 1.000000
25.546600 0.000000 0.000000 0.000000 0.000000 0.000000 0.000000 1.000000
26.508100 0.000000 0.000000 0.000000 0.000000 0.000000 0.000000 1.000000
27.344600 0.000000 0.000000 0.000000 0.000000 0.000000 0.000000 1.000000
27.429600 0.000000 0.000000 0.000000 0.000000 0.000000 0.000000 1.000000
27.587700 0.000000 0.000000 0.000000 0.000000 0.000000 0.000000 1.000000
27.790200 0.000002 -0.001000 0.000000 0.000000 0.000000 0.000000 1.000000
27.989200 0.011002 -0.000973 0.000000 0.000000 0.000000 -0.003073 0.999995
28.147200 0.050002 -0.000877 0.000000 0.000000 0.000000 -0.009218 0.999958
28.347100 0.132009 -0.003676 0.000000 0.000000 0.000000 -0.012291 0.999924
28.978900 0.219012 -0.004462 0.000000 0.000000 0.000000 -0.000000 1.000000
29.205300 0.254012 -0.004376 0.000000 0.000000 0.000000 -0.000000 1.000000
29.244600 0.341016 -0.006162 0.000000 0.000000 0.000000 -0.009218 0.999958
29.296800 0.397016 -0.006024 0.000000 0.000000 0.000000 -0.003073 0.999995
29.646700 0.473018 -0.006837 0.000000 0.000000 0.000000 -0.006145 0.999981
30.175400 0.541023 -0.008670 0.000000 0.000000 0.000000 -0.009218 0.999958
31.505700 0.683032 -0.012321 0.000000 0.000000 0.000000 -0.018435 0.999830
31.627400 0.698035 -0.013284 0.000000 0.000000 0.000000 -0.018435 0.999830
31.827900 0.698035 -0.013284 0.000000 0.000000 0.000000 -0.027651 0.999618
32.028000 0.698035 -0.013284 0.000000 0.000000 0.000000 -0.052213 0.998636
32.466000 0.696032 -0.012289 0.000000 0.000000 0.000000 -0.079807 0.996810
32.648300 0.697032 -0.012287 0.000000 0.000000 0.000000 -0.116500 0.993191
33.108500 0.697032 -0.012287 0.000000 0.000000 0.000000 -0.171227 0.985232
33.178300 0.600266 -0.032033 0.000000 0.000000 0.000000 -0.206562 0.978433
33.228200 0.600266 -0.032033 0.000000 0.000000 0.000000 -0.233538 0.972348
33.506400 0.600266 -0.032033 0.000000 0.000000 0.000000 -0.263301 0.964714
33.627800 0.600266 -0.032033 0.000000 0.000000 0.000000 -0.298686 0.954351
33.867000 0.600266 -0.032033 0.000000 0.000000 0.000000 -0.333665 0.942692
34.079500 0.600266 -0.032033 0.000000 0.000000 0.000000 -0.359604 0.933105
34.228500 0.601477 -0.033912 0.000000 0.000000 0.000000 -0.385268 0.922805
34.440200 0.602580 -0.034798 0.000000 0.000000 0.000000 -0.413437 0.910533
35.105100 0.602580 -0.034798 0.000000 0.000000 0.000000 -0.443972 0.896041
35.392300 0.679869 -0.095286 0.000000 0.000000 0.000000 -0.514200 0.857670
35.427800 0.678693 -0.093384 0.000000 0.000000 0.000000 -0.542890 0.839804
35.904700 0.677518 -0.091482 0.000000 0.000000 0.000000 -0.570960 0.820978
35.905900 0.677248 -0.088494 0.000000 0.000000 0.000000 -0.595915 0.803047
36.057000 0.675983 -0.085596 0.000000 0.000000 0.000000 -0.625112 0.780535
36.458900 0.675713 -0.082608 0.000000 0.000000 0.000000 -0.648799 0.760960
36.460000 0.675533 -0.080616 0.000000 0.000000 0.000000 -0.660414 0.750902
36.628000 0.697411 -0.094649 0.000000 0.000000 0.000000 -0.675295 0.737547
36.982700 0.697237 -0.092657 0.000000 0.000000 0.000000 -0.693222 0.720724
37.037100 0.697064 -0.090664 0.000000 0.000000 0.000000 -0.719318 0.694681
37.442000 0.696891 -0.088672 0.000000 0.000000 0.000000 -0.738252 0.674525
37.443200 0.697713 -0.086593 0.000000 0.000000 0.000000 -0.754610 0.656173
37.631300 0.697540 -0.084600 0.000000 0.000000 0.000000 -0.770509 0.637429
37.969300 0.698363 -0.082521 0.000000 0.000000 0.000000 -0.791610 0.611026
38.037100 0.699099 -0.079446 0.000000 0.000000 0.000000 -0.811807 0.583926
38.440700 0.699835 -0.076370 0.000000 0.000000 0.000000 -0.827643 0.561255
38.441800 0.680133 -0.068762 0.000000 0.000000 0.000000 -0.834709 0.550691
38.628100 0.681017 -0.067658 0.000000 0.000000 0.000000 -0.851233 0.524788
38.997300 0.681790 -0.065560 0.000000 0.000000 0.000000 -0.868481 0.495722
39.028500 0.683447 -0.062357 0.000000 0.000000 0.000000 -0.886166 0.463367
39.370200 0.684330 -0.061253 0.000000 0.000000 0.000000 -0.897287 0.441448
39.447200 0.686097 -0.059044 0.000000 0.000000 0.000000 -0.907868 0.419257
39.819000 0.686981 -0.057940 0.000000 0.000000 0.000000 -0.920319 0.391169
39.828300 0.687975 -0.057830 0.000000 0.000000 0.000000 -0.934114 0.356974
40.219600 0.689742 -0.055621 0.000000 0.000000 0.000000 -0.946638 0.322298
40.228800 0.672657 -0.035172 0.000000 0.000000 0.000000 -0.948420 0.317016
41.411200 0.674495 -0.033898 0.000000 0.000000 0.000000 -0.955925 0.293610
41.421800 0.676333 -0.032625 0.000000 0.000000 0.000000 -0.963678 0.267065
41.457100 0.683968 -0.029509 0.000000 0.000000 0.000000 -0.987754 0.156016
41.822300 0.683968 -0.029509 0.000000 0.000000 0.000000 -0.991291 0.131688
41.828500 0.685947 -0.029225 0.000000 0.000000 0.000000 -0.994869 0.101173
42.192300 0.687785 -0.027951 0.000000 0.000000 0.000000 -0.997286 0.073625
42.287100 0.661420 0.045790 0.000000 0.000000 0.000000 -0.998539 0.054045
42.886900 0.661420 0.045790 0.000000 0.000000 0.000000 -0.999852 0.017195
42.898900 0.664388 0.046227 0.000000 0.000000 0.000000 0.999862 0.016606
43.156900 0.664388 0.046227 0.000000 0.000000 0.000000 0.998570 0.053451
43.228800 0.664388 0.046227 0.000000 0.000000 0.000000 0.995921 0.090228
43.628900 0.664388 0.046227 0.000000 0.000000 0.000000 0.991523 0.129928
43.630200 0.665377 0.046373 0.000000 0.000000 0.000000 0.987552 0.157295
43.927100 0.665523 0.045384 0.000000 0.000000 0.000000 0.983387 0.181519
44.177700 0.657154 0.081422 0.000000 0.000000 0.000000 0.977679 0.210104
44.277100 0.657154 0.081422 0.000000 0.000000 0.000000 0.970762 0.240044
44.630100 0.657154 0.081422 0.000000 0.000000 0.000000 0.962928 0.269758
44.631300 0.658291 0.080582 0.000000 0.000000 0.000000 0.954187 0.299212
44.837400 0.659429 0.079742 0.000000 0.000000 0.000000 0.944543 0.328388
45.051600 0.659429 0.079742 0.000000 0.000000 0.000000 0.936187 0.351503
45.231200 0.659429 0.079742 0.000000 0.000000 0.000000 0.926109 0.377256
45.579000 0.659429 0.079742 0.000000 0.000000 0.000000 0.914081 0.405533
45.629500 0.659429 0.079742 0.000000 0.000000 0.000000 0.902520 0.430649
46.072500 0.684231 0.113783 0.000000 0.000000 0.000000 0.892442 0.451161
46.073700 0.684231 0.113783 0.000000 0.000000 0.000000 0.878161 0.478364
46.307300 0.685216 0.113953 0.000000 0.000000 0.000000 0.866139 0.499803
46.578200 0.685216 0.113953 0.000000 0.000000 0.000000 0.848752 0.528792
46.629600 0.685387 0.112968 0.000000 0.000000 0.000000 0.828683 0.559719
47.054000 0.685387 0.112968 0.000000 0.000000 0.000000 0.812889 0.582419
47.107600 0.685387 0.112968 0.000000 0.000000 0.000000 0.796473 0.604674
47.307100 0.685557 0.111983 0.000000 0.000000 0.000000 0.775584 0.631244
48.286500 0.685728 0.110997 0.000000 0.000000 0.000000 0.761030 0.648716
48.401800 0.703441 0.131476 0.000000 0.000000 0.000000 0.743578 0.668650
48.843800 0.703979 0.139705 0.000000 0.000000 0.000000 0.658309 0.752748
48.860300 0.704605 0.141852 0.000000 0.000000 0.000000 0.630110 0.776506
48.937500 0.704248 0.143819 0.000000 0.000000 0.000000 0.608398 0.793632
49.188900 0.705053 0.144982 0.000000 0.000000 0.000000 0.591187 0.806534
49.287200 0.704874 0.145966 0.000000 0.000000 0.000000 0.566131 0.824315
49.632400 0.752970 0.169949 0.000000 0.000000 0.000000 0.547179 0.837016
49.657600 0.753743 0.171134 0.000000 0.000000 0.000000 0.521207 0.853430
49.830500 0.753743 0.171134 0.000000 0.000000 0.000000 0.500070 0.865985
50.168200 0.754308 0.173297 0.000000 0.000000 0.000000 0.475935 0.879480
50.595200 0.755852 0.175667 0.000000 0.000000 0.000000 0.443190 0.896428
50.984600 0.758375 0.178243 0.000000 0.000000 0.000000 0.415440 0.909621
50.985700 0.759353 0.178449 0.000000 0.000000 0.000000 0.401416 0.915896
50.986600 0.760898 0.180819 0.000000 0.000000 0.000000 0.373088 0.927796
51.010200 0.763627 0.182416 0.000000 0.000000 0.000000 0.341521 0.939874
51.346700 0.715279 0.154077 0.000000 0.000000 0.000000 0.306491 0.951874
51.370300 0.716074 0.155247 0.000000 0.000000 0.000000 0.285947 0.958245
51.771500 0.717850 0.156605 0.000000 0.000000 0.000000 0.262308 0.964984
51.787600 0.720608 0.158151 0.000000 0.000000 0.000000 0.235524 0.971868
51.937600 0.722573 0.158528 0.000000 0.000000 0.000000 0.208561 0.978009
52.337500 0.723555 0.158716 0.000000 0.000000 0.000000 0.172365 0.985033
52.338500 0.725331 0.160074 0.000000 0.000000 0.000000 0.154176 0.988043
52.490000 0.727296 0.160450 0.000000 0.000000 0.000000 0.126796 0.991929
52.834500 0.728278 0.160638 0.000000 0.000000 0.000000 0.096262 0.995356
52.857800 0.729260 0.160826 0.000000 0.000000 0.000000 0.065636 0.997844
53.097600 0.703554 0.098989 0.000000 0.000000 0.000000 0.045299 0.998973
53.395800 0.703554 0.098989 0.000000 0.000000 0.000000 0.020731 0.999785
53.417700 0.703554 0.098989 0.000000 0.000000 0.000000 0.011514 0.999934
53.647500 0.703554 0.098989 0.000000 0.000000 0.000000 -0.006923 0.999976
53.991800 0.704736 0.098212 0.000000 0.000000 0.000000 -0.019213 0.999815
54.007700 0.704736 0.098212 0.000000 0.000000 0.000000 -0.019213 0.999815
54.267300 0.704736 0.098212 0.000000 0.000000 0.000000 -0.019213 0.999815
54.548200 0.704736 0.098212 0.000000 0.000000 0.000000 -0.016140 0.999870
54.549400 0.704736 0.098212 0.000000 0.000000 0.000000 -0.016140 0.999870
55.348300 0.704736 0.098212 0.000000 0.000000 0.000000 -0.016140 0.999870
55.504800 0.795941 0.096631 0.000000 0.000000 0.000000 -0.013068 0.999915
55.885900 0.886370 0.093867 0.000000 0.000000 0.000000 -0.016140 0.999870
55.887100 0.957180 0.092157 0.000000 0.000000 0.000000 -0.016140 0.999870
56.050600 1.004660 0.089711 0.000000 0.000000 0.000000 -0.025357 0.999678
56.375400 1.027210 0.089265 0.000000 0.000000 0.000000 -0.031500 0.999504
56.437300 1.073910 0.085637 0.000000 0.000000 0.000000 -0.028428 0.999596
57.571700 1.141010 0.082138 0.000000 0.000000 0.000000 -0.031500 0.999504
57.610500 1.438490 0.055774 0.000000 0.000000 0.000000 -0.049921 0.998753
57.980000 1.505220 0.049135 0.000000 0.000000 0.000000 -0.049921 0.998753
58.011000 1.567820 0.042666 0.000000 0.000000 0.000000 -0.056058 0.998428
58.348600 1.621200 0.036334 0.000000 0.000000 0.000000 -0.059125 0.998251
58.427400 1.673610 0.029801 0.000000 0.000000 0.000000 -0.062192 0.998064
58.781800 1.732290 0.022523 0.000000 0.000000 0.000000 -0.065259 0.997868
58.811400 1.781740 -0.018996 0.000000 0.000000 0.000000 -0.058188 0.998306
59.211700 1.845880 -0.025920 0.000000 0.000000 0.000000 -0.058188 0.998306
59.227700 1.900800 -0.032893 0.000000 0.000000 0.000000 -0.058188 0.998306
59.487300 1.951380 -0.038805 0.000000 0.000000 0.000000 -0.055120 0.998480
60.573400 2.012370 -0.045421 0.000000 0.000000 0.000000 -0.058188 0.998306
60.841500 2.308620 -0.089717 0.000000 0.000000 0.000000 -0.091891 0.995769
60.842600 2.371920 -0.101960 0.000000 0.000000 0.000000 -0.094950 0.995482
61.071900 2.428700 -0.112611 0.000000 0.000000 0.000000 -0.098009 0.995186
61.367300 2.483540 -0.123707 0.000000 0.000000 0.000000 -0.098009 0.995186
61.447400 2.540540 -0.135333 0.000000 0.000000 0.000000 -0.104123 0.994564
62.647600 2.600920 -0.148243 0.000000 0.000000 0.000000 -0.107179 0.994240
63.467200 2.867180 -0.160039 0.000000 0.000000 0.000000 -0.091521 0.995803
63.477500 3.098610 -0.202310 0.000000 0.000000 0.000000 -0.097639 0.995222
63.771300 3.153710 -0.214154 0.000000 0.000000 0.000000 -0.100697 0.994917
63.847400 3.210740 -0.225468 0.000000 0.000000 0.000000 -0.106809 0.994280
64.197800 3.270490 -0.239146 0.000000 0.000000 0.000000 -0.109864 0.993947
64.257800 3.328040 -0.252390 0.000000 0.000000 0.000000 -0.115970 0.993253
64.412200 3.383400 -0.265198 0.000000 0.000000 0.000000 -0.115970 0.993253
64.784700 3.437800 -0.278270 0.000000 0.000000 0.000000 -0.119021 0.992892
64.827800 3.497810 -0.292913 0.000000 0.000000 0.000000 -0.119021 0.992892
65.057400 3.555630 -0.307121 0.000000 0.000000 0.000000 -0.125121 0.992142
65.416600 3.610300 -0.321157 0.000000 0.000000 0.000000 -0.125121 0.992142
65.417800 3.665220 -0.336159 0.000000 0.000000 0.000000 -0.128169 0.991752
65.612200 3.724270 -0.351066 0.000000 0.000000 0.000000 -0.125121 0.992142
65.955700 3.779720 -0.310035 0.000000 0.000000 0.000000 -0.064676 0.997906
66.011900 3.837930 -0.316715 0.000000 0.000000 0.000000 -0.046268 0.998929
66.461600 3.891910 -0.320728 0.000000 0.000000 0.000000 -0.027845 0.999612
66.462900 3.948700 -0.323671 0.000000 0.000000 0.000000 -0.024773 0.999693
66.657600 4.009570 -0.326121 0.000000 0.000000 0.000000 -0.027845 0.999612
66.966700 4.069870 -0.329863 0.000000 0.000000 0.000000 -0.033987 0.999422
67.012200 4.128300 -0.334318 0.000000 0.000000 0.000000 -0.037058 0.999313
67.472000 4.183580 -0.338908 0.000000 0.000000 0.000000 -0.043199 0.999067
67.473200 4.240140 -0.344076 0.000000 0.000000 0.000000 -0.046268 0.998929
68.159400 4.300220 -0.350043 0.000000 0.000000 0.000000 -0.055475 0.998460
68.212300 4.475560 -0.371951 0.000000 0.000000 0.000000 -0.070807 0.997490
68.628200 4.533550 -0.380856 0.000000 0.000000 0.000000 -0.070807 0.997490
68.629300 4.591180 -0.388827 0.000000 0.000000 0.000000 -0.073872 0.997268
68.811900 4.650100 -0.397375 0.000000 0.000000 0.000000 -0.067742 0.997703
69.179100 4.707380 -0.404412 0.000000 0.000000 0.000000 -0.049338 0.998782
69.227900 4.765810 -0.408866 0.000000 0.000000 0.000000 -0.027845 0.999612
69.412500 4.773200 -0.355711 0.000000 0.000000 0.000000 0.005955 0.999982
70.420200 4.832290 -0.353490 0.000000 0.000000 0.000000 0.021317 0.999773
71.555800 5.065150 -0.343808 0.000000 0.000000 0.000000 0.018245 0.999834
71.567300 5.124240 -0.341587 0.000000 0.000000 0.000000 0.015172 0.999885
71.627100 5.358660 -0.338801 0.000000 0.000000 0.000000 -0.003263 0.999995
71.628300 5.414380 -0.338941 0.000000 0.000000 0.000000 -0.006336 0.999980
71.812200 5.473960 -0.340814 0.000000 0.000000 0.000000 -0.012481 0.999922
72.281300 5.536710 -0.342551 0.000000 0.000000 0.000000 -0.018626 0.999827
72.282500 5.592200 -0.344916 0.000000 0.000000 0.000000 -0.024770 0.999693
72.507700 5.648980 -0.347859 0.000000 0.000000 0.000000 -0.030913 0.999522
72.812800 5.708350 -0.351956 0.000000 0.000000 0.000000 -0.033984 0.999422
72.814600 5.767710 -0.356054 0.000000 0.000000 0.000000 -0.037056 0.999313
73.012400 5.802640 -0.305475 0.000000 0.000000 0.000000 0.006738 0.999977
73.338900 5.859890 -0.303986 0.000000 0.000000 0.000000 0.006738 0.999977
73.412400 5.915790 -0.304278 0.000000 0.000000 0.000000 0.003666 0.999993
73.794000 5.976620 -0.303255 0.000000 0.000000 0.000000 0.003666 0.999993
73.818000 6.037890 -0.303128 0.000000 0.000000 0.000000 0.000593 1.000000
74.013000 6.094680 -0.302979 0.000000 0.000000 0.000000 0.000593 1.000000
74.348800 6.151480 -0.302829 0.000000 0.000000 0.000000 0.003666 0.999993
74.412700 6.212310 -0.301805 0.000000 0.000000 0.000000 0.009811 0.999952
74.824300 6.272240 -0.301225 0.000000 0.000000 0.000000 0.009811 0.999952
74.825500 6.331730 -0.299747 0.000000 0.000000 0.000000 0.003666 0.999993
75.013000 6.387630 -0.300040 0.000000 0.000000 0.000000 0.000593 1.000000
75.399600 6.445770 -0.300344 0.000000 0.000000 0.000000 -0.005552 0.999985
75.415400 6.506140 -0.300660 0.000000 0.000000 0.000000 -0.008625 0.999963
75.799300 6.564720 -0.301861 0.000000 0.000000 0.000000 -0.014770 0.999891
75.818100 6.622400 -0.303505 0.000000 0.000000 0.000000 -0.017843 0.999841
76.057700 6.679630 -0.306488 0.000000 0.000000 0.000000 -0.023987 0.999712
76.356300 6.738200 -0.309925 0.000000 0.000000 0.000000 -0.033201 0.999449
76.392800 6.798100 -0.313816 0.000000 0.000000 0.000000 -0.033201 0.999449
76.801200 6.819180 -0.294962 0.000000 0.000000 0.000000 -0.004925 0.999988
76.818100 6.876120 -0.295018 0.000000 0.000000 0.000000 -0.004925 0.999988
76.997700 6.933570 -0.295935 0.000000 0.000000 0.000000 -0.004925 0.999988
77.395900 6.993250 -0.296696 0.000000 0.000000 0.000000 -0.001853 0.999998
77.396900 7.022400 -0.296901 0.000000 0.000000 0.000000 -0.004925 0.999988
77.512500 7.080710 -0.297309 0.000000 0.000000 0.000000 -0.007998 0.999968
77.872800 7.139520 -0.298579 0.000000 0.000000 0.000000 -0.011071 0.999939
77.874000 7.196970 -0.299496 0.000000 0.000000 0.000000 -0.014143 0.999900
78.077800 7.256300 -0.301627 0.000000 0.000000 0.000000 -0.014143 0.999900
78.444700 7.318200 -0.302232 0.000000 0.000000 0.000000 -0.011071 0.999939
78.445900 7.377020 -0.303501 0.000000 0.000000 0.000000 -0.004925 0.999988
78.658000 7.433100 -0.304066 0.000000 0.000000 0.000000 -0.001853 0.999998
79.006800 7.490040 -0.304122 0.000000 0.000000 0.000000 0.001220 0.999999
79.007900 7.521420 -0.304170 0.000000 0.000000 0.000000 0.001220 0.999999
79.220000 7.580590 -0.304070 0.000000 0.000000 0.000000 -0.001853 0.999998
79.623000 7.638900 -0.304479 0.000000 0.000000 0.000000 -0.007998 0.999968
79.624200 7.696350 -0.305396 0.000000 0.000000 0.000000 -0.011071 0.999939
79.807800 7.755670 -0.307526 0.000000 0.000000 0.000000 -0.014143 0.999900
80.169800 7.815000 -0.309657 0.000000 0.000000 0.000000 -0.017216 0.999852
80.188000 7.823950 -0.264309 0.000000 0.000000 0.000000 0.003962 0.999992
80.327800 7.882480 -0.264111 0.000000 0.000000 0.000000 -0.002184 0.999998
80.661700 7.939330 -0.265012 0.000000 0.000000 0.000000 -0.008329 0.999965
80.817500 7.998400 -0.265649 0.000000 0.000000 0.000000 -0.014474 0.999895
80.937800 8.057190 -0.267671 0.000000 0.000000 0.000000 -0.017547 0.999846
81.319000 8.115140 -0.270242 0.000000 0.000000 0.000000 -0.020619 0.999787
81.320200 8.173930 -0.272264 0.000000 0.000000 0.000000 -0.023691 0.999719
81.433600 8.233270 -0.275122 0.000000 0.000000 0.000000 -0.023691 0.999719
81.829700 8.291770 -0.278529 0.000000 0.000000 0.000000 -0.023691 0.999719
81.830800 8.321160 -0.279540 0.000000 0.000000 0.000000 -0.026763 0.999642
81.993600 8.379660 -0.282947 0.000000 0.000000 0.000000 -0.026763 0.999642
82.425100 8.436780 -0.286068 0.000000 0.000000 0.000000 -0.029834 0.999555
82.426300 8.497500 -0.289211 0.000000 0.000000 0.000000 -0.023691 0.999719
82.617900 8.556840 -0.292068 0.000000 0.000000 0.000000 -0.020619 0.999787
82.928900 8.614790 -0.294640 0.000000 0.000000 0.000000 -0.020619 0.999787
82.953500 8.671350 -0.296925 0.000000 0.000000 0.000000 -0.020619 0.999787
83.298400 8.725150 -0.298640 0.000000 0.000000 0.000000 -0.017547 0.999846
83.354200 8.760920 -0.300244 0.000000 0.000000 0.000000 -0.014474 0.999895
84.524800 8.765360 -0.299717 0.000000 0.000000 0.000000 -0.017547 0.999846
84.621200 8.755930 -0.299937 0.000000 0.000000 0.000000 -0.014474 0.999895
84.839700 8.762300 -0.300530 0.000000 0.000000 0.000000 -0.039047 0.999237
84.840600 8.762300 -0.300530 0.000000 0.000000 0.000000 -0.057462 0.998348
85.052500 8.761750 -0.299695 0.000000 0.000000 0.000000 -0.081983 0.996634
85.375600 8.760920 -0.300244 0.000000 0.000000 0.000000 -0.109510 0.993986
85.376800 8.763140 -0.299981 0.000000 0.000000 0.000000 -0.146079 0.989273
85.568300 8.767010 -0.302223 0.000000 0.000000 0.000000 -0.191505 0.981492
85.934200 8.766460 -0.301388 0.000000 0.000000 0.000000 -0.215571 0.976488
85.954000 8.744240 -0.320146 0.000000 0.000000 0.000000 -0.190736 0.981641
86.316300 8.744240 -0.320146 0.000000 0.000000 0.000000 -0.226794 0.973943
86.397900 8.742830 -0.319991 0.000000 0.000000 0.000000 -0.259578 0.965722
86.800700 8.742830 -0.319991 0.000000 0.000000 0.000000 -0.286182 0.958175
86.801900 8.742830 -0.319991 0.000000 0.000000 0.000000 -0.318399 0.947957
86.997900 8.742830 -0.319991 0.000000 0.000000 0.000000 -0.347373 0.937727
87.462700 8.742830 -0.319991 0.000000 0.000000 0.000000 -0.361738 0.932280
87.463800 8.742830 -0.319991 0.000000 0.000000 0.000000 -0.370317 0.928906
87.553400 8.742830 -0.319991 0.000000 0.000000 0.000000 -0.378864 0.925453
87.978800 8.743460 -0.320772 0.000000 0.000000 0.000000 -0.381706 0.924284
87.998300 8.747370 -0.324048 0.000000 0.000000 0.000000 -0.378864 0.925453
88.262700 8.765970 -0.342459 0.000000 0.000000 0.000000 -0.376018 0.926612
88.388000 8.810360 -0.385053 0.000000 0.000000 0.000000 -0.378864 0.925453
88.965300 8.870540 -0.445749 0.000000 0.000000 0.000000 -0.384544 0.923107
89.573700 8.917440 -0.491465 0.000000 0.000000 0.000000 -0.384544 0.923107
89.793400 9.072510 -0.652961 0.000000 0.000000 0.000000 -0.393037 0.919523
89.818300 9.094010 -0.722218 0.000000 0.000000 0.000000 -0.387186 0.922002
89.953600 9.131110 -0.761562 0.000000 0.000000 0.000000 -0.390017 0.920808
90.401200 9.167700 -0.798732 0.000000 0.000000 0.000000 -0.390017 0.920808
90.418300 9.207500 -0.839725 0.000000 0.000000 0.000000 -0.390017 0.920808
90.638100 9.251940 -0.884659 0.000000 0.000000 0.000000 -0.390017 0.920808
91.041800 9.294970 -0.929474 0.000000 0.000000 0.000000 -0.392845 0.919605
91.043000 9.336070 -0.971995 0.000000 0.000000 0.000000 -0.390017 0.920808
91.257900 9.372540 -1.010570 0.000000 0.000000 0.000000 -0.392845 0.919605
91.626100 9.411700 -1.050800 0.000000 0.000000 0.000000 -0.395668 0.918393
91.627300 9.452670 -1.094730 0.000000 0.000000 0.000000 -0.398489 0.917173
92.620600 9.494300 -1.139430 0.000000 0.000000 0.000000 -0.401305 0.915945
92.832800 9.651400 -1.311730 0.000000 0.000000 0.000000 -0.406927 0.913461
92.878400 9.692900 -1.357840 0.000000 0.000000 0.000000 -0.404118 0.914707
92.958400 9.731180 -1.400120 0.000000 0.000000 0.000000 -0.406927 0.913461
93.387300 9.770100 -1.443170 0.000000 0.000000 0.000000 -0.409731 0.912206
93.448400 9.820690 -1.394900 0.000000 0.000000 0.000000 -0.369395 0.929273
93.568400 9.862770 -1.434830 0.000000 0.000000 0.000000 -0.369395 0.929273
93.999400 9.905570 -1.475460 0.000000 0.000000 0.000000 -0.372248 0.928133
94.000600 9.949080 -1.516780 0.000000 0.000000 0.000000 -0.372248 0.928133
94.188300 9.991160 -1.556710 0.000000 0.000000 0.000000 -0.375098 0.926985
94.615000 10.033300 -1.598050 0.000000 0.000000 0.000000 -0.377945 0.925828
94.616300 10.074600 -1.638690 0.000000 0.000000 0.000000 -0.377945 0.925828
95.573200 10.116700 -1.680030 0.000000 0.000000 0.000000 -0.380788 0.924662
95.862600 10.279400 -1.845450 0.000000 0.000000 0.000000 -0.389295 0.921113
95.863700 10.321500 -1.888210 0.000000 0.000000 0.000000 -0.392124 0.919912
95.953900 10.363700 -1.932380 0.000000 0.000000 0.000000 -0.392124 0.919912
96.466600 10.404400 -1.975150 0.000000 0.000000 0.000000 -0.394949 0.918703
96.467900 10.442900 -2.015810 0.000000 0.000000 0.000000 -0.394949 0.918703
96.554300 10.482200 -2.055760 0.000000 0.000000 0.000000 -0.392124 0.919912
97.096000 10.523600 -2.099230 0.000000 0.000000 0.000000 -0.394949 0.918703
97.097300 10.608300 -2.067190 0.000000 0.000000 0.000000 -0.348539 0.937294
97.178300 10.651500 -2.104430 0.000000 0.000000 0.000000 -0.351418 0.936219
97.773700 10.693100 -2.140420 0.000000 0.000000 0.000000 -0.351418 0.936219
97.785900 10.736500 -2.179070 0.000000 0.000000 0.000000 -0.357165 0.934041
98.273900 10.827200 -2.260890 0.000000 0.000000 0.000000 -0.362898 0.931829
98.278500 10.870000 -2.300320 0.000000 0.000000 0.000000 -0.362898 0.931829
98.354200 10.911100 -2.338500 0.000000 0.000000 0.000000 -0.365759 0.930709
99.298800 10.953800 -2.377920 0.000000 0.000000 0.000000 -0.371472 0.928444
99.318500 10.996900 -2.420160 0.000000 0.000000 0.000000 -0.374323 0.927298
99.319500 11.039800 -2.460990 0.000000 0.000000 0.000000 -0.377171 0.926144
99.320400 11.082000 -2.502600 0.000000 0.000000 0.000000 -0.377171 0.926144
99.378200 11.123500 -2.543590 0.000000 0.000000 0.000000 -0.380015 0.924980
99.959600 11.164800 -2.583170 0.000000 0.000000 0.000000 -0.377171 0.926144
99.960700 11.206300 -2.624150 0.000000 0.000000 0.000000 -0.377171 0.926144
99.961800 11.248400 -2.664360 0.000000 0.000000 0.000000 -0.377171 0.926144
100.155000 11.290600 -2.705970 0.000000 0.000000 0.000000 -0.380015 0.924980
100.617000 11.332100 -2.746960 0.000000 0.000000 0.000000 -0.382856 0.923808
100.639000 11.347300 -2.721480 0.000000 0.000000 0.000000 -0.344971 0.938613
100.768000 11.390500 -2.757570 0.000000 0.000000 0.000000 -0.344971 0.938613
101.274000 11.430500 -2.791440 0.000000 0.000000 0.000000 -0.347854 0.937549
101.275000 11.451500 -2.810320 0.000000 0.000000 0.000000 -0.342086 0.939669
101.458000 11.447100 -2.806160 0.000000 0.000000 0.000000 -0.344971 0.938613
101.905000 11.445400 -2.805040 0.000000 0.000000 0.000000 -0.344971 0.938613
101.906000 11.445400 -2.805040 0.000000 0.000000 0.000000 -0.344971 0.938613
101.988000 11.445400 -2.805040 0.000000 0.000000 0.000000 -0.344971 0.938613
102.437000 11.445400 -2.805040 0.000000 0.000000 0.000000 -0.344971 0.938613
102.438000 11.445400 -2.805040 0.000000 0.000000 0.000000 -0.347854 0.937549
102.535000 11.445400 -2.805040 0.000000 0.000000 0.000000 -0.353609 0.935393
103.384000 11.447900 -2.806710 0.000000 0.000000 0.000000 -0.367938 0.929850
103.506000 11.446800 -2.804770 0.000000 0.000000 0.000000 -0.421567 0.906797
103.507000 11.446000 -2.804210 0.000000 0.000000 0.000000 -0.446480 0.894794
104.047000 11.447100 -2.806160 0.000000 0.000000 0.000000 -0.481859 0.876249
104.288000 11.449300 -2.810040 0.000000 0.000000 0.000000 -0.539948 0.841699
104.765000 11.448500 -2.809490 0.000000 0.000000 0.000000 -0.560471 0.828174
104.776000 11.438700 -2.825270 0.000000 0.000000 0.000000 -0.563391 0.826190
104.778000 11.438700 -2.825270 0.000000 0.000000 0.000000 -0.565929 0.824454
105.218000 11.438700 -2.825270 0.000000 0.000000 0.000000 -0.565929 0.824454
105.220000 11.438700 -2.825270 0.000000 0.000000 0.000000 -0.565929 0.824454
105.336000 11.438700 -2.825270 0.000000 0.000000 0.000000 -0.563391 0.826190
105.854000 11.439900 -2.827170 0.000000 0.000000 0.000000 -0.560852 0.827916
105.855000 11.441400 -2.830450 0.000000 0.000000 0.000000 -0.558304 0.829637
105.928000 11.450900 -2.855100 0.000000 0.000000 0.000000 -0.553195 0.833052
106.095000 11.473900 -2.909240 0.000000 0.000000 0.000000 -0.555750 0.831349
106.581000 11.507800 -2.991300 0.000000 0.000000 0.000000 -0.560852 0.827916
106.582000 11.534000 -3.055600 0.000000 0.000000 0.000000 -0.560852 0.827916
107.247000 11.551600 -3.099390 0.000000 0.000000 0.000000 -0.565929 0.824454
107.892000 11.623900 -3.294440 0.000000 0.000000 0.000000 -0.576019 0.817436
107.903000 11.644500 -3.350610 0.000000 0.000000 0.000000 -0.578526 0.815664
108.181000 11.676300 -3.441910 0.000000 0.000000 0.000000 -0.583531 0.812091
108.239000 11.697300 -3.503060 0.000000 0.000000 0.000000 -0.588510 0.808490
108.438000 11.718200 -3.570040 0.000000 0.000000 0.000000 -0.590990 0.806679
108.818000 11.736900 -3.627390 0.000000 0.000000 0.000000 -0.590990 0.806679
108.819000 11.751300 -3.672680 0.000000 0.000000 0.000000 -0.593467 0.804858
108.936000 11.767200 -3.724840 0.000000 0.000000 0.000000 -0.595935 0.803032
109.393000 11.785200 -3.785270 0.000000 0.000000 0.000000 -0.598402 0.801196
109.394000 11.856000 -3.776240 0.000000 0.000000 0.000000 -0.555014 0.831841
109.538000 11.878400 -3.829080 0.000000 0.000000 0.000000 -0.557565 0.830133
109.999000 11.897600 -3.877060 0.000000 0.000000 0.000000 -0.560115 0.828415
110.000000 11.918100 -3.929050 0.000000 0.000000 0.000000 -0.565195 0.824957
110.329000 11.941000 -3.987700 0.000000 0.000000 0.000000 -0.565195 0.824957
110.625000 11.963500 -4.045020 0.000000 0.000000 0.000000 -0.565195 0.824957
111.319000 11.994300 -4.124110 0.000000 0.000000 0.000000 -0.567729 0.823215
112.202000 12.074100 -4.344160 0.000000 0.000000 0.000000 -0.580307 0.814398
112.423000 12.093800 -4.400180 0.000000 0.000000 0.000000 -0.580307 0.814398
112.496000 12.170100 -4.620730 0.000000 0.000000 0.000000 -0.585300 0.810817
113.329000 12.188500 -4.679460 0.000000 0.000000 0.000000 -0.587790 0.809013
113.330000 12.242100 -4.702650 0.000000 0.000000 0.000000 -0.582637 0.812732
113.331000 12.260900 -4.756030 0.000000 0.000000 0.000000 -0.585134 0.810937
113.332000 12.278400 -4.809900 0.000000 0.000000 0.000000 -0.590106 0.807326
113.508000 12.296500 -4.867330 0.000000 0.000000 0.000000 -0.595056 0.803684
113.953000 12.314100 -4.925670 0.000000 0.000000 0.000000 -0.597520 0.801854
113.954000 12.331200 -4.980460 0.000000 0.000000 0.000000 -0.602440 0.798164
114.168000 12.345500 -5.034020 0.000000 0.000000 0.000000 -0.607334 0.794447
114.525000 12.360900 -5.090220 0.000000 0.000000 0.000000 -0.612204 0.790700
114.526000 12.376800 -5.149970 0.000000 0.000000 0.000000 -0.617051 0.786923
114.994000 12.390400 -5.207590 0.000000 0.000000 0.000000 -0.619464 0.785025
115.120000 12.403900 -5.262980 0.000000 0.000000 0.000000 -0.626676 0.779280
115.122000 12.416100 -5.318860 0.000000 0.000000 0.000000 -0.626676 0.779280
115.296000 12.428800 -5.376070 0.000000 0.000000 0.000000 -0.629069 0.777349
116.194000 12.441600 -5.435510 0.000000 0.000000 0.000000 -0.629069 0.777349
116.424000 12.454300 -5.492720 0.000000 0.000000 0.000000 -0.629069 0.777349
116.798000 12.538900 -5.700860 0.000000 0.000000 0.000000 -0.604223 0.796815
116.819000 12.554700 -5.757780 0.000000 0.000000 0.000000 -0.606666 0.794957
116.896000 12.569900 -5.813430 0.000000 0.000000 0.000000 -0.609108 0.793088
117.363000 12.585400 -5.871300 0.000000 0.000000 0.000000 -0.613970 0.789330
117.364000 12.599600 -5.926640 0.000000 0.000000 0.000000 -0.613970 0.789330
117.496000 12.613900 -5.981980 0.000000 0.000000 0.000000 -0.616394 0.787438
117.858000 12.627500 -6.039220 0.000000 0.000000 0.000000 -0.621221 0.783635
117.918000 12.640800 -6.097400 0.000000 0.000000 0.000000 -0.626025 0.779803
118.326000 12.654400 -6.154640 0.000000 0.000000 0.000000 -0.628416 0.777878
118.349000 12.666100 -6.211240 0.000000 0.000000 0.000000 -0.630805 0.775942
118.604000 12.678100 -6.270060 0.000000 0.000000 0.000000 -0.635561 0.772051
118.955000 12.688800 -6.326350 0.000000 0.000000 0.000000 -0.637932 0.770093
118.979000 12.700200 -6.383900 0.000000 0.000000 0.000000 -0.640293 0.768131
119.096000 12.709700 -6.440820 0.000000 0.000000 0.000000 -0.642652 0.766158
119.494000 12.719800 -6.499000 0.000000 0.000000 0.000000 -0.645001 0.764181
119.496000 12.729300 -6.555920 0.000000 0.000000 0.000000 -0.649685 0.760204
119.996000 12.739500 -6.614110 0.000000 0.000000 0.000000 -0.652020 0.758202
120.109000 12.748300 -6.672930 0.000000 0.000000 0.000000 -0.654348 0.756194
120.110000 12.780500 -6.641680 0.000000 0.000000 0.000000 -0.630359 0.776304
120.319000 12.792600 -6.698540 0.000000 0.000000 0.000000 -0.630359 0.776304
121.041000 12.804800 -6.755390 0.000000 0.000000 0.000000 -0.635117 0.772416
121.042000 12.816500 -6.814180 0.000000 0.000000 0.000000 -0.635117 0.772416
121.043000 12.827700 -6.870780 0.000000 0.000000 0.000000 -0.637489 0.770459
121.109000 12.838900 -6.927380 0.000000 0.000000 0.000000 -0.637489 0.770459
121.616000 12.849100 -6.983730 0.000000 0.000000 0.000000 -0.642212 0.766527
121.617000 12.859800 -7.042270 0.000000 0.000000 0.000000 -0.644562 0.764552
122.001000 12.868800 -7.099340 0.000000 0.000000 0.000000 -0.649248 0.760577
122.086000 12.878500 -7.157620 0.000000 0.000000 0.000000 -0.651583 0.758577
122.109000 12.888000 -7.216880 0.000000 0.000000 0.000000 -0.651583 0.758577
122.296000 12.896500 -7.275890 0.000000 0.000000 0.000000 -0.653913 0.756570
122.656000 12.905700 -7.331990 0.000000 0.000000 0.000000 -0.653913 0.756570
123.123000 12.913800 -7.388810 0.000000 0.000000 0.000000 -0.656233 0.754559
123.399000 12.939100 -7.562670 0.000000 0.000000 0.000000 -0.660857 0.750512
124.453000 12.946100 -7.619240 0.000000 0.000000 0.000000 -0.660857 0.750512
124.465000 12.994800 -7.666790 0.000000 0.000000 0.000000 -0.651386 0.758746
124.901000 13.028800 -7.897920 0.000000 0.000000 0.000000 -0.658350 0.752712
125.020000 13.037700 -7.958370 0.000000 0.000000 0.000000 -0.658350 0.752712
125.151000 13.044800 -8.013270 0.000000 0.000000 0.000000 -0.660662 0.750684
125.152000 13.052400 -8.070350 0.000000 0.000000 0.000000 -0.665262 0.746610
125.299000 13.058700 -8.129150 0.000000 0.000000 0.000000 -0.667555 0.744561
125.803000 13.065400 -8.190130 0.000000 0.000000 0.000000 -0.672118 0.740444
126.121000 13.070700 -8.248720 0.000000 0.000000 0.000000 -0.676655 0.736300
126.157000 13.075400 -8.305140 0.000000 0.000000 0.000000 -0.678912 0.734219
126.158000 13.079900 -8.362530 0.000000 0.000000 0.000000 -0.681167 0.732128
126.297000 13.084400 -8.419920 0.000000 0.000000 0.000000 -0.681167 0.732128
126.648000 13.089400 -8.479480 0.000000 0.000000 0.000000 -0.681167 0.732128
127.223000 13.093200 -8.539800 0.000000 0.000000 0.000000 -0.683415 0.730030
127.579000 13.146300 -8.628420 0.000000 0.000000 0.000000 -0.654265 0.756266
127.580000 13.155100 -8.686970 0.000000 0.000000 0.000000 -0.658900 0.752231
128.124000 13.162000 -8.744280 0.000000 0.000000 0.000000 -0.661206 0.750205
128.512000 13.169000 -8.801580 0.000000 0.000000 0.000000 -0.665807 0.746124
128.513000 13.175800 -8.859880 0.000000 0.000000 0.000000 -0.668095 0.744076
128.514000 13.182400 -8.919180 0.000000 0.000000 0.000000 -0.670379 0.742018
128.515000 13.188600 -8.974370 0.000000 0.000000 0.000000 -0.674926 0.737885
128.923000 13.193300 -9.033420 0.000000 0.000000 0.000000 -0.679448 0.733724
129.068000 13.197900 -9.093450 0.000000 0.000000 0.000000 -0.683944 0.729535
129.070000 13.201300 -9.154350 0.000000 0.000000 0.000000 -0.686180 0.727432
129.249000 13.204400 -9.210170 0.000000 0.000000 0.000000 -0.690641 0.723198
129.657000 13.207500 -9.265990 0.000000 0.000000 0.000000 -0.692858 0.721074
129.658000 13.208800 -9.295380 0.000000 0.000000 0.000000 -0.695072 0.718940
129.819000 13.211300 -9.356160 0.000000 0.000000 0.000000 -0.695072 0.718940
130.105000 13.212700 -9.416820 0.000000 0.000000 0.000000 -0.697276 0.716803
130.157000 13.214800 -9.472510 0.000000 0.000000 0.000000 -0.699477 0.714655
130.606000 13.216500 -9.531180 0.000000 0.000000 0.000000 -0.701667 0.712505
130.607000 13.234500 -9.575400 0.000000 0.000000 0.000000 -0.684170 0.729323
131.205000 13.238400 -9.634810 0.000000 0.000000 0.000000 -0.684170 0.729323
131.278000 13.247200 -9.779790 0.000000 0.000000 0.000000 -0.690865 0.722984
131.631000 13.250100 -9.838140 0.000000 0.000000 0.000000 -0.693081 0.720859
131.924000 13.252000 -9.897410 0.000000 0.000000 0.000000 -0.695295 0.718725
132.133000 13.253900 -9.955690 0.000000 0.000000 0.000000 -0.697498 0.716587
132.134000 13.255900 -10.013000 0.000000 0.000000 0.000000 -0.701888 0.712287
132.237000 13.256800 -10.071200 0.000000 0.000000 0.000000 -0.706256 0.707957
132.629000 13.256700 -10.101200 0.000000 0.000000 0.000000 -0.708426 0.705785
132.630000 13.256400 -10.163400 0.000000 0.000000 0.000000 -0.710593 0.703604
132.819000 13.255500 -10.218400 0.000000 0.000000 0.000000 -0.714903 0.699224
133.091000 13.254600 -10.274500 0.000000 0.000000 0.000000 -0.719186 0.694818
133.159000 13.252300 -10.335500 0.000000 0.000000 0.000000 -0.721316 0.692606
133.605000 13.251000 -10.397600 0.000000 0.000000 0.000000 -0.721316 0.692606
133.606000 13.247900 -10.455500 0.000000 0.000000 0.000000 -0.723442 0.690385
134.212000 13.245000 -10.510400 0.000000 0.000000 0.000000 -0.727671 0.685927
134.448000 13.240500 -10.641800 0.000000 0.000000 0.000000 -0.720706 0.693241
134.487000 13.239800 -10.670800 0.000000 0.000000 0.000000 -0.720706 0.693241
134.919000 13.237700 -10.726800 0.000000 0.000000 0.000000 -0.720706 0.693241
134.921000 13.235400 -10.784800 0.000000 0.000000 0.000000 -0.720706 0.693241
135.038000 13.234100 -10.844800 0.000000 0.000000 0.000000 -0.718574 0.695450
135.802000 13.231800 -10.903800 0.000000 0.000000 0.000000 -0.716432 0.697657
135.803000 13.230500 -10.961800 0.000000 0.000000 0.000000 -0.716432 0.697657
135.804000 13.230000 -10.989800 0.000000 0.000000 0.000000 -0.716432 0.697657
135.805000 13.228600 -11.048800 0.000000 0.000000 0.000000 -0.718574 0.695450
136.059000 13.227300 -11.108800 0.000000 0.000000 0.000000 -0.722834 0.691022
136.373000 13.224000 -11.167700 0.000000 0.000000 0.000000 -0.724952 0.688799
136.399000 13.221800 -11.224700 0.000000 0.000000 0.000000 -0.729175 0.684328
136.649000 13.217500 -11.282600 0.000000 0.000000 0.000000 -0.731272 0.682086
136.880000 13.213200 -11.342400 0.000000 0.000000 0.000000 -0.733366 0.679834
136.999000 13.208900 -11.401300 0.000000 0.000000 0.000000 -0.735450 0.677579
137.402000 13.204700 -11.458100 0.000000 0.000000 0.000000 -0.737530 0.675315
137.403000 13.199500 -11.513900 0.000000 0.000000 0.000000 -0.741666 0.670770
137.558000 13.193200 -11.573600 0.000000 0.000000 0.000000 -0.745773 0.666200
137.874000 13.206900 -11.580500 0.000000 0.000000 0.000000 -0.739495 0.673162
137.958000 13.203600 -11.613400 0.000000 0.000000 0.000000 -0.735345 0.677693
138.368000 13.204900 -11.607400 0.000000 0.000000 0.000000 -0.737422 0.675433
138.370000 13.205200 -11.598400 0.000000 0.000000 0.000000 -0.737422 0.675433
138.599000 13.205200 -11.599400 0.000000 0.000000 0.000000 -0.737422 0.675433
138.871000 13.205200 -11.599400 0.000000 0.000000 0.000000 -0.737422 0.675433
139.059000 13.205200 -11.599400 0.000000 0.000000 0.000000 -0.737422 0.675433
139.396000 13.205200 -11.599400 0.000000 0.000000 0.000000 -0.737422 0.675433
139.619000 13.205200 -11.599400 0.000000 0.000000 0.000000 -0.737422 0.675433
140.617000 13.205200 -11.599400 0.000000 0.000000 0.000000 -0.737422 0.675433
141.616000 13.205200 -11.599400 0.000000 0.000000 0.000000 -0.737422 0.675433
142.616000 13.205200 -11.599400 0.000000 0.000000 0.000000 -0.737422 0.675433
142.771000 13.195800 -11.688100 0.000000 0.000000 0.000000 -0.747712 0.664023
143.108000 13.185500 -11.776800 0.000000 0.000000 0.000000 -0.747712 0.664023
143.158000 13.177900 -11.846600 0.000000 0.000000 0.000000 -0.745667 0.666319
143.389000 13.173200 -11.893400 0.000000 0.000000 0.000000 -0.749747 0.661724
143.639000 13.167700 -11.932300 0.000000 0.000000 0.000000 -0.751778 0.659416
143.897000 13.159600 -11.990000 0.000000 0.000000 0.000000 -0.753803 0.657101
143.959000 13.149800 -12.064700 0.000000 0.000000 0.000000 -0.753803 0.657101
144.270000 13.141200 -12.132400 0.000000 0.000000 0.000000 -0.755816 0.654784
144.358000 13.133300 -12.185100 0.000000 0.000000 0.000000 -0.757826 0.652456
145.103000 13.126600 -12.229900 0.000000 0.000000 0.000000 -0.761821 0.647787
145.119000 13.107000 -12.353300 0.000000 0.000000 0.000000 -0.761821 0.647787
145.161000 13.097500 -12.418000 0.000000 0.000000 0.000000 -0.759826 0.650127
145.536000 13.089600 -12.470700 0.000000 0.000000 0.000000 -0.761821 0.647787
145.560000 13.081700 -12.520500 0.000000 0.000000 0.000000 -0.761821 0.647787
145.799000 13.115900 -12.560600 0.000000 0.000000 0.000000 -0.742778 0.669538
146.099000 13.109200 -12.625700 0.000000 0.000000 0.000000 -0.740719 0.671815
146.160000 13.103500 -12.686800 0.000000 0.000000 0.000000 -0.742778 0.669538
146.608000 13.097600 -12.742000 0.000000 0.000000 0.000000 -0.742778 0.669538
146.609000 13.092700 -12.797100 0.000000 0.000000 0.000000 -0.740719 0.671815
147.627000 13.086900 -12.854200 0.000000 0.000000 0.000000 -0.740719 0.671815
147.849000 13.055800 -13.143900 0.000000 0.000000 0.000000 -0.750954 0.660355
148.525000 13.048100 -13.204100 0.000000 0.000000 0.000000 -0.754997 0.655728
148.540000 13.039300 -13.264300 0.000000 0.000000 0.000000 -0.757007 0.653407
148.541000 13.030500 -13.323500 0.000000 0.000000 0.000000 -0.759012 0.651076
148.559000 13.021600 -13.378700 0.000000 0.000000 0.000000 -0.761008 0.648743
149.064000 13.013800 -13.434800 0.000000 0.000000 0.000000 -0.761008 0.648743
149.066000 13.004000 -13.494100 0.000000 0.000000 0.000000 -0.764983 0.644050
149.189000 12.994200 -13.553300 0.000000 0.000000 0.000000 -0.766957 0.641699
149.483000 13.047700 -13.560700 0.000000 0.000000 0.000000 -0.738120 0.674669
149.559000 13.043200 -13.617600 0.000000 0.000000 0.000000 -0.738120 0.674669
149.945000 13.038500 -13.673500 0.000000 0.000000 0.000000 -0.740191 0.672396
149.959000 13.032200 -13.732600 0.000000 0.000000 0.000000 -0.742252 0.670121
150.429000 13.027100 -13.793600 0.000000 0.000000 0.000000 -0.742252 0.670121
150.430000 13.021600 -13.850600 0.000000 0.000000 0.000000 -0.740191 0.672396
150.659000 13.016700 -13.904500 0.000000 0.000000 0.000000 -0.740191 0.672396
150.976000 13.010300 -13.962600 0.000000 0.000000 0.000000 -0.742252 0.670121
150.978000 13.004400 -14.025700 0.000000 0.000000 0.000000 -0.742252 0.670121
151.209000 12.999100 -14.084600 0.000000 0.000000 0.000000 -0.742252 0.670121
151.481000 12.993500 -14.140700 0.000000 0.000000 0.000000 -0.744309 0.667835
151.639000 12.987100 -14.198800 0.000000 0.000000 0.000000 -0.746356 0.665547
151.903000 12.980500 -14.255900 0.000000 0.000000 0.000000 -0.748399 0.663249
151.959000 12.974000 -14.313000 0.000000 0.000000 0.000000 -0.750432 0.660948
152.344000 12.966600 -14.371200 0.000000 0.000000 0.000000 -0.752461 0.658637
152.370000 12.958300 -14.430600 0.000000 0.000000 0.000000 -0.756494 0.654001
153.127000 12.949800 -14.487900 0.000000 0.000000 0.000000 -0.758501 0.651672
153.249000 12.974900 -14.620800 0.000000 0.000000 0.000000 -0.747500 0.664262
153.503000 12.968500 -14.679000 0.000000 0.000000 0.000000 -0.751567 0.659656
153.599000 12.960900 -14.736300 0.000000 0.000000 0.000000 -0.751567 0.659656
153.923000 12.953900 -14.791500 0.000000 0.000000 0.000000 -0.751567 0.659656
154.009000 12.946500 -14.849900 0.000000 0.000000 0.000000 -0.749535 0.661964
154.398000 12.939100 -14.908200 0.000000 0.000000 0.000000 -0.751567 0.659656
154.399000 12.931800 -14.967600 0.000000 0.000000 0.000000 -0.753589 0.657346
154.629000 12.924200 -15.025000 0.000000 0.000000 0.000000 -0.753589 0.657346
155.324000 12.916300 -15.080400 0.000000 0.000000 0.000000 -0.755607 0.655025
155.380000 12.908900 -15.138700 0.000000 0.000000 0.000000 -0.753589 0.657346
155.381000 12.901000 -15.200200 0.000000 0.000000 0.000000 -0.753589 0.657346
155.382000 12.892600 -15.258700 0.000000 0.000000 0.000000 -0.751567 0.659656
155.500000 12.889700 -15.286700 0.000000 0.000000 0.000000 -0.751567 0.659656
155.864000 12.882700 -15.342000 0.000000 0.000000 0.000000 -0.751567 0.659656
155.900000 12.875300 -15.400300 0.000000 0.000000 0.000000 -0.753589 0.657346
156.371000 12.866300 -15.461000 0.000000 0.000000 0.000000 -0.755607 0.655025
156.373000 12.858700 -15.518400 0.000000 0.000000 0.000000 -0.757614 0.652703
156.499000 12.879700 -15.561600 0.000000 0.000000 0.000000 -0.742075 0.670317
156.882000 12.874000 -15.618600 0.000000 0.000000 0.000000 -0.742075 0.670317
156.883000 12.868200 -15.679600 0.000000 0.000000 0.000000 -0.744132 0.668032
157.020000 12.860800 -15.738000 0.000000 0.000000 0.000000 -0.750260 0.661143
157.403000 12.857400 -15.766600 0.000000 0.000000 0.000000 -0.750260 0.661143
157.405000 12.851400 -15.822600 0.000000 0.000000 0.000000 -0.752286 0.658837
157.580000 12.843000 -15.881200 0.000000 0.000000 0.000000 -0.754308 0.656520
157.903000 12.834800 -15.940900 0.000000 0.000000 0.000000 -0.756320 0.654201
157.989000 12.826400 -15.999500 0.000000 0.000000 0.000000 -0.758328 0.651873
158.389000 12.819200 -16.054700 0.000000 0.000000 0.000000 -0.758328 0.651873
158.391000 12.814800 -16.083600 0.000000 0.000000 0.000000 -0.758328 0.651873
158.509000 12.806400 -16.142200 0.000000 0.000000 0.000000 -0.756320 0.654201
158.836000 12.798200 -16.201800 0.000000 0.000000 0.000000 -0.756320 0.654201
158.890000 12.789800 -16.260400 0.000000 0.000000 0.000000 -0.756320 0.654201
159.256000 12.782300 -16.314700 0.000000 0.000000 0.000000 -0.756320 0.654201
159.300000 12.773400 -16.371400 0.000000 0.000000 0.000000 -0.756320 0.654201
159.420000 12.765500 -16.432000 0.000000 0.000000 0.000000 -0.754308 0.656520
159.815000 12.757000 -16.494700 0.000000 0.000000 0.000000 -0.754308 0.656520
159.840000 12.749800 -16.550000 0.000000 0.000000 0.000000 -0.754308 0.656520
160.021000 12.809700 -16.544200 0.000000 0.000000 0.000000 -0.724876 0.688879
160.347000 12.806100 -16.602400 0.000000 0.000000 0.000000 -0.726988 0.686650
160.420000 12.802500 -16.663700 0.000000 0.000000 0.000000 -0.731194 0.682170
160.873000 12.798600 -16.721000 0.000000 0.000000 0.000000 -0.733288 0.679918
160.874000 12.794400 -16.777300 0.000000 0.000000 0.000000 -0.735375 0.677660
161.020000 12.789800 -16.835800 0.000000 0.000000 0.000000 -0.735375 0.677660
161.347000 12.787400 -16.866200 0.000000 0.000000 0.000000 -0.737452 0.675400
161.439000 12.782500 -16.923800 0.000000 0.000000 0.000000 -0.741588 0.670855
161.827000 12.775800 -16.982000 0.000000 0.000000 0.000000 -0.743648 0.668572
161.828000 12.770000 -17.039900 0.000000 0.000000 0.000000 -0.745697 0.666285
162.059000 12.763500 -17.099000 0.000000 0.000000 0.000000 -0.745697 0.666285
162.330000 12.757700 -17.156900 0.000000 0.000000 0.000000 -0.747742 0.663989
162.380000 12.750600 -17.214200 0.000000 0.000000 0.000000 -0.751808 0.659382
163.260000 12.743600 -17.271400 0.000000 0.000000 0.000000 -0.755846 0.654750
163.261000 12.734900 -17.330300 0.000000 0.000000 0.000000 -0.757856 0.652422
163.262000 12.716700 -17.445100 0.000000 0.000000 0.000000 -0.763835 0.645411
163.489000 12.707000 -17.501100 0.000000 0.000000 0.000000 -0.765816 0.643059
163.852000 12.719400 -17.532200 0.000000 0.000000 0.000000 -0.750260 0.661143
163.853000 12.711200 -17.596200 0.000000 0.000000 0.000000 -0.750260 0.661143
164.069000 12.704500 -17.658500 0.000000 0.000000 0.000000 -0.750260 0.661143
164.331000 12.697600 -17.710000 0.000000 0.000000 0.000000 -0.752289 0.658833
164.381000 12.690600 -17.763800 0.000000 0.000000 0.000000 -0.754308 0.656520
164.831000 12.683000 -17.824200 0.000000 0.000000 0.000000 -0.752289 0.658833
164.832000 12.674400 -17.887200 0.000000 0.000000 0.000000 -0.752289 0.658833
165.059000 12.667100 -17.945500 0.000000 0.000000 0.000000 -0.754308 0.656520
165.329000 12.660000 -17.999200 0.000000 0.000000 0.000000 -0.754308 0.656520
165.399000 12.651900 -18.055600 0.000000 0.000000 0.000000 -0.756324 0.654198
165.800000 12.644000 -18.115100 0.000000 0.000000 0.000000 -0.756324 0.654198
165.802000 12.634700 -18.176300 0.000000 0.000000 0.000000 -0.758328 0.651873
165.990000 12.626900 -18.233500 0.000000 0.000000 0.000000 -0.760329 0.649538
166.287000 12.617900 -18.290300 0.000000 0.000000 0.000000 -0.760329 0.649538
166.420000 12.609200 -18.347900 0.000000 0.000000 0.000000 -0.758328 0.651873
166.816000 12.600900 -18.406500 0.000000 0.000000 0.000000 -0.758328 0.651873
166.818000 12.593400 -18.461600 0.000000 0.000000 0.000000 -0.760329 0.649538
166.987000 12.583600 -18.521900 0.000000 0.000000 0.000000 -0.760329 0.649538
167.379000 12.586800 -18.526000 0.000000 0.000000 0.000000 -0.747941 0.663765
167.382000 12.580100 -18.582200 0.000000 0.000000 0.000000 -0.749975 0.661466
167.841000 12.573900 -18.639300 0.000000 0.000000 0.000000 -0.752006 0.659156
167.843000 12.565900 -18.697300 0.000000 0.000000 0.000000 -0.756042 0.654523
167.982000 12.558500 -18.751700 0.000000 0.000000 0.000000 -0.758048 0.652199
168.377000 12.553700 -18.786000 0.000000 0.000000 0.000000 -0.754026 0.656845
168.384000 12.554700 -18.778900 0.000000 0.000000 0.000000 -0.756042 0.654523
168.855000 12.555800 -18.769500 0.000000 0.000000 0.000000 -0.754026 0.656845
168.856000 12.555400 -18.770800 0.000000 0.000000 0.000000 -0.754026 0.656845
169.069000 12.555400 -18.770800 0.000000 0.000000 0.000000 -0.754026 0.656845
169.410000 12.555400 -18.770800 0.000000 0.000000 0.000000 -0.754026 0.656845
169.411000 12.555400 -18.770800 0.000000 0.000000 0.000000 -0.754026 0.656845
169.581000 12.555800 -18.771800 0.000000 0.000000 0.000000 -0.756042 0.654523
169.800000 12.555800 -18.771800 0.000000 0.000000 0.000000 -0.758048 0.652199
169.981000 12.555700 -18.774000 0.000000 0.000000 0.000000 -0.766009 0.642829
170.220000 12.554400 -18.775700 0.000000 0.000000 0.000000 -0.773852 0.633367
170.381000 12.554300 -18.778000 0.000000 0.000000 0.000000 -0.789184 0.614156
170.642000 12.554300 -18.778000 0.000000 0.000000 0.000000 -0.805865 0.592099
170.890000 12.553800 -18.779300 0.000000 0.000000 0.000000 -0.823677 0.567059
171.166000 12.552900 -18.782000 0.000000 0.000000 0.000000 -0.845665 0.533714
171.182000 12.550500 -18.786400 0.000000 0.000000 0.000000 -0.866304 0.499517
171.456000 12.550100 -18.787700 0.000000 0.000000 0.000000 -0.878322 0.478070
171.581000 12.489100 -18.801900 0.000000 0.000000 0.000000 -0.873621 0.486607
171.862000 12.488200 -18.802400 0.000000 0.000000 0.000000 -0.889569 0.456802
171.999000 12.489100 -18.801900 0.000000 0.000000 0.000000 -0.908389 0.418126
172.311000 12.489500 -18.800500 0.000000 0.000000 0.000000 -0.919604 0.392848
172.381000 12.489500 -18.800500 0.000000 0.000000 0.000000 -0.925531 0.378672
172.901000 12.489500 -18.800500 0.000000 0.000000 0.000000 -0.937799 0.347179
172.902000 12.489500 -18.800500 0.000000 0.000000 0.000000 -0.948996 0.315289
173.020000 12.489500 -18.800500 0.000000 0.000000 0.000000 -0.956459 0.291865
173.417000 12.489500 -18.800500 0.000000 0.000000 0.000000 -0.964164 0.265306
173.419000 12.453000 -18.778700 0.000000 0.000000 0.000000 -0.969800 0.243901
173.650000 12.453000 -18.778700 0.000000 0.000000 0.000000 -0.978133 0.207982
174.042000 12.454700 -18.777700 0.000000 0.000000 0.000000 -0.984060 0.177835
174.044000 12.456100 -18.778100 0.000000 0.000000 0.000000 -0.988601 0.150557
174.190000 12.457800 -18.777100 0.000000 0.000000 0.000000 -0.992386 0.123163
175.061000 12.457800 -18.777100 0.000000 0.000000 0.000000 -0.995114 0.098730
175.178000 12.459200 -18.777400 0.000000 0.000000 0.000000 -0.997008 0.077304
175.272000 12.459200 -18.777400 0.000000 0.000000 0.000000 -0.999952 0.009781
175.273000 12.493000 -18.733100 0.000000 0.000000 0.000000 0.999974 0.007196
175.381000 12.493000 -18.733100 0.000000 0.000000 0.000000 0.999911 0.013341
175.801000 12.493000 -18.733100 0.000000 0.000000 0.000000 0.999810 0.019485
175.860000 12.493000 -18.733100 0.000000 0.000000 0.000000 0.999810 0.019485
176.070000 12.493000 -18.733100 0.000000 0.000000 0.000000 0.999865 0.016411
176.346000 12.493000 -18.733100 0.000000 0.000000 0.000000 0.999911 0.013341
176.381000 12.493000 -18.733100 0.000000 0.000000 0.000000 0.999911 0.013341
176.856000 12.493000 -18.733100 0.000000 0.000000 0.000000 0.999911 0.013341
176.990000 12.493000 -18.733100 0.000000 0.000000 0.000000 0.999911 0.013341
177.200000 12.493000 -18.733100 0.000000 0.000000 0.000000 0.999911 0.013341
177.861000 12.493000 -18.733100 0.000000 0.000000 0.000000 0.999992 0.004121
178.062000 12.491600 -18.732700 0.000000 0.000000 0.000000 -0.999987 0.005096
178.262000 12.491600 -18.732700 0.000000 0.000000 0.000000 -0.999723 0.023529
178.462000 12.491600 -18.732700 0.000000 0.000000 0.000000 -0.999560 0.029672
178.862000 12.491600 -18.732700 0.000000 0.000000 0.000000 -0.999464 0.032745
178.864000 12.491600 -18.732700 0.000000 0.000000 0.000000 -0.999464 0.032745
179.062000 12.491600 -18.732700 0.000000 0.000000 0.000000 -0.999464 0.032745
179.384000 12.491600 -18.732700 0.000000 0.000000 0.000000 -0.999723 0.023529
179.533000 12.491600 -18.732700 0.000000 0.000000 0.000000 -0.999898 0.014311
180.650000 12.489400 -18.732800 0.000000 0.000000 0.000000 0.999974 0.007196
181.390000 12.488000 -18.732400 0.000000 0.000000 0.000000 0.987094 0.160139
182.350000 12.480300 -18.723500 0.000000 0.000000 0.000000 0.966029 0.258435
182.453000 12.479800 -18.722600 0.000000 0.000000 0.000000 0.932708 0.360633
182.454000 12.479300 -18.721800 0.000000 0.000000 0.000000 0.919988 0.391946
182.523000 12.477900 -18.721400 0.000000 0.000000 0.000000 0.907511 0.420028
183.010000 12.463800 -18.704600 0.000000 0.000000 0.000000 0.905155 0.425081
183.011000 12.463800 -18.704600 0.000000 0.000000 0.000000 0.893057 0.449943
183.083000 12.464300 -18.705500 0.000000 0.000000 0.000000 0.880274 0.474465
183.625000 12.464300 -18.705500 0.000000 0.000000 0.000000 0.872881 0.487934
183.626000 12.464300 -18.705500 0.000000 0.000000 0.000000 0.868345 0.495961
183.643000 12.464300 -18.705500 0.000000 0.000000 0.000000 0.866818 0.498625
184.124000 12.464300 -18.705500 0.000000 0.000000 0.000000 0.866818 0.498625
184.125000 12.464300 -18.705500 0.000000 0.000000 0.000000 0.866818 0.498625
184.270000 12.464300 -18.705500 0.000000 0.000000 0.000000 0.868345 0.495961
184.363000 12.464300 -18.705500 0.000000 0.000000 0.000000 0.874374 0.485252
184.624000 12.464300 -18.705500 0.000000 0.000000 0.000000 0.884609 0.466333
184.851000 12.464800 -18.706300 0.000000 0.000000 0.000000 0.899863 0.436173
185.128000 12.464800 -18.706300 0.000000 0.000000 0.000000 0.917789 0.397069
185.150000 12.463300 -18.703700 0.000000 0.000000 0.000000 0.938336 0.345725
185.335000 12.491600 -18.657000 0.000000 0.000000 0.000000 0.927094 0.374828
185.614000 12.490800 -18.655200 0.000000 0.000000 0.000000 0.933846 0.357674
185.874000 12.487800 -18.653200 0.000000 0.000000 0.000000 0.947387 0.320092
186.099000 12.486500 -18.652600 0.000000 0.000000 0.000000 0.961128 0.276102
186.100000 12.486500 -18.652600 0.000000 0.000000 0.000000 0.971388 0.237500
186.340000 12.483500 -18.650600 0.000000 0.000000 0.000000 0.980097 0.198519
187.464000 12.480000 -18.649900 0.000000 0.000000 0.000000 0.986246 0.165284
187.476000 12.455500 -18.722100 0.000000 0.000000 0.000000 0.990121 0.140218
187.868000 12.449700 -18.721300 0.000000 0.000000 0.000000 0.994294 0.106678
187.890000 12.449700 -18.721300 0.000000 0.000000 0.000000 0.994294 0.106678
188.150000 12.449700 -18.721300 0.000000 0.000000 0.000000 0.994294 0.106678
188.243000 12.449700 -18.721300 0.000000 0.000000 0.000000 0.994294 0.106678
188.460000 12.449400 -18.720300 0.000000 0.000000 0.000000 0.994930 0.100566
188.937000 12.448400 -18.720700 0.000000 0.000000 0.000000 0.996091 0.088331
189.124000 12.442700 -18.719800 0.000000 0.000000 0.000000 0.999451 0.033130
189.350000 12.444000 -18.720400 0.000000 0.000000 0.000000 0.999997 0.002406
189.590000 12.443600 -18.719500 0.000000 0.000000 0.000000 -0.999818 0.019100
189.661000 12.436400 -18.720300 0.000000 0.000000 0.000000 -0.999599 0.028318
189.998000 12.408900 -18.721800 0.000000 0.000000 0.000000 -0.999046 0.043672
190.050000 12.351000 -18.728200 0.000000 0.000000 0.000000 -0.998257 0.059012
190.374000 12.267300 -18.737600 0.000000 0.000000 0.000000 -0.998434 0.055947
190.443000 12.200000 -18.744600 0.000000 0.000000 0.000000 -0.998434 0.055947
190.839000 12.152500 -18.750000 0.000000 0.000000 0.000000 -0.998601 0.052877
190.844000 12.107800 -18.754300 0.000000 0.000000 0.000000 -0.998759 0.049811
191.239000 12.050400 -18.759400 0.000000 0.000000 0.000000 -0.998601 0.052877
191.243000 11.977100 -18.767800 0.000000 0.000000 0.000000 -0.998434 0.055947
191.935000 11.911100 -18.775300 0.000000 0.000000 0.000000 -0.998257 0.059012
191.946000 11.861400 -18.780600 0.000000 0.000000 0.000000 -0.998601 0.052877
192.205000 11.764000 -18.819200 0.000000 0.000000 0.000000 -0.995615 0.093544
192.260000 11.697600 -18.830700 0.000000 0.000000 0.000000 -0.996171 0.087425
192.803000 11.639200 -18.840200 0.000000 0.000000 0.000000 -0.996690 0.081301
192.815000 11.587100 -18.848600 0.000000 0.000000 0.000000 -0.997170 0.075175
192.950000 11.533200 -18.855800 0.000000 0.000000 0.000000 -0.997613 0.069046
193.198000 11.473000 -18.864000 0.000000 0.000000 0.000000 -0.998019 0.062915
193.243000 11.408700 -18.871000 0.000000 0.000000 0.000000 -0.998387 0.056781
193.637000 11.351200 -18.877800 0.000000 0.000000 0.000000 -0.998717 0.050645
193.661000 11.297200 -18.882700 0.000000 0.000000 0.000000 -0.999009 0.044502
193.843000 11.239600 -18.887300 0.000000 0.000000 0.000000 -0.999141 0.041434
194.183000 11.179800 -18.891900 0.000000 0.000000 0.000000 -0.999377 0.035294
194.260000 11.119500 -18.895600 0.000000 0.000000 0.000000 -0.999481 0.032221
194.785000 11.062300 -18.898800 0.000000 0.000000 0.000000 -0.999575 0.029152
194.797000 11.005100 -18.902000 0.000000 0.000000 0.000000 -0.999660 0.026078
194.843000 10.947400 -18.904400 0.000000 0.000000 0.000000 -0.999735 0.023009
195.238000 10.887600 -18.906700 0.000000 0.000000 0.000000 -0.999735 0.023009
195.243000 10.831300 -18.909500 0.000000 0.000000 0.000000 -0.999801 0.019935
195.589000 10.772300 -18.911400 0.000000 0.000000 0.000000 -0.999858 0.016861
195.660000 10.809100 -18.910200 0.000000 0.000000 0.000000 -0.999182 0.040445
196.062000 10.751100 -18.914400 0.000000 0.000000 0.000000 -0.999182 0.040445
196.064000 10.694500 -18.919000 0.000000 0.000000 0.000000 -0.999301 0.037373
196.300000 10.636000 -18.922300 0.000000 0.000000 0.000000 -0.999512 0.031231
196.636000 10.576600 -18.926100 0.000000 0.000000 0.000000 -0.999603 0.028163
196.644000 10.517600 -18.928600 0.000000 0.000000 0.000000 -0.999758 0.022020
196.990000 10.459500 -18.930500 0.000000 0.000000 0.000000 -0.999874 0.015871
197.044000 10.403000 -18.931500 0.000000 0.000000 0.000000 -0.999953 0.009726
197.522000 10.344400 -18.932600 0.000000 0.000000 0.000000 -0.999994 0.003581
197.523000 10.286600 -18.933100 0.000000 0.000000 0.000000 -1.000000 0.000511
197.937000 10.226900 -18.932500 0.000000 0.000000 0.000000 0.999997 0.002561
197.992000 10.170800 -18.932100 0.000000 0.000000 0.000000 0.999931 0.011781
198.081000 10.112400 -18.929600 0.000000 0.000000 0.000000 0.999839 0.017925
198.390000 10.050800 -18.927700 0.000000 0.000000 0.000000 0.999779 0.021000
198.444000 9.989590 -18.924500 0.000000 0.000000 0.000000 0.999710 0.024069
198.867000 9.934720 -18.922200 0.000000 0.000000 0.000000 0.999710 0.024069
198.868000 9.880720 -18.919400 0.000000 0.000000 0.000000 0.999632 0.027143
199.044000 9.821740 -18.916000 0.000000 0.000000 0.000000 0.999544 0.030212
199.439000 9.848060 -18.960100 0.000000 0.000000 0.000000 0.999990 0.004416
199.445000 9.788430 -18.958900 0.000000 0.000000 0.000000 0.999972 0.007486
199.829000 9.732960 -18.958600 0.000000 0.000000 0.000000 0.999972 0.007486
199.844000 9.674170 -18.956900 0.000000 0.000000 0.000000 0.999944 0.010561
200.235000 9.612320 -18.956000 0.000000 0.000000 0.000000 0.999944 0.010561
200.261000 9.553520 -18.954300 0.000000 0.000000 0.000000 0.999944 0.010561
200.444000 9.498330 -18.952600 0.000000 0.000000 0.000000 0.999860 0.016706
200.790000 9.440360 -18.950300 0.000000 0.000000 0.000000 0.999739 0.022849
200.850000 9.379910 -18.946100 0.000000 0.000000 0.000000 0.999580 0.028992
201.183000 9.319170 -18.943300 0.000000 0.000000 0.000000 0.999383 0.035134
201.244000 9.264530 -18.938800 0.000000 0.000000 0.000000 0.999270 0.038207
201.915000 9.209900 -18.934400 0.000000 0.000000 0.000000 0.999016 0.044347
201.941000 9.149160 -18.927900 0.000000 0.000000 0.000000 0.998725 0.050485
202.127000 9.029360 -18.914000 0.000000 0.000000 0.000000 0.998029 0.062755
202.245000 8.975280 -18.906700 0.000000 0.000000 0.000000 0.997624 0.068892
202.886000 8.917870 -18.898100 0.000000 0.000000 0.000000 0.997182 0.075021
202.898000 8.859080 -18.889200 0.000000 0.000000 0.000000 0.996947 0.078082
203.169000 8.824590 -18.899800 0.000000 0.000000 0.000000 0.999236 0.039091
203.250000 8.766680 -18.895700 0.000000 0.000000 0.000000 0.999236 0.039091
203.585000 8.707540 -18.890000 0.000000 0.000000 0.000000 0.999111 0.042159
203.644000 8.647620 -18.884900 0.000000 0.000000 0.000000 0.999111 0.042159
204.093000 8.590500 -18.880100 0.000000 0.000000 0.000000 0.998977 0.045231
204.094000 8.534170 -18.874800 0.000000 0.000000 0.000000 0.998833 0.048298
204.244000 8.474410 -18.868300 0.000000 0.000000 0.000000 0.998517 0.054434
204.929000 8.414040 -18.861000 0.000000 0.000000 0.000000 0.998345 0.057505
204.942000 8.356470 -18.854100 0.000000 0.000000 0.000000 0.998345 0.057505
205.192000 8.245550 -18.840700 0.000000 0.000000 0.000000 0.997973 0.063638
205.244000 8.184560 -18.832600 0.000000 0.000000 0.000000 0.997773 0.066707
205.884000 8.124980 -18.824700 0.000000 0.000000 0.000000 0.997773 0.066707
205.897000 8.067580 -18.816400 0.000000 0.000000 0.000000 0.997563 0.069770
205.953000 8.011590 -18.808200 0.000000 0.000000 0.000000 0.997563 0.069770
206.199000 7.952790 -18.799700 0.000000 0.000000 0.000000 0.997344 0.072837
206.225000 7.895390 -18.791300 0.000000 0.000000 0.000000 0.997344 0.072837
206.874000 7.865570 -18.791700 0.000000 0.000000 0.000000 0.998998 0.044761
206.891000 7.835930 -18.789800 0.000000 0.000000 0.000000 0.999130 0.041694
207.215000 7.722540 -18.779000 0.000000 0.000000 0.000000 0.998998 0.044761
207.217000 7.664770 -18.773900 0.000000 0.000000 0.000000 0.998855 0.047833
207.825000 7.460090 -18.750200 0.000000 0.000000 0.000000 0.997804 0.066238
208.064000 7.404660 -18.741700 0.000000 0.000000 0.000000 0.997378 0.072368
208.239000 7.375860 -18.737700 0.000000 0.000000 0.000000 0.997378 0.072368
208.552000 7.316200 -18.729000 0.000000 0.000000 0.000000 0.996914 0.078495
208.640000 7.257370 -18.718100 0.000000 0.000000 0.000000 0.996413 0.084620
208.973000 7.200620 -18.708100 0.000000 0.000000 0.000000 0.995874 0.090746
208.985000 7.143200 -18.697400 0.000000 0.000000 0.000000 0.995298 0.096864
209.449000 7.085880 -18.685200 0.000000 0.000000 0.000000 0.994684 0.102978
209.450000 7.027140 -18.672900 0.000000 0.000000 0.000000 0.994363 0.106032
209.545000 6.970570 -18.660100 0.000000 0.000000 0.000000 0.994032 0.109089
209.920000 6.942610 -18.654100 0.000000 0.000000 0.000000 0.994032 0.109089
209.941000 6.887450 -18.641400 0.000000 0.000000 0.000000 0.993343 0.115195
210.193000 6.846370 -18.609100 0.000000 0.000000 0.000000 0.994705 0.102770
210.479000 6.788140 -18.596300 0.000000 0.000000 0.000000 0.994384 0.105828
210.501000 6.731310 -18.583400 0.000000 0.000000 0.000000 0.994055 0.108880
211.604000 6.674490 -18.570600 0.000000 0.000000 0.000000 0.993715 0.111936
211.612000 6.474680 -18.522500 0.000000 0.000000 0.000000 0.993009 0.118040
211.613000 6.420000 -18.509100 0.000000 0.000000 0.000000 0.992642 0.121088
211.793000 6.366740 -18.495700 0.000000 0.000000 0.000000 0.992265 0.124140
212.258000 6.325410 -18.484900 0.000000 0.000000 0.000000 0.992265 0.124140
212.259000 6.317670 -18.483900 0.000000 0.000000 0.000000 0.991879 0.127186
212.830000 6.321170 -18.484700 0.000000 0.000000 0.000000 0.992265 0.124140
213.045000 6.321170 -18.484700 0.000000 0.000000 0.000000 0.992642 0.121088
213.225000 6.321170 -18.484700 0.000000 0.000000 0.000000 0.993367 0.114986
213.491000 6.321170 -18.484700 0.000000 0.000000 0.000000 0.995017 0.099710
213.625000 6.321910 -18.484100 0.000000 0.000000 0.000000 0.997393 0.072159
213.957000 6.321170 -18.484700 0.000000 0.000000 0.000000 0.999574 0.029202
214.026000 6.319760 -18.484700 0.000000 0.000000 0.000000 -0.999574 0.029172
214.535000 6.315520 -18.484500 0.000000 0.000000 0.000000 -0.997395 0.072134
214.536000 6.314780 -18.485200 0.000000 0.000000 0.000000 -0.996933 0.078261
214.626000 6.314780 -18.485200 0.000000 0.000000 0.000000 -0.996688 0.081326
215.029000 6.314780 -18.485200 0.000000 0.000000 0.000000 -0.996433 0.084386
215.051000 6.314780 -18.485200 0.000000 0.000000 0.000000 -0.996433 0.084386
215.301000 6.312640 -18.485800 0.000000 0.000000 0.000000 -0.996933 0.078261
215.581000 6.297720 -18.487400 0.000000 0.000000 0.000000 -0.997819 0.066003
215.626000 6.268460 -18.514300 0.000000 0.000000 0.000000 -0.996538 0.083140
216.041000 6.191330 -18.527400 0.000000 0.000000 0.000000 -0.996538 0.083140
216.042000 6.109250 -18.541200 0.000000 0.000000 0.000000 -0.996277 0.086204
216.333000 6.052630 -18.550900 0.000000 0.000000 0.000000 -0.996788 0.080080
216.612000 6.009470 -18.557100 0.000000 0.000000 0.000000 -0.997697 0.067824
216.631000 5.964190 -18.563900 0.000000 0.000000 0.000000 -0.997484 0.070887
216.826000 5.897680 -18.572100 0.000000 0.000000 0.000000 -0.997901 0.064756
217.138000 5.824810 -18.581000 0.000000 0.000000 0.000000 -0.998280 0.058623
217.231000 5.768210 -18.587800 0.000000 0.000000 0.000000 -0.998456 0.055553
217.594000 5.720820 -18.592600 0.000000 0.000000 0.000000 -0.998778 0.049416
217.625000 5.668470 -18.598000 0.000000 0.000000 0.000000 -0.998778 0.049416
218.091000 5.605510 -18.604100 0.000000 0.000000 0.000000 -0.998925 0.046350
218.092000 5.538300 -18.610100 0.000000 0.000000 0.000000 -0.998925 0.046350
218.226000 5.481010 -18.614800 0.000000 0.000000 0.000000 -0.999063 0.043278
218.551000 5.430080 -18.618900 0.000000 0.000000 0.000000 -0.999191 0.040210
218.626000 5.372780 -18.623600 0.000000 0.000000 0.000000 -0.999063 0.043278
219.073000 5.310530 -18.629000 0.000000 0.000000 0.000000 -0.998778 0.049416
219.074000 5.300280 -18.615400 0.000000 0.000000 0.000000 -0.996685 0.081356
219.301000 5.244840 -18.624700 0.000000 0.000000 0.000000 -0.996166 0.087479
219.517000 5.190140 -18.634700 0.000000 0.000000 0.000000 -0.996166 0.087479
219.625000 5.129790 -18.645100 0.000000 0.000000 0.000000 -0.996166 0.087479
220.034000 5.069450 -18.655400 0.000000 0.000000 0.000000 -0.996431 0.084416
220.061000 5.015420 -18.664600 0.000000 0.000000 0.000000 -0.996685 0.081356
220.226000 4.959230 -18.673300 0.000000 0.000000 0.000000 -0.997166 0.075230
220.571000 4.900220 -18.682100 0.000000 0.000000 0.000000 -0.997393 0.072164
220.640000 4.841880 -18.690200 0.000000 0.000000 0.000000 -0.997817 0.066033
220.977000 4.787030 -18.697400 0.000000 0.000000 0.000000 -0.998016 0.062965
221.027000 4.726540 -18.704900 0.000000 0.000000 0.000000 -0.997817 0.066033
221.501000 4.665370 -18.713100 0.000000 0.000000 0.000000 -0.997610 0.069101
221.502000 4.608440 -18.721100 0.000000 0.000000 0.000000 -0.997817 0.066033
221.940000 4.551440 -18.727700 0.000000 0.000000 0.000000 -0.998714 0.050695
222.020000 4.496440 -18.732100 0.000000 0.000000 0.000000 -0.999574 0.029202
222.026000 4.437050 -18.733800 0.000000 0.000000 0.000000 -0.999989 0.004626
222.497000 4.377510 -18.732800 0.000000 0.000000 0.000000 0.999942 0.010736
222.498000 4.318640 -18.731000 0.000000 0.000000 0.000000 0.999942 0.010736
222.626000 4.364750 -18.779200 0.000000 0.000000 0.000000 -0.999937 0.011191
222.957000 4.306640 -18.781000 0.000000 0.000000 0.000000 -0.999987 0.005046
223.070000 4.244020 -18.780400 0.000000 0.000000 0.000000 0.999991 0.004176
223.456000 4.183580 -18.780200 0.000000 0.000000 0.000000 0.999991 0.004176
223.457000 4.127360 -18.779700 0.000000 0.000000 0.000000 0.999974 0.007246
224.482000 4.071770 -18.778300 0.000000 0.000000 0.000000 0.999910 0.013391
224.874000 3.781060 -18.765200 0.000000 0.000000 0.000000 0.999587 0.028752
224.875000 3.720950 -18.761500 0.000000 0.000000 0.000000 0.999493 0.031826
225.091000 3.660080 -18.757100 0.000000 0.000000 0.000000 0.999279 0.037967
225.359000 3.604820 -18.752200 0.000000 0.000000 0.000000 0.998887 0.047174
225.521000 3.548020 -18.746000 0.000000 0.000000 0.000000 0.998737 0.050245
225.854000 3.488400 -18.740100 0.000000 0.000000 0.000000 0.998578 0.053311
225.881000 3.430820 -18.733300 0.000000 0.000000 0.000000 0.998409 0.056381
226.091000 3.372460 -18.725900 0.000000 0.000000 0.000000 0.998231 0.059451
226.412000 3.346680 -18.767700 0.000000 0.000000 0.000000 0.999432 0.033690
226.426000 3.288010 -18.763200 0.000000 0.000000 0.000000 0.999620 0.027548
226.807000 3.228980 -18.761000 0.000000 0.000000 0.000000 0.999926 0.012186
226.827000 3.170970 -18.760800 0.000000 0.000000 0.000000 -0.999980 0.006251
227.346000 3.113180 -18.761900 0.000000 0.000000 0.000000 -0.999957 0.009321
227.347000 3.055980 -18.762300 0.000000 0.000000 0.000000 -0.999957 0.009321
227.461000 2.994590 -18.763300 0.000000 0.000000 0.000000 -0.999923 0.012396
228.627000 2.934000 -18.764900 0.000000 0.000000 0.000000 -0.999880 0.015466
229.404000 2.700920 -18.775600 0.000000 0.000000 0.000000 -0.999695 0.024684
229.542000 2.641960 -18.778400 0.000000 0.000000 0.000000 -0.999695 0.024684
229.771000 2.409840 -18.786000 0.000000 0.000000 0.000000 -0.999923 0.012396
229.784000 2.353440 -18.787000 0.000000 0.000000 0.000000 -0.999923 0.012396
229.891000 2.379540 -18.818400 0.000000 0.000000 0.000000 -0.999388 0.034994
230.129000 2.319890 -18.822900 0.000000 0.000000 0.000000 -0.999388 0.034994
230.228000 2.260800 -18.826600 0.000000 0.000000 0.000000 -0.999275 0.038062
230.662000 2.201990 -18.831600 0.000000 0.000000 0.000000 -0.999275 0.038062
231.428000 2.145120 -18.835600 0.000000 0.000000 0.000000 -0.999388 0.034994
231.636000 1.913770 -18.846500 0.000000 0.000000 0.000000 -0.999909 0.013491
231.637000 1.856360 -18.847700 0.000000 0.000000 0.000000 -0.999973 0.007346
231.827000 1.795060 -18.847500 0.000000 0.000000 0.000000 -0.999999 0.001201
232.142000 1.734600 -18.847900 0.000000 0.000000 0.000000 -0.999999 0.001201
232.241000 1.676910 -18.847700 0.000000 0.000000 0.000000 0.999988 0.004946
232.556000 1.649450 -18.847300 0.000000 0.000000 0.000000 0.999968 0.008016
233.479000 1.592880 -18.845500 0.000000 0.000000 0.000000 0.999900 0.014166
233.830000 1.330850 -18.869300 0.000000 0.000000 0.000000 0.999980 0.006366
233.831000 1.270830 -18.868000 0.000000 0.000000 0.000000 0.999922 0.012511
233.927000 1.213560 -18.866000 0.000000 0.000000 0.000000 0.999764 0.021730
234.385000 1.184070 -18.864500 0.000000 0.000000 0.000000 0.999692 0.024799
234.387000 1.125600 -18.860700 0.000000 0.000000 0.000000 0.999611 0.027873
234.488000 1.065760 -18.857100 0.000000 0.000000 0.000000 0.999421 0.034015
234.798000 1.008670 -18.852900 0.000000 0.000000 0.000000 0.999312 0.037088
234.941000 0.950209 -18.849100 0.000000 0.000000 0.000000 0.999193 0.040156
235.271000 0.892263 -18.844400 0.000000 0.000000 0.000000 0.999193 0.040156
235.272000 0.863808 -18.841100 0.000000 0.000000 0.000000 0.999193 0.040156
235.491000 0.806718 -18.836900 0.000000 0.000000 0.000000 0.999065 0.043228
235.764000 0.718089 -18.828800 0.000000 0.000000 0.000000 0.999065 0.043228
236.281000 0.572369 -18.816500 0.000000 0.000000 0.000000 0.999193 0.040156
236.530000 0.515278 -18.812300 0.000000 0.000000 0.000000 0.999312 0.037088
236.633000 0.455959 -18.807900 0.000000 0.000000 0.000000 0.999521 0.030941
236.868000 0.397495 -18.804000 0.000000 0.000000 0.000000 0.999611 0.027873
237.021000 0.342903 -18.819100 0.000000 0.000000 0.000000 0.999995 0.003266
237.298000 0.283844 -18.819000 0.000000 0.000000 0.000000 0.999980 0.006341
237.371000 0.225260 -18.818000 0.000000 0.000000 0.000000 0.999956 0.009411
238.023000 0.167152 -18.816100 0.000000 0.000000 0.000000 0.999879 0.015556
238.034000 0.137219 -18.814700 0.000000 0.000000 0.000000 0.999826 0.018630
238.301000 0.020599 -18.809600 0.000000 0.000000 0.000000 0.999612 0.027848
238.303000 -0.037437 -18.805500 0.000000 0.000000 0.000000 0.999422 0.033990
238.488000 -0.095473 -18.801400 0.000000 0.000000 0.000000 0.999194 0.040131
238.804000 -0.153913 -18.796000 0.000000 0.000000 0.000000 0.998929 0.046270
238.891000 -0.213233 -18.790000 0.000000 0.000000 0.000000 0.998626 0.052407
239.205000 -0.272077 -18.783200 0.000000 0.000000 0.000000 0.998460 0.055478
239.231000 -0.301059 -18.780100 0.000000 0.000000 0.000000 0.998285 0.058543
239.409000 -0.359903 -18.773300 0.000000 0.000000 0.000000 0.998460 0.055478
240.382000 -0.416988 -18.767400 0.000000 0.000000 0.000000 0.998782 0.049341
240.575000 -0.651726 -18.762100 0.000000 0.000000 0.000000 -0.999959 0.009021
240.641000 -0.634791 -18.793600 0.000000 0.000000 0.000000 -0.999420 0.034065
241.028000 -0.691527 -18.796700 0.000000 0.000000 0.000000 -0.999610 0.027923
241.029000 -0.753639 -18.799600 0.000000 0.000000 0.000000 -0.999691 0.024849
241.208000 -0.814846 -18.802800 0.000000 0.000000 0.000000 -0.999763 0.021780
241.568000 -0.872487 -18.805600 0.000000 0.000000 0.000000 -0.999825 0.018705
241.608000 -0.927468 -18.807400 0.000000 0.000000 0.000000 -0.999878 0.015636
241.936000 -0.985589 -18.808800 0.000000 0.000000 0.000000 -0.999955 0.009486
242.009000 -1.046420 -18.808900 0.000000 0.000000 0.000000 -0.999994 0.003341
242.352000 -1.104120 -18.809400 0.000000 0.000000 0.000000 0.999996 0.002801
242.421000 -1.161390 -18.809000 0.000000 0.000000 0.000000 0.999960 0.008946
243.625000 -1.219140 -18.807200 0.000000 0.000000 0.000000 0.999928 0.012021
243.661000 -1.452430 -18.798100 0.000000 0.000000 0.000000 0.999625 0.027383
243.662000 -1.512890 -18.795100 0.000000 0.000000 0.000000 0.999438 0.033525
243.881000 -1.573410 -18.789900 0.000000 0.000000 0.000000 0.999213 0.039666
244.135000 -1.632120 -18.785500 0.000000 0.000000 0.000000 0.999087 0.042733
244.251000 -1.633150 -18.781100 0.000000 0.000000 0.000000 0.999284 0.037837
244.637000 -1.691130 -18.776200 0.000000 0.000000 0.000000 0.999033 0.043977
244.639000 -1.753170 -18.770600 0.000000 0.000000 0.000000 0.998893 0.047044
244.871000 -1.812980 -18.764800 0.000000 0.000000 0.000000 0.998585 0.053181
245.129000 -1.868320 -18.758900 0.000000 0.000000 0.000000 0.998239 0.059316
245.241000 -1.923260 -18.752000 0.000000 0.000000 0.000000 0.998585 0.053181
245.536000 -1.984390 -18.746800 0.000000 0.000000 0.000000 0.999498 0.031691
246.506000 -2.044500 -18.744200 0.000000 0.000000 0.000000 0.999975 0.007116
246.631000 -2.336010 -18.742900 0.000000 0.000000 0.000000 0.999948 0.010191
246.939000 -2.394290 -18.741200 0.000000 0.000000 0.000000 0.999912 0.013261
247.061000 -2.452570 -18.739400 0.000000 0.000000 0.000000 0.999812 0.019405
247.947000 -2.511770 -18.737200 0.000000 0.000000 0.000000 0.999747 0.022479
247.948000 -2.571880 -18.734600 0.000000 0.000000 0.000000 0.999590 0.028622
247.949000 -2.628950 -18.730100 0.000000 0.000000 0.000000 0.999396 0.034764
247.950000 -2.659510 -18.750500 0.000000 0.000000 0.000000 0.999980 0.006261
248.221000 -2.719910 -18.749500 0.000000 0.000000 0.000000 0.999956 0.009336
248.576000 -2.779370 -18.748800 0.000000 0.000000 0.000000 0.999980 0.006261
248.577000 -2.835670 -18.748200 0.000000 0.000000 0.000000 1.000000 0.000116
248.641000 -2.891970 -18.747700 0.000000 0.000000 0.000000 -0.999996 0.002956
248.973000 -2.951780 -18.748000 0.000000 0.000000 0.000000 -0.999982 0.006026
249.009000 -3.014150 -18.749400 0.000000 0.000000 0.000000 -0.999982 0.006026
249.423000 -3.070800 -18.749800 0.000000 0.000000 0.000000 -0.999959 0.009101
249.451000 -3.125570 -18.750900 0.000000 0.000000 0.000000 -0.999982 0.006026
249.609000 -3.186320 -18.750800 0.000000 0.000000 0.000000 -0.999982 0.006026
249.955000 -3.250570 -18.751500 0.000000 0.000000 0.000000 -0.999959 0.009101
250.041000 -3.309790 -18.753100 0.000000 0.000000 0.000000 -0.999959 0.009101
250.389000 -3.363620 -18.754500 0.000000 0.000000 0.000000 -0.999959 0.009101
250.409000 -3.418980 -18.754300 0.000000 0.000000 0.000000 -0.999996 0.002956
250.816000 -3.481010 -18.754800 0.000000 0.000000 0.000000 1.000000 0.000116
250.817000 -3.542690 -18.754400 0.000000 0.000000 0.000000 0.999995 0.003191
251.021000 -3.599930 -18.753500 0.000000 0.000000 0.000000 0.999956 0.009336
251.334000 -3.652720 -18.752100 0.000000 0.000000 0.000000 0.999880 0.015481
251.410000 -3.669180 -18.732200 0.000000 0.000000 0.000000 -0.999848 0.017435
252.172000 -3.731130 -18.734400 0.000000 0.000000 0.000000 -0.999848 0.017435
252.209000 -3.905700 -18.737900 0.000000 0.000000 0.000000 -0.999998 0.002071
252.560000 -3.964910 -18.737800 0.000000 0.000000 0.000000 -0.999998 0.002071
252.610000 -4.019990 -18.737700 0.000000 0.000000 0.000000 -0.999998 0.002071
253.036000 -4.071910 -18.737600 0.000000 0.000000 0.000000 -0.999998 0.002071
253.061000 -4.130150 -18.737700 0.000000 0.000000 0.000000 -0.999998 0.002071
253.209000 -4.194710 -18.738100 0.000000 0.000000 0.000000 -0.999998 0.002071
253.662000 -4.257070 -18.738100 0.000000 0.000000 0.000000 0.999999 0.001001
254.237000 -4.312150 -18.738100 0.000000 0.000000 0.000000 0.999992 0.004071
254.553000 -4.547060 -18.730800 0.000000 0.000000 0.000000 0.999747 0.022509
254.631000 -4.601320 -18.727900 0.000000 0.000000 0.000000 0.999747 0.022509
255.535000 -4.659020 -18.726100 0.000000 0.000000 0.000000 0.999811 0.019435
255.571000 -4.697780 -18.770600 0.000000 0.000000 0.000000 -0.999985 0.005561
255.572000 -4.757440 -18.771300 0.000000 0.000000 0.000000 -0.999985 0.005561
255.573000 -4.814930 -18.771400 0.000000 0.000000 0.000000 -0.999963 0.008636
255.609000 -4.872640 -18.772500 0.000000 0.000000 0.000000 -0.999931 0.011706
255.968000 -4.929600 -18.774800 0.000000 0.000000 0.000000 -0.999891 0.014781
256.010000 -4.989490 -18.776400 0.000000 0.000000 0.000000 -0.999841 0.017855
256.451000 -5.048400 -18.778200 0.000000 0.000000 0.000000 -0.999781 0.020925
256.472000 -5.096150 -18.780600 0.000000 0.000000 0.000000 -0.999781 0.020925
256.631000 -5.121100 -18.782000 0.000000 0.000000 0.000000 -0.999634 0.027068
256.948000 -5.118930 -18.781500 0.000000 0.000000 0.000000 -0.999712 0.023999
257.061000 -5.116760 -18.781000 0.000000 0.000000 0.000000 -0.999634 0.027068
257.409000 -5.116760 -18.781000 0.000000 0.000000 0.000000 -0.999634 0.027068
257.411000 -5.116760 -18.781000 0.000000 0.000000 0.000000 -0.999634 0.027068
257.589000 -5.116760 -18.781000 0.000000 0.000000 0.000000 -0.999712 0.023999
257.844000 -5.119910 -18.781300 0.000000 0.000000 0.000000 -0.999931 0.011706
258.012000 -5.120880 -18.781000 0.000000 0.000000 0.000000 1.000000 0.000581
258.210000 -5.120880 -18.781000 0.000000 0.000000 0.000000 0.999683 0.025164
258.520000 -5.120880 -18.781000 0.000000 0.000000 0.000000 0.998438 0.055862
259.123000 -5.121860 -18.780800 0.000000 0.000000 0.000000 0.996512 0.083449
259.349000 -5.128680 -18.779200 0.000000 0.000000 0.000000 0.981209 0.192949
259.431000 -5.129650 -18.779000 0.000000 0.000000 0.000000 0.976170 0.217006
259.773000 -5.086890 -18.786700 0.000000 0.000000 0.000000 0.976955 0.213446
259.802000 -5.087720 -18.785500 0.000000 0.000000 0.000000 0.969937 0.243358
259.962000 -5.090530 -18.784100 0.000000 0.000000 0.000000 0.962001 0.273044
260.274000 -5.093330 -18.782600 0.000000 0.000000 0.000000 0.953159 0.302468
260.381000 -5.093330 -18.782600 0.000000 0.000000 0.000000 0.947420 0.319992
260.783000 -5.094160 -18.781500 0.000000 0.000000 0.000000 0.939269 0.343181
260.784000 -5.094990 -18.780300 0.000000 0.000000 0.000000 0.931671 0.363304
260.870000 -5.094990 -18.780300 0.000000 0.000000 0.000000 0.918861 0.394581
261.344000 -5.096810 -18.779000 0.000000 0.000000 0.000000 0.906304 0.422626
261.345000 -5.084320 -18.696200 0.000000 0.000000 0.000000 0.898405 0.439167
261.471000 -5.085160 -18.695100 0.000000 0.000000 0.000000 0.883051 0.469277
261.860000 -5.086010 -18.694000 0.000000 0.000000 0.000000 0.866688 0.498850
261.862000 -5.087550 -18.690700 0.000000 0.000000 0.000000 0.854163 0.520005
262.001000 -5.087550 -18.690700 0.000000 0.000000 0.000000 0.849335 0.527854
262.405000 -5.088260 -18.688600 0.000000 0.000000 0.000000 0.834415 0.551137
262.406000 -5.089950 -18.686300 0.000000 0.000000 0.000000 0.817087 0.576514
262.581000 -5.090650 -18.684200 0.000000 0.000000 0.000000 0.800833 0.598888
262.913000 -5.091350 -18.682100 0.000000 0.000000 0.000000 0.787767 0.615974
262.951000 -5.091900 -18.678900 0.000000 0.000000 0.000000 0.776278 0.630391
263.428000 -5.078390 -18.666500 0.000000 0.000000 0.000000 0.770433 0.637521
263.429000 -5.082700 -18.640600 0.000000 0.000000 0.000000 0.758550 0.651615
263.551000 -5.090450 -18.582900 0.000000 0.000000 0.000000 0.752510 0.658581
263.847000 -5.101800 -18.501400 0.000000 0.000000 0.000000 0.754532 0.656264
263.872000 -5.111920 -18.432200 0.000000 0.000000 0.000000 0.756543 0.653944
264.070000 -5.118850 -18.382700 0.000000 0.000000 0.000000 0.750485 0.660888
264.412000 -5.123530 -18.338500 0.000000 0.000000 0.000000 0.750485 0.660888
264.442000 -5.131420 -18.281800 0.000000 0.000000 0.000000 0.750485 0.660888
265.567000 -5.140550 -18.212700 0.000000 0.000000 0.000000 0.750485 0.660888
265.836000 -5.179590 -17.926100 0.000000 0.000000 0.000000 0.758550 0.651615
265.837000 -5.190430 -17.861900 0.000000 0.000000 0.000000 0.760550 0.649279
266.042000 -5.199170 -17.804000 0.000000 0.000000 0.000000 0.762540 0.646941
266.355000 -5.207640 -17.751200 0.000000 0.000000 0.000000 0.760550 0.649279
266.437000 -5.216260 -17.699400 0.000000 0.000000 0.000000 0.760550 0.649279
267.605000 -5.225410 -17.637500 0.000000 0.000000 0.000000 0.758550 0.651615
267.631000 -5.207280 -17.405800 0.000000 0.000000 0.000000 0.774602 0.632449
268.103000 -5.219610 -17.345300 0.000000 0.000000 0.000000 0.772653 0.634828
268.388000 -5.230240 -17.288100 0.000000 0.000000 0.000000 0.768738 0.639564
269.137000 -5.241240 -17.234800 0.000000 0.000000 0.000000 0.770701 0.637197
269.150000 -5.251960 -17.178500 0.000000 0.000000 0.000000 0.770701 0.637197
269.353000 -5.263200 -17.117200 0.000000 0.000000 0.000000 0.770701 0.637197
269.582000 -5.304800 -16.889200 0.000000 0.000000 0.000000 0.766771 0.641921
270.565000 -5.316950 -16.826800 0.000000 0.000000 0.000000 0.768738 0.639564
270.873000 -5.385920 -16.601500 0.000000 0.000000 0.000000 0.792050 0.610456
270.902000 -5.400480 -16.546800 0.000000 0.000000 0.000000 0.792050 0.610456
271.032000 -5.414090 -16.493100 0.000000 0.000000 0.000000 0.790169 0.612889
271.313000 -5.428480 -16.434400 0.000000 0.000000 0.000000 0.786388 0.617733
271.462000 -5.442860 -16.375700 0.000000 0.000000 0.000000 0.784485 0.620148
271.810000 -5.456290 -16.318100 0.000000 0.000000 0.000000 0.782577 0.622553
271.832000 -5.468850 -16.263400 0.000000 0.000000 0.000000 0.784485 0.620148
272.186000 -5.482280 -16.205800 0.000000 0.000000 0.000000 0.786388 0.617733
272.262000 -5.496750 -16.149100 0.000000 0.000000 0.000000 0.786388 0.617733
272.913000 -5.539170 -15.979000 0.000000 0.000000 0.000000 0.788281 0.615316
273.266000 -5.553600 -15.921300 0.000000 0.000000 0.000000 0.790169 0.612889
273.312000 -5.568070 -15.864600 0.000000 0.000000 0.000000 0.792050 0.610456
274.026000 -5.582640 -15.809900 0.000000 0.000000 0.000000 0.793920 0.608022
274.153000 -5.599110 -15.753100 0.000000 0.000000 0.000000 0.795786 0.605577
274.205000 -5.615530 -15.695300 0.000000 0.000000 0.000000 0.797642 0.603132
274.206000 -5.658030 -15.669400 0.000000 0.000000 0.000000 0.817931 0.575317
274.312000 -5.677620 -15.617000 0.000000 0.000000 0.000000 0.814380 0.580332
275.195000 -5.696280 -15.562500 0.000000 0.000000 0.000000 0.812592 0.582833
275.207000 -5.715020 -15.505100 0.000000 0.000000 0.000000 0.810796 0.585329
275.296000 -5.752380 -15.394100 0.000000 0.000000 0.000000 0.810796 0.585329
275.313000 -5.771030 -15.339700 0.000000 0.000000 0.000000 0.810796 0.585329
276.228000 -5.788680 -15.285200 0.000000 0.000000 0.000000 0.810796 0.585329
276.354000 -5.808420 -15.227700 0.000000 0.000000 0.000000 0.814380 0.580332
276.764000 -5.887110 -15.007000 0.000000 0.000000 0.000000 0.819693 0.572803
277.162000 -5.907850 -14.949600 0.000000 0.000000 0.000000 0.821451 0.570280
277.392000 -5.955690 -14.823000 0.000000 0.000000 0.000000 0.824939 0.565221
277.662000 -5.954570 -14.827000 0.000000 0.000000 0.000000 0.824939 0.565221
278.155000 -5.953510 -14.828900 0.000000 0.000000 0.000000 0.821451 0.570280
278.313000 -5.954540 -14.828000 0.000000 0.000000 0.000000 0.798022 0.602629
279.477000 -5.954570 -14.827000 0.000000 0.000000 0.000000 0.782966 0.622064
280.629000 -5.954810 -14.819000 0.000000 0.000000 0.000000 0.709508 0.704697
281.115000 -5.959880 -14.669900 0.000000 0.000000 0.000000 0.736702 0.676218
281.159000 -5.964200 -14.612900 0.000000 0.000000 0.000000 0.732529 0.680736
281.574000 -5.975430 -14.453800 0.000000 0.000000 0.000000 0.730436 0.682981
281.575000 -5.979660 -14.383700 0.000000 0.000000 0.000000 0.728332 0.685224
282.164000 -5.983140 -14.325600 0.000000 0.000000 0.000000 0.726225 0.687457
282.499000 -5.992970 -14.162300 0.000000 0.000000 0.000000 0.726225 0.687457
282.512000 -5.996470 -14.097100 0.000000 0.000000 0.000000 0.728332 0.685224
282.988000 -6.000100 -14.038000 0.000000 0.000000 0.000000 0.728332 0.685224
282.989000 -6.003840 -13.985000 0.000000 0.000000 0.000000 0.730436 0.682981
283.113000 -6.007870 -13.930000 0.000000 0.000000 0.000000 0.730436 0.682981
283.454000 -6.011790 -13.868900 0.000000 0.000000 0.000000 0.732529 0.680736
283.513000 -6.016140 -13.804900 0.000000 0.000000 0.000000 0.734619 0.678480
283.941000 -6.027810 -13.757400 0.000000 0.000000 0.000000 0.755391 0.655275
283.942000 -6.035370 -13.703800 0.000000 0.000000 0.000000 0.757402 0.652949
284.162000 -6.044300 -13.648500 0.000000 0.000000 0.000000 0.757402 0.652949
284.490000 -6.053230 -13.588100 0.000000 0.000000 0.000000 0.757402 0.652949
284.491000 -6.062350 -13.531800 0.000000 0.000000 0.000000 0.759403 0.650621
284.653000 -6.071280 -13.471300 0.000000 0.000000 0.000000 0.761400 0.648282
284.980000 -6.080600 -13.414100 0.000000 0.000000 0.000000 0.761400 0.648282
285.013000 -6.085260 -13.385400 0.000000 0.000000 0.000000 0.761400 0.648282
285.486000 -6.094390 -13.329100 0.000000 0.000000 0.000000 0.763387 0.645942
285.487000 -6.104690 -13.272000 0.000000 0.000000 0.000000 0.765369 0.643591
285.632000 -6.115380 -13.213000 0.000000 0.000000 0.000000 0.765369 0.643591
285.968000 -6.124700 -13.155700 0.000000 0.000000 0.000000 0.763387 0.645942
285.974000 -6.134220 -13.097400 0.000000 0.000000 0.000000 0.763387 0.645942
286.371000 -6.144320 -13.041300 0.000000 0.000000 0.000000 0.763387 0.645942
286.373000 -6.153840 -12.983100 0.000000 0.000000 0.000000 0.765369 0.643591
286.773000 -6.164530 -12.924000 0.000000 0.000000 0.000000 0.767342 0.641239
286.802000 -6.175810 -12.867100 0.000000 0.000000 0.000000 0.767342 0.641239
286.933000 -6.185730 -12.812000 0.000000 0.000000 0.000000 0.769310 0.638876
287.273000 -6.202810 -12.814000 0.000000 0.000000 0.000000 0.779163 0.626821
287.302000 -6.215950 -12.755500 0.000000 0.000000 0.000000 0.781087 0.624422
287.522000 -6.229310 -12.695900 0.000000 0.000000 0.000000 0.781087 0.624422
287.885000 -6.241790 -12.640300 0.000000 0.000000 0.000000 0.781087 0.624422
287.887000 -6.255030 -12.585900 0.000000 0.000000 0.000000 0.784909 0.619610
288.196000 -6.268710 -12.529500 0.000000 0.000000 0.000000 0.786811 0.617194
288.526000 -6.276470 -12.499500 0.000000 0.000000 0.000000 0.788702 0.614776
288.528000 -6.290810 -12.440200 0.000000 0.000000 0.000000 0.788702 0.614776
288.962000 -6.302390 -12.397700 0.000000 0.000000 0.000000 0.790589 0.612347
289.032000 -6.306560 -12.379200 0.000000 0.000000 0.000000 0.792465 0.609917
289.367000 -6.306560 -12.379200 0.000000 0.000000 0.000000 0.792465 0.609917
289.373000 -6.306560 -12.379200 0.000000 0.000000 0.000000 0.790589 0.612347
290.642000 -6.306560 -12.379200 0.000000 0.000000 0.000000 0.786811 0.617194
290.773000 -6.307110 -12.372100 0.000000 0.000000 0.000000 0.680844 0.732428
291.102000 -6.307330 -12.371200 0.000000 0.000000 0.000000 0.660331 0.750974
291.182000 -6.307330 -12.371200 0.000000 0.000000 0.000000 0.641671 0.766980
291.456000 -6.305180 -12.362500 0.000000 0.000000 0.000000 0.625026 0.780604
291.573000 -6.263550 -12.321400 0.000000 0.000000 0.000000 0.639913 0.768447
291.901000 -6.252390 -12.265200 0.000000 0.000000 0.000000 0.625639 0.780113
291.933000 -6.235060 -12.185900 0.000000 0.000000 0.000000 0.632805 0.774311
292.381000 -6.221910 -12.116400 0.000000 0.000000 0.000000 0.635179 0.772365
292.382000 -6.212080 -12.069100 0.000000 0.000000 0.000000 0.630421 0.776254
292.533000 -6.202580 -12.023900 0.000000 0.000000 0.000000 0.630421 0.776254
292.956000 -6.190780 -11.966500 0.000000 0.000000 0.000000 0.630421 0.776254
292.957000 -6.176370 -11.897600 0.000000 0.000000 0.000000 0.628031 0.778189
293.133000 -6.163600 -11.836700 0.000000 0.000000 0.000000 0.628031 0.778189
293.460000 -6.152800 -11.785800 0.000000 0.000000 0.000000 0.628031 0.778189
293.572000 -6.142350 -11.740400 0.000000 0.000000 0.000000 0.628031 0.778189
293.980000 -6.131520 -11.686400 0.000000 0.000000 0.000000 0.628031 0.778189
294.022000 -6.118110 -11.624200 0.000000 0.000000 0.000000 0.628031 0.778189
294.212000 -6.104700 -11.562000 0.000000 0.000000 0.000000 0.628031 0.778189
294.583000 -6.092900 -11.504500 0.000000 0.000000 0.000000 0.628031 0.778189
294.584000 -6.082400 -11.452700 0.000000 0.000000 0.000000 0.630421 0.776254
295.459000 -6.071270 -11.399700 0.000000 0.000000 0.000000 0.637551 0.770408
295.831000 -6.046280 -11.238800 0.000000 0.000000 0.000000 0.695392 0.718631
295.955000 -6.045370 -11.184700 0.000000 0.000000 0.000000 0.693182 0.720762
296.169000 -6.040370 -11.073400 0.000000 0.000000 0.000000 0.693182 0.720762
296.170000 -6.037880 -11.008300 0.000000 0.000000 0.000000 0.693182 0.720762
296.402000 -6.036650 -10.948800 0.000000 0.000000 0.000000 0.695392 0.718631
297.570000 -6.034160 -10.893200 0.000000 0.000000 0.000000 0.695392 0.718631
297.582000 -6.032290 -10.838800 0.000000 0.000000 0.000000 0.693182 0.720762
298.376000 -6.019460 -10.605700 0.000000 0.000000 0.000000 0.677520 0.735505
298.387000 -6.015070 -10.549400 0.000000 0.000000 0.000000 0.677520 0.735505
298.402000 -5.999680 -10.371400 0.000000 0.000000 0.000000 0.677520 0.735505
298.533000 -5.995600 -10.317300 0.000000 0.000000 0.000000 0.675255 0.737585
298.882000 -6.043520 -10.261800 0.000000 0.000000 0.000000 0.713422 0.700734
298.934000 -6.044580 -10.200800 0.000000 0.000000 0.000000 0.713422 0.700734
299.370000 -6.046140 -10.141200 0.000000 0.000000 0.000000 0.715574 0.698537
299.392000 -6.048300 -10.085200 0.000000 0.000000 0.000000 0.715574 0.698537
299.534000 -6.049050 -10.027400 0.000000 0.000000 0.000000 0.717715 0.696337
299.881000 -6.051520 -9.968250 0.000000 0.000000 0.000000 0.717715 0.696337
299.936000 -6.054000 -9.909070 0.000000 0.000000 0.000000 0.717715 0.696337
300.414000 -6.055150 -9.850390 0.000000 0.000000 0.000000 0.717715 0.696337
300.415000 -6.057310 -9.794350 0.000000 0.000000 0.000000 0.715574 0.698537
300.642000 -6.058470 -9.735670 0.000000 0.000000 0.000000 0.713422 0.700734
301.024000 -6.059120 -9.675660 0.000000 0.000000 0.000000 0.711268 0.702921
301.025000 -6.060270 -9.616980 0.000000 0.000000 0.000000 0.709103 0.705105
301.152000 -6.060610 -9.560120 0.000000 0.000000 0.000000 0.704757 0.709449
301.559000 -6.059620 -9.503760 0.000000 0.000000 0.000000 0.702572 0.711613
301.560000 -6.059360 -9.443350 0.000000 0.000000 0.000000 0.698186 0.715917
302.457000 -6.057270 -9.382110 0.000000 0.000000 0.000000 0.693773 0.720194
302.562000 -6.063150 -9.304650 0.000000 0.000000 0.000000 0.712732 0.701437
302.564000 -6.064150 -9.245180 0.000000 0.000000 0.000000 0.710571 0.703625
302.782000 -6.064680 -9.186590 0.000000 0.000000 0.000000 0.710571 0.703625
303.184000 -6.065160 -9.130230 0.000000 0.000000 0.000000 0.708408 0.705803
303.186000 -6.066570 -9.072110 0.000000 0.000000 0.000000 0.708408 0.705803
303.334000 -6.066210 -9.013050 0.000000 0.000000 0.000000 0.710571 0.703625
304.287000 -6.067210 -8.953580 0.000000 0.000000 0.000000 0.710571 0.703625
304.398000 -6.068210 -8.894110 0.000000 0.000000 0.000000 0.712732 0.701437
304.422000 -6.074680 -8.719800 0.000000 0.000000 0.000000 0.725541 0.688179
305.644000 -6.078330 -8.661730 0.000000 0.000000 0.000000 0.723421 0.690407
305.656000 -6.080630 -8.604080 0.000000 0.000000 0.000000 0.721298 0.692625
305.883000 -6.086390 -8.311660 0.000000 0.000000 0.000000 0.701870 0.712305
305.934000 -6.109210 -8.274040 0.000000 0.000000 0.000000 0.721658 0.692249
306.434000 -6.111310 -8.219010 0.000000 0.000000 0.000000 0.719530 0.694462
306.436000 -6.113600 -8.161750 0.000000 0.000000 0.000000 0.725899 0.687802
306.534000 -6.117790 -8.103310 0.000000 0.000000 0.000000 0.736381 0.676568
306.935000 -6.124400 -8.042830 0.000000 0.000000 0.000000 0.750762 0.660573
306.963000 -6.132520 -7.985630 0.000000 0.000000 0.000000 0.758824 0.651296
307.222000 -6.141490 -7.928950 0.000000 0.000000 0.000000 0.756821 0.653623
307.498000 -6.149410 -7.873980 0.000000 0.000000 0.000000 0.754807 0.655947
307.534000 -6.158250 -7.813700 0.000000 0.000000 0.000000 0.752790 0.658261
308.019000 -6.166430 -7.750660 0.000000 0.000000 0.000000 0.750762 0.660573
308.020000 -6.174030 -7.694310 0.000000 0.000000 0.000000 0.748731 0.662874
308.152000 -6.180770 -7.637440 0.000000 0.000000 0.000000 0.744640 0.667467
308.543000 -6.186990 -7.581420 0.000000 0.000000 0.000000 0.742587 0.669749
308.544000 -6.192030 -7.523500 0.000000 0.000000 0.000000 0.738458 0.674300
308.772000 -6.198120 -7.463880 0.000000 0.000000 0.000000 0.736381 0.676568
309.105000 -6.202830 -7.404580 0.000000 0.000000 0.000000 0.732209 0.681080
309.222000 -6.206490 -7.346990 0.000000 0.000000 0.000000 0.730115 0.683324
309.492000 -6.210490 -7.290780 0.000000 0.000000 0.000000 0.728010 0.685566
309.535000 -6.206140 -7.262410 0.000000 0.000000 0.000000 0.742865 0.669441
309.930000 -6.212420 -7.203680 0.000000 0.000000 0.000000 0.738737 0.673993
309.952000 -6.215040 -7.171540 0.000000 0.000000 0.000000 0.736665 0.676258
310.115000 -6.220190 -7.114470 0.000000 0.000000 0.000000 0.734582 0.678520
310.552000 -6.224210 -7.059040 0.000000 0.000000 0.000000 0.730398 0.683021
310.553000 -6.227960 -7.002230 0.000000 0.000000 0.000000 0.726187 0.687497
310.763000 -6.231770 -6.941810 0.000000 0.000000 0.000000 0.724073 0.689723
311.112000 -6.234750 -6.880820 0.000000 0.000000 0.000000 0.721949 0.691946
311.114000 -6.236290 -6.823700 0.000000 0.000000 0.000000 0.719818 0.694163
311.235000 -6.239180 -6.769930 0.000000 0.000000 0.000000 0.717683 0.696369
311.603000 -6.239800 -6.742480 0.000000 0.000000 0.000000 0.717683 0.696369
311.633000 -6.241640 -6.683140 0.000000 0.000000 0.000000 0.717683 0.696369
311.795000 -6.243230 -6.622420 0.000000 0.000000 0.000000 0.715539 0.698573
312.129000 -6.245340 -6.564470 0.000000 0.000000 0.000000 0.715539 0.698573
312.155000 -6.246320 -6.508180 0.000000 0.000000 0.000000 0.715539 0.698573
312.633000 -6.247860 -6.451060 0.000000 0.000000 0.000000 0.715539 0.698573
312.634000 -6.249350 -6.420570 0.000000 0.000000 0.000000 0.715539 0.698573
313.198000 -6.249550 -6.360100 0.000000 0.000000 0.000000 0.711233 0.702957
313.275000 -6.276220 -6.176930 0.000000 0.000000 0.000000 0.722243 0.691639
313.613000 -6.278650 -6.115950 0.000000 0.000000 0.000000 0.717979 0.696064
313.643000 -6.279860 -6.056560 0.000000 0.000000 0.000000 0.715836 0.698269
313.836000 -6.281450 -5.999970 0.000000 0.000000 0.000000 0.713689 0.700463
314.261000 -6.282250 -5.942770 0.000000 0.000000 0.000000 0.709371 0.704836
314.262000 -6.282650 -5.914170 0.000000 0.000000 0.000000 0.707200 0.707014
314.472000 -6.282080 -5.852170 0.000000 0.000000 0.000000 0.702842 0.711346
315.483000 -6.281480 -5.795160 0.000000 0.000000 0.000000 0.698458 0.715651
315.562000 -6.272490 -5.534490 0.000000 0.000000 0.000000 0.691830 0.722061
315.850000 -6.270070 -5.479870 0.000000 0.000000 0.000000 0.691830 0.722061
315.912000 -6.267690 -5.420260 0.000000 0.000000 0.000000 0.689610 0.724181
316.385000 -6.264510 -5.360030 0.000000 0.000000 0.000000 0.691830 0.722061
316.386000 -6.262920 -5.301020 0.000000 0.000000 0.000000 0.694047 0.719930
316.475000 -6.260720 -5.242800 0.000000 0.000000 0.000000 0.696254 0.717796
316.961000 -6.255940 -5.220780 0.000000 0.000000 0.000000 0.716129 0.697968
316.962000 -6.258060 -5.162400 0.000000 0.000000 0.000000 0.718268 0.695766
317.076000 -6.260070 -5.102620 0.000000 0.000000 0.000000 0.713979 0.700167
317.421000 -6.261550 -5.045010 0.000000 0.000000 0.000000 0.711826 0.702356
317.482000 -6.261750 -4.988930 0.000000 0.000000 0.000000 0.707497 0.706716
317.937000 -6.261050 -4.930800 0.000000 0.000000 0.000000 0.705320 0.708889
317.938000 -6.261010 -4.871900 0.000000 0.000000 0.000000 0.703141 0.711051
318.075000 -6.260200 -4.812360 0.000000 0.000000 0.000000 0.698755 0.715362
318.426000 -6.258860 -4.754990 0.000000 0.000000 0.000000 0.696555 0.717503
318.492000 -6.256880 -4.698380 0.000000 0.000000 0.000000 0.689910 0.723895
318.939000 -6.254010 -4.639730 0.000000 0.000000 0.000000 0.687685 0.726010
318.940000 -6.250500 -4.581830 0.000000 0.000000 0.000000 0.683210 0.730222
319.075000 -6.247110 -4.525350 0.000000 0.000000 0.000000 0.680962 0.732319
319.545000 -6.242320 -4.468980 0.000000 0.000000 0.000000 0.678707 0.734410
319.547000 -6.237920 -4.409040 0.000000 0.000000 0.000000 0.678707 0.734410
319.794000 -6.233410 -4.347680 0.000000 0.000000 0.000000 0.678707 0.734410
320.027000 -6.229130 -4.289140 0.000000 0.000000 0.000000 0.676449 0.736490
320.092000 -6.223810 -4.234950 0.000000 0.000000 0.000000 0.674181 0.738566
320.559000 -6.244240 -4.207210 0.000000 0.000000 0.000000 0.699205 0.714921
320.561000 -6.242930 -4.145700 0.000000 0.000000 0.000000 0.703585 0.710611
320.784000 -6.242320 -4.084890 0.000000 0.000000 0.000000 0.703585 0.710611
321.123000 -6.242470 -4.029030 0.000000 0.000000 0.000000 0.705763 0.708448
321.153000 -6.242630 -3.973160 0.000000 0.000000 0.000000 0.707938 0.706274
321.276000 -6.242050 -3.915180 0.000000 0.000000 0.000000 0.707938 0.706274
321.825000 -6.243540 -3.852230 0.000000 0.000000 0.000000 0.710107 0.704094
321.837000 -6.245100 -3.794940 0.000000 0.000000 0.000000 0.718706 0.695314
321.953000 -6.247360 -3.738340 0.000000 0.000000 0.000000 0.720838 0.693104
322.316000 -6.249600 -3.678920 0.000000 0.000000 0.000000 0.718706 0.695314
322.318000 -6.251840 -3.619500 0.000000 0.000000 0.000000 0.716565 0.697520
322.476000 -6.252720 -3.565750 0.000000 0.000000 0.000000 0.714420 0.699717
322.899000 -6.253600 -3.512000 0.000000 0.000000 0.000000 0.710107 0.704094
322.901000 -6.255190 -3.458940 0.000000 0.000000 0.000000 0.716565 0.697520
323.143000 -6.257450 -3.400940 0.000000 0.000000 0.000000 0.727197 0.686429
323.485000 -6.261110 -3.342920 0.000000 0.000000 0.000000 0.727197 0.686429
323.486000 -6.264790 -3.286310 0.000000 0.000000 0.000000 0.727197 0.686429
323.962000 -6.267740 -3.227580 0.000000 0.000000 0.000000 0.725083 0.688661
324.005000 -6.263680 -3.195400 0.000000 0.000000 0.000000 0.742075 0.670317
324.153000 -6.269500 -3.138310 0.000000 0.000000 0.000000 0.744129 0.668036
324.489000 -6.275390 -3.079810 0.000000 0.000000 0.000000 0.742075 0.670317
324.513000 -6.281830 -3.024870 0.000000 0.000000 0.000000 0.744129 0.668036
324.796000 -6.288340 -2.968520 0.000000 0.000000 0.000000 0.746180 0.665745
325.116000 -6.295070 -2.906510 0.000000 0.000000 0.000000 0.748220 0.663451
325.117000 -6.303220 -2.844560 0.000000 0.000000 0.000000 0.752283 0.658840
325.282000 -6.311130 -2.788270 0.000000 0.000000 0.000000 0.756320 0.654201
325.628000 -6.318940 -2.734800 0.000000 0.000000 0.000000 0.758325 0.651876
325.962000 -6.328380 -2.675730 0.000000 0.000000 0.000000 0.758325 0.651876
326.154000 -6.337880 -2.615250 0.000000 0.000000 0.000000 0.758325 0.651876
326.155000 -6.345800 -2.558950 0.000000 0.000000 0.000000 0.754305 0.656524
326.343000 -6.353660 -2.504070 0.000000 0.000000 0.000000 0.752283 0.658840
327.038000 -6.360900 -2.447040 0.000000 0.000000 0.000000 0.750257 0.661147
327.051000 -6.368310 -2.385770 0.000000 0.000000 0.000000 0.746180 0.665745
327.237000 -6.381490 -2.268820 0.000000 0.000000 0.000000 0.742075 0.670317
327.303000 -6.386530 -2.213830 0.000000 0.000000 0.000000 0.740010 0.672596
328.383000 -6.421240 -2.176780 0.000000 0.000000 0.000000 0.754577 0.656211
328.543000 -6.456150 -1.884570 0.000000 0.000000 0.000000 0.740292 0.672285
328.838000 -6.461500 -1.825420 0.000000 0.000000 0.000000 0.740292 0.672285
328.903000 -6.467220 -1.769850 0.000000 0.000000 0.000000 0.738221 0.674558
329.299000 -6.471540 -1.714150 0.000000 0.000000 0.000000 0.734062 0.679082
329.323000 -6.476250 -1.654220 0.000000 0.000000 0.000000 0.736144 0.676825
329.477000 -6.482350 -1.594430 0.000000 0.000000 0.000000 0.738221 0.674558
329.823000 -6.487570 -1.536680 0.000000 0.000000 0.000000 0.736144 0.676825
329.893000 -6.491890 -1.480980 0.000000 0.000000 0.000000 0.734062 0.679082
330.322000 -6.497110 -1.423230 0.000000 0.000000 0.000000 0.734062 0.679082
330.323000 -6.501170 -1.362540 0.000000 0.000000 0.000000 0.731971 0.681336
330.477000 -6.505740 -1.304030 0.000000 0.000000 0.000000 0.731971 0.681336
330.932000 -6.509550 -1.246150 0.000000 0.000000 0.000000 0.729876 0.683580
330.933000 -6.514000 -1.189040 0.000000 0.000000 0.000000 0.729876 0.683580
331.077000 -6.516810 -1.155020 0.000000 0.000000 0.000000 0.748396 0.663252
331.522000 -6.523680 -1.095950 0.000000 0.000000 0.000000 0.736042 0.676936
331.523000 -6.526380 -1.036190 0.000000 0.000000 0.000000 0.710586 0.703611
331.804000 -6.526050 -0.977374 0.000000 0.000000 0.000000 0.695288 0.718732
332.098000 -6.523510 -0.918905 0.000000 0.000000 0.000000 0.697494 0.716590
332.099000 -6.522950 -0.861480 0.000000 0.000000 0.000000 0.699691 0.714446
332.277000 -6.521220 -0.802429 0.000000 0.000000 0.000000 0.697494 0.716590
332.626000 -6.520660 -0.745004 0.000000 0.000000 0.000000 0.697494 0.716590
332.804000 -6.519170 -0.684557 0.000000 0.000000 0.000000 0.697494 0.716590
333.214000 -6.518260 -0.624923 0.000000 0.000000 0.000000 0.699691 0.714446
333.215000 -6.517700 -0.567497 0.000000 0.000000 0.000000 0.699691 0.714446
333.333000 -6.516450 -0.514258 0.000000 0.000000 0.000000 0.699691 0.714446
334.394000 -6.515660 -0.458228 0.000000 0.000000 0.000000 0.699691 0.714446
334.503000 -6.513200 -0.164706 0.000000 0.000000 0.000000 0.701885 0.712291
334.862000 -6.507520 -0.146078 0.000000 0.000000 0.000000 0.723794 0.690016
334.883000 -6.509090 -0.120319 0.000000 0.000000 0.000000 0.723794 0.690016
335.185000 -6.508670 -0.125301 0.000000 0.000000 0.000000 0.725909 0.687791
335.525000 -6.509310 -0.122545 0.000000 0.000000 0.000000 0.725909 0.687791
335.553000 -6.509310 -0.122545 0.000000 0.000000 0.000000 0.723794 0.690016
335.962000 -6.509310 -0.122545 0.000000 0.000000 0.000000 0.723794 0.690016
336.119000 -6.509310 -0.122545 0.000000 0.000000 0.000000 0.717401 0.696660
336.120000 -6.509940 -0.119788 0.000000 0.000000 0.000000 0.708785 0.705424
336.277000 -6.509940 -0.119788 0.000000 0.000000 0.000000 0.697863 0.716231
336.483000 -6.509620 -0.121167 0.000000 0.000000 0.000000 0.677792 0.735254
336.765000 -6.509620 -0.121167 0.000000 0.000000 0.000000 0.659516 0.751690
336.913000 -6.509090 -0.120319 0.000000 0.000000 0.000000 0.638479 0.769639
337.357000 -6.509190 -0.116715 0.000000 0.000000 0.000000 0.607230 0.794526
337.359000 -6.507390 -0.111946 0.000000 0.000000 0.000000 0.572503 0.819903
337.483000 -6.506860 -0.111099 0.000000 0.000000 0.000000 0.557287 0.830320
337.920000 -6.506860 -0.111099 0.000000 0.000000 0.000000 0.528909 0.848678
337.921000 -6.453070 -0.086552 0.000000 0.000000 0.000000 0.529838 0.848099
338.013000 -6.452570 -0.085684 0.000000 0.000000 0.000000 0.503535 0.863975
338.459000 -6.451570 -0.083948 0.000000 0.000000 0.000000 0.474049 0.880499
338.460000 -6.451570 -0.083948 0.000000 0.000000 0.000000 0.457736 0.889088
338.538000 -6.451570 -0.083948 0.000000 0.000000 0.000000 0.438508 0.898727
339.084000 -6.451080 -0.083081 0.000000 0.000000 0.000000 0.405078 0.914282
339.113000 -6.451080 -0.083081 0.000000 0.000000 0.000000 0.388154 0.921594
339.114000 -6.451570 -0.083948 0.000000 0.000000 0.000000 0.365385 0.930857
339.353000 -6.451570 -0.083948 0.000000 0.000000 0.000000 0.342394 0.939556
340.566000 -6.452940 -0.084319 0.000000 0.000000 0.000000 0.310447 0.950591
340.578000 -6.427330 -0.136947 0.000000 0.000000 0.000000 0.292376 0.956304
340.977000 -6.427330 -0.136947 0.000000 0.000000 0.000000 0.169898 0.985462
340.978000 -6.427330 -0.136947 0.000000 0.000000 0.000000 0.142584 0.989783
340.979000 -6.427330 -0.136947 0.000000 0.000000 0.000000 0.112108 0.993696
341.138000 -6.427330 -0.136947 0.000000 0.000000 0.000000 0.084588 0.996416
341.494000 -6.423740 -0.136596 0.000000 0.000000 0.000000 0.072335 0.997380
341.563000 -6.388150 -0.168909 0.000000 0.000000 0.000000 0.059287 0.998241
342.000000 -6.373800 -0.167530 0.000000 0.000000 0.000000 0.053151 0.998586
342.023000 -6.348200 -0.164235 0.000000 0.000000 0.000000 0.040874 0.999164
342.098000 -6.345090 -0.164772 0.000000 0.000000 0.000000 0.043944 0.999034
342.545000 -6.343730 -0.164363 0.000000 0.000000 0.000000 0.047013 0.998894
342.546000 -6.342380 -0.163954 0.000000 0.000000 0.000000 0.043944 0.999034
342.782000 -6.331610 -0.162920 0.000000 0.000000 0.000000 0.040874 0.999164
343.055000 -6.290370 -0.160072 0.000000 0.000000 0.000000 0.031662 0.999499
343.058000 -6.210590 -0.155194 0.000000 0.000000 0.000000 0.028590 0.999591
343.258000 -6.128110 -0.149498 0.000000 0.000000 0.000000 0.031662 0.999499
343.646000 -6.071630 -0.145744 0.000000 0.000000 0.000000 0.022447 0.999748
343.659000 -6.030860 -0.143777 0.000000 0.000000 0.000000 0.016302 0.999867
344.170000 -5.982030 -0.141594 0.000000 0.000000 0.000000 0.019375 0.999812
344.171000 -5.911260 -0.138695 0.000000 0.000000 0.000000 0.013230 0.999912
344.258000 -5.839610 -0.136269 0.000000 0.000000 0.000000 0.013230 0.999912
345.142000 -5.780960 -0.134813 0.000000 0.000000 0.000000 0.010157 0.999948
345.154000 -5.734840 -0.133447 0.000000 0.000000 0.000000 0.010157 0.999948
345.361000 -5.618890 -0.130945 0.000000 0.000000 0.000000 0.010157 0.999948
345.362000 -5.553060 -0.128800 0.000000 0.000000 0.000000 0.010157 0.999948
345.513000 -5.495760 -0.127754 0.000000 0.000000 0.000000 0.007085 0.999975
345.969000 -5.444290 -0.126988 0.000000 0.000000 0.000000 0.004012 0.999992
345.971000 -5.384760 -0.126005 0.000000 0.000000 0.000000 0.000939 1.000000
346.059000 -5.374210 -0.117285 0.000000 0.000000 0.000000 0.023510 0.999724
346.570000 -5.315640 -0.113903 0.000000 0.000000 0.000000 0.026581 0.999647
346.571000 -5.262880 -0.110994 0.000000 0.000000 0.000000 0.029653 0.999560
346.660000 -5.206540 -0.107623 0.000000 0.000000 0.000000 0.032724 0.999464
347.174000 -5.146190 -0.102892 0.000000 0.000000 0.000000 0.032724 0.999464
347.193000 -5.084040 -0.099048 0.000000 0.000000 0.000000 0.029653 0.999560
347.263000 -5.027260 -0.094781 0.000000 0.000000 0.000000 0.029653 0.999560
347.793000 -4.971830 -0.090965 0.000000 0.000000 0.000000 0.026581 0.999647
347.794000 -4.913250 -0.087585 0.000000 0.000000 0.000000 0.026581 0.999647
347.913000 -4.851550 -0.084637 0.000000 0.000000 0.000000 0.023510 0.999724
348.368000 -4.795220 -0.081265 0.000000 0.000000 0.000000 0.017365 0.999849
348.369000 -4.737530 -0.079676 0.000000 0.000000 0.000000 0.011220 0.999937
348.459000 -4.677610 -0.078079 0.000000 0.000000 0.000000 0.008148 0.999967
348.975000 -4.618140 -0.077377 0.000000 0.000000 0.000000 0.008148 0.999967
348.976000 -4.560450 -0.075788 0.000000 0.000000 0.000000 0.002002 0.999998
349.093000 -4.500970 -0.075086 0.000000 0.000000 0.000000 0.005075 0.999987
349.498000 -4.442840 -0.074838 0.000000 0.000000 0.000000 0.002002 0.999998
349.499000 -4.384260 -0.073692 0.000000 0.000000 0.000000 0.005075 0.999987
349.659000 -4.366450 -0.056273 0.000000 0.000000 0.000000 0.044121 0.999026
350.163000 -4.308510 -0.051488 0.000000 0.000000 0.000000 0.044121 0.999026
350.164000 -4.252050 -0.045031 0.000000 0.000000 0.000000 0.050260 0.998736
350.260000 -4.193370 -0.038389 0.000000 0.000000 0.000000 0.056397 0.998408
350.872000 -4.133380 -0.031191 0.000000 0.000000 0.000000 0.056397 0.998408
350.874000 -4.076930 -0.024734 0.000000 0.000000 0.000000 0.056397 0.998408
350.875000 -4.020100 -0.017348 0.000000 0.000000 0.000000 0.059464 0.998230
351.113000 -3.961040 -0.009778 0.000000 0.000000 0.000000 0.056397 0.998408
351.516000 -3.901430 -0.003509 0.000000 0.000000 0.000000 0.050260 0.998736
351.517000 -3.843120 0.002205 0.000000 0.000000 0.000000 0.044121 0.999026
351.659000 -3.787410 0.006806 0.000000 0.000000 0.000000 0.037981 0.999278
352.115000 -3.728540 0.011219 0.000000 0.000000 0.000000 0.031839 0.999493
352.117000 -3.669670 0.015632 0.000000 0.000000 0.000000 0.028768 0.999586
352.333000 -3.611540 0.018189 0.000000 0.000000 0.000000 0.019552 0.999809
352.773000 -3.553420 0.020745 0.000000 0.000000 0.000000 0.016480 0.999864
352.774000 -3.495290 0.023302 0.000000 0.000000 0.000000 0.010335 0.999947
352.903000 -3.436610 0.024559 0.000000 0.000000 0.000000 0.007262 0.999974
353.361000 -3.377930 0.025815 0.000000 0.000000 0.000000 0.010335 0.999947
353.362000 -3.316440 0.073463 0.000000 0.000000 0.000000 0.033819 0.999428
353.461000 -3.257910 0.077834 0.000000 0.000000 0.000000 0.036890 0.999319
354.015000 -3.201270 0.082849 0.000000 0.000000 0.000000 0.039960 0.999201
354.017000 -3.143690 0.087542 0.000000 0.000000 0.000000 0.043030 0.999074
354.083000 -3.084830 0.092859 0.000000 0.000000 0.000000 0.043030 0.999074
354.554000 -3.025980 0.098176 0.000000 0.000000 0.000000 0.043030 0.999074
354.555000 -2.968070 0.103816 0.000000 0.000000 0.000000 0.043030 0.999074
354.773000 -2.910170 0.109455 0.000000 0.000000 0.000000 0.046100 0.998937
355.174000 -2.853210 0.115417 0.000000 0.000000 0.000000 0.052238 0.998635
355.194000 -2.793710 0.122628 0.000000 0.000000 0.000000 0.052238 0.998635
355.263000 -2.734860 0.127945 0.000000 0.000000 0.000000 0.049169 0.998790
355.789000 -2.677900 0.133907 0.000000 0.000000 0.000000 0.043030 0.999074
355.793000 -2.619990 0.139546 0.000000 0.000000 0.000000 0.043030 0.999074
355.873000 -2.563350 0.144561 0.000000 0.000000 0.000000 0.036890 0.999319
356.386000 -2.503870 0.148610 0.000000 0.000000 0.000000 0.030748 0.999527
356.387000 -2.445660 0.152034 0.000000 0.000000 0.000000 0.024604 0.999697
356.503000 -2.388400 0.155780 0.000000 0.000000 0.000000 0.021532 0.999768
357.063000 -2.329570 0.157935 0.000000 0.000000 0.000000 0.012316 0.999924
357.064000 -2.304040 0.208694 0.000000 0.000000 0.000000 0.040473 0.999181
357.065000 -2.246950 0.212852 0.000000 0.000000 0.000000 0.034332 0.999411
357.259000 -2.191790 0.217534 0.000000 0.000000 0.000000 0.034332 0.999411
358.249000 -2.133730 0.221428 0.000000 0.000000 0.000000 0.034332 0.999411
358.370000 -2.073210 0.226728 0.000000 0.000000 0.000000 0.034332 0.999411
358.386000 -1.956130 0.234254 0.000000 0.000000 0.000000 0.028189 0.999603
358.387000 -1.900260 0.237709 0.000000 0.000000 0.000000 0.028189 0.999603
358.503000 -1.841240 0.241341 0.000000 0.000000 0.000000 0.025118 0.999685
358.966000 -1.782220 0.244973 0.000000 0.000000 0.000000 0.025118 0.999685
358.968000 -1.722230 0.248342 0.000000 0.000000 0.000000 0.025118 0.999685
359.061000 -1.663200 0.251975 0.000000 0.000000 0.000000 0.025118 0.999685
359.581000 -1.607600 0.254465 0.000000 0.000000 0.000000 0.022045 0.999757
359.584000 -1.550770 0.257657 0.000000 0.000000 0.000000 0.018973 0.999820
359.660000 -1.491040 0.260061 0.000000 0.000000 0.000000 0.015901 0.999874
360.217000 -1.431320 0.262466 0.000000 0.000000 0.000000 0.015901 0.999874
360.274000 -1.373780 0.264431 0.000000 0.000000 0.000000 0.015901 0.999874
360.275000 -1.315020 0.267098 0.000000 0.000000 0.000000 0.015901 0.999874
360.483000 -1.290720 0.317709 0.000000 0.000000 0.000000 0.060396 0.998174
360.954000 -1.233410 0.325768 0.000000 0.000000 0.000000 0.060396 0.998174
360.955000 -1.177260 0.333018 0.000000 0.000000 0.000000 0.060396 0.998174
361.059000 -1.117990 0.340725 0.000000 0.000000 0.000000 0.060396 0.998174
361.579000 -1.057730 0.348257 0.000000 0.000000 0.000000 0.054261 0.998527
361.584000 -1.000770 0.354347 0.000000 0.000000 0.000000 0.054261 0.998527
361.653000 -0.943818 0.360436 0.000000 0.000000 0.000000 0.048123 0.998841
362.135000 -0.887039 0.365542 0.000000 0.000000 0.000000 0.041984 0.999118
362.136000 -0.858069 0.368499 0.000000 0.000000 0.000000 0.041984 0.999118
362.283000 -0.798160 0.374062 0.000000 0.000000 0.000000 0.035843 0.999357
362.805000 -0.739587 0.377831 0.000000 0.000000 0.000000 0.032772 0.999463
362.806000 -0.682984 0.381952 0.000000 0.000000 0.000000 0.029701 0.999559
362.807000 -0.625394 0.385898 0.000000 0.000000 0.000000 0.026629 0.999645
363.003000 -0.565837 0.389492 0.000000 0.000000 0.000000 0.023557 0.999722
363.470000 -0.535074 0.391113 0.000000 0.000000 0.000000 0.020486 0.999790
363.484000 -0.476676 0.393898 0.000000 0.000000 0.000000 0.014341 0.999897
363.543000 -0.418630 0.394714 0.000000 0.000000 0.000000 0.008196 0.999966
364.032000 -0.363538 0.396057 0.000000 0.000000 0.000000 0.002051 0.999998
364.044000 -0.310590 0.396768 0.000000 0.000000 0.000000 0.002051 0.999998
364.093000 -0.428114 0.423799 0.000000 0.000000 0.000000 0.021629 0.999766
364.649000 -0.374391 0.425784 0.000000 0.000000 0.000000 0.018557 0.999828
364.774000 -0.348952 0.427468 0.000000 0.000000 0.000000 0.018557 0.999828
364.879000 -0.354040 0.427132 0.000000 0.000000 0.000000 0.018557 0.999828
365.313000 -0.349943 0.427599 0.000000 0.000000 0.000000 0.018557 0.999828
365.334000 -0.349943 0.427599 0.000000 0.000000 0.000000 0.021629 0.999766
365.393000 -0.349943 0.427599 0.000000 0.000000 0.000000 0.027772 0.999614
365.978000 -0.349943 0.427599 0.000000 0.000000 0.000000 0.043127 0.999070
365.979000 -0.350934 0.427730 0.000000 0.000000 0.000000 0.073800 0.997273
365.980000 -0.352057 0.426870 0.000000 0.000000 0.000000 0.092173 0.995743
366.133000 -0.349943 0.427599 0.000000 0.000000 0.000000 0.137954 0.990439
366.577000 -0.352057 0.426870 0.000000 0.000000 0.000000 0.201534 0.979482
366.604000 -0.352057 0.426870 0.000000 0.000000 0.000000 0.249427 0.968394
366.841000 -0.354171 0.426140 0.000000 0.000000 0.000000 0.284956 0.958540
367.179000 -0.305084 0.462151 0.000000 0.000000 0.000000 0.303471 0.952841
367.184000 -0.306063 0.462353 0.000000 0.000000 0.000000 0.349931 0.936775
367.254000 -0.306063 0.462353 0.000000 0.000000 0.000000 0.389894 0.920860
367.776000 -0.304882 0.463131 0.000000 0.000000 0.000000 0.429135 0.903241
367.794000 -0.304882 0.463131 0.000000 0.000000 0.000000 0.475711 0.879602
367.853000 -0.303297 0.465867 0.000000 0.000000 0.000000 0.518363 0.855161
368.373000 -0.237027 0.500945 0.000000 0.000000 0.000000 0.536036 0.844195
368.394000 -0.236549 0.502887 0.000000 0.000000 0.000000 0.574362 0.818601
368.453000 -0.235593 0.506771 0.000000 0.000000 0.000000 0.618738 0.785598
368.975000 -0.234875 0.509684 0.000000 0.000000 0.000000 0.654276 0.756256
368.994000 -0.234875 0.509684 0.000000 0.000000 0.000000 0.683955 0.729524
369.054000 -0.235114 0.508713 0.000000 0.000000 0.000000 0.716840 0.697237
369.579000 -0.253829 0.521968 0.000000 0.000000 0.000000 0.745633 0.666356
369.580000 -0.253829 0.521968 0.000000 0.000000 0.000000 0.771649 0.636048
369.641000 -0.253829 0.521968 0.000000 0.000000 0.000000 0.811056 0.584969
370.095000 -0.253829 0.521968 0.000000 0.000000 0.000000 0.840494 0.541820
370.096000 -0.253114 0.520748 0.000000 0.000000 0.000000 0.858324 0.513108
370.241000 -0.253114 0.520748 0.000000 0.000000 0.000000 0.876657 0.481115
370.633000 -0.303496 0.514655 0.000000 0.000000 0.000000 0.899876 0.436146
370.641000 -0.302528 0.514399 0.000000 0.000000 0.000000 0.921422 0.388563
371.269000 -0.302528 0.514399 0.000000 0.000000 0.000000 0.938346 0.345697
371.270000 -0.303496 0.514655 0.000000 0.000000 0.000000 0.953277 0.302097
371.271000 -0.303496 0.514655 0.000000 0.000000 0.000000 0.964581 0.263787
371.504000 -0.303496 0.514655 0.000000 0.000000 0.000000 0.976379 0.216064
371.905000 -0.347605 0.454030 0.000000 0.000000 0.000000 0.984271 0.176664
371.906000 -0.347605 0.454030 0.000000 0.000000 0.000000 0.990958 0.134175
372.041000 -0.347605 0.454030 0.000000 0.000000 0.000000 0.995231 0.097551
372.580000 -0.347605 0.454030 0.000000 0.000000 0.000000 0.999101 0.042384
372.581000 -0.347605 0.454030 0.000000 0.000000 0.000000 -0.999952 0.009841
372.643000 -0.347605 0.454030 0.000000 0.000000 0.000000 -0.998436 0.055902
373.037000 -0.354318 0.395850 0.000000 0.000000 0.000000 -0.995725 0.092364
373.042000 -0.353362 0.395553 0.000000 0.000000 0.000000 -0.990412 0.138143
373.581000 -0.350859 0.396869 0.000000 0.000000 0.000000 -0.984105 0.177589
373.594000 -0.348356 0.398184 0.000000 0.000000 0.000000 -0.975558 0.219743
373.641000 -0.344598 0.400156 0.000000 0.000000 0.000000 -0.963580 0.267422
374.252000 -0.343347 0.400814 0.000000 0.000000 0.000000 -0.949273 0.314454
374.253000 -0.304311 0.377451 0.000000 0.000000 0.000000 -0.933777 0.357856
374.255000 -0.302761 0.379063 0.000000 0.000000 0.000000 -0.912566 0.408930
374.441000 -0.299959 0.381333 0.000000 0.000000 0.000000 -0.892756 0.450541
374.955000 -0.299959 0.381333 0.000000 0.000000 0.000000 -0.877018 0.480458
374.957000 -0.299959 0.381333 0.000000 0.000000 0.000000 -0.852349 0.522974
375.041000 -0.299959 0.381333 0.000000 0.000000 0.000000 -0.823878 0.566767
375.593000 -0.276410 0.334912 0.000000 0.000000 0.000000 -0.802205 0.597048
375.614000 -0.276410 0.334912 0.000000 0.000000 0.000000 -0.771894 0.635751
376.638000 -0.276410 0.334912 0.000000 0.000000 0.000000 -0.739721 0.672914
376.769000 -0.220513 0.351037 0.000000 0.000000 0.000000 -0.606352 0.795196
376.770000 -0.219895 0.349766 0.000000 0.000000 0.000000 -0.566539 0.824035
376.874000 -0.218656 0.347224 0.000000 0.000000 0.000000 -0.533180 0.846002
377.231000 -0.218656 0.347224 0.000000 0.000000 0.000000 -0.501628 0.865083
377.284000 -0.218656 0.347224 0.000000 0.000000 0.000000 -0.461238 0.887276
377.442000 -0.218656 0.347224 0.000000 0.000000 0.000000 -0.411483 0.911417
377.975000 -0.233564 0.359208 0.000000 0.000000 0.000000 -0.369826 0.929101
377.976000 -0.231068 0.357265 0.000000 0.000000 0.000000 -0.323719 0.946153
378.074000 -0.229182 0.356598 0.000000 0.000000 0.000000 -0.285676 0.958326
378.640000 -0.227630 0.354989 0.000000 0.000000 0.000000 -0.247177 0.968970
378.642000 -0.224801 0.353989 0.000000 0.000000 0.000000 -0.199259 0.979947
378.643000 -0.221972 0.352990 0.000000 0.000000 0.000000 -0.178137 0.984006
378.842000 -0.221972 0.352990 0.000000 0.000000 0.000000 -0.178137 0.984006
379.624000 -0.221972 0.352990 0.000000 0.000000 0.000000 -0.175112 0.984548
379.828000 -0.285977 0.396219 0.000000 0.000000 0.000000 -0.145526 0.989354
379.829000 -0.285022 0.395923 0.000000 0.000000 0.000000 -0.112009 0.993707
379.830000 -0.283112 0.395331 0.000000 0.000000 0.000000 -0.059971 0.998200
379.842000 -0.278995 0.395101 0.000000 0.000000 0.000000 -0.007771 0.999970
380.361000 -0.278040 0.394805 0.000000 0.000000 0.000000 0.029098 0.999577
380.362000 -0.278040 0.394805 0.000000 0.000000 0.000000 0.029098 0.999577
380.474000 -0.275834 0.395168 0.000000 0.000000 0.000000 0.026027 0.999661
380.811000 -0.261935 0.396093 0.000000 0.000000 0.000000 0.013738 0.999906
380.842000 -0.224952 0.397188 0.000000 0.000000 0.000000 0.010666 0.999943
381.392000 -0.149074 0.398786 0.000000 0.000000 0.000000 0.013738 0.999906
381.404000 -0.066281 0.402428 0.000000 0.000000 0.000000 0.016811 0.999859
381.454000 -0.006870 0.404944 0.000000 0.000000 0.000000 0.013738 0.999906
381.961000 0.039599 0.406239 0.000000 0.000000 0.000000 0.007593 0.999971
381.962000 0.085771 0.406579 0.000000 0.000000 0.000000 0.010666 0.999943
382.084000 0.146137 0.408799 0.000000 0.000000 0.000000 0.010666 0.999943
382.560000 0.219808 0.410034 0.000000 0.000000 0.000000 0.007593 0.999971
382.561000 0.282085 0.411662 0.000000 0.000000 0.000000 0.004520 0.999990
382.645000 0.333625 0.412431 0.000000 0.000000 0.000000 -0.001625 0.999999
383.227000 0.381708 0.412178 0.000000 0.000000 0.000000 -0.004698 0.999989
383.229000 0.442141 0.411237 0.000000 0.000000 0.000000 -0.010843 0.999941
383.245000 0.510807 0.409837 0.000000 0.000000 0.000000 -0.013916 0.999903
383.824000 0.572195 0.408599 0.000000 0.000000 0.000000 -0.013916 0.999903
383.825000 0.623143 0.407458 0.000000 0.000000 0.000000 -0.016988 0.999856
383.842000 0.738448 0.502904 0.000000 0.000000 0.000000 0.027945 0.999609
384.365000 0.798489 0.506782 0.000000 0.000000 0.000000 0.027945 0.999609
384.367000 0.864812 0.511398 0.000000 0.000000 0.000000 0.024874 0.999691
384.443000 0.922692 0.514703 0.000000 0.000000 0.000000 0.024874 0.999691
384.972000 0.976249 0.516863 0.000000 0.000000 0.000000 0.021802 0.999762
384.974000 1.030010 0.520002 0.000000 0.000000 0.000000 0.021802 0.999762
385.050000 1.091810 0.522494 0.000000 0.000000 0.000000 0.018730 0.999825
385.577000 1.154780 0.525762 0.000000 0.000000 0.000000 0.018730 0.999825
385.578000 1.210500 0.528495 0.000000 0.000000 0.000000 0.021802 0.999762
385.644000 1.264060 0.530655 0.000000 0.000000 0.000000 0.018730 0.999825
386.177000 1.322920 0.533757 0.000000 0.000000 0.000000 0.021802 0.999762
386.179000 1.386670 0.535842 0.000000 0.000000 0.000000 0.021802 0.999762
386.244000 1.445530 0.538944 0.000000 0.000000 0.000000 0.024874 0.999691
386.826000 1.500270 0.541880 0.000000 0.000000 0.000000 0.021802 0.999762
386.827000 1.558150 0.545185 0.000000 0.000000 0.000000 0.015657 0.999877
386.843000 1.616600 0.546329 0.000000 0.000000 0.000000 0.012585 0.999921
387.412000 1.676240 0.548248 0.000000 0.000000 0.000000 0.006440 0.999979
387.464000 1.733510 0.548616 0.000000 0.000000 0.000000 0.000294 1.000000
387.465000 1.660790 0.566933 0.000000 0.000000 0.000000 0.027633 0.999618
387.622000 1.718950 0.570281 0.000000 0.000000 0.000000 0.024561 0.999698
388.110000 1.779080 0.573330 0.000000 0.000000 0.000000 0.018417 0.999830
388.111000 1.839210 0.576379 0.000000 0.000000 0.000000 0.012272 0.999925
388.202000 1.897060 0.577750 0.000000 0.000000 0.000000 0.006127 0.999981
388.806000 1.952790 0.578430 0.000000 0.000000 0.000000 0.003055 0.999995
388.817000 2.012470 0.578513 0.000000 0.000000 0.000000 -0.000018 1.000000
389.318000 2.130010 0.579967 0.000000 0.000000 0.000000 -0.000018 1.000000
389.334000 2.186570 0.579509 0.000000 0.000000 0.000000 -0.000018 1.000000
389.342000 2.247400 0.580431 0.000000 0.000000 0.000000 0.003055 0.999995
389.975000 2.276820 0.581042 0.000000 0.000000 0.000000 0.006127 0.999981
389.977000 2.335510 0.581274 0.000000 0.000000 0.000000 0.006127 0.999981
389.978000 2.390400 0.583093 0.000000 0.000000 0.000000 0.006127 0.999981
390.063000 2.449090 0.583325 0.000000 0.000000 0.000000 0.003055 0.999995
390.975000 2.509910 0.584247 0.000000 0.000000 0.000000 0.003055 0.999995
390.986000 2.568760 0.585468 0.000000 0.000000 0.000000 0.003055 0.999995
390.996000 2.596050 0.585389 0.000000 0.000000 0.000000 0.003055 0.999995
391.329000 2.675720 0.578342 0.000000 0.000000 0.000000 0.009457 0.999955
391.331000 2.736360 0.580171 0.000000 0.000000 0.000000 0.006385 0.999980
391.383000 2.795890 0.581125 0.000000 0.000000 0.000000 0.000239 1.000000
391.889000 2.850220 0.580686 0.000000 0.000000 0.000000 -0.008979 0.999960
391.890000 2.907530 0.579891 0.000000 0.000000 0.000000 -0.012052 0.999927
391.942000 2.968810 0.578622 0.000000 0.000000 0.000000 -0.015124 0.999886
392.535000 3.030100 0.577353 0.000000 0.000000 0.000000 -0.021269 0.999774
392.536000 3.116320 0.574116 0.000000 0.000000 0.000000 -0.027413 0.999624
392.764000 3.171290 0.570579 0.000000 0.000000 0.000000 -0.036626 0.999329
393.246000 3.230230 0.566569 0.000000 0.000000 0.000000 -0.036626 0.999329
393.247000 3.293140 0.562084 0.000000 0.000000 0.000000 -0.033555 0.999437
393.263000 3.352200 0.559066 0.000000 0.000000 0.000000 -0.030484 0.999535
393.836000 3.380240 0.557735 0.000000 0.000000 0.000000 -0.033555 0.999437
393.894000 3.433220 0.554435 0.000000 0.000000 0.000000 -0.033555 0.999437
393.895000 3.491170 0.550543 0.000000 0.000000 0.000000 -0.033555 0.999437
393.983000 3.553200 0.547170 0.000000 0.000000 0.000000 -0.033555 0.999437
394.461000 3.612260 0.544152 0.000000 0.000000 0.000000 -0.030484 0.999535
394.462000 3.670210 0.540260 0.000000 0.000000 0.000000 -0.033555 0.999437
394.585000 3.699520 0.563363 0.000000 0.000000 0.000000 -0.013103 0.999914
395.124000 3.758650 0.562400 0.000000 0.000000 0.000000 -0.013103 0.999914
395.125000 3.818770 0.561353 0.000000 0.000000 0.000000 -0.013103 0.999914
395.214000 3.876820 0.559478 0.000000 0.000000 0.000000 -0.019248 0.999815
396.137000 3.933870 0.557686 0.000000 0.000000 0.000000 -0.025392 0.999678
396.148000 3.992830 0.554730 0.000000 0.000000 0.000000 -0.031535 0.999503
396.262000 4.111580 0.546742 0.000000 0.000000 0.000000 -0.034606 0.999401
396.274000 4.167460 0.543041 0.000000 0.000000 0.000000 -0.040748 0.999169
396.414000 4.227330 0.539005 0.000000 0.000000 0.000000 -0.043817 0.999040
397.060000 4.287120 0.533973 0.000000 0.000000 0.000000 -0.041975 0.999119
397.061000 4.345830 0.528028 0.000000 0.000000 0.000000 -0.045045 0.998985
397.062000 4.402630 0.523247 0.000000 0.000000 0.000000 -0.048115 0.998842
397.183000 4.461250 0.516305 0.000000 0.000000 0.000000 -0.054252 0.998527
397.805000 4.518970 0.510444 0.000000 0.000000 0.000000 -0.054252 0.998527
397.817000 4.575600 0.503670 0.000000 0.000000 0.000000 -0.051184 0.998689
397.864000 4.635300 0.497641 0.000000 0.000000 0.000000 -0.051184 0.998689
398.335000 4.693010 0.491779 0.000000 0.000000 0.000000 -0.048115 0.998842
398.354000 4.732840 0.529013 0.000000 0.000000 0.000000 -0.033901 0.999425
398.383000 4.791720 0.525102 0.000000 0.000000 0.000000 -0.030830 0.999525
398.997000 4.849600 0.521240 0.000000 0.000000 0.000000 -0.027758 0.999615
398.998000 4.908530 0.518328 0.000000 0.000000 0.000000 -0.033901 0.999425
398.999000 4.966360 0.513468 0.000000 0.000000 0.000000 -0.036972 0.999316
399.194000 5.023190 0.508657 0.000000 0.000000 0.000000 -0.040042 0.999198
399.560000 5.078020 0.503945 0.000000 0.000000 0.000000 -0.040042 0.999198
399.614000 5.130860 0.499331 0.000000 0.000000 0.000000 -0.040042 0.999198
399.786000 5.190690 0.494372 0.000000 0.000000 0.000000 -0.040042 0.999198
400.342000 5.253510 0.489265 0.000000 0.000000 0.000000 -0.040042 0.999198
400.343000 5.314340 0.484256 0.000000 0.000000 0.000000 -0.040042 0.999198
400.383000 5.369170 0.479544 0.000000 0.000000 0.000000 -0.043113 0.999070
401.002000 5.423010 0.474881 0.000000 0.000000 0.000000 -0.043113 0.999070
401.003000 5.483790 0.468874 0.000000 0.000000 0.000000 -0.043113 0.999070
401.004000 5.545610 0.463816 0.000000 0.000000 0.000000 -0.040042 0.999198
401.194000 5.604440 0.458906 0.000000 0.000000 0.000000 -0.036972 0.999316
401.620000 5.659320 0.455193 0.000000 0.000000 0.000000 -0.040042 0.999198
401.838000 5.717110 0.449334 0.000000 0.000000 0.000000 -0.046182 0.998933
402.330000 5.816300 0.497577 0.000000 0.000000 0.000000 -0.001562 0.999999
402.344000 5.869380 0.497346 0.000000 0.000000 0.000000 -0.007708 0.999970
402.434000 5.919520 0.495959 0.000000 0.000000 0.000000 -0.013853 0.999904
402.928000 5.972660 0.494729 0.000000 0.000000 0.000000 -0.016925 0.999857
402.929000 6.029900 0.491711 0.000000 0.000000 0.000000 -0.026142 0.999658
402.983000 6.085130 0.488588 0.000000 0.000000 0.000000 -0.029213 0.999573
403.639000 6.138370 0.485360 0.000000 0.000000 0.000000 -0.035355 0.999375
403.641000 6.187670 0.480926 0.000000 0.000000 0.000000 -0.041496 0.999139
403.642000 6.244010 0.475858 0.000000 0.000000 0.000000 -0.038426 0.999261
403.824000 6.300300 0.471788 0.000000 0.000000 0.000000 -0.038426 0.999261
404.258000 6.354590 0.467614 0.000000 0.000000 0.000000 -0.035355 0.999375
404.304000 6.408890 0.463441 0.000000 0.000000 0.000000 -0.038426 0.999261
404.394000 6.467220 0.458477 0.000000 0.000000 0.000000 -0.038426 0.999261
404.900000 6.528560 0.453670 0.000000 0.000000 0.000000 -0.041496 0.999139
404.901000 6.584850 0.449600 0.000000 0.000000 0.000000 -0.038426 0.999261
405.092000 6.641140 0.445531 0.000000 0.000000 0.000000 -0.032285 0.999479
405.593000 6.698420 0.441513 0.000000 0.000000 0.000000 -0.032285 0.999479
405.594000 6.710580 0.465916 0.000000 0.000000 0.000000 0.002085 0.999998
405.595000 6.769990 0.466085 0.000000 0.000000 0.000000 0.005158 0.999987
405.787000 6.827300 0.467006 0.000000 0.000000 0.000000 0.008230 0.999966
406.252000 6.884610 0.467926 0.000000 0.000000 0.000000 0.005158 0.999987
406.264000 6.940050 0.467612 0.000000 0.000000 0.000000 -0.000988 1.000000
406.454000 7.000580 0.466909 0.000000 0.000000 0.000000 -0.010206 0.999948
406.938000 7.059240 0.464972 0.000000 0.000000 0.000000 -0.016351 0.999866
406.974000 7.117900 0.463035 0.000000 0.000000 0.000000 -0.019423 0.999811
406.985000 7.173710 0.459743 0.000000 0.000000 0.000000 -0.025568 0.999673
407.536000 7.230500 0.456572 0.000000 0.000000 0.000000 -0.031710 0.999497
407.555000 7.289410 0.452649 0.000000 0.000000 0.000000 -0.037852 0.999283
407.604000 7.350420 0.447975 0.000000 0.000000 0.000000 -0.043993 0.999032
408.205000 7.408570 0.441947 0.000000 0.000000 0.000000 -0.050131 0.998743
408.206000 7.464730 0.435677 0.000000 0.000000 0.000000 -0.053200 0.998584
408.207000 7.522890 0.429649 0.000000 0.000000 0.000000 -0.056268 0.998416
408.388000 7.580170 0.422507 0.000000 0.000000 0.000000 -0.053200 0.998584
408.932000 7.638320 0.416478 0.000000 0.000000 0.000000 -0.056268 0.998416
408.934000 7.697580 0.409577 0.000000 0.000000 0.000000 -0.056268 0.998416
408.984000 7.770720 0.414345 0.000000 0.000000 0.000000 -0.037539 0.999295
409.527000 7.827080 0.410185 0.000000 0.000000 0.000000 -0.034468 0.999406
409.529000 7.884430 0.406183 0.000000 0.000000 0.000000 -0.034468 0.999406
409.614000 7.945890 0.401825 0.000000 0.000000 0.000000 -0.031397 0.999507
410.209000 8.005210 0.398138 0.000000 0.000000 0.000000 -0.031397 0.999507
410.210000 8.059440 0.394651 0.000000 0.000000 0.000000 -0.031397 0.999507
410.211000 8.115810 0.390491 0.000000 0.000000 0.000000 -0.031397 0.999507
410.492000 8.164940 0.387202 0.000000 0.000000 0.000000 -0.031397 0.999507
410.880000 8.184330 0.386250 0.000000 0.000000 0.000000 -0.031397 0.999507
410.882000 8.180220 0.386606 0.000000 0.000000 0.000000 -0.031397 0.999507
410.985000 8.179240 0.386448 0.000000 0.000000 0.000000 -0.031397 0.999507
411.477000 8.179240 0.386448 0.000000 0.000000 0.000000 -0.034468 0.999406
411.479000 8.180220 0.386606 0.000000 0.000000 0.000000 -0.040609 0.999175
411.828000 8.182360 0.385934 0.000000 0.000000 0.000000 -0.055955 0.998433
411.990000 8.183350 0.386092 0.000000 0.000000 0.000000 -0.095783 0.995402
412.350000 8.182360 0.385934 0.000000 0.000000 0.000000 -0.126320 0.991990
412.384000 8.182360 0.385934 0.000000 0.000000 0.000000 -0.156737 0.987640
412.868000 8.182360 0.385934 0.000000 0.000000 0.000000 -0.190023 0.981780
412.925000 8.182360 0.385934 0.000000 0.000000 0.000000 -0.214098 0.976812
413.004000 8.182360 0.385934 0.000000 0.000000 0.000000 -0.235057 0.971982
413.919000 8.183350 0.386092 0.000000 0.000000 0.000000 -0.249962 0.968256
414.084000 8.183350 0.386092 0.000000 0.000000 0.000000 -0.252936 0.967483
414.135000 8.183350 0.386092 0.000000 0.000000 0.000000 -0.255908 0.966701
414.136000 8.187930 0.382773 0.000000 0.000000 0.000000 -0.249962 0.968256
414.137000 8.209050 0.370959 0.000000 0.000000 0.000000 -0.246986 0.969019
414.138000 8.261300 0.341837 0.000000 0.000000 0.000000 -0.252936 0.967483
414.334000 8.297990 0.321370 0.000000 0.000000 0.000000 -0.255908 0.966701
414.774000 8.326930 0.274695 0.000000 0.000000 0.000000 -0.226434 0.974026
414.775000 8.378520 0.249023 0.000000 0.000000 0.000000 -0.229426 0.973326
414.888000 8.416490 0.229610 0.000000 0.000000 0.000000 -0.238389 0.971170
415.327000 8.456830 0.208665 0.000000 0.000000 0.000000 -0.238389 0.971170
415.328000 8.514790 0.177209 0.000000 0.000000 0.000000 -0.244353 0.969686
415.446000 8.578690 0.141922 0.000000 0.000000 0.000000 -0.250307 0.968166
415.883000 8.632110 0.112552 0.000000 0.000000 0.000000 -0.253281 0.967393
415.884000 8.654270 0.099953 0.000000 0.000000 0.000000 -0.256252 0.966610
416.054000 8.693850 0.077820 0.000000 0.000000 0.000000 -0.256252 0.966610
416.507000 8.741950 0.049347 0.000000 0.000000 0.000000 -0.259221 0.965818
416.509000 8.800340 0.015935 0.000000 0.000000 0.000000 -0.256252 0.966610
416.565000 8.857530 -0.016710 0.000000 0.000000 0.000000 -0.259221 0.965818
417.054000 8.903470 -0.044628 0.000000 0.000000 0.000000 -0.271072 0.962559
417.055000 8.942490 -0.068928 0.000000 0.000000 0.000000 -0.288772 0.957398
417.125000 8.989700 -0.102710 0.000000 0.000000 0.000000 -0.315135 0.949047
417.652000 9.042730 -0.144444 0.000000 0.000000 0.000000 -0.335473 0.942050
417.653000 9.068750 -0.165416 0.000000 0.000000 0.000000 -0.332577 0.943076
418.179000 9.113240 -0.200810 0.000000 0.000000 0.000000 -0.329678 0.944094
418.334000 9.194820 -0.301424 0.000000 0.000000 0.000000 -0.349955 0.936766
418.962000 9.243460 -0.343331 0.000000 0.000000 0.000000 -0.349955 0.936766
418.973000 9.266000 -0.363124 0.000000 0.000000 0.000000 -0.349955 0.936766
419.251000 9.345320 -0.434357 0.000000 0.000000 0.000000 -0.361443 0.932394
419.265000 9.388240 -0.473375 0.000000 0.000000 0.000000 -0.364306 0.931279
419.464000 9.434150 -0.516876 0.000000 0.000000 0.000000 -0.367166 0.930155
419.826000 9.478470 -0.557647 0.000000 0.000000 0.000000 -0.367166 0.930155
419.865000 9.519230 -0.596097 0.000000 0.000000 0.000000 -0.370022 0.929023
420.005000 9.557620 -0.633000 0.000000 0.000000 0.000000 -0.370022 0.929023
420.490000 9.599570 -0.672224 0.000000 0.000000 0.000000 -0.370022 0.929023
420.491000 9.644300 -0.714951 0.000000 0.000000 0.000000 -0.375725 0.926731
420.565000 9.685880 -0.757316 0.000000 0.000000 0.000000 -0.392745 0.919647
421.116000 9.725510 -0.800092 0.000000 0.000000 0.000000 -0.415232 0.909716
421.118000 9.760030 -0.842915 0.000000 0.000000 0.000000 -0.429159 0.903229
421.166000 9.795340 -0.884554 0.000000 0.000000 0.000000 -0.426381 0.904543
421.967000 9.839290 -0.875869 0.000000 0.000000 0.000000 -0.429159 0.903229
421.978000 9.877780 -0.922970 0.000000 0.000000 0.000000 -0.434701 0.900575
422.252000 9.949250 -1.015260 0.000000 0.000000 0.000000 -0.437467 0.899235
422.265000 9.982800 -1.058290 0.000000 0.000000 0.000000 -0.440227 0.897886
422.365000 10.016800 -1.103280 0.000000 0.000000 0.000000 -0.445737 0.895164
422.842000 10.053500 -1.151770 0.000000 0.000000 0.000000 -0.448486 0.893790
422.855000 10.090400 -1.201240 0.000000 0.000000 0.000000 -0.451230 0.892408
422.975000 10.123400 -1.246430 0.000000 0.000000 0.000000 -0.453970 0.891017
423.458000 10.155200 -1.290850 0.000000 0.000000 0.000000 -0.456706 0.889618
423.459000 10.189600 -1.337790 0.000000 0.000000 0.000000 -0.459437 0.888210
423.863000 10.224600 -1.387670 0.000000 0.000000 0.000000 -0.459437 0.888210
424.107000 10.258600 -1.437750 0.000000 0.000000 0.000000 -0.464887 0.885370
424.108000 10.289600 -1.483360 0.000000 0.000000 0.000000 -0.475734 0.879589
424.167000 10.320100 -1.531120 0.000000 0.000000 0.000000 -0.486509 0.873675
425.319000 10.351500 -1.583780 0.000000 0.000000 0.000000 -0.497210 0.867630
425.465000 10.441100 -1.714420 0.000000 0.000000 0.000000 -0.505188 0.863009
425.485000 10.469000 -1.764750 0.000000 0.000000 0.000000 -0.507835 0.861454
425.566000 10.497100 -1.816070 0.000000 0.000000 0.000000 -0.507835 0.861454
426.074000 10.525100 -1.866410 0.000000 0.000000 0.000000 -0.507835 0.861454
426.075000 10.551800 -1.915970 0.000000 0.000000 0.000000 -0.510482 0.859889
426.176000 10.580100 -1.968270 0.000000 0.000000 0.000000 -0.513119 0.858317
426.640000 10.608700 -2.021540 0.000000 0.000000 0.000000 -0.518384 0.855148
426.884000 10.634700 -2.072290 0.000000 0.000000 0.000000 -0.521011 0.853550
427.426000 10.685600 -2.173990 0.000000 0.000000 0.000000 -0.528858 0.848710
427.428000 10.709000 -2.222220 0.000000 0.000000 0.000000 -0.534064 0.845444
427.429000 10.731000 -2.268690 0.000000 0.000000 0.000000 -0.536657 0.843801
427.566000 10.751500 -2.312430 0.000000 0.000000 0.000000 -0.536657 0.843801
428.020000 10.771900 -2.356170 0.000000 0.000000 0.000000 -0.539249 0.842146
428.035000 10.796700 -2.411240 0.000000 0.000000 0.000000 -0.541832 0.840487
428.185000 10.824000 -2.472960 0.000000 0.000000 0.000000 -0.544414 0.838817
429.195000 10.849000 -2.529020 0.000000 0.000000 0.000000 -0.549558 0.835456
429.583000 10.896500 -2.553970 0.000000 0.000000 0.000000 -0.515131 0.857112
429.930000 11.028300 -2.812880 0.000000 0.000000 0.000000 -0.525625 0.850716
429.931000 11.052600 -2.861950 0.000000 0.000000 0.000000 -0.528235 0.849099
429.985000 11.077200 -2.911970 0.000000 0.000000 0.000000 -0.530843 0.847470
430.517000 11.103200 -2.966780 0.000000 0.000000 0.000000 -0.533442 0.845836
430.518000 11.130300 -3.025420 0.000000 0.000000 0.000000 -0.536041 0.844192
430.594000 11.154200 -3.076690 0.000000 0.000000 0.000000 -0.538634 0.842540
431.044000 11.176600 -3.126340 0.000000 0.000000 0.000000 -0.543801 0.839214
431.095000 11.199300 -3.176950 0.000000 0.000000 0.000000 -0.543801 0.839214
431.185000 11.224600 -3.233010 0.000000 0.000000 0.000000 -0.546375 0.837541
432.179000 11.249300 -3.290310 0.000000 0.000000 0.000000 -0.546375 0.837541
432.190000 11.271000 -3.341200 0.000000 0.000000 0.000000 -0.551511 0.834167
432.213000 11.315000 -3.444910 0.000000 0.000000 0.000000 -0.554074 0.832468
432.214000 11.379900 -3.442440 0.000000 0.000000 0.000000 -0.517802 0.855500
432.475000 11.407300 -3.495000 0.000000 0.000000 0.000000 -0.523050 0.852302
432.897000 11.431500 -3.544590 0.000000 0.000000 0.000000 -0.525668 0.850690
432.898000 11.456500 -3.593810 0.000000 0.000000 0.000000 -0.528277 0.849072
432.985000 11.482500 -3.648040 0.000000 0.000000 0.000000 -0.528277 0.849072
433.495000 11.509200 -3.704120 0.000000 0.000000 0.000000 -0.533489 0.845807
433.496000 11.533700 -3.754640 0.000000 0.000000 0.000000 -0.533489 0.845807
433.605000 11.558000 -3.807390 0.000000 0.000000 0.000000 -0.536083 0.844165
434.006000 11.581600 -3.858270 0.000000 0.000000 0.000000 -0.538676 0.842513
434.007000 11.606700 -3.912870 0.000000 0.000000 0.000000 -0.541260 0.840855
434.177000 11.631300 -3.966550 0.000000 0.000000 0.000000 -0.541260 0.840855
434.633000 11.655100 -4.020590 0.000000 0.000000 0.000000 -0.543843 0.839187
434.655000 11.679000 -4.072410 0.000000 0.000000 0.000000 -0.543843 0.839187
434.884000 11.701700 -4.123670 0.000000 0.000000 0.000000 -0.541260 0.840855
435.305000 11.726700 -4.178270 0.000000 0.000000 0.000000 -0.538676 0.842513
435.306000 11.751000 -4.231010 0.000000 0.000000 0.000000 -0.541260 0.840855
435.368000 11.774400 -4.284130 0.000000 0.000000 0.000000 -0.543843 0.839187
435.893000 11.797800 -4.337240 0.000000 0.000000 0.000000 -0.551553 0.834140
435.895000 11.845700 -4.341090 0.000000 0.000000 0.000000 -0.543298 0.839540
435.968000 11.869200 -4.394120 0.000000 0.000000 0.000000 -0.545872 0.837868
436.492000 11.892800 -4.447160 0.000000 0.000000 0.000000 -0.548446 0.836186
436.493000 11.915300 -4.500580 0.000000 0.000000 0.000000 -0.551011 0.834498
436.568000 11.938300 -4.554920 0.000000 0.000000 0.000000 -0.556128 0.831096
437.032000 11.959200 -4.606890 0.000000 0.000000 0.000000 -0.556128 0.831096
437.045000 11.981200 -4.661620 0.000000 0.000000 0.000000 -0.561225 0.827663
437.167000 12.001600 -4.714900 0.000000 0.000000 0.000000 -0.566304 0.824196
438.093000 12.023100 -4.770950 0.000000 0.000000 0.000000 -0.571358 0.820701
438.285000 12.042900 -4.825540 0.000000 0.000000 0.000000 -0.571358 0.820701
438.295000 12.082200 -4.933800 0.000000 0.000000 0.000000 -0.576391 0.817174
438.296000 12.101500 -4.989700 0.000000 0.000000 0.000000 -0.578897 0.815401
438.368000 12.120900 -5.043370 0.000000 0.000000 0.000000 -0.578897 0.815401
438.900000 12.139000 -5.096510 0.000000 0.000000 0.000000 -0.581401 0.813617
438.901000 12.157900 -5.151490 0.000000 0.000000 0.000000 -0.583896 0.811828
438.968000 12.177100 -5.209620 0.000000 0.000000 0.000000 -0.588878 0.808222
439.493000 12.194900 -5.267220 0.000000 0.000000 0.000000 -0.591357 0.806410
439.494000 12.200700 -5.319090 0.000000 0.000000 0.000000 -0.560621 0.828073
439.548000 12.220700 -5.369610 0.000000 0.000000 0.000000 -0.565698 0.824612
440.012000 12.242100 -5.425020 0.000000 0.000000 0.000000 -0.568231 0.822869
440.015000 12.264600 -5.484430 0.000000 0.000000 0.000000 -0.565698 0.824612
440.175000 12.275500 -5.511460 0.000000 0.000000 0.000000 -0.565698 0.824612
440.647000 12.296000 -5.565100 0.000000 0.000000 0.000000 -0.565698 0.824612
440.886000 12.314700 -5.615200 0.000000 0.000000 0.000000 -0.568231 0.822869
440.897000 12.334800 -5.670190 0.000000 0.000000 0.000000 -0.570755 0.821120
441.273000 12.376900 -5.785950 0.000000 0.000000 0.000000 -0.575794 0.817595
441.295000 12.386500 -5.812560 0.000000 0.000000 0.000000 -0.578301 0.815823
441.435000 12.404700 -5.864020 0.000000 0.000000 0.000000 -0.580807 0.814041
441.843000 12.423000 -5.919940 0.000000 0.000000 0.000000 -0.585799 0.810457
441.844000 12.441300 -5.975870 0.000000 0.000000 0.000000 -0.588284 0.808654
441.988000 12.460100 -6.032680 0.000000 0.000000 0.000000 -0.588284 0.808654
442.455000 12.477100 -6.088200 0.000000 0.000000 0.000000 -0.593242 0.805024
442.456000 12.494100 -6.143710 0.000000 0.000000 0.000000 -0.598182 0.801361
442.555000 12.510600 -6.198340 0.000000 0.000000 0.000000 -0.598182 0.801361
442.958000 12.527200 -6.255210 0.000000 0.000000 0.000000 -0.600639 0.799520
442.975000 12.568400 -6.239390 0.000000 0.000000 0.000000 -0.589464 0.807795
443.155000 12.586000 -6.296150 0.000000 0.000000 0.000000 -0.591945 0.805978
443.601000 12.602600 -6.351190 0.000000 0.000000 0.000000 -0.596887 0.802326
443.603000 12.619300 -6.406220 0.000000 0.000000 0.000000 -0.599347 0.800489
444.285000 12.635900 -6.461260 0.000000 0.000000 0.000000 -0.601806 0.798643
445.016000 12.689400 -6.658850 0.000000 0.000000 0.000000 -0.611575 0.791186
445.028000 12.703400 -6.715370 0.000000 0.000000 0.000000 -0.611575 0.791186
445.222000 12.731500 -6.828430 0.000000 0.000000 0.000000 -0.621252 0.783610
445.223000 12.745100 -6.886320 0.000000 0.000000 0.000000 -0.621252 0.783610
445.388000 12.758300 -6.943350 0.000000 0.000000 0.000000 -0.623659 0.781696
445.790000 12.771300 -6.998150 0.000000 0.000000 0.000000 -0.626056 0.779778
445.805000 12.782600 -7.053940 0.000000 0.000000 0.000000 -0.628451 0.777849
445.989000 12.794900 -7.111460 0.000000 0.000000 0.000000 -0.633219 0.773973
446.370000 12.806800 -7.170350 0.000000 0.000000 0.000000 -0.637963 0.770067
446.425000 12.817200 -7.226640 0.000000 0.000000 0.000000 -0.637963 0.770067
446.588000 12.852600 -7.192590 0.000000 0.000000 0.000000 -0.607342 0.794441
447.026000 12.867600 -7.248810 0.000000 0.000000 0.000000 -0.607342 0.794441
447.482000 12.883400 -7.304470 0.000000 0.000000 0.000000 -0.607342 0.794441
448.177000 12.897900 -7.359860 0.000000 0.000000 0.000000 -0.604896 0.796305
448.195000 12.914300 -7.416350 0.000000 0.000000 0.000000 -0.604896 0.796305
448.196000 12.929300 -7.472570 0.000000 0.000000 0.000000 -0.607342 0.794441
448.197000 12.944300 -7.528790 0.000000 0.000000 0.000000 -0.612212 0.790694
448.198000 12.959300 -7.585010 0.000000 0.000000 0.000000 -0.614640 0.788807
448.199000 12.973500 -7.641790 0.000000 0.000000 0.000000 -0.617059 0.786917
448.465000 12.987100 -7.697740 0.000000 0.000000 0.000000 -0.619476 0.785016
449.468000 12.999900 -7.754250 0.000000 0.000000 0.000000 -0.624288 0.781194
449.496000 13.048600 -7.981960 0.000000 0.000000 0.000000 -0.633842 0.773463
449.891000 13.060000 -8.038200 0.000000 0.000000 0.000000 -0.636213 0.771513
449.945000 13.071200 -8.095830 0.000000 0.000000 0.000000 -0.638583 0.769553
450.025000 13.080900 -8.153190 0.000000 0.000000 0.000000 -0.643299 0.765615
450.361000 13.106800 -8.148260 0.000000 0.000000 0.000000 -0.631724 0.775193
450.389000 13.118200 -8.205740 0.000000 0.000000 0.000000 -0.634105 0.773247
450.832000 13.129200 -8.261030 0.000000 0.000000 0.000000 -0.638844 0.769336
450.833000 13.138700 -8.316100 0.000000 0.000000 0.000000 -0.638844 0.769336
450.989000 13.149500 -8.372790 0.000000 0.000000 0.000000 -0.638844 0.769336
451.496000 13.160800 -8.435280 0.000000 0.000000 0.000000 -0.643560 0.765396
451.497000 13.170600 -8.493950 0.000000 0.000000 0.000000 -0.645906 0.763417
451.625000 13.179600 -8.548220 0.000000 0.000000 0.000000 -0.650589 0.759430
451.960000 13.187800 -8.603090 0.000000 0.000000 0.000000 -0.652918 0.757429
451.989000 13.195900 -8.662950 0.000000 0.000000 0.000000 -0.657560 0.753403
452.463000 13.204100 -8.722810 0.000000 0.000000 0.000000 -0.659873 0.751377
452.485000 13.210600 -8.778860 0.000000 0.000000 0.000000 -0.662177 0.749348
452.605000 13.217400 -8.833520 0.000000 0.000000 0.000000 -0.664478 0.747308
453.059000 13.224200 -8.893170 0.000000 0.000000 0.000000 -0.666769 0.745264
453.060000 13.230300 -8.952020 0.000000 0.000000 0.000000 -0.671340 0.741150
453.295000 13.236100 -9.008670 0.000000 0.000000 0.000000 -0.675881 0.737010
453.600000 13.240200 -9.066500 0.000000 0.000000 0.000000 -0.680398 0.732843
453.601000 13.244600 -9.122930 0.000000 0.000000 0.000000 -0.684888 0.728648
453.845000 13.268900 -9.159010 0.000000 0.000000 0.000000 -0.678424 0.734671
454.180000 13.273200 -9.217930 0.000000 0.000000 0.000000 -0.678424 0.734671
454.189000 13.278100 -9.272640 0.000000 0.000000 0.000000 -0.678424 0.734671
454.641000 13.281900 -9.329360 0.000000 0.000000 0.000000 -0.680680 0.732581
454.642000 13.286100 -9.389690 0.000000 0.000000 0.000000 -0.682925 0.730488
454.789000 13.290400 -9.448610 0.000000 0.000000 0.000000 -0.685168 0.728385
455.219000 13.293500 -9.505950 0.000000 0.000000 0.000000 -0.685168 0.728385
455.220000 13.296600 -9.563300 0.000000 0.000000 0.000000 -0.689631 0.724161
455.390000 13.300000 -9.617830 0.000000 0.000000 0.000000 -0.691851 0.722040
455.835000 13.301300 -9.677820 0.000000 0.000000 0.000000 -0.694068 0.719909
455.837000 13.303900 -9.739380 0.000000 0.000000 0.000000 -0.694068 0.719909
456.065000 13.305800 -9.795150 0.000000 0.000000 0.000000 -0.694068 0.719909
456.829000 13.308600 -9.848900 0.000000 0.000000 0.000000 -0.694068 0.719909
456.831000 13.310500 -9.909670 0.000000 0.000000 0.000000 -0.696279 0.717771
456.832000 13.312300 -9.971850 0.000000 0.000000 0.000000 -0.698479 0.715630
456.833000 13.312900 -10.026000 0.000000 0.000000 0.000000 -0.702863 0.711325
457.065000 13.314000 -10.082400 0.000000 0.000000 0.000000 -0.705047 0.709160
457.398000 13.313300 -10.141500 0.000000 0.000000 0.000000 -0.709392 0.704814
457.415000 13.351900 -10.145000 0.000000 0.000000 0.000000 -0.693568 0.720391
457.589000 13.353900 -10.201800 0.000000 0.000000 0.000000 -0.697985 0.716112
457.972000 13.354700 -10.257100 0.000000 0.000000 0.000000 -0.702372 0.711810
458.045000 13.355200 -10.316700 0.000000 0.000000 0.000000 -0.704554 0.709650
458.519000 13.355600 -10.377600 0.000000 0.000000 0.000000 -0.708902 0.705307
458.520000 13.354800 -10.435700 0.000000 0.000000 0.000000 -0.711067 0.703124
458.635000 13.354100 -10.492300 0.000000 0.000000 0.000000 -0.711067 0.703124
459.033000 13.353400 -10.547500 0.000000 0.000000 0.000000 -0.713223 0.700938
459.034000 13.352500 -10.607000 0.000000 0.000000 0.000000 -0.715375 0.698741
459.215000 13.351400 -10.669300 0.000000 0.000000 0.000000 -0.715375 0.698741
459.591000 13.349900 -10.728000 0.000000 0.000000 0.000000 -0.715375 0.698741
459.593000 13.348800 -10.779600 0.000000 0.000000 0.000000 -0.717516 0.696542
459.790000 13.347200 -10.838300 0.000000 0.000000 0.000000 -0.715375 0.698741
460.123000 13.346000 -10.902000 0.000000 0.000000 0.000000 -0.713223 0.700938
460.195000 13.344500 -10.959300 0.000000 0.000000 0.000000 -0.713223 0.700938
461.277000 13.344600 -11.013900 0.000000 0.000000 0.000000 -0.713223 0.700938
461.393000 13.343200 -11.069800 0.000000 0.000000 0.000000 -0.715375 0.698741
462.337000 13.381700 -11.322600 0.000000 0.000000 0.000000 -0.706096 0.708116
462.905000 13.374300 -11.705800 0.000000 0.000000 0.000000 -0.723290 0.690544
463.123000 13.371600 -11.754500 0.000000 0.000000 0.000000 -0.725407 0.688321
463.270000 13.368900 -11.801900 0.000000 0.000000 0.000000 -0.727520 0.686087
463.603000 13.364600 -11.861900 0.000000 0.000000 0.000000 -0.731722 0.681603
463.894000 13.359600 -11.929800 0.000000 0.000000 0.000000 -0.733811 0.679354
464.103000 13.355300 -11.991200 0.000000 0.000000 0.000000 -0.735897 0.677094
464.126000 13.350500 -12.042100 0.000000 0.000000 0.000000 -0.737972 0.674831
464.271000 13.346300 -12.092300 0.000000 0.000000 0.000000 -0.742108 0.670280
464.618000 13.339200 -12.155100 0.000000 0.000000 0.000000 -0.744162 0.667999
464.891000 13.397000 -12.146100 0.000000 0.000000 0.000000 -0.729459 0.684025
465.092000 13.393100 -12.202800 0.000000 0.000000 0.000000 -0.733648 0.679530
465.093000 13.389100 -12.253900 0.000000 0.000000 0.000000 -0.737810 0.675009
465.250000 13.383800 -12.309300 0.000000 0.000000 0.000000 -0.741944 0.670462
466.178000 13.377200 -12.371700 0.000000 0.000000 0.000000 -0.746050 0.665890
466.179000 13.374000 -12.403000 0.000000 0.000000 0.000000 -0.746050 0.665890
466.181000 13.367300 -12.459800 0.000000 0.000000 0.000000 -0.750128 0.661293
466.182000 13.359800 -12.513100 0.000000 0.000000 0.000000 -0.756193 0.654349
466.183000 13.351700 -12.569900 0.000000 0.000000 0.000000 -0.758198 0.652024
466.415000 13.342200 -12.628200 0.000000 0.000000 0.000000 -0.764177 0.645006
467.563000 13.331400 -12.689400 0.000000 0.000000 0.000000 -0.764177 0.645006
467.575000 13.321900 -12.746300 0.000000 0.000000 0.000000 -0.768126 0.640298
467.661000 13.311600 -12.801100 0.000000 0.000000 0.000000 -0.770092 0.637933
468.085000 13.300600 -12.855200 0.000000 0.000000 0.000000 -0.772047 0.635566
468.086000 13.295100 -12.884400 0.000000 0.000000 0.000000 -0.773997 0.633189
468.087000 13.282900 -12.945600 0.000000 0.000000 0.000000 -0.775938 0.630810
468.088000 13.270600 -13.002600 0.000000 0.000000 0.000000 -0.777874 0.628421
468.089000 13.259500 -13.055300 0.000000 0.000000 0.000000 -0.777874 0.628421
468.090000 13.247800 -13.110200 0.000000 0.000000 0.000000 -0.779802 0.626026
468.255000 13.260600 -13.149800 0.000000 0.000000 0.000000 -0.763868 0.645373
468.568000 13.255400 -13.179300 0.000000 0.000000 0.000000 -0.761883 0.647715
468.615000 13.246300 -13.236900 0.000000 0.000000 0.000000 -0.763868 0.645373
468.930000 13.237000 -13.293100 0.000000 0.000000 0.000000 -0.761883 0.647715
469.025000 13.227200 -13.350100 0.000000 0.000000 0.000000 -0.761883 0.647715
469.294000 13.218200 -13.409000 0.000000 0.000000 0.000000 -0.761883 0.647715
469.459000 13.208300 -13.466000 0.000000 0.000000 0.000000 -0.763868 0.645373
469.861000 13.199000 -13.522200 0.000000 0.000000 0.000000 -0.765849 0.643021
469.862000 13.189100 -13.579100 0.000000 0.000000 0.000000 -0.765849 0.643021
469.966000 13.178700 -13.638300 0.000000 0.000000 0.000000 -0.763868 0.645373
470.407000 13.174200 -13.667100 0.000000 0.000000 0.000000 -0.763868 0.645373
470.408000 13.164900 -13.723200 0.000000 0.000000 0.000000 -0.765849 0.643021
470.599000 13.154300 -13.779500 0.000000 0.000000 0.000000 -0.763868 0.645373
470.938000 13.145100 -13.837100 0.000000 0.000000 0.000000 -0.763868 0.645373
470.939000 13.135400 -13.895500 0.000000 0.000000 0.000000 -0.761883 0.647715
471.155000 13.126100 -13.951700 0.000000 0.000000 0.000000 -0.765849 0.643021
471.544000 13.116200 -14.008600 0.000000 0.000000 0.000000 -0.763868 0.645373
471.545000 13.105800 -14.067700 0.000000 0.000000 0.000000 -0.765849 0.643021
471.651000 13.095300 -14.125500 0.000000 0.000000 0.000000 -0.765849 0.643021
472.035000 13.120000 -14.153300 0.000000 0.000000 0.000000 -0.753211 0.657779
472.056000 13.116000 -14.181700 0.000000 0.000000 0.000000 -0.755230 0.655460
472.210000 13.107900 -14.238400 0.000000 0.000000 0.000000 -0.755230 0.655460
472.544000 13.099200 -14.295900 0.000000 0.000000 0.000000 -0.757239 0.653138
472.610000 13.090000 -14.355600 0.000000 0.000000 0.000000 -0.759244 0.650807
473.105000 13.081300 -14.413200 0.000000 0.000000 0.000000 -0.761238 0.648473
473.106000 13.071600 -14.468700 0.000000 0.000000 0.000000 -0.765208 0.643783
473.246000 13.061300 -14.525000 0.000000 0.000000 0.000000 -0.769150 0.639068
474.138000 13.050000 -14.584300 0.000000 0.000000 0.000000 -0.773063 0.634330
474.249000 13.038600 -14.643600 0.000000 0.000000 0.000000 -0.773063 0.634330
474.614000 12.991400 -14.871800 0.000000 0.000000 0.000000 -0.775009 0.631950
474.615000 12.979000 -14.929100 0.000000 0.000000 0.000000 -0.776949 0.629564
474.916000 12.967300 -14.985600 0.000000 0.000000 0.000000 -0.776949 0.629564
475.216000 12.955400 -15.040600 0.000000 0.000000 0.000000 -0.778878 0.627175
475.217000 12.942900 -15.096500 0.000000 0.000000 0.000000 -0.780803 0.624777
475.410000 12.987600 -15.147300 0.000000 0.000000 0.000000 -0.752740 0.658317
476.268000 12.980400 -15.205400 0.000000 0.000000 0.000000 -0.750713 0.660629
476.269000 12.973100 -15.263600 0.000000 0.000000 0.000000 -0.748681 0.662931
476.271000 12.966600 -15.318600 0.000000 0.000000 0.000000 -0.744593 0.667519
476.272000 12.959900 -15.375900 0.000000 0.000000 0.000000 -0.744593 0.667519
476.413000 12.953200 -15.436900 0.000000 0.000000 0.000000 -0.748681 0.662931
476.805000 12.946500 -15.494200 0.000000 0.000000 0.000000 -0.748681 0.662931
476.811000 12.938900 -15.550900 0.000000 0.000000 0.000000 -0.750713 0.660629
477.256000 12.931900 -15.606900 0.000000 0.000000 0.000000 -0.754761 0.656000
477.257000 12.923200 -15.665300 0.000000 0.000000 0.000000 -0.756772 0.653679
477.435000 12.914400 -15.726000 0.000000 0.000000 0.000000 -0.758778 0.651349
477.819000 12.905400 -15.783100 0.000000 0.000000 0.000000 -0.760774 0.649017
477.821000 12.896200 -15.838800 0.000000 0.000000 0.000000 -0.762766 0.646674
478.011000 12.886900 -15.894500 0.000000 0.000000 0.000000 -0.766726 0.641975
478.354000 12.876300 -15.954100 0.000000 0.000000 0.000000 -0.768693 0.639618
478.425000 12.864600 -16.011800 0.000000 0.000000 0.000000 -0.772612 0.634879
478.864000 12.853700 -16.070000 0.000000 0.000000 0.000000 -0.772612 0.634879
478.865000 12.842600 -16.126900 0.000000 0.000000 0.000000 -0.774557 0.632504
479.018000 12.898500 -16.154300 0.000000 0.000000 0.000000 -0.747599 0.664150
479.367000 12.891100 -16.213600 0.000000 0.000000 0.000000 -0.749638 0.661848
479.465000 12.884200 -16.272100 0.000000 0.000000 0.000000 -0.749638 0.661848
479.813000 12.876900 -16.329200 0.000000 0.000000 0.000000 -0.749638 0.661848
479.836000 12.870100 -16.385400 0.000000 0.000000 0.000000 -0.749638 0.661848
480.035000 12.862300 -16.445700 0.000000 0.000000 0.000000 -0.749638 0.661848
480.426000 12.855400 -16.504200 0.000000 0.000000 0.000000 -0.749638 0.661848
480.427000 12.848100 -16.561300 0.000000 0.000000 0.000000 -0.751666 0.659544
480.612000 12.840800 -16.618400 0.000000 0.000000 0.000000 -0.751666 0.659544
480.935000 12.832600 -16.675100 0.000000 0.000000 0.000000 -0.753691 0.657229
481.105000 12.824400 -16.733900 0.000000 0.000000 0.000000 -0.755705 0.654912
481.490000 12.816200 -16.790600 0.000000 0.000000 0.000000 -0.759715 0.650256
481.506000 12.807100 -16.849000 0.000000 0.000000 0.000000 -0.761711 0.647917
481.612000 12.797500 -16.908300 0.000000 0.000000 0.000000 -0.763697 0.645575
481.993000 12.787100 -16.965000 0.000000 0.000000 0.000000 -0.767652 0.640866
482.046000 12.776600 -17.021600 0.000000 0.000000 0.000000 -0.773525 0.633765
482.211000 12.764900 -17.076400 0.000000 0.000000 0.000000 -0.775471 0.631384
482.629000 12.753100 -17.135700 0.000000 0.000000 0.000000 -0.779336 0.626607
482.630000 12.761700 -17.138400 0.000000 0.000000 0.000000 -0.770803 0.637074
482.811000 12.751300 -17.195500 0.000000 0.000000 0.000000 -0.770803 0.637074
483.138000 12.740300 -17.248900 0.000000 0.000000 0.000000 -0.774703 0.632325
483.212000 12.729400 -17.304600 0.000000 0.000000 0.000000 -0.778574 0.627553
483.593000 12.715000 -17.365300 0.000000 0.000000 0.000000 -0.782415 0.622757
483.613000 12.701900 -17.423300 0.000000 0.000000 0.000000 -0.786227 0.617937
484.140000 12.687900 -17.478600 0.000000 0.000000 0.000000 -0.788124 0.615517
484.141000 12.674700 -17.532100 0.000000 0.000000 0.000000 -0.793762 0.608228
484.256000 12.659400 -17.590100 0.000000 0.000000 0.000000 -0.793762 0.608228
484.580000 12.642800 -17.650900 0.000000 0.000000 0.000000 -0.791891 0.610662
484.656000 12.628700 -17.706200 0.000000 0.000000 0.000000 -0.793762 0.608228
485.047000 12.613700 -17.758800 0.000000 0.000000 0.000000 -0.795629 0.605784
485.048000 12.599600 -17.811900 0.000000 0.000000 0.000000 -0.797485 0.603339
485.212000 12.582600 -17.873600 0.000000 0.000000 0.000000 -0.797485 0.603339
485.538000 12.565900 -17.932100 0.000000 0.000000 0.000000 -0.799336 0.600884
485.611000 12.550100 -17.986500 0.000000 0.000000 0.000000 -0.801177 0.598427
486.538000 12.534600 -18.037800 0.000000 0.000000 0.000000 -0.804842 0.593488
486.539000 12.517000 -18.093700 0.000000 0.000000 0.000000 -0.806661 0.591015
486.541000 12.565900 -18.125300 0.000000 0.000000 0.000000 -0.774140 0.633015
486.542000 12.554300 -18.182600 0.000000 0.000000 0.000000 -0.776079 0.630635
486.656000 12.542400 -18.237800 0.000000 0.000000 0.000000 -0.776079 0.630635
487.048000 12.531100 -18.294300 0.000000 0.000000 0.000000 -0.776079 0.630635
487.106000 12.518900 -18.353500 0.000000 0.000000 0.000000 -0.772190 0.635392
487.306000 12.508200 -18.411300 0.000000 0.000000 0.000000 -0.772190 0.635392
487.644000 12.497000 -18.467700 0.000000 0.000000 0.000000 -0.776079 0.630635
487.645000 12.485100 -18.522900 0.000000 0.000000 0.000000 -0.779940 0.625854
487.812000 12.471900 -18.581800 0.000000 0.000000 0.000000 -0.783774 0.621046
488.211000 12.457800 -18.640400 0.000000 0.000000 0.000000 -0.785677 0.618637
488.216000 12.445000 -18.695300 0.000000 0.000000 0.000000 -0.785677 0.618637
488.611000 12.431900 -18.747900 0.000000 0.000000 0.000000 -0.787576 0.616218
488.615000 12.417400 -18.804300 0.000000 0.000000 0.000000 -0.789464 0.613797
489.125000 12.404000 -18.857900 0.000000 0.000000 0.000000 -0.791348 0.611367
489.126000 12.397300 -18.883100 0.000000 0.000000 0.000000 -0.793221 0.608934
489.227000 12.398300 -18.880300 0.000000 0.000000 0.000000 -0.793221 0.608934
489.905000 12.397600 -18.882100 0.000000 0.000000 0.000000 -0.793221 0.608934
490.196000 12.397300 -18.883100 0.000000 0.000000 0.000000 -0.806134 0.591733
490.212000 12.397000 -18.884000 0.000000 0.000000 0.000000 -0.813346 0.581781
491.320000 12.397000 -18.884000 0.000000 0.000000 0.000000 -0.827402 0.561611
491.403000 12.397600 -18.882100 0.000000 0.000000 0.000000 -0.844264 0.535928
491.406000 12.392800 -18.890000 0.000000 0.000000 0.000000 -0.902281 0.431149
491.776000 12.386900 -18.850500 0.000000 0.000000 0.000000 -0.893985 0.448098
491.777000 12.387100 -18.849600 0.000000 0.000000 0.000000 -0.904728 0.425990
491.952000 12.388600 -18.847900 0.000000 0.000000 0.000000 -0.918607 0.395173
492.338000 12.388600 -18.847900 0.000000 0.000000 0.000000 -0.930315 0.366762
492.386000 12.388600 -18.847900 0.000000 0.000000 0.000000 -0.934752 0.355301
492.512000 12.388600 -18.847900 0.000000 0.000000 0.000000 -0.941143 0.338010
492.833000 12.388600 -18.847900 0.000000 0.000000 0.000000 -0.952964 0.303083
492.936000 12.388600 -18.847900 0.000000 0.000000 0.000000 -0.964307 0.264785
493.331000 12.387400 -18.848600 0.000000 0.000000 0.000000 -0.969779 0.243983
493.333000 12.388300 -18.848800 0.000000 0.000000 0.000000 -0.975483 0.220075
493.433000 12.359800 -18.799700 0.000000 0.000000 0.000000 -0.979385 0.202002
493.831000 12.361000 -18.798900 0.000000 0.000000 0.000000 -0.985128 0.171819
493.833000 12.361000 -18.798900 0.000000 0.000000 0.000000 -0.986671 0.162729
494.220000 12.361000 -18.798900 0.000000 0.000000 0.000000 -0.987166 0.159695
494.222000 12.361000 -18.798900 0.000000 0.000000 0.000000 -0.987652 0.156663
494.393000 12.361000 -18.798900 0.000000 0.000000 0.000000 -0.987652 0.156663
494.836000 12.361000 -18.798900 0.000000 0.000000 0.000000 -0.987652 0.156663
494.837000 12.361000 -18.798900 0.000000 0.000000 0.000000 -0.987652 0.156663
495.041000 12.361000 -18.798900 0.000000 0.000000 0.000000 -0.987166 0.159695
495.136000 12.361000 -18.798900 0.000000 0.000000 0.000000 -0.987166 0.159695
495.313000 12.361000 -18.798900 0.000000 0.000000 0.000000 -0.986671 0.162729
495.512000 12.361000 -18.798900 0.000000 0.000000 0.000000 -0.987166 0.159695
495.801000 12.361000 -18.798900 0.000000 0.000000 0.000000 -0.987652 0.156663
495.873000 12.361000 -18.798900 0.000000 0.000000 0.000000 -0.989055 0.147551
496.072000 12.360100 -18.798700 0.000000 0.000000 0.000000 -0.993120 0.117097
496.234000 12.360100 -18.798700 0.000000 0.000000 0.000000 -0.996510 0.083469
496.623000 12.358900 -18.799500 0.000000 0.000000 0.000000 -0.998261 0.058947
496.634000 12.352600 -18.800100 0.000000 0.000000 0.000000 -0.998762 0.049746
496.971000 12.326400 -18.802500 0.000000 0.000000 0.000000 -0.999178 0.040535
497.033000 12.267100 -18.806700 0.000000 0.000000 0.000000 -0.999408 0.034395
497.300000 12.225400 -18.809800 0.000000 0.000000 0.000000 -0.999298 0.037463
497.836000 12.023000 -18.826200 0.000000 0.000000 0.000000 -0.999298 0.037463
498.164000 11.966600 -18.831100 0.000000 0.000000 0.000000 -0.999178 0.040535
498.266000 11.895700 -18.836800 0.000000 0.000000 0.000000 -0.999049 0.043602
498.598000 11.827700 -18.843200 0.000000 0.000000 0.000000 -0.999049 0.043602
499.012000 11.775400 -18.848000 0.000000 0.000000 0.000000 -0.999298 0.037463
499.106000 11.674200 -18.856200 0.000000 0.000000 0.000000 -0.999298 0.037463
499.432000 11.605700 -18.860400 0.000000 0.000000 0.000000 -0.999408 0.034395
499.439000 11.541000 -18.865500 0.000000 0.000000 0.000000 -0.999509 0.031321
499.769000 11.489200 -18.868300 0.000000 0.000000 0.000000 -0.999683 0.025179
499.866000 11.437300 -18.871100 0.000000 0.000000 0.000000 -0.999756 0.022110
500.201000 11.379400 -18.873600 0.000000 0.000000 0.000000 -0.999873 0.015961
500.233000 11.317600 -18.875300 0.000000 0.000000 0.000000 -0.999952 0.009816
501.183000 11.257600 -18.840800 0.000000 0.000000 0.000000 -0.999815 0.019245
501.399000 11.202100 -18.843100 0.000000 0.000000 0.000000 -0.999869 0.016171
501.783000 10.967100 -18.851000 0.000000 0.000000 0.000000 -0.999914 0.013101
501.795000 10.910900 -18.852200 0.000000 0.000000 0.000000 -0.999950 0.010026
501.876000 10.852400 -18.854000 0.000000 0.000000 0.000000 -0.999950 0.010026
502.204000 10.791000 -18.855200 0.000000 0.000000 0.000000 -0.999950 0.010026
502.286000 10.732600 -18.857000 0.000000 0.000000 0.000000 -0.999869 0.016171
503.290000 10.677100 -18.859300 0.000000 0.000000 0.000000 -0.999815 0.019245
503.292000 10.620500 -18.862500 0.000000 0.000000 0.000000 -0.999678 0.025389
503.293000 10.500100 -18.868400 0.000000 0.000000 0.000000 -0.999751 0.022314
503.294000 10.445500 -18.870900 0.000000 0.000000 0.000000 -0.999815 0.019245
503.436000 10.391000 -18.873500 0.000000 0.000000 0.000000 -0.999815 0.019245
503.867000 10.328500 -18.875500 0.000000 0.000000 0.000000 -0.999869 0.016171
503.869000 10.266900 -18.877700 0.000000 0.000000 0.000000 -0.999914 0.013101
504.086000 10.344500 -18.901100 0.000000 0.000000 0.000000 -0.999330 0.036613
504.385000 10.289400 -18.905400 0.000000 0.000000 0.000000 -0.999437 0.033540
504.436000 10.230300 -18.909200 0.000000 0.000000 0.000000 -0.999536 0.030472
504.893000 10.167200 -18.912400 0.000000 0.000000 0.000000 -0.999704 0.024329
504.895000 10.111200 -18.915600 0.000000 0.000000 0.000000 -0.999835 0.018180
505.033000 10.056300 -18.917900 0.000000 0.000000 0.000000 -0.999835 0.018180
505.367000 9.997500 -18.919700 0.000000 0.000000 0.000000 -0.999886 0.015111
505.434000 9.936550 -18.922200 0.000000 0.000000 0.000000 -0.999835 0.018180
505.911000 9.878710 -18.924100 0.000000 0.000000 0.000000 -0.999886 0.015111
505.912000 9.823840 -18.926400 0.000000 0.000000 0.000000 -0.999835 0.018180
506.086000 9.767980 -18.928600 0.000000 0.000000 0.000000 -0.999704 0.024329
506.463000 9.708870 -18.932300 0.000000 0.000000 0.000000 -0.999536 0.030472
506.486000 9.646790 -18.935700 0.000000 0.000000 0.000000 -0.999437 0.033540
506.897000 9.587540 -18.940400 0.000000 0.000000 0.000000 -0.999437 0.033540
507.002000 9.530410 -18.944500 0.000000 0.000000 0.000000 -0.999330 0.036613
507.034000 9.477240 -18.949000 0.000000 0.000000 0.000000 -0.999212 0.039681
507.529000 9.417990 -18.953800 0.000000 0.000000 0.000000 -0.999212 0.039681
507.530000 9.358740 -18.958500 0.000000 0.000000 0.000000 -0.999330 0.036613
507.634000 9.350060 -18.972900 0.000000 0.000000 0.000000 -0.997405 0.071999
508.075000 9.295470 -18.980400 0.000000 0.000000 0.000000 -0.997405 0.071999
508.076000 9.238820 -18.988800 0.000000 0.000000 0.000000 -0.997405 0.071999
508.236000 9.181170 -18.997200 0.000000 0.000000 0.000000 -0.997828 0.065869
508.581000 9.123520 -19.005500 0.000000 0.000000 0.000000 -0.998026 0.062800
508.634000 9.063940 -19.012800 0.000000 0.000000 0.000000 -0.998214 0.059736
509.102000 9.007420 -19.019200 0.000000 0.000000 0.000000 -0.998723 0.050530
509.116000 8.949900 -19.025500 0.000000 0.000000 0.000000 -0.998873 0.047463
509.234000 8.895500 -19.030100 0.000000 0.000000 0.000000 -0.999146 0.041325
509.604000 8.836050 -19.035300 0.000000 0.000000 0.000000 -0.999146 0.041325
509.646000 8.775600 -19.040500 0.000000 0.000000 0.000000 -0.999268 0.038252
509.836000 8.717150 -19.045800 0.000000 0.000000 0.000000 -0.999146 0.041325
510.179000 8.663740 -19.050400 0.000000 0.000000 0.000000 -0.999268 0.038252
510.246000 8.607350 -19.054800 0.000000 0.000000 0.000000 -0.999381 0.035179
510.595000 8.546960 -19.059000 0.000000 0.000000 0.000000 -0.999484 0.032111
510.636000 8.484580 -19.063100 0.000000 0.000000 0.000000 -0.999578 0.029037
510.943000 8.426250 -19.066400 0.000000 0.000000 0.000000 -0.999484 0.032111
511.277000 8.371850 -19.070900 0.000000 0.000000 0.000000 -0.999381 0.035179
511.278000 8.366550 -19.089000 0.000000 0.000000 0.000000 -0.998000 0.063219
511.434000 8.307440 -19.096200 0.000000 0.000000 0.000000 -0.997592 0.069351
512.414000 8.248310 -19.105400 0.000000 0.000000 0.000000 -0.997592 0.069351
512.416000 8.189200 -19.113600 0.000000 0.000000 0.000000 -0.998000 0.063219
512.436000 8.135110 -19.119900 0.000000 0.000000 0.000000 -0.998189 0.060155
512.438000 8.080000 -19.127100 0.000000 0.000000 0.000000 -0.998540 0.054020
512.439000 8.018910 -19.133300 0.000000 0.000000 0.000000 -0.998540 0.054020
512.634000 7.959810 -19.140500 0.000000 0.000000 0.000000 -0.998853 0.047878
513.007000 7.904730 -19.145800 0.000000 0.000000 0.000000 -0.998995 0.044811
513.086000 7.847670 -19.150000 0.000000 0.000000 0.000000 -0.999252 0.038672
513.543000 7.786600 -19.155200 0.000000 0.000000 0.000000 -0.999366 0.035599
513.544000 7.728530 -19.159400 0.000000 0.000000 0.000000 -0.999471 0.032531
513.635000 7.671480 -19.162600 0.000000 0.000000 0.000000 -0.999652 0.026388
514.013000 7.614430 -19.165800 0.000000 0.000000 0.000000 -0.999471 0.032531
514.035000 7.553360 -19.171000 0.000000 0.000000 0.000000 -0.999471 0.032531
514.542000 7.493300 -19.175200 0.000000 0.000000 0.000000 -0.999252 0.038672
514.543000 7.438220 -19.180400 0.000000 0.000000 0.000000 -0.999129 0.041739
514.635000 7.381140 -19.185700 0.000000 0.000000 0.000000 -0.998995 0.044811
515.077000 7.392530 -19.197900 0.000000 0.000000 0.000000 -0.996935 0.078231
515.097000 7.333910 -19.208400 0.000000 0.000000 0.000000 -0.996436 0.084356
515.256000 7.276280 -19.218700 0.000000 0.000000 0.000000 -0.995899 0.090477
515.599000 7.219660 -19.229100 0.000000 0.000000 0.000000 -0.995616 0.093539
515.636000 7.162080 -19.240400 0.000000 0.000000 0.000000 -0.995022 0.099656
515.886000 7.101580 -19.253900 0.000000 0.000000 0.000000 -0.994391 0.105768
516.218000 7.045040 -19.266300 0.000000 0.000000 0.000000 -0.994391 0.105768
516.237000 6.988460 -19.277600 0.000000 0.000000 0.000000 -0.995324 0.096595
516.436000 6.933830 -19.287900 0.000000 0.000000 0.000000 -0.996690 0.081292
516.775000 6.874170 -19.297300 0.000000 0.000000 0.000000 -0.998208 0.059836
516.841000 6.814350 -19.302800 0.000000 0.000000 0.000000 -0.999575 0.029142
517.241000 6.786370 -19.303900 0.000000 0.000000 0.000000 -0.999905 0.013781
517.242000 6.729330 -19.304300 0.000000 0.000000 0.000000 0.999856 0.016946
517.414000 6.673140 -19.300600 0.000000 0.000000 0.000000 0.999006 0.044587
517.861000 6.612820 -19.294000 0.000000 0.000000 0.000000 0.997391 0.072193
517.862000 6.552330 -19.283500 0.000000 0.000000 0.000000 0.995607 0.093629
518.096000 6.495850 -19.272800 0.000000 0.000000 0.000000 0.995013 0.099745
518.405000 6.439360 -19.262100 0.000000 0.000000 0.000000 0.995607 0.093629
518.406000 6.408980 -19.250600 0.000000 0.000000 0.000000 0.998458 0.055508
518.646000 6.351990 -19.244900 0.000000 0.000000 0.000000 0.998624 0.052437
518.906000 6.291030 -19.239700 0.000000 0.000000 0.000000 0.998781 0.049366
518.935000 6.230950 -19.233300 0.000000 0.000000 0.000000 0.998928 0.046300
519.400000 6.175070 -19.228500 0.000000 0.000000 0.000000 0.998928 0.046300
519.401000 6.121290 -19.224400 0.000000 0.000000 0.000000 0.999065 0.043228
519.496000 6.092790 -19.221600 0.000000 0.000000 0.000000 0.999065 0.043228
519.914000 6.032940 -19.217200 0.000000 0.000000 0.000000 0.999312 0.037088
519.916000 5.971200 -19.214000 0.000000 0.000000 0.000000 0.999521 0.030946
520.066000 5.913440 -19.210400 0.000000 0.000000 0.000000 0.999611 0.027878
520.507000 5.858890 -19.208500 0.000000 0.000000 0.000000 0.999764 0.021730
520.527000 5.803340 -19.206700 0.000000 0.000000 0.000000 0.999826 0.018660
521.039000 5.773960 -19.204900 0.000000 0.000000 0.000000 0.999826 0.018660
521.596000 5.711350 -19.202900 0.000000 0.000000 0.000000 0.999764 0.021730
521.598000 5.653810 -19.201300 0.000000 0.000000 0.000000 0.999692 0.024804
521.599000 5.598150 -19.198400 0.000000 0.000000 0.000000 0.999611 0.027878
521.600000 5.541500 -19.195700 0.000000 0.000000 0.000000 0.999611 0.027878
521.601000 5.483740 -19.192100 0.000000 0.000000 0.000000 0.999521 0.030946
522.500000 5.435150 -19.189500 0.000000 0.000000 0.000000 0.999521 0.030946
522.882000 5.486610 -19.218900 0.000000 0.000000 0.000000 -0.999945 0.010481
523.400000 5.518970 -19.217600 0.000000 0.000000 0.000000 -0.999666 0.025843
523.536000 5.617060 -19.208500 0.000000 0.000000 0.000000 -0.998729 0.050405
523.968000 5.617060 -19.208500 0.000000 0.000000 0.000000 -0.998569 0.053476
523.969000 5.617060 -19.208500 0.000000 0.000000 0.000000 -0.998729 0.050405
524.187000 5.617060 -19.208500 0.000000 0.000000 0.000000 -0.998729 0.050405
524.335000 5.617060 -19.208500 0.000000 0.000000 0.000000 -0.999020 0.044267
524.547000 5.617060 -19.208500 0.000000 0.000000 0.000000 -0.999385 0.035059
525.396000 5.617060 -19.208500 0.000000 0.000000 0.000000 -0.999945 0.010481
525.596000 5.613730 -19.207200 0.000000 0.000000 0.000000 0.993337 0.115245
526.388000 5.599820 -19.203800 0.000000 0.000000 0.000000 0.990629 0.136583
526.446000 5.414660 -19.150600 0.000000 0.000000 0.000000 0.990524 0.137341
526.545000 5.362040 -19.135700 0.000000 0.000000 0.000000 0.990097 0.140386
527.079000 5.318430 -19.123500 0.000000 0.000000 0.000000 0.989215 0.146468
527.097000 5.265550 -19.107500 0.000000 0.000000 0.000000 0.989661 0.143425
527.187000 5.201720 -19.089400 0.000000 0.000000 0.000000 0.990097 0.140386
527.515000 5.140080 -19.071600 0.000000 0.000000 0.000000 0.990097 0.140386
527.596000 5.085260 -19.056200 0.000000 0.000000 0.000000 0.990097 0.140386
527.973000 5.033860 -19.042000 0.000000 0.000000 0.000000 0.990524 0.137341
527.974000 4.979310 -19.027500 0.000000 0.000000 0.000000 0.991349 0.131252
528.167000 4.919150 -19.011500 0.000000 0.000000 0.000000 0.991748 0.128203
528.621000 4.860470 -18.997100 0.000000 0.000000 0.000000 0.992137 0.125157
528.622000 4.803980 -18.983200 0.000000 0.000000 0.000000 0.992887 0.119058
529.502000 4.747750 -18.970200 0.000000 0.000000 0.000000 0.993600 0.112955
529.609000 4.575190 -18.932300 0.000000 0.000000 0.000000 0.994275 0.106847
529.627000 4.553950 -18.865300 0.000000 0.000000 0.000000 0.994181 0.107727
530.603000 4.497930 -18.853500 0.000000 0.000000 0.000000 0.993500 0.113834
530.784000 4.267610 -18.798900 0.000000 0.000000 0.000000 0.992026 0.126035
530.785000 4.213950 -18.784400 0.000000 0.000000 0.000000 0.991634 0.129080
531.007000 4.161530 -18.770600 0.000000 0.000000 0.000000 0.990402 0.138217
531.295000 4.105420 -18.754800 0.000000 0.000000 0.000000 0.989534 0.144301
531.336000 4.044670 -18.737000 0.000000 0.000000 0.000000 0.989085 0.147343
531.846000 3.987070 -18.719500 0.000000 0.000000 0.000000 0.989085 0.147343
531.847000 3.934120 -18.703800 0.000000 0.000000 0.000000 0.988628 0.150379
531.967000 3.882140 -18.687900 0.000000 0.000000 0.000000 0.988161 0.153418
532.436000 3.823310 -18.669600 0.000000 0.000000 0.000000 0.988161 0.153418
532.438000 3.775710 -18.654500 0.000000 0.000000 0.000000 0.988628 0.150379
532.547000 3.757650 -18.649100 0.000000 0.000000 0.000000 0.988161 0.153418
532.936000 3.761070 -18.650200 0.000000 0.000000 0.000000 0.988161 0.153418
533.177000 3.757650 -18.649100 0.000000 0.000000 0.000000 0.988628 0.150379
533.506000 3.757650 -18.649100 0.000000 0.000000 0.000000 0.989085 0.147343
533.507000 3.757650 -18.649100 0.000000 0.000000 0.000000 0.989972 0.141262
533.587000 3.757650 -18.649100 0.000000 0.000000 0.000000 0.991634 0.129080
533.982000 3.757650 -18.649100 0.000000 0.000000 0.000000 0.995131 0.098556
533.983000 3.758880 -18.649800 0.000000 0.000000 0.000000 0.998273 0.058737
534.157000 3.755720 -18.649600 0.000000 0.000000 0.000000 1.000000 0.000386
534.488000 3.750630 -18.649900 0.000000 0.000000 0.000000 -0.998319 0.057964
534.567000 3.774970 -18.723500 0.000000 0.000000 0.000000 -0.999562 0.029607
535.024000 3.741640 -18.725200 0.000000 0.000000 0.000000 -0.999725 0.023464
535.045000 3.665950 -18.729500 0.000000 0.000000 0.000000 -0.999648 0.026533
535.136000 3.582230 -18.734400 0.000000 0.000000 0.000000 -0.999648 0.026533
535.588000 3.521650 -18.737600 0.000000 0.000000 0.000000 -0.999792 0.020390
535.589000 3.478120 -18.739300 0.000000 0.000000 0.000000 -0.999938 0.011176
535.767000 3.433410 -18.740300 0.000000 0.000000 0.000000 -0.999899 0.014246
536.152000 3.366540 -18.742800 0.000000 0.000000 0.000000 -0.999850 0.017320
536.153000 3.293600 -18.745400 0.000000 0.000000 0.000000 -0.999850 0.017320
536.387000 3.233990 -18.748500 0.000000 0.000000 0.000000 -0.999850 0.017320
536.799000 3.184380 -18.750400 0.000000 0.000000 0.000000 -0.999792 0.020390
536.817000 3.132810 -18.752800 0.000000 0.000000 0.000000 -0.999899 0.014246
537.247000 3.070840 -18.754300 0.000000 0.000000 0.000000 -0.999938 0.011176
537.248000 3.006920 -18.756100 0.000000 0.000000 0.000000 -0.999938 0.011176
537.387000 2.947110 -18.758100 0.000000 0.000000 0.000000 -0.999850 0.017320
537.766000 2.892600 -18.761100 0.000000 0.000000 0.000000 -0.999725 0.023464
537.787000 2.836140 -18.764500 0.000000 0.000000 0.000000 -0.999562 0.029607
537.937000 2.778690 -18.768100 0.000000 0.000000 0.000000 -0.999466 0.032681
538.277000 2.791890 -18.894300 0.000000 0.000000 0.000000 -0.993699 0.112085
538.347000 2.731920 -18.908000 0.000000 0.000000 0.000000 -0.993350 0.115135
539.350000 2.676040 -18.921200 0.000000 0.000000 0.000000 -0.993699 0.112085
539.352000 2.623320 -18.934400 0.000000 0.000000 0.000000 -0.993699 0.112085
539.353000 2.568370 -18.947300 0.000000 0.000000 0.000000 -0.993350 0.115135
539.355000 2.448420 -18.974700 0.000000 0.000000 0.000000 -0.994690 0.102919
539.537000 2.392780 -18.985700 0.000000 0.000000 0.000000 -0.996673 0.081501
539.915000 2.337040 -18.993500 0.000000 0.000000 0.000000 -0.998196 0.060045
539.938000 2.278730 -19.000200 0.000000 0.000000 0.000000 -0.998546 0.053910
540.137000 2.217600 -19.007900 0.000000 0.000000 0.000000 -0.998196 0.060045
540.503000 2.158350 -19.015000 0.000000 0.000000 0.000000 -0.998375 0.056980
540.577000 2.102850 -19.020600 0.000000 0.000000 0.000000 -0.999000 0.044706
541.078000 2.047000 -19.025300 0.000000 0.000000 0.000000 -0.999474 0.032426
541.079000 1.987650 -19.029200 0.000000 0.000000 0.000000 -0.999797 0.020135
541.167000 1.927600 -19.031200 0.000000 0.000000 0.000000 -0.999854 0.017065
541.497000 1.868480 -19.032800 0.000000 0.000000 0.000000 -0.999969 0.007846
541.538000 1.812190 -19.033400 0.000000 0.000000 0.000000 -0.999999 0.001701
541.984000 1.834800 -19.105400 0.000000 0.000000 0.000000 -0.997888 0.064951
542.007000 1.774130 -19.112700 0.000000 0.000000 0.000000 -0.998083 0.061887
542.207000 1.713940 -19.120800 0.000000 0.000000 0.000000 -0.998445 0.055752
542.593000 1.655920 -19.126700 0.000000 0.000000 0.000000 -0.999183 0.040405
542.594000 1.600980 -19.129800 0.000000 0.000000 0.000000 -0.999821 0.018905
542.787000 1.542860 -19.131200 0.000000 0.000000 0.000000 0.999962 0.008746
543.090000 1.511970 -19.130600 0.000000 0.000000 0.000000 0.999709 0.024109
543.177000 1.421930 -19.125100 0.000000 0.000000 0.000000 0.999630 0.027183
543.625000 1.394170 -19.124000 0.000000 0.000000 0.000000 0.999630 0.027183
543.626000 1.338640 -19.121800 0.000000 0.000000 0.000000 0.999630 0.027183
544.213000 1.279060 -19.118300 0.000000 0.000000 0.000000 0.999542 0.030252
544.347000 1.103440 -19.107300 0.000000 0.000000 0.000000 0.999095 0.042533
544.764000 1.044270 -19.102500 0.000000 0.000000 0.000000 0.999095 0.042533
544.777000 0.985107 -19.097600 0.000000 0.000000 0.000000 0.998960 0.045606
544.847000 0.925942 -19.092800 0.000000 0.000000 0.000000 0.999095 0.042533
545.235000 0.897711 -19.090800 0.000000 0.000000 0.000000 0.999221 0.039466
545.236000 0.840781 -19.085900 0.000000 0.000000 0.000000 0.999338 0.036393
545.398000 0.776832 -19.061300 0.000000 0.000000 0.000000 0.999126 0.041799
546.467000 0.718691 -19.056800 0.000000 0.000000 0.000000 0.999250 0.038732
546.557000 0.454823 -19.043700 0.000000 0.000000 0.000000 0.999900 0.014156
546.952000 0.396237 -19.042800 0.000000 0.000000 0.000000 0.999968 0.008011
546.953000 0.338993 -19.042400 0.000000 0.000000 0.000000 0.999988 0.004941
547.127000 0.277277 -19.042000 0.000000 0.000000 0.000000 0.999988 0.004941
547.507000 0.219139 -19.042100 0.000000 0.000000 0.000000 0.999988 0.004941
547.508000 0.161896 -19.041700 0.000000 0.000000 0.000000 0.999988 0.004941
548.165000 0.103758 -19.041700 0.000000 0.000000 0.000000 0.999988 0.004941
549.366000 0.074689 -19.041800 0.000000 0.000000 0.000000 0.999988 0.004941
549.479000 0.016103 -19.040900 0.000000 0.000000 0.000000 0.999988 0.004941
549.572000 -0.043376 -19.040500 0.000000 0.000000 0.000000 0.999988 0.004941
549.619000 -0.219582 -19.037100 0.000000 0.000000 0.000000 0.999794 0.020300
549.892000 -0.363339 -19.067500 0.000000 0.000000 0.000000 -0.999924 0.012316
549.893000 -0.423354 -19.069000 0.000000 0.000000 0.000000 -0.999924 0.012316
549.958000 -0.484222 -19.071000 0.000000 0.000000 0.000000 -0.999924 0.012316
550.408000 -0.540634 -19.072700 0.000000 0.000000 0.000000 -0.999957 0.009241
550.409000 -0.595671 -19.074700 0.000000 0.000000 0.000000 -0.999924 0.012316
550.567000 -0.655686 -19.076200 0.000000 0.000000 0.000000 -0.999882 0.015386
550.958000 -0.717407 -19.078700 0.000000 0.000000 0.000000 -0.999768 0.021530
550.977000 -0.775526 -19.081400 0.000000 0.000000 0.000000 -0.999697 0.024604
551.158000 -0.832270 -19.084400 0.000000 0.000000 0.000000 -0.999617 0.027673
551.509000 -0.892096 -19.088100 0.000000 0.000000 0.000000 -0.999527 0.030746
551.607000 -0.950547 -19.092200 0.000000 0.000000 0.000000 -0.999527 0.030746
551.995000 -1.007620 -19.096600 0.000000 0.000000 0.000000 -0.999527 0.030746
552.047000 -1.063850 -19.100400 0.000000 0.000000 0.000000 -0.999527 0.030746
552.159000 -1.123670 -19.104200 0.000000 0.000000 0.000000 -0.999617 0.027673
553.528000 -1.184870 -19.107600 0.000000 0.000000 0.000000 -0.999617 0.027673
553.649000 -1.175620 -19.117500 0.000000 0.000000 0.000000 -0.998533 0.054140
553.774000 -1.465420 -19.150900 0.000000 0.000000 0.000000 -0.999362 0.035724
553.775000 -1.521960 -19.153600 0.000000 0.000000 0.000000 -0.999987 0.005006
553.959000 -1.576350 -19.152400 0.000000 0.000000 0.000000 0.999864 0.016506
554.353000 -1.630740 -19.151300 0.000000 0.000000 0.000000 0.999946 0.010361
554.377000 -1.692350 -19.150300 0.000000 0.000000 0.000000 0.999946 0.010361
554.560000 -1.753950 -19.149200 0.000000 0.000000 0.000000 0.999910 0.013431
555.013000 -1.813910 -19.147100 0.000000 0.000000 0.000000 0.999808 0.019575
555.014000 -1.869690 -19.145600 0.000000 0.000000 0.000000 0.999743 0.022649
555.159000 -1.925230 -19.142800 0.000000 0.000000 0.000000 0.999669 0.025723
555.582000 -1.985760 -19.139800 0.000000 0.000000 0.000000 0.999492 0.031866
555.597000 -2.046860 -19.136000 0.000000 0.000000 0.000000 0.999277 0.038007
556.627000 -2.105750 -19.131900 0.000000 0.000000 0.000000 0.999156 0.041075
557.592000 -2.293940 -19.192800 0.000000 0.000000 0.000000 0.999984 0.005611
557.630000 -2.353480 -19.192900 0.000000 0.000000 0.000000 0.999962 0.008686
558.411000 -2.586290 -19.187100 0.000000 0.000000 0.000000 0.999632 0.027118
558.413000 -2.645640 -19.184400 0.000000 0.000000 0.000000 0.999544 0.030187
558.414000 -2.702070 -19.180400 0.000000 0.000000 0.000000 0.999632 0.027118
558.415000 -2.761420 -19.177700 0.000000 0.000000 0.000000 0.999711 0.024044
558.416000 -2.820120 -19.175700 0.000000 0.000000 0.000000 0.999780 0.020975
558.560000 -2.878810 -19.173700 0.000000 0.000000 0.000000 0.999840 0.017900
559.096000 -2.935440 -19.172500 0.000000 0.000000 0.000000 0.999890 0.014831
559.097000 -2.993480 -19.171300 0.000000 0.000000 0.000000 0.999962 0.008686
559.159000 -3.054440 -19.171200 0.000000 0.000000 0.000000 0.999984 0.005611
559.847000 -3.113230 -19.170600 0.000000 0.000000 0.000000 -0.999993 0.003606
559.859000 -3.170710 -19.171600 0.000000 0.000000 0.000000 -0.999978 0.006681
560.201000 -3.264900 -19.177600 0.000000 0.000000 0.000000 -0.998535 0.054105
560.203000 -3.324290 -19.184600 0.000000 0.000000 0.000000 -0.998535 0.054105
560.427000 -3.381570 -19.191000 0.000000 0.000000 0.000000 -0.998535 0.054105
560.826000 -3.437430 -19.197400 0.000000 0.000000 0.000000 -0.998364 0.057170
560.827000 -3.494700 -19.205200 0.000000 0.000000 0.000000 -0.998364 0.057170
560.959000 -3.555510 -19.212200 0.000000 0.000000 0.000000 -0.998364 0.057170
561.415000 -3.614910 -19.219300 0.000000 0.000000 0.000000 -0.998535 0.054105
561.417000 -3.669360 -19.225700 0.000000 0.000000 0.000000 -0.998697 0.051034
561.560000 -3.701180 -19.229200 0.000000 0.000000 0.000000 -0.998535 0.054105
562.091000 -3.708250 -19.229200 0.000000 0.000000 0.000000 -0.998849 0.047968
562.092000 -3.704000 -19.229200 0.000000 0.000000 0.000000 -0.998697 0.051034
562.162000 -3.697640 -19.228500 0.000000 0.000000 0.000000 -0.998535 0.054105
562.627000 -3.679260 -19.225700 0.000000 0.000000 0.000000 -0.997994 0.063304
562.647000 -3.644610 -19.220700 0.000000 0.000000 0.000000 -0.996137 0.087818
563.629000 -3.636120 -19.219300 0.000000 0.000000 0.000000 -0.994017 0.109223
564.037000 -3.658040 -19.224300 0.000000 0.000000 0.000000 -0.991033 0.133620
564.049000 -3.672180 -19.228500 0.000000 0.000000 0.000000 -0.989758 0.142752
564.059000 -3.672180 -19.228500 0.000000 0.000000 0.000000 -0.990193 0.139708
564.188000 -3.672180 -19.228500 0.000000 0.000000 0.000000 -0.992600 0.121431
564.189000 -3.672180 -19.228500 0.000000 0.000000 0.000000 -0.994982 0.100054
564.360000 -3.673600 -19.228500 0.000000 0.000000 0.000000 -0.997368 0.072503
564.884000 -3.673600 -19.228500 0.000000 0.000000 0.000000 -0.998992 0.044896
564.885000 -3.673600 -19.228500 0.000000 0.000000 0.000000 -0.999726 0.023399
565.067000 -3.675720 -19.229200 0.000000 0.000000 0.000000 0.999999 0.001181
565.432000 -3.658160 -19.217600 0.000000 0.000000 0.000000 0.999984 0.005681
565.434000 -3.659570 -19.217700 0.000000 0.000000 0.000000 0.998959 0.045610
565.567000 -3.659570 -19.217700 0.000000 0.000000 0.000000 0.997536 0.070154
566.025000 -3.659570 -19.217700 0.000000 0.000000 0.000000 0.995511 0.094649
566.027000 -3.658810 -19.218400 0.000000 0.000000 0.000000 0.992513 0.122141
566.160000 -3.658810 -19.218400 0.000000 0.000000 0.000000 0.987335 0.158648
566.511000 -3.659570 -19.217700 0.000000 0.000000 0.000000 0.983695 0.179842
566.577000 -3.661730 -19.217200 0.000000 0.000000 0.000000 0.979600 0.200959
567.076000 -3.677850 -19.209800 0.000000 0.000000 0.000000 0.972249 0.233948
567.077000 -3.682640 -19.177900 0.000000 0.000000 0.000000 0.962173 0.272438
567.207000 -3.742270 -19.138600 0.000000 0.000000 0.000000 0.953348 0.301873
568.074000 -3.804450 -19.094500 0.000000 0.000000 0.000000 0.947622 0.319395
568.086000 -3.850260 -19.058800 0.000000 0.000000 0.000000 0.941573 0.336809
568.249000 -3.922540 -18.997200 0.000000 0.000000 0.000000 0.939063 0.343744
568.250000 -3.970140 -18.957500 0.000000 0.000000 0.000000 0.940114 0.340860
568.359000 -4.023870 -18.912600 0.000000 0.000000 0.000000 0.940114 0.340860
568.817000 -4.068520 -18.874000 0.000000 0.000000 0.000000 0.939063 0.343744
568.819000 -4.108440 -18.840700 0.000000 0.000000 0.000000 0.939063 0.343744
569.037000 -4.147710 -18.806600 0.000000 0.000000 0.000000 0.939063 0.343744
569.374000 -4.193770 -18.768100 0.000000 0.000000 0.000000 0.940114 0.340860
569.397000 -4.218330 -18.747600 0.000000 0.000000 0.000000 0.939063 0.343744
569.538000 -4.266820 -18.705800 0.000000 0.000000 0.000000 0.940114 0.340860
569.884000 -4.309040 -18.670600 0.000000 0.000000 0.000000 0.939485 0.342589
569.886000 -4.350370 -18.637400 0.000000 0.000000 0.000000 0.940533 0.339703
570.087000 -4.395530 -18.601000 0.000000 0.000000 0.000000 0.941573 0.336809
570.425000 -4.441590 -18.562500 0.000000 0.000000 0.000000 0.939485 0.342589
570.477000 -4.386220 -18.497600 0.000000 0.000000 0.000000 0.936779 0.349921
570.620000 -4.432430 -18.457700 0.000000 0.000000 0.000000 0.937423 0.348192
570.964000 -4.474090 -18.421800 0.000000 0.000000 0.000000 0.936348 0.351073
570.988000 -4.513590 -18.386500 0.000000 0.000000 0.000000 0.936348 0.351073
571.228000 -4.559040 -18.347300 0.000000 0.000000 0.000000 0.935266 0.353945
571.515000 -4.604600 -18.306700 0.000000 0.000000 0.000000 0.934173 0.356820
571.540000 -4.647230 -18.267300 0.000000 0.000000 0.000000 0.934173 0.356820
572.013000 -4.689000 -18.230000 0.000000 0.000000 0.000000 0.933073 0.359686
572.014000 -4.731630 -18.190700 0.000000 0.000000 0.000000 0.933073 0.359686
572.100000 -4.752940 -18.171000 0.000000 0.000000 0.000000 0.931963 0.362553
572.558000 -4.795570 -18.131600 0.000000 0.000000 0.000000 0.931963 0.362553
572.559000 -4.836690 -18.093500 0.000000 0.000000 0.000000 0.931963 0.362553
573.160000 -4.878560 -18.054800 0.000000 0.000000 0.000000 0.931963 0.362553
573.317000 -4.989580 -17.953800 0.000000 0.000000 0.000000 0.931963 0.362553
573.595000 -5.031450 -17.915100 0.000000 0.000000 0.000000 0.930844 0.365418
573.622000 -5.073330 -17.876400 0.000000 0.000000 0.000000 0.928581 0.371131
574.096000 -5.113890 -17.836100 0.000000 0.000000 0.000000 0.926283 0.376830
574.097000 -5.090330 -17.792900 0.000000 0.000000 0.000000 0.923352 0.383955
574.217000 -5.132280 -17.751200 0.000000 0.000000 0.000000 0.922167 0.386793
574.559000 -5.172820 -17.709400 0.000000 0.000000 0.000000 0.920975 0.389622
574.627000 -5.211850 -17.669000 0.000000 0.000000 0.000000 0.919772 0.392452
575.082000 -5.252500 -17.625800 0.000000 0.000000 0.000000 0.919772 0.392452
575.083000 -5.284630 -17.592600 0.000000 0.000000 0.000000 0.920975 0.389622
575.180000 -5.299180 -17.577400 0.000000 0.000000 0.000000 0.922167 0.386793
575.609000 -5.296920 -17.579300 0.000000 0.000000 0.000000 0.922167 0.386793
575.628000 -5.296060 -17.581400 0.000000 0.000000 0.000000 0.922167 0.386793
575.780000 -5.291530 -17.585300 0.000000 0.000000 0.000000 0.923352 0.383955
576.171000 -5.276220 -17.601200 0.000000 0.000000 0.000000 0.925694 0.378274
576.181000 -5.248920 -17.626200 0.000000 0.000000 0.000000 0.931396 0.364007
576.576000 -5.232200 -17.642100 0.000000 0.000000 0.000000 0.936877 0.349658
576.637000 -5.236730 -17.638100 0.000000 0.000000 0.000000 0.936877 0.349658
576.780000 -5.240510 -17.634900 0.000000 0.000000 0.000000 0.936232 0.351382
577.124000 -5.240510 -17.634900 0.000000 0.000000 0.000000 0.935799 0.352533
577.197000 -5.240510 -17.634900 0.000000 0.000000 0.000000 0.933615 0.358277
577.530000 -5.239750 -17.635500 0.000000 0.000000 0.000000 0.929140 0.369728
577.617000 -5.239750 -17.635500 0.000000 0.000000 0.000000 0.922167 0.386793
577.818000 -5.239750 -17.635500 0.000000 0.000000 0.000000 0.913634 0.406538
578.203000 -5.239000 -17.636200 0.000000 0.000000 0.000000 0.899374 0.437181
578.204000 -5.240610 -17.633500 0.000000 0.000000 0.000000 0.875321 0.483542
578.381000 -5.241260 -17.634200 0.000000 0.000000 0.000000 0.842318 0.538981
578.777000 -5.238620 -17.599500 0.000000 0.000000 0.000000 0.849182 0.528100
578.781000 -5.238620 -17.599500 0.000000 0.000000 0.000000 0.845921 0.533308
579.230000 -5.238620 -17.599500 0.000000 0.000000 0.000000 0.834255 0.551379
579.231000 -5.239620 -17.597500 0.000000 0.000000 0.000000 0.825685 0.564132
579.381000 -5.243990 -17.586700 0.000000 0.000000 0.000000 0.820448 0.571720
580.275000 -5.256320 -17.549800 0.000000 0.000000 0.000000 0.809770 0.586747
580.387000 -5.336180 -17.301900 0.000000 0.000000 0.000000 0.804329 0.594184
580.786000 -5.349480 -17.258000 0.000000 0.000000 0.000000 0.807965 0.589231
580.808000 -5.369750 -17.195200 0.000000 0.000000 0.000000 0.809770 0.586747
581.047000 -5.392400 -17.125500 0.000000 0.000000 0.000000 0.809770 0.586747
581.379000 -5.411270 -17.067500 0.000000 0.000000 0.000000 0.809770 0.586747
581.398000 -5.425570 -17.021700 0.000000 0.000000 0.000000 0.809770 0.586747
581.581000 -5.441470 -16.974600 0.000000 0.000000 0.000000 0.809770 0.586747
581.976000 -5.460150 -16.918000 0.000000 0.000000 0.000000 0.807965 0.589231
581.981000 -5.480610 -16.853800 0.000000 0.000000 0.000000 0.809770 0.586747
582.499000 -5.500480 -16.793700 0.000000 0.000000 0.000000 0.809770 0.586747
582.508000 -5.516770 -16.743900 0.000000 0.000000 0.000000 0.811570 0.584255
582.581000 -5.533060 -16.694000 0.000000 0.000000 0.000000 0.811570 0.584255
583.030000 -5.552340 -16.638200 0.000000 0.000000 0.000000 0.811570 0.584255
583.031000 -5.490050 -16.635600 0.000000 0.000000 0.000000 0.812443 0.583041
583.247000 -5.508550 -16.578900 0.000000 0.000000 0.000000 0.812443 0.583041
584.245000 -5.526470 -16.526400 0.000000 0.000000 0.000000 0.812443 0.583041
584.257000 -5.543600 -16.474600 0.000000 0.000000 0.000000 0.812443 0.583041
584.381000 -5.618610 -16.250700 0.000000 0.000000 0.000000 0.816010 0.578037
584.776000 -5.636340 -16.199700 0.000000 0.000000 0.000000 0.817781 0.575529
584.782000 -5.656840 -16.143900 0.000000 0.000000 0.000000 0.819547 0.573012
585.253000 -5.677920 -16.084000 0.000000 0.000000 0.000000 0.819547 0.573012
585.254000 -5.699420 -16.026300 0.000000 0.000000 0.000000 0.817781 0.575529
585.381000 -5.717140 -15.975200 0.000000 0.000000 0.000000 0.814229 0.580544
585.890000 -5.734080 -15.924700 0.000000 0.000000 0.000000 0.814229 0.580544
585.891000 -5.753180 -15.868800 0.000000 0.000000 0.000000 0.812443 0.583041
586.007000 -5.772860 -15.808700 0.000000 0.000000 0.000000 0.810646 0.585536
586.471000 -5.792150 -15.751400 0.000000 0.000000 0.000000 0.810646 0.585536
586.472000 -5.809660 -15.696700 0.000000 0.000000 0.000000 0.808842 0.588026
586.608000 -5.822180 -15.690900 0.000000 0.000000 0.000000 0.837220 0.546866
586.939000 -5.844540 -15.637400 0.000000 0.000000 0.000000 0.833844 0.552000
586.998000 -5.869270 -15.580000 0.000000 0.000000 0.000000 0.835537 0.549434
587.208000 -5.892810 -15.524600 0.000000 0.000000 0.000000 0.835537 0.549434
587.600000 -5.914510 -15.473800 0.000000 0.000000 0.000000 0.837220 0.546866
587.601000 -5.932180 -15.433700 0.000000 0.000000 0.000000 0.838898 0.544289
587.781000 -5.939760 -15.417400 0.000000 0.000000 0.000000 0.837220 0.546866
588.128000 -5.939760 -15.417400 0.000000 0.000000 0.000000 0.837220 0.546866
588.248000 -5.939240 -15.416500 0.000000 0.000000 0.000000 0.835537 0.549434
588.830000 -5.939240 -15.416500 0.000000 0.000000 0.000000 0.830436 0.557114
588.953000 -5.940430 -15.414600 0.000000 0.000000 0.000000 0.821781 0.569803
589.237000 -5.941280 -15.414100 0.000000 0.000000 0.000000 0.796516 0.604618
589.290000 -5.940760 -15.413200 0.000000 0.000000 0.000000 0.779492 0.626412
589.382000 -5.941940 -15.411300 0.000000 0.000000 0.000000 0.759878 0.650066
589.831000 -5.941750 -15.409100 0.000000 0.000000 0.000000 0.747765 0.663963
589.832000 -5.942030 -15.401900 0.000000 0.000000 0.000000 0.741612 0.670829
589.982000 -5.943540 -15.377500 0.000000 0.000000 0.000000 0.727012 0.686625
590.326000 -5.946280 -15.314900 0.000000 0.000000 0.000000 0.714231 0.699910
590.398000 -5.949000 -15.231200 0.000000 0.000000 0.000000 0.724901 0.688854
590.807000 -5.953580 -15.163900 0.000000 0.000000 0.000000 0.731221 0.682141
590.828000 -5.955610 -15.119300 0.000000 0.000000 0.000000 0.720654 0.693295
591.028000 -5.926500 -15.146900 0.000000 0.000000 0.000000 0.733454 0.679739
591.387000 -5.930940 -15.086600 0.000000 0.000000 0.000000 0.735538 0.677484
591.478000 -5.936790 -15.012800 0.000000 0.000000 0.000000 0.739690 0.672947
591.584000 -5.943320 -14.950100 0.000000 0.000000 0.000000 0.737617 0.675219
592.088000 -5.947420 -14.899200 0.000000 0.000000 0.000000 0.737617 0.675219
592.148000 -5.951800 -14.852800 0.000000 0.000000 0.000000 0.735538 0.677484
592.182000 -5.956730 -14.793400 0.000000 0.000000 0.000000 0.733454 0.679739
592.915000 -5.961620 -14.725900 0.000000 0.000000 0.000000 0.733454 0.679739
592.926000 -5.966650 -14.660600 0.000000 0.000000 0.000000 0.733454 0.679739
593.253000 -5.973630 -14.560700 0.000000 0.000000 0.000000 0.731361 0.681991
593.255000 -5.978420 -14.499100 0.000000 0.000000 0.000000 0.733454 0.679739
593.382000 -5.983820 -14.432400 0.000000 0.000000 0.000000 0.731361 0.681991
593.879000 -5.986650 -14.375400 0.000000 0.000000 0.000000 0.729264 0.684233
593.880000 -5.990620 -14.322300 0.000000 0.000000 0.000000 0.729264 0.684233
594.008000 -5.993960 -14.266100 0.000000 0.000000 0.000000 0.729264 0.684233
594.367000 -5.997390 -14.204000 0.000000 0.000000 0.000000 0.729264 0.684233
594.451000 -5.999100 -14.173000 0.000000 0.000000 0.000000 0.727156 0.686472
594.522000 -6.022590 -14.052200 0.000000 0.000000 0.000000 0.748767 0.662833
595.049000 -6.029060 -13.997700 0.000000 0.000000 0.000000 0.748767 0.662833
595.050000 -6.035540 -13.940900 0.000000 0.000000 0.000000 0.750802 0.660528
595.098000 -6.043830 -13.881000 0.000000 0.000000 0.000000 0.752829 0.658216
595.624000 -6.051210 -13.821600 0.000000 0.000000 0.000000 0.754846 0.655902
595.625000 -6.059490 -13.763900 0.000000 0.000000 0.000000 0.756860 0.653577
595.642000 -6.068660 -13.705800 0.000000 0.000000 0.000000 0.758863 0.651251
596.095000 -6.076930 -13.648100 0.000000 0.000000 0.000000 0.760862 0.648914
596.118000 -6.081960 -13.620000 0.000000 0.000000 0.000000 0.760862 0.648914
596.310000 -6.091570 -13.562800 0.000000 0.000000 0.000000 0.762850 0.646575
597.113000 -6.100290 -13.506000 0.000000 0.000000 0.000000 0.760862 0.648914
597.124000 -6.109460 -13.447900 0.000000 0.000000 0.000000 0.760862 0.648914
597.246000 -6.127800 -13.331700 0.000000 0.000000 0.000000 0.760862 0.648914
597.247000 -6.132380 -13.304900 0.000000 0.000000 0.000000 0.760862 0.648914
597.328000 -6.141100 -13.248100 0.000000 0.000000 0.000000 0.760862 0.648914
597.898000 -6.150270 -13.190000 0.000000 0.000000 0.000000 0.762850 0.646575
597.899000 -6.159890 -13.130600 0.000000 0.000000 0.000000 0.760862 0.648914
597.900000 -6.169060 -13.072500 0.000000 0.000000 0.000000 0.760862 0.648914
598.098000 -6.213210 -13.060500 0.000000 0.000000 0.000000 0.782677 0.622428
598.488000 -6.225850 -13.005300 0.000000 0.000000 0.000000 0.782677 0.622428
598.489000 -6.238630 -12.947900 0.000000 0.000000 0.000000 0.780762 0.624828
599.202000 -6.250870 -12.891800 0.000000 0.000000 0.000000 0.771070 0.636750
599.238000 -6.267210 -12.747200 0.000000 0.000000 0.000000 0.724180 0.689611
599.813000 -6.269370 -12.687700 0.000000 0.000000 0.000000 0.715651 0.698459
599.815000 -6.270610 -12.628600 0.000000 0.000000 0.000000 0.717795 0.696255
599.816000 -6.272470 -12.573600 0.000000 0.000000 0.000000 0.719929 0.694048
599.925000 -6.273090 -12.544100 0.000000 0.000000 0.000000 0.722060 0.691831
600.268000 -6.276560 -12.485200 0.000000 0.000000 0.000000 0.724180 0.689611
600.388000 -6.280180 -12.424000 0.000000 0.000000 0.000000 0.728408 0.685144
600.846000 -6.283500 -12.367300 0.000000 0.000000 0.000000 0.730508 0.682905
600.868000 -6.286280 -12.311900 0.000000 0.000000 0.000000 0.726297 0.687381
600.883000 -6.289610 -12.255200 0.000000 0.000000 0.000000 0.726297 0.687381
601.375000 -6.291910 -12.193500 0.000000 0.000000 0.000000 0.724180 0.689611
601.377000 -6.295150 -12.131400 0.000000 0.000000 0.000000 0.724180 0.689611
601.443000 -6.297540 -12.075100 0.000000 0.000000 0.000000 0.719929 0.694048
601.953000 -6.302000 -12.071100 0.000000 0.000000 0.000000 0.741401 0.671063
601.954000 -6.306790 -12.013900 0.000000 0.000000 0.000000 0.737263 0.675606
602.043000 -6.312270 -11.952300 0.000000 0.000000 0.000000 0.737263 0.675606
602.541000 -6.318360 -11.892600 0.000000 0.000000 0.000000 0.737263 0.675606
602.883000 -6.329890 -11.721900 0.000000 0.000000 0.000000 0.733097 0.680124
603.211000 -6.333470 -11.660900 0.000000 0.000000 0.000000 0.724684 0.689082
603.283000 -6.335100 -11.603700 0.000000 0.000000 0.000000 0.709695 0.704509
603.854000 -6.333880 -11.547400 0.000000 0.000000 0.000000 0.689943 0.723864
603.880000 -6.329190 -11.490100 0.000000 0.000000 0.000000 0.667376 0.744721
603.884000 -6.322940 -11.431200 0.000000 0.000000 0.000000 0.665087 0.746766
604.398000 -6.316690 -11.372300 0.000000 0.000000 0.000000 0.669663 0.742665
604.399000 -6.310400 -11.316600 0.000000 0.000000 0.000000 0.669663 0.742665
604.538000 -6.304140 -11.257700 0.000000 0.000000 0.000000 0.669663 0.742665
604.995000 -6.298200 -11.199700 0.000000 0.000000 0.000000 0.671940 0.740606
604.996000 -6.291640 -11.139900 0.000000 0.000000 0.000000 0.669663 0.742665
605.084000 -6.285690 -11.082000 0.000000 0.000000 0.000000 0.667376 0.744721
605.593000 -6.261500 -11.020700 0.000000 0.000000 0.000000 0.693708 0.720256
605.594000 -6.259970 -10.963500 0.000000 0.000000 0.000000 0.691490 0.722386
605.916000 -6.256750 -10.903500 0.000000 0.000000 0.000000 0.689269 0.724505
606.191000 -6.254010 -10.845500 0.000000 0.000000 0.000000 0.689269 0.724505
606.192000 -6.250530 -10.788800 0.000000 0.000000 0.000000 0.687038 0.726621
606.284000 -6.247550 -10.729800 0.000000 0.000000 0.000000 0.687038 0.726621
606.855000 -6.243600 -10.671100 0.000000 0.000000 0.000000 0.687038 0.726621
606.856000 -6.240860 -10.613100 0.000000 0.000000 0.000000 0.689269 0.724505
606.883000 -6.238120 -10.555100 0.000000 0.000000 0.000000 0.691490 0.722386
607.337000 -6.235380 -10.497100 0.000000 0.000000 0.000000 0.693708 0.720256
607.388000 -6.233840 -10.439900 0.000000 0.000000 0.000000 0.698121 0.715980
607.483000 -6.232570 -10.379500 0.000000 0.000000 0.000000 0.700320 0.713830
607.988000 -6.231040 -10.322200 0.000000 0.000000 0.000000 0.702508 0.711676
607.989000 -6.230480 -10.264700 0.000000 0.000000 0.000000 0.702508 0.711676
608.083000 -6.230410 -10.205100 0.000000 0.000000 0.000000 0.704693 0.709513
608.595000 -6.230590 -10.146400 0.000000 0.000000 0.000000 0.706868 0.707346
608.596000 -6.230030 -10.088900 0.000000 0.000000 0.000000 0.711201 0.702989
608.877000 -6.231640 -10.031900 0.000000 0.000000 0.000000 0.713359 0.700799
609.194000 -6.244510 -10.008800 0.000000 0.000000 0.000000 0.728486 0.685060
609.195000 -6.247670 -9.948990 0.000000 0.000000 0.000000 0.730586 0.682821
609.284000 -6.252400 -9.891910 0.000000 0.000000 0.000000 0.732682 0.680571
609.834000 -6.255950 -9.834040 0.000000 0.000000 0.000000 0.732682 0.680571
609.858000 -6.260690 -9.776960 0.000000 0.000000 0.000000 0.732682 0.680571
609.884000 -6.264240 -9.719090 0.000000 0.000000 0.000000 0.728486 0.685060
610.399000 -6.267590 -9.660250 0.000000 0.000000 0.000000 0.720012 0.693961
610.408000 -6.268990 -9.601800 0.000000 0.000000 0.000000 0.704920 0.709287
610.484000 -6.266460 -9.544150 0.000000 0.000000 0.000000 0.680548 0.732704
610.990000 -6.260400 -9.484150 0.000000 0.000000 0.000000 0.666922 0.745128
610.991000 -6.253360 -9.424360 0.000000 0.000000 0.000000 0.669210 0.743073
611.084000 -6.248090 -9.368290 0.000000 0.000000 0.000000 0.671488 0.741015
611.589000 -6.242830 -9.312210 0.000000 0.000000 0.000000 0.669210 0.743073
611.590000 -6.236380 -9.255360 0.000000 0.000000 0.000000 0.671488 0.741015
611.915000 -6.231100 -9.194180 0.000000 0.000000 0.000000 0.673763 0.738947
612.196000 -6.225240 -9.135170 0.000000 0.000000 0.000000 0.673763 0.738947
612.197000 -6.219770 -9.078120 0.000000 0.000000 0.000000 0.673763 0.738947
612.368000 -6.215090 -9.019880 0.000000 0.000000 0.000000 0.673763 0.738947
612.893000 -6.250560 -9.035430 0.000000 0.000000 0.000000 0.705437 0.708772
612.894000 -6.249430 -8.972160 0.000000 0.000000 0.000000 0.707613 0.706600
612.895000 -6.249630 -8.911750 0.000000 0.000000 0.000000 0.709779 0.704424
613.086000 -6.250390 -8.856310 0.000000 0.000000 0.000000 0.711942 0.702238
613.598000 -6.252030 -8.799770 0.000000 0.000000 0.000000 0.714095 0.700049
613.599000 -6.252450 -8.741350 0.000000 0.000000 0.000000 0.714095 0.700049
614.219000 -6.253640 -8.680830 0.000000 0.000000 0.000000 0.714095 0.700049
614.285000 -6.256130 -8.507450 0.000000 0.000000 0.000000 0.711942 0.702238
615.499000 -6.257540 -8.448920 0.000000 0.000000 0.000000 0.716244 0.697850
615.510000 -6.259840 -8.389280 0.000000 0.000000 0.000000 0.724766 0.688995
615.548000 -6.294230 -8.159950 0.000000 0.000000 0.000000 0.775505 0.631341
616.117000 -6.305800 -8.102270 0.000000 0.000000 0.000000 0.773560 0.633723
616.118000 -6.317160 -8.042620 0.000000 0.000000 0.000000 0.773560 0.633723
616.119000 -6.359140 -7.994560 0.000000 0.000000 0.000000 0.787721 0.616033
616.284000 -6.373460 -7.939470 0.000000 0.000000 0.000000 0.787721 0.616033
617.444000 -6.385840 -7.885510 0.000000 0.000000 0.000000 0.785823 0.618452
617.456000 -6.399950 -7.827420 0.000000 0.000000 0.000000 0.783920 0.620862
617.484000 -6.451610 -7.598410 0.000000 0.000000 0.000000 0.780087 0.625671
617.998000 -6.464650 -7.539400 0.000000 0.000000 0.000000 0.780087 0.625671
618.008000 -6.477700 -7.480380 0.000000 0.000000 0.000000 0.780087 0.625671
618.086000 -6.489880 -7.423430 0.000000 0.000000 0.000000 0.780087 0.625671
618.597000 -6.502130 -7.367480 0.000000 0.000000 0.000000 0.774288 0.632833
618.598000 -6.512520 -7.313650 0.000000 0.000000 0.000000 0.764474 0.644655
618.881000 -6.520580 -7.254970 0.000000 0.000000 0.000000 0.750432 0.660948
619.249000 -6.526570 -7.195430 0.000000 0.000000 0.000000 0.736042 0.676936
619.298000 -6.530710 -7.138020 0.000000 0.000000 0.000000 0.719182 0.694821
619.300000 -6.530710 -7.078890 0.000000 0.000000 0.000000 0.701885 0.712291
619.498000 -6.529790 -7.020820 0.000000 0.000000 0.000000 0.701885 0.712291
619.838000 -6.551690 -7.026080 0.000000 0.000000 0.000000 0.736330 0.676623
619.859000 -6.554430 -6.997140 0.000000 0.000000 0.000000 0.736330 0.676623
620.118000 -6.559930 -6.938260 0.000000 0.000000 0.000000 0.738404 0.674359
620.517000 -6.565410 -6.880380 0.000000 0.000000 0.000000 0.740474 0.672085
620.518000 -6.570880 -6.822500 0.000000 0.000000 0.000000 0.740474 0.672085
620.594000 -6.576380 -6.763620 0.000000 0.000000 0.000000 0.740474 0.672085
621.017000 -6.581830 -6.706740 0.000000 0.000000 0.000000 0.742537 0.669805
621.029000 -6.588330 -6.647890 0.000000 0.000000 0.000000 0.742537 0.669805
621.219000 -6.593830 -6.589010 0.000000 0.000000 0.000000 0.742537 0.669805
622.349000 -6.600280 -6.532160 0.000000 0.000000 0.000000 0.740474 0.672085
622.456000 -6.605760 -6.474280 0.000000 0.000000 0.000000 0.740474 0.672085
622.631000 -6.611260 -6.415400 0.000000 0.000000 0.000000 0.742537 0.669805
622.936000 -6.639930 -6.154040 0.000000 0.000000 0.000000 0.748678 0.662934
622.937000 -6.647370 -6.097210 0.000000 0.000000 0.000000 0.750713 0.660629
623.098000 -6.651110 -6.068300 0.000000 0.000000 0.000000 0.750713 0.660629
623.566000 -6.684260 -6.001580 0.000000 0.000000 0.000000 0.789863 0.613284
623.567000 -6.698930 -5.946060 0.000000 0.000000 0.000000 0.789863 0.613284
623.585000 -6.714140 -5.886570 0.000000 0.000000 0.000000 0.787976 0.615706
624.118000 -6.727820 -5.830910 0.000000 0.000000 0.000000 0.787976 0.615706
624.139000 -6.741360 -5.776250 0.000000 0.000000 0.000000 0.784178 0.620536
624.145000 -6.754450 -5.717480 0.000000 0.000000 0.000000 0.780350 0.625343
625.234000 -6.767410 -5.659700 0.000000 0.000000 0.000000 0.778423 0.627740
625.342000 -6.779650 -5.599810 0.000000 0.000000 0.000000 0.772602 0.634890
625.383000 -6.791900 -5.517710 0.000000 0.000000 0.000000 0.746632 0.665237
625.384000 -6.796660 -5.460830 0.000000 0.000000 0.000000 0.725844 0.687860
625.385000 -6.799980 -5.399720 0.000000 0.000000 0.000000 0.723725 0.690088
625.578000 -6.803160 -5.339590 0.000000 0.000000 0.000000 0.727952 0.685628
626.015000 -6.806080 -5.281450 0.000000 0.000000 0.000000 0.725844 0.687860
626.016000 -6.808580 -5.226280 0.000000 0.000000 0.000000 0.723725 0.690088
626.148000 -6.811230 -5.170120 0.000000 0.000000 0.000000 0.721603 0.692307
626.527000 -6.813830 -5.106890 0.000000 0.000000 0.000000 0.725844 0.687860
626.528000 -6.818000 -5.046900 0.000000 0.000000 0.000000 0.727952 0.685628
626.913000 -6.776350 -5.045150 0.000000 0.000000 0.000000 0.738576 0.674171
627.182000 -6.781740 -4.989260 0.000000 0.000000 0.000000 0.740645 0.671896
627.199000 -6.787620 -4.930420 0.000000 0.000000 0.000000 0.744760 0.667333
627.267000 -6.794490 -4.871750 0.000000 0.000000 0.000000 0.742704 0.669619
627.800000 -6.800030 -4.814880 0.000000 0.000000 0.000000 0.742704 0.669619
627.802000 -6.805250 -4.759980 0.000000 0.000000 0.000000 0.738576 0.674171
627.958000 -6.810480 -4.699000 0.000000 0.000000 0.000000 0.726022 0.687671
628.480000 -6.811760 -4.637350 0.000000 0.000000 0.000000 0.715371 0.698745
628.539000 -6.813200 -4.580800 0.000000 0.000000 0.000000 0.713223 0.700938
628.540000 -6.813650 -4.524080 0.000000 0.000000 0.000000 0.708902 0.705307
628.943000 -6.813450 -4.465230 0.000000 0.000000 0.000000 0.706730 0.707484
629.174000 -6.814070 -4.407530 0.000000 0.000000 0.000000 0.706730 0.707484
629.175000 -6.813050 -4.347520 0.000000 0.000000 0.000000 0.704551 0.709654
629.266000 -6.812680 -4.289650 0.000000 0.000000 0.000000 0.702369 0.711813
629.770000 -6.811980 -4.233750 0.000000 0.000000 0.000000 0.700177 0.713970
629.771000 -6.810960 -4.173740 0.000000 0.000000 0.000000 0.697982 0.716116
629.866000 -6.809120 -4.112580 0.000000 0.000000 0.000000 0.695776 0.718259
630.372000 -6.807440 -4.056520 0.000000 0.000000 0.000000 0.695776 0.718259
630.373000 -6.810990 -4.030080 0.000000 0.000000 0.000000 0.717680 0.696373
630.466000 -6.812240 -3.970660 0.000000 0.000000 0.000000 0.717680 0.696373
630.987000 -6.813970 -3.909290 0.000000 0.000000 0.000000 0.719814 0.694167
630.988000 -6.816190 -3.850100 0.000000 0.000000 0.000000 0.717680 0.696373
631.158000 -6.817950 -3.796980 0.000000 0.000000 0.000000 0.717680 0.696373
631.990000 -6.819200 -3.737550 0.000000 0.000000 0.000000 0.717680 0.696373
632.002000 -6.820930 -3.676190 0.000000 0.000000 0.000000 0.717680 0.696373
632.012000 -6.823150 -3.617000 0.000000 0.000000 0.000000 0.719814 0.694167
632.353000 -6.826630 -3.502510 0.000000 0.000000 0.000000 0.719814 0.694167
632.354000 -6.829090 -3.442350 0.000000 0.000000 0.000000 0.717680 0.696373
632.466000 -6.826220 -3.382940 0.000000 0.000000 0.000000 0.662121 0.749397
632.983000 -6.817790 -3.329370 0.000000 0.000000 0.000000 0.645849 0.763465
632.999000 -6.808850 -3.269490 0.000000 0.000000 0.000000 0.666713 0.745314
633.066000 -6.803560 -3.211540 0.000000 0.000000 0.000000 0.678086 0.734983
633.600000 -6.798270 -3.153600 0.000000 0.000000 0.000000 0.668998 0.743264
633.601000 -6.791770 -3.096380 0.000000 0.000000 0.000000 0.666713 0.745314
634.523000 -6.785500 -3.038190 0.000000 0.000000 0.000000 0.666713 0.745314
635.017000 -6.782320 -2.757470 0.000000 0.000000 0.000000 0.684961 0.728580
635.018000 -6.777850 -2.700260 0.000000 0.000000 0.000000 0.682717 0.730683
635.067000 -6.774010 -2.641150 0.000000 0.000000 0.000000 0.684961 0.728580
635.576000 -6.771130 -2.582350 0.000000 0.000000 0.000000 0.684961 0.728580
635.577000 -6.767620 -2.525450 0.000000 0.000000 0.000000 0.684961 0.728580
635.993000 -6.763470 -2.467290 0.000000 0.000000 0.000000 0.684961 0.728580
636.206000 -6.760580 -2.408490 0.000000 0.000000 0.000000 0.689425 0.724357
636.207000 -6.757380 -2.350630 0.000000 0.000000 0.000000 0.691649 0.722234
636.268000 -6.755130 -2.293090 0.000000 0.000000 0.000000 0.691649 0.722234
636.800000 -6.753190 -2.234600 0.000000 0.000000 0.000000 0.691649 0.722234
636.801000 -6.750300 -2.175800 0.000000 0.000000 0.000000 0.691649 0.722234
636.959000 -6.748050 -2.118260 0.000000 0.000000 0.000000 0.693863 0.720107
637.435000 -6.745800 -2.060720 0.000000 0.000000 0.000000 0.693863 0.720107
637.459000 -6.743550 -2.003180 0.000000 0.000000 0.000000 0.689425 0.724357
637.467000 -6.785690 -1.941670 0.000000 0.000000 0.000000 0.708817 0.705392
638.127000 -6.785790 -1.882430 0.000000 0.000000 0.000000 0.706645 0.707568
638.128000 -6.785520 -1.824130 0.000000 0.000000 0.000000 0.706645 0.707568
638.149000 -6.785610 -1.770270 0.000000 0.000000 0.000000 0.702283 0.711897
638.375000 -6.784400 -1.711590 0.000000 0.000000 0.000000 0.697896 0.716199
638.769000 -6.782650 -1.651610 0.000000 0.000000 0.000000 0.693481 0.720475
638.770000 -6.779590 -1.592180 0.000000 0.000000 0.000000 0.691266 0.722600
638.867000 -6.777640 -1.535360 0.000000 0.000000 0.000000 0.691266 0.722600
639.356000 -6.775320 -1.479460 0.000000 0.000000 0.000000 0.689041 0.724722
639.369000 -6.771520 -1.421890 0.000000 0.000000 0.000000 0.686809 0.726838
639.469000 -6.768830 -1.361530 0.000000 0.000000 0.000000 0.686809 0.726838
640.033000 -6.765960 -1.304330 0.000000 0.000000 0.000000 0.689041 0.724722
640.034000 -6.763080 -1.247130 0.000000 0.000000 0.000000 0.689041 0.724722
640.118000 -6.760210 -1.189930 0.000000 0.000000 0.000000 0.691266 0.722600
640.611000 -6.758080 -1.130880 0.000000 0.000000 0.000000 0.691266 0.722600
640.612000 -6.755580 -1.072750 0.000000 0.000000 0.000000 0.695694 0.718339
641.069000 -6.754190 -1.011840 0.000000 0.000000 0.000000 0.697896 0.716199
641.306000 -6.752810 -0.950931 0.000000 0.000000 0.000000 0.700095 0.714050
641.329000 -6.756680 -0.937586 0.000000 0.000000 0.000000 0.734833 0.678248
641.330000 -6.761940 -0.880821 0.000000 0.000000 0.000000 0.736911 0.675989
641.467000 -6.766310 -0.823602 0.000000 0.000000 0.000000 0.736911 0.675989
642.005000 -6.771590 -0.764601 0.000000 0.000000 0.000000 0.736911 0.675989
642.006000 -6.776860 -0.705600 0.000000 0.000000 0.000000 0.734833 0.678248
642.069000 -6.780790 -0.647038 0.000000 0.000000 0.000000 0.732744 0.680505
642.609000 -6.785160 -0.589819 0.000000 0.000000 0.000000 0.732744 0.680505
642.611000 -6.789980 -0.531710 0.000000 0.000000 0.000000 0.730648 0.682755
643.260000 -6.793460 -0.474038 0.000000 0.000000 0.000000 0.728548 0.684995
643.359000 -6.802510 -0.308174 0.000000 0.000000 0.000000 0.726438 0.687232
643.875000 -6.804550 -0.266594 0.000000 0.000000 0.000000 0.722202 0.691683
643.876000 -6.806650 -0.213835 0.000000 0.000000 0.000000 0.722202 0.691683
643.877000 -6.810200 -0.144984 0.000000 0.000000 0.000000 0.720075 0.693897
644.067000 -6.811950 -0.077465 0.000000 0.000000 0.000000 0.722202 0.691683
644.937000 -6.814970 -0.020686 0.000000 0.000000 0.000000 0.722202 0.691683
644.949000 -6.817490 0.026257 0.000000 0.000000 0.000000 0.722202 0.691683
644.959000 -6.813030 0.041083 0.000000 0.000000 0.000000 0.745510 0.666494
645.297000 -6.814000 0.048636 0.000000 0.000000 0.000000 0.749592 0.661901
645.298000 -6.814000 0.048636 0.000000 0.000000 0.000000 0.749592 0.661901
645.467000 -6.814000 0.048636 0.000000 0.000000 0.000000 0.747556 0.664199
646.019000 -6.814000 0.048636 0.000000 0.000000 0.000000 0.745510 0.666494
646.020000 -6.814150 0.050868 0.000000 0.000000 0.000000 0.737263 0.675606
646.099000 -6.814150 0.050868 0.000000 0.000000 0.000000 0.728904 0.684616
646.329000 -6.814150 0.050868 0.000000 0.000000 0.000000 0.711854 0.702327
647.222000 -6.814510 0.049500 0.000000 0.000000 0.000000 0.698787 0.715330
647.232000 -6.814510 0.049500 0.000000 0.000000 0.000000 0.694378 0.719611
647.368000 -6.814150 0.050868 0.000000 0.000000 0.000000 0.644183 0.764871
647.389000 -6.813440 0.053606 0.000000 0.000000 0.000000 0.603366 0.797465
647.390000 -6.813090 0.054975 0.000000 0.000000 0.000000 0.583584 0.812053
647.589000 -6.813090 0.054975 0.000000 0.000000 0.000000 0.563445 0.826153
648.155000 -6.763200 0.063671 0.000000 0.000000 0.000000 0.576501 0.817096
648.179000 -6.762940 0.065061 0.000000 0.000000 0.000000 0.551123 0.834424
648.180000 -6.761840 0.067009 0.000000 0.000000 0.000000 0.527840 0.849344
648.289000 -6.762400 0.067837 0.000000 0.000000 0.000000 0.509450 0.860501
649.543000 -6.761840 0.067009 0.000000 0.000000 0.000000 0.485461 0.874259
649.632000 -6.761840 0.067009 0.000000 0.000000 0.000000 0.461102 0.887347
650.131000 -6.715990 0.061258 0.000000 0.000000 0.000000 0.297676 0.954667
650.149000 -6.713500 0.062930 0.000000 0.000000 0.000000 0.271164 0.962533
650.168000 -6.711840 0.064044 0.000000 0.000000 0.000000 0.247423 0.968907
650.872000 -6.711010 0.064601 0.000000 0.000000 0.000000 0.226527 0.974005
650.882000 -6.710180 0.065159 0.000000 0.000000 0.000000 0.211536 0.977370
651.623000 -6.707130 0.066001 0.000000 0.000000 0.000000 0.175362 0.984504
651.786000 -6.653610 0.039801 0.000000 0.000000 0.000000 0.083264 0.996527
651.788000 -6.595150 0.048016 0.000000 0.000000 0.000000 0.064879 0.997893
652.036000 -6.510920 0.059203 0.000000 0.000000 0.000000 0.067945 0.997689
652.444000 -6.444420 0.068034 0.000000 0.000000 0.000000 0.071010 0.997476
652.459000 -6.396210 0.075338 0.000000 0.000000 0.000000 0.061812 0.998088
652.528000 -6.351320 0.080398 0.000000 0.000000 0.000000 0.061812 0.998088
653.008000 -6.297290 0.088024 0.000000 0.000000 0.000000 0.067945 0.997689
653.010000 -6.227750 0.097710 0.000000 0.000000 0.000000 0.064879 0.997893
653.088000 -6.159860 0.106276 0.000000 0.000000 0.000000 0.061812 0.998088
653.623000 -6.106670 0.113341 0.000000 0.000000 0.000000 0.061812 0.998088
653.624000 -6.059560 0.118696 0.000000 0.000000 0.000000 0.061812 0.998088
654.120000 -6.004140 0.126054 0.000000 0.000000 0.000000 0.061812 0.998088
654.358000 -5.938470 0.134324 0.000000 0.000000 0.000000 0.061812 0.998088
654.359000 -5.873630 0.142034 0.000000 0.000000 0.000000 0.061812 0.998088
654.360000 -5.818770 0.150221 0.000000 0.000000 0.000000 0.064879 0.997893
654.519000 -5.770840 0.156136 0.000000 0.000000 0.000000 0.061812 0.998088
655.028000 -5.712640 0.162962 0.000000 0.000000 0.000000 0.055677 0.998449
655.029000 -5.645850 0.169577 0.000000 0.000000 0.000000 0.049540 0.998772
655.099000 -5.648870 0.143307 0.000000 0.000000 0.000000 0.070710 0.997497
655.628000 -5.596230 0.151223 0.000000 0.000000 0.000000 0.067645 0.997709
655.629000 -5.544590 0.157144 0.000000 0.000000 0.000000 0.061512 0.998106
656.222000 -5.484750 0.165420 0.000000 0.000000 0.000000 0.058445 0.998291
656.231000 -5.420710 0.173074 0.000000 0.000000 0.000000 0.055377 0.998466
656.232000 -5.362670 0.178762 0.000000 0.000000 0.000000 0.049240 0.998787
656.309000 -5.309640 0.184474 0.000000 0.000000 0.000000 0.043101 0.999071
656.827000 -5.254620 0.189177 0.000000 0.000000 0.000000 0.040031 0.999198
656.828000 -5.193190 0.193645 0.000000 0.000000 0.000000 0.033889 0.999426
656.909000 -5.130960 0.198709 0.000000 0.000000 0.000000 0.033889 0.999426
657.614000 -5.072540 0.202193 0.000000 0.000000 0.000000 0.030818 0.999525
657.615000 -5.017730 0.205498 0.000000 0.000000 0.000000 0.030818 0.999525
657.616000 -4.961510 0.208593 0.000000 0.000000 0.000000 0.027747 0.999615
658.324000 -4.900890 0.212465 0.000000 0.000000 0.000000 0.027747 0.999615
658.807000 -4.667030 0.222802 0.000000 0.000000 0.000000 0.012386 0.999923
658.808000 -4.624220 0.254125 0.000000 0.000000 0.000000 0.037451 0.999298
658.889000 -4.565550 0.258353 0.000000 0.000000 0.000000 0.031309 0.999510
659.428000 -4.506240 0.261809 0.000000 0.000000 0.000000 0.028238 0.999601
659.429000 -4.448350 0.265402 0.000000 0.000000 0.000000 0.022094 0.999756
659.489000 -4.390590 0.267588 0.000000 0.000000 0.000000 0.019022 0.999819
660.131000 -4.334230 0.269911 0.000000 0.000000 0.000000 0.015950 0.999873
660.133000 -4.275840 0.271325 0.000000 0.000000 0.000000 0.009805 0.999952
660.359000 -4.156870 0.274649 0.000000 0.000000 0.000000 0.012878 0.999917
660.851000 -4.097070 0.275925 0.000000 0.000000 0.000000 0.012878 0.999917
660.870000 -4.040710 0.278248 0.000000 0.000000 0.000000 0.012878 0.999917
660.889000 -3.983730 0.279798 0.000000 0.000000 0.000000 0.009805 0.999952
661.532000 -3.922510 0.280937 0.000000 0.000000 0.000000 0.006732 0.999977
661.533000 -3.862710 0.282213 0.000000 0.000000 0.000000 0.006732 0.999977
661.534000 -3.806500 0.283129 0.000000 0.000000 0.000000 0.006732 0.999977
662.627000 -3.751690 0.284181 0.000000 0.000000 0.000000 0.006732 0.999977
662.902000 -3.519860 0.321694 0.000000 0.000000 0.000000 0.033628 0.999434
662.903000 -3.463860 0.324564 0.000000 0.000000 0.000000 0.015196 0.999885
662.904000 -3.407950 0.324606 0.000000 0.000000 0.000000 -0.009385 0.999956
663.099000 -3.352840 0.322554 0.000000 0.000000 0.000000 -0.037032 0.999314
663.596000 -3.292170 0.317465 0.000000 0.000000 0.000000 -0.043172 0.999068
663.598000 -3.231510 0.312377 0.000000 0.000000 0.000000 -0.040102 0.999196
663.949000 -3.174350 0.308126 0.000000 0.000000 0.000000 -0.046242 0.998930
664.255000 -3.117250 0.302463 0.000000 0.000000 0.000000 -0.049311 0.998783
664.309000 -3.058730 0.296746 0.000000 0.000000 0.000000 -0.055448 0.998462
664.311000 -3.000270 0.289617 0.000000 0.000000 0.000000 -0.061583 0.998102
664.499000 -2.941800 0.282488 0.000000 0.000000 0.000000 -0.064649 0.997908
664.909000 -2.884750 0.275410 0.000000 0.000000 0.000000 -0.070781 0.997492
664.929000 -2.828480 0.266239 0.000000 0.000000 0.000000 -0.073846 0.997270
665.197000 -2.771480 0.257749 0.000000 0.000000 0.000000 -0.076910 0.997038
665.631000 -2.711660 0.249155 0.000000 0.000000 0.000000 -0.076910 0.997038
665.632000 -2.654660 0.240665 0.000000 0.000000 0.000000 -0.079973 0.996797
666.125000 -2.598390 0.231494 0.000000 0.000000 0.000000 -0.079973 0.996797
666.209000 -2.555530 0.263066 0.000000 0.000000 0.000000 -0.056292 0.998414
666.210000 -2.494650 0.256619 0.000000 0.000000 0.000000 -0.053224 0.998583
666.339000 -2.435180 0.250158 0.000000 0.000000 0.000000 -0.053224 0.998583
666.827000 -2.377840 0.244382 0.000000 0.000000 0.000000 -0.053224 0.998583
666.828000 -2.321920 0.238593 0.000000 0.000000 0.000000 -0.053224 0.998583
666.889000 -2.262450 0.232131 0.000000 0.000000 0.000000 -0.056292 0.998414
667.449000 -2.204400 0.225655 0.000000 0.000000 0.000000 -0.056292 0.998414
667.469000 -2.144930 0.219195 0.000000 0.000000 0.000000 -0.059359 0.998237
667.549000 -2.088990 0.211991 0.000000 0.000000 0.000000 -0.065493 0.997853
668.041000 -2.030210 0.203401 0.000000 0.000000 0.000000 -0.071624 0.997432
668.043000 -1.972150 0.195512 0.000000 0.000000 0.000000 -0.074688 0.997207
668.099000 -1.914060 0.186208 0.000000 0.000000 0.000000 -0.080815 0.996729
668.626000 -1.857400 0.176891 0.000000 0.000000 0.000000 -0.083878 0.996476
668.627000 -1.800730 0.167572 0.000000 0.000000 0.000000 -0.086939 0.996214
669.528000 -1.742630 0.156855 0.000000 0.000000 0.000000 -0.093060 0.995661
669.799000 -1.574440 0.131709 0.000000 0.000000 0.000000 -0.050137 0.998742
669.800000 -1.514830 0.125755 0.000000 0.000000 0.000000 -0.056274 0.998415
669.890000 -1.458030 0.119514 0.000000 0.000000 0.000000 -0.059342 0.998238
670.550000 -1.401870 0.112495 0.000000 0.000000 0.000000 -0.065476 0.997854
670.551000 -1.343520 0.104990 0.000000 0.000000 0.000000 -0.065476 0.997854
670.552000 -1.281580 0.097143 0.000000 0.000000 0.000000 -0.068541 0.997648
671.528000 -1.226040 0.089349 0.000000 0.000000 0.000000 -0.074671 0.997208
671.776000 -0.990369 0.051033 0.000000 0.000000 0.000000 -0.093042 0.995662
671.800000 -0.962771 0.045341 0.000000 0.000000 0.000000 -0.096101 0.995372
671.849000 -0.909129 0.035220 0.000000 0.000000 0.000000 -0.096101 0.995372
672.380000 -0.855485 0.025098 0.000000 0.000000 0.000000 -0.096101 0.995372
672.381000 -0.794665 0.014294 0.000000 0.000000 0.000000 -0.080798 0.996731
672.390000 -0.733357 0.005671 0.000000 0.000000 0.000000 -0.062409 0.998051
673.018000 -0.676559 -0.000572 0.000000 0.000000 0.000000 -0.040929 0.999162
673.019000 -0.620681 -0.004777 0.000000 0.000000 0.000000 -0.034788 0.999395
673.020000 -0.680154 0.058405 0.000000 0.000000 0.000000 -0.017274 0.999851
673.160000 -0.617531 0.055701 0.000000 0.000000 0.000000 -0.014202 0.999899
674.437000 -0.559525 0.055161 0.000000 0.000000 0.000000 -0.014202 0.999899
674.449000 -0.504315 0.054198 0.000000 0.000000 0.000000 -0.011129 0.999938
674.456000 -0.475504 0.052826 0.000000 0.000000 0.000000 -0.008057 0.999968
674.549000 -0.241658 0.048077 0.000000 0.000000 0.000000 -0.020347 0.999793
675.066000 -0.182043 0.046349 0.000000 0.000000 0.000000 -0.023418 0.999726
675.067000 -0.152426 0.044384 0.000000 0.000000 0.000000 -0.023418 0.999726
675.068000 -0.091201 0.041468 0.000000 0.000000 0.000000 -0.029562 0.999563
675.299000 -0.032773 0.038131 0.000000 0.000000 0.000000 -0.032633 0.999467
675.999000 0.024257 0.034582 0.000000 0.000000 0.000000 -0.038775 0.999248
676.011000 0.082897 0.029846 0.000000 0.000000 0.000000 -0.041845 0.999124
676.288000 0.200386 0.018977 0.000000 0.000000 0.000000 -0.051053 0.998696
676.289000 0.256228 0.013819 0.000000 0.000000 0.000000 -0.054122 0.998534
676.360000 0.315884 0.007091 0.000000 0.000000 0.000000 -0.057190 0.998363
676.892000 0.298229 0.036031 0.000000 0.000000 0.000000 -0.033467 0.999440
676.950000 0.358159 0.032511 0.000000 0.000000 0.000000 -0.036538 0.999332
676.951000 0.413934 0.028134 0.000000 0.000000 0.000000 -0.042679 0.999089
677.149000 0.470544 0.023208 0.000000 0.000000 0.000000 -0.045749 0.998953
677.615000 0.529375 0.018017 0.000000 0.000000 0.000000 -0.042679 0.999089
677.616000 0.590976 0.013398 0.000000 0.000000 0.000000 -0.042679 0.999089
678.136000 0.647586 0.008471 0.000000 0.000000 0.000000 -0.042679 0.999089
678.231000 0.685048 0.005370 0.000000 0.000000 0.000000 -0.039609 0.999215
678.233000 0.688653 0.005392 0.000000 0.000000 0.000000 -0.042679 0.999089
678.289000 0.682827 0.005634 0.000000 0.000000 0.000000 -0.042679 0.999089
678.797000 0.684212 0.005920 0.000000 0.000000 0.000000 -0.042679 0.999089
678.798000 0.684212 0.005920 0.000000 0.000000 0.000000 -0.042679 0.999089
678.871000 0.684212 0.005920 0.000000 0.000000 0.000000 -0.042679 0.999089
679.071000 0.684212 0.005920 0.000000 0.000000 0.000000 -0.042679 0.999089
679.279000 0.684212 0.005920 0.000000 0.000000 0.000000 -0.042679 0.999089
679.490000 0.684212 0.005920 0.000000 0.000000 0.000000 -0.042679 0.999089
680.630000 0.684212 0.005920 0.000000 0.000000 0.000000 -0.042679 0.999089
681.451000 0.684212 0.005920 0.000000 0.000000 0.000000 -0.042679 0.999089
681.471000 0.690875 0.005128 0.000000 0.000000 0.000000 -0.048818 0.998808
682.470000 0.713078 0.002489 0.000000 0.000000 0.000000 -0.048818 0.998808
683.139000 0.974518 -0.025880 0.000000 0.000000 0.000000 -0.067223 0.997738
683.150000 1.018380 -0.031994 0.000000 0.000000 0.000000 -0.067223 0.997738
683.269000 1.151050 -0.048664 0.000000 0.000000 0.000000 -0.058023 0.998315
683.272000 1.212390 -0.055503 0.000000 0.000000 0.000000 -0.054955 0.998489
683.616000 1.264010 -0.060737 0.000000 0.000000 0.000000 -0.048818 0.998808
684.520000 1.303860 -0.009639 0.000000 0.000000 0.000000 -0.009567 0.999954
684.819000 1.543170 0.007987 0.000000 0.000000 0.000000 0.042657 0.999090
684.820000 1.595960 0.012778 0.000000 0.000000 0.000000 0.042657 0.999090
684.879000 1.654590 0.017606 0.000000 0.000000 0.000000 0.039587 0.999216
685.478000 1.716810 0.022628 0.000000 0.000000 0.000000 0.036516 0.999333
685.479000 1.778520 0.026789 0.000000 0.000000 0.000000 0.033445 0.999441
685.480000 1.838010 0.031108 0.000000 0.000000 0.000000 0.039587 0.999216
685.779000 1.894400 0.036093 0.000000 0.000000 0.000000 0.039587 0.999216
686.206000 1.949420 0.040727 0.000000 0.000000 0.000000 0.042657 0.999090
686.207000 2.008560 0.046415 0.000000 0.000000 0.000000 0.045727 0.998954
686.310000 2.069920 0.051946 0.000000 0.000000 0.000000 0.045727 0.998954
686.931000 2.129050 0.057635 0.000000 0.000000 0.000000 0.039587 0.999216
686.943000 2.182700 0.061917 0.000000 0.000000 0.000000 0.033445 0.999441
686.950000 2.238940 0.064672 0.000000 0.000000 0.000000 0.027303 0.999627
687.359000 2.300150 0.067972 0.000000 0.000000 0.000000 0.021159 0.999776
687.360000 2.317870 0.109777 0.000000 0.000000 0.000000 0.057119 0.998367
687.580000 2.375950 0.116929 0.000000 0.000000 0.000000 0.054051 0.998538
688.006000 2.429580 0.121811 0.000000 0.000000 0.000000 0.044844 0.998994
688.008000 2.489020 0.127185 0.000000 0.000000 0.000000 0.041774 0.999127
688.100000 2.549800 0.133016 0.000000 0.000000 0.000000 0.035633 0.999365
688.631000 2.608360 0.136594 0.000000 0.000000 0.000000 0.032562 0.999470
688.650000 2.663790 0.140596 0.000000 0.000000 0.000000 0.029491 0.999565
689.540000 2.721010 0.143716 0.000000 0.000000 0.000000 0.023347 0.999727
689.977000 2.953940 0.153100 0.000000 0.000000 0.000000 0.011058 0.999939
689.989000 3.014750 0.154459 0.000000 0.000000 0.000000 0.011058 0.999939
690.400000 3.135040 0.156720 0.000000 0.000000 0.000000 0.011058 0.999939
690.401000 3.187350 0.158909 0.000000 0.000000 0.000000 0.011058 0.999939
690.519000 3.245930 0.160251 0.000000 0.000000 0.000000 0.004913 0.999988
691.004000 3.309430 0.160289 0.000000 0.000000 0.000000 0.001840 0.999998
691.005000 3.331550 0.175584 0.000000 0.000000 0.000000 0.022256 0.999752
691.110000 3.387870 0.177667 0.000000 0.000000 0.000000 0.016111 0.999870
691.793000 3.441970 0.179614 0.000000 0.000000 0.000000 0.009966 0.999950
691.805000 3.501050 0.180521 0.000000 0.000000 0.000000 0.003821 0.999993
691.815000 3.561060 0.181035 0.000000 0.000000 0.000000 0.003821 0.999993
691.890000 3.620150 0.181942 0.000000 0.000000 0.000000 -0.002325 0.999997
692.313000 3.678450 0.181009 0.000000 0.000000 0.000000 -0.005397 0.999985
692.314000 3.737140 0.180996 0.000000 0.000000 0.000000 -0.008470 0.999964
692.472000 3.795440 0.180063 0.000000 0.000000 0.000000 -0.002325 0.999997
692.963000 3.855450 0.180577 0.000000 0.000000 0.000000 0.009966 0.999950
692.964000 3.913090 0.183188 0.000000 0.000000 0.000000 0.019183 0.999816
693.072000 3.971650 0.185407 0.000000 0.000000 0.000000 0.016111 0.999870
693.559000 4.030200 0.187626 0.000000 0.000000 0.000000 0.016111 0.999870
693.560000 4.088760 0.189844 0.000000 0.000000 0.000000 0.016111 0.999870
694.587000 4.143780 0.191399 0.000000 0.000000 0.000000 0.016111 0.999870
694.920000 4.382300 0.208873 0.000000 0.000000 0.000000 0.054106 0.998535
694.940000 4.436010 0.215492 0.000000 0.000000 0.000000 0.051037 0.998697
694.941000 4.494760 0.221298 0.000000 0.000000 0.000000 0.051037 0.998697
695.073000 4.555730 0.227340 0.000000 0.000000 0.000000 0.044899 0.998992
695.550000 4.612250 0.232909 0.000000 0.000000 0.000000 0.044899 0.998992
695.551000 4.667490 0.237892 0.000000 0.000000 0.000000 0.038759 0.999249
696.612000 4.724600 0.242174 0.000000 0.000000 0.000000 0.032616 0.999468
696.780000 4.960430 0.253343 0.000000 0.000000 0.000000 0.011113 0.999938
696.781000 5.016490 0.254815 0.000000 0.000000 0.000000 0.004968 0.999988
696.872000 5.077580 0.255473 0.000000 0.000000 0.000000 0.004968 0.999988
697.381000 5.135520 0.256245 0.000000 0.000000 0.000000 0.008040 0.999968
697.382000 5.190290 0.257130 0.000000 0.000000 0.000000 0.008040 0.999968
697.452000 5.232420 0.258469 0.000000 0.000000 0.000000 0.011113 0.999938
698.125000 5.249510 0.258489 0.000000 0.000000 0.000000 0.020330 0.999793
698.126000 5.246350 0.258602 0.000000 0.000000 0.000000 0.032616 0.999468
698.127000 5.247640 0.259189 0.000000 0.000000 0.000000 0.038759 0.999249
698.213000 5.248570 0.258839 0.000000 0.000000 0.000000 0.051037 0.998697
699.659000 5.248570 0.258839 0.000000 0.000000 0.000000 0.081696 0.996657
699.846000 5.259760 0.305288 0.000000 0.000000 0.000000 0.342569 0.939493
699.847000 5.259760 0.305288 0.000000 0.000000 0.000000 0.393982 0.919118
699.892000 5.259760 0.305288 0.000000 0.000000 0.000000 0.433144 0.901325
700.410000 5.259760 0.305288 0.000000 0.000000 0.000000 0.468793 0.883308
700.430000 5.237370 0.341570 0.000000 0.000000 0.000000 0.508275 0.861195
700.520000 5.237750 0.342495 0.000000 0.000000 0.000000 0.549984 0.835175
701.082000 5.238500 0.344346 0.000000 0.000000 0.000000 0.590364 0.807137
701.100000 5.238880 0.345271 0.000000 0.000000 0.000000 0.607588 0.794253
701.101000 5.239260 0.346196 0.000000 0.000000 0.000000 0.638821 0.769355
701.250000 5.239480 0.349351 0.000000 0.000000 0.000000 0.675859 0.737031
702.005000 5.213590 0.400256 0.000000 0.000000 0.000000 0.715570 0.698541
702.016000 5.213420 0.402486 0.000000 0.000000 0.000000 0.738768 0.673960
702.407000 5.212710 0.406020 0.000000 0.000000 0.000000 0.736692 0.676229
702.408000 5.212090 0.420325 0.000000 0.000000 0.000000 0.730429 0.682989
702.409000 5.208910 0.462691 0.000000 0.000000 0.000000 0.730429 0.682989
702.640000 5.202690 0.539810 0.000000 0.000000 0.000000 0.732522 0.680743
703.080000 5.196840 0.617854 0.000000 0.000000 0.000000 0.736692 0.676229
703.081000 5.191740 0.673978 0.000000 0.000000 0.000000 0.734612 0.678487
703.136000 5.188400 0.718575 0.000000 0.000000 0.000000 0.732522 0.680743
703.650000 5.184730 0.767631 0.000000 0.000000 0.000000 0.736692 0.676229
704.452000 5.178960 0.832675 0.000000 0.000000 0.000000 0.736692 0.676229
704.493000 5.150730 1.119820 0.000000 0.000000 0.000000 0.740837 0.671685
704.889000 5.143320 1.188780 0.000000 0.000000 0.000000 0.738768 0.673960
704.910000 5.137890 1.249360 0.000000 0.000000 0.000000 0.738768 0.673960
705.093000 5.133670 1.299720 0.000000 0.000000 0.000000 0.738768 0.673960
705.494000 5.129280 1.352310 0.000000 0.000000 0.000000 0.734612 0.678487
705.496000 5.123850 1.412900 0.000000 0.000000 0.000000 0.734612 0.678487
706.235000 5.013370 1.391760 0.000000 0.000000 0.000000 0.776826 0.629715
706.605000 4.978460 1.556260 0.000000 0.000000 0.000000 0.774886 0.632101
706.606000 4.966240 1.615380 0.000000 0.000000 0.000000 0.772939 0.634481
707.638000 4.953570 1.676700 0.000000 0.000000 0.000000 0.772939 0.634481
707.948000 4.911090 1.902180 0.000000 0.000000 0.000000 0.769025 0.639218
708.016000 4.899130 1.962280 0.000000 0.000000 0.000000 0.770987 0.636851
708.221000 4.889040 2.017730 0.000000 0.000000 0.000000 0.769025 0.639218
708.222000 4.878430 2.071250 0.000000 0.000000 0.000000 0.770987 0.636851
708.294000 4.866920 2.129150 0.000000 0.000000 0.000000 0.770987 0.636851
708.803000 4.855670 2.188020 0.000000 0.000000 0.000000 0.770987 0.636851
708.805000 4.844870 2.244700 0.000000 0.000000 0.000000 0.770987 0.636851
708.896000 4.833560 2.299440 0.000000 0.000000 0.000000 0.770987 0.636851
709.381000 4.822760 2.356120 0.000000 0.000000 0.000000 0.770987 0.636851
709.382000 4.771370 2.376840 0.000000 0.000000 0.000000 0.788558 0.614961
709.520000 4.756980 2.434090 0.000000 0.000000 0.000000 0.788558 0.614961
709.975000 4.742950 2.488200 0.000000 0.000000 0.000000 0.788558 0.614961
710.000000 4.729120 2.543290 0.000000 0.000000 0.000000 0.788558 0.614961
710.094000 4.714730 2.600550 0.000000 0.000000 0.000000 0.788558 0.614961
710.493000 4.700340 2.657800 0.000000 0.000000 0.000000 0.790445 0.612533
710.520000 4.685540 2.713100 0.000000 0.000000 0.000000 0.792325 0.610100
711.438000 4.669970 2.769580 0.000000 0.000000 0.000000 0.792325 0.610100
712.451000 4.608230 2.993350 0.000000 0.000000 0.000000 0.797913 0.602773
712.464000 4.592240 3.047880 0.000000 0.000000 0.000000 0.797913 0.602773
712.580000 4.526170 3.270530 0.000000 0.000000 0.000000 0.803437 0.595390
713.041000 4.509410 3.326250 0.000000 0.000000 0.000000 0.801602 0.597858
713.042000 4.513400 3.370590 0.000000 0.000000 0.000000 0.809012 0.587792
713.100000 4.495620 3.427840 0.000000 0.000000 0.000000 0.807204 0.590272
713.501000 4.477660 3.484100 0.000000 0.000000 0.000000 0.807204 0.590272
713.503000 4.460920 3.536060 0.000000 0.000000 0.000000 0.803562 0.595222
714.336000 4.443940 3.592130 0.000000 0.000000 0.000000 0.803562 0.595222
714.627000 4.372880 3.816010 0.000000 0.000000 0.000000 0.810816 0.585301
715.238000 4.353570 3.870490 0.000000 0.000000 0.000000 0.812609 0.582809
715.294000 4.335850 3.922640 0.000000 0.000000 0.000000 0.816175 0.577805
715.822000 4.335050 3.923800 0.000000 0.000000 0.000000 0.817948 0.575292
715.823000 4.335050 3.923800 0.000000 0.000000 0.000000 0.821468 0.570255
715.896000 4.335050 3.923800 0.000000 0.000000 0.000000 0.824956 0.565196
716.271000 4.335050 3.923800 0.000000 0.000000 0.000000 0.836922 0.547322
716.330000 4.335050 3.923800 0.000000 0.000000 0.000000 0.858111 0.513464
716.494000 4.334250 3.924970 0.000000 0.000000 0.000000 0.882309 0.470671
716.855000 4.335240 3.924790 0.000000 0.000000 0.000000 0.909550 0.415595
716.915000 4.335240 3.924790 0.000000 0.000000 0.000000 0.928875 0.370392
717.095000 4.297710 3.898810 0.000000 0.000000 0.000000 0.942928 0.332998
717.473000 4.297710 3.898810 0.000000 0.000000 0.000000 0.958153 0.286255
717.494000 4.297710 3.898810 0.000000 0.000000 0.000000 0.971792 0.235839
717.923000 4.297710 3.898810 0.000000 0.000000 0.000000 0.981036 0.193827
717.924000 4.297710 3.898810 0.000000 0.000000 0.000000 0.988924 0.148421
718.094000 4.297710 3.898810 0.000000 0.000000 0.000000 0.995023 0.099641
718.629000 4.292990 3.798860 0.000000 0.000000 0.000000 0.998558 0.053676
719.408000 4.292990 3.798860 0.000000 0.000000 0.000000 0.999943 0.010681
719.662000 4.292990 3.798860 0.000000 0.000000 0.000000 -0.996681 0.081411
720.661000 4.291830 3.798060 0.000000 0.000000 0.000000 -0.991475 0.130295
721.009000 4.277490 3.740470 0.000000 0.000000 0.000000 -0.879497 0.475904
721.010000 4.277300 3.739490 0.000000 0.000000 0.000000 -0.855046 0.518552
721.171000 4.275940 3.737720 0.000000 0.000000 0.000000 -0.828529 0.559947
721.775000 4.275560 3.735760 0.000000 0.000000 0.000000 -0.798163 0.602441
721.776000 4.275560 3.735760 0.000000 0.000000 0.000000 -0.773468 0.633835
721.777000 4.275560 3.735760 0.000000 0.000000 0.000000 -0.750795 0.660535
722.010000 4.328430 3.730230 0.000000 0.000000 0.000000 -0.715280 0.698838
722.292000 4.328430 3.730230 0.000000 0.000000 0.000000 -0.675553 0.737311
722.350000 4.328430 3.730230 0.000000 0.000000 0.000000 -0.645570 0.763701
722.560000 4.328240 3.729250 0.000000 0.000000 0.000000 -0.612133 0.790755
723.035000 4.328430 3.730230 0.000000 0.000000 0.000000 -0.570008 0.821639
723.036000 4.328430 3.730230 0.000000 0.000000 0.000000 -0.531546 0.847029
723.100000 4.393150 3.742480 0.000000 0.000000 0.000000 -0.502329 0.864677
723.645000 4.392940 3.741500 0.000000 0.000000 0.000000 -0.459226 0.888320
723.647000 4.394500 3.739130 0.000000 0.000000 0.000000 -0.409416 0.912348
724.236000 4.397230 3.737550 0.000000 0.000000 0.000000 -0.369802 0.929111
724.296000 4.399770 3.734990 0.000000 0.000000 0.000000 -0.329503 0.944155
724.297000 4.402510 3.733400 0.000000 0.000000 0.000000 -0.282705 0.959207
724.298000 4.448480 3.753340 0.000000 0.000000 0.000000 -0.282353 0.959310
724.531000 4.452110 3.751370 0.000000 0.000000 0.000000 -0.237853 0.971301
724.959000 4.453790 3.749910 0.000000 0.000000 0.000000 -0.195862 0.980632
724.981000 4.457670 3.748910 0.000000 0.000000 0.000000 -0.150471 0.988614
724.996000 4.461540 3.747910 0.000000 0.000000 0.000000 -0.092530 0.995710
725.463000 4.462510 3.747670 0.000000 0.000000 0.000000 -0.046554 0.998916
725.484000 4.472070 3.806590 0.000000 0.000000 0.000000 -0.007979 0.999968
725.630000 4.472070 3.806590 0.000000 0.000000 0.000000 0.044244 0.999021
726.154000 4.472070 3.806590 0.000000 0.000000 0.000000 0.105517 0.994418
726.155000 4.472070 3.806590 0.000000 0.000000 0.000000 0.129927 0.991524
726.156000 4.472070 3.806590 0.000000 0.000000 0.000000 0.148185 0.988960
726.380000 4.472070 3.806590 0.000000 0.000000 0.000000 0.145145 0.989410
726.798000 4.472070 3.806590 0.000000 0.000000 0.000000 0.139062 0.990284
726.799000 4.472070 3.806590 0.000000 0.000000 0.000000 0.126880 0.991918
726.876000 4.472070 3.806590 0.000000 0.000000 0.000000 0.102461 0.994737
727.505000 4.473270 3.807340 0.000000 0.000000 0.000000 0.090227 0.995921
727.506000 4.473270 3.807340 0.000000 0.000000 0.000000 0.065720 0.997838
727.507000 4.466070 3.829440 0.000000 0.000000 0.000000 0.074537 0.997218
727.596000 4.464930 3.828600 0.000000 0.000000 0.000000 0.031582 0.999501
728.189000 4.464930 3.828600 0.000000 0.000000 0.000000 0.003933 0.999992
728.190000 4.467050 3.829290 0.000000 0.000000 0.000000 -0.026791 0.999641
728.191000 4.468040 3.829140 0.000000 0.000000 0.000000 -0.054423 0.998518
728.356000 4.468040 3.829140 0.000000 0.000000 0.000000 -0.075886 0.997117
729.538000 4.467050 3.829290 0.000000 0.000000 0.000000 -0.097314 0.995254
729.936000 4.472210 3.780000 0.000000 0.000000 0.000000 -0.216312 0.976324
729.938000 4.471220 3.780150 0.000000 0.000000 0.000000 -0.246205 0.969218
729.939000 4.472210 3.780000 0.000000 0.000000 0.000000 -0.264031 0.964514
730.160000 4.474040 3.778720 0.000000 0.000000 0.000000 -0.287659 0.957733
730.600000 4.476720 3.776310 0.000000 0.000000 0.000000 -0.322770 0.946477
730.601000 4.479390 3.773890 0.000000 0.000000 0.000000 -0.357442 0.933935
730.802000 4.482070 3.771480 0.000000 0.000000 0.000000 -0.383130 0.923694
731.318000 4.483900 3.770200 0.000000 0.000000 0.000000 -0.402908 0.915240
731.319000 4.475660 3.735450 0.000000 0.000000 0.000000 -0.417394 0.908726
731.320000 4.476530 3.734340 0.000000 0.000000 0.000000 -0.447865 0.894101
731.511000 4.478290 3.732120 0.000000 0.000000 0.000000 -0.475123 0.879920
732.012000 4.479170 3.731010 0.000000 0.000000 0.000000 -0.496607 0.867976
732.014000 4.479050 3.730020 0.000000 0.000000 0.000000 -0.517794 0.855506
732.077000 4.480040 3.729900 0.000000 0.000000 0.000000 -0.548977 0.835837
732.595000 4.480040 3.729900 0.000000 0.000000 0.000000 -0.576910 0.816808
732.611000 4.479050 3.730020 0.000000 0.000000 0.000000 -0.596814 0.802379
732.800000 4.479280 3.732000 0.000000 0.000000 0.000000 -0.621182 0.783666
733.318000 4.425360 3.693070 0.000000 0.000000 0.000000 -0.630642 0.776074
733.319000 4.428770 3.676660 0.000000 0.000000 0.000000 -0.644845 0.764314
733.320000 4.434730 3.634880 0.000000 0.000000 0.000000 -0.665732 0.746191
733.540000 4.443350 3.558680 0.000000 0.000000 0.000000 -0.670305 0.742086
733.881000 4.451870 3.481480 0.000000 0.000000 0.000000 -0.665732 0.746191
733.901000 4.458650 3.427560 0.000000 0.000000 0.000000 -0.668020 0.744143
734.160000 4.463420 3.383890 0.000000 0.000000 0.000000 -0.672580 0.740024
734.632000 4.468410 3.332160 0.000000 0.000000 0.000000 -0.668020 0.744143
734.633000 4.476710 3.263020 0.000000 0.000000 0.000000 -0.670305 0.742086
734.803000 4.483420 3.198060 0.000000 0.000000 0.000000 -0.670305 0.742086
735.149000 4.488910 3.141250 0.000000 0.000000 0.000000 -0.674853 0.737953
735.622000 4.494090 3.091510 0.000000 0.000000 0.000000 -0.677115 0.735877
735.651000 4.498690 3.035800 0.000000 0.000000 0.000000 -0.681624 0.731703
735.652000 4.503590 2.973020 0.000000 0.000000 0.000000 -0.683871 0.729603
735.796000 4.507510 2.910340 0.000000 0.000000 0.000000 -0.688341 0.725387
736.198000 4.510110 2.854830 0.000000 0.000000 0.000000 -0.692786 0.721143
736.199000 4.512910 2.801300 0.000000 0.000000 0.000000 -0.695000 0.719010
736.331000 4.514230 2.742890 0.000000 0.000000 0.000000 -0.697204 0.716873
737.384000 4.516250 2.681400 0.000000 0.000000 0.000000 -0.701596 0.712575
737.643000 4.525860 2.703730 0.000000 0.000000 0.000000 -0.673194 0.739466
737.995000 4.551050 2.414370 0.000000 0.000000 0.000000 -0.679983 0.733228
737.996000 4.555310 2.358310 0.000000 0.000000 0.000000 -0.679983 0.733228
738.076000 4.560540 2.299240 0.000000 0.000000 0.000000 -0.679983 0.733228
738.546000 4.564740 2.239180 0.000000 0.000000 0.000000 -0.684476 0.729035
738.571000 4.568990 2.182120 0.000000 0.000000 0.000000 -0.686715 0.726927
739.341000 4.572210 2.123070 0.000000 0.000000 0.000000 -0.688943 0.724815
739.840000 4.582160 1.890920 0.000000 0.000000 0.000000 -0.699998 0.714145
739.861000 4.583360 1.830900 0.000000 0.000000 0.000000 -0.704373 0.709830
739.877000 4.584600 1.772870 0.000000 0.000000 0.000000 -0.704373 0.709830
740.595000 4.584820 1.713870 0.000000 0.000000 0.000000 -0.708722 0.705488
740.596000 4.592290 1.734230 0.000000 0.000000 0.000000 -0.695866 0.718172
740.597000 4.594300 1.677260 0.000000 0.000000 0.000000 -0.695866 0.718172
740.799000 4.596450 1.616300 0.000000 0.000000 0.000000 -0.693654 0.720308
741.151000 4.599530 1.557370 0.000000 0.000000 0.000000 -0.693654 0.720308
741.171000 4.602570 1.499440 0.000000 0.000000 0.000000 -0.693654 0.720308
741.277000 4.604540 1.443480 0.000000 0.000000 0.000000 -0.693654 0.720308
741.812000 4.607590 1.385550 0.000000 0.000000 0.000000 -0.693654 0.720308
741.814000 4.609700 1.325590 0.000000 0.000000 0.000000 -0.693654 0.720308
741.879000 4.612740 1.267660 0.000000 0.000000 0.000000 -0.693654 0.720308
742.437000 4.614710 1.211690 0.000000 0.000000 0.000000 -0.695866 0.718172
742.439000 4.616830 1.151730 0.000000 0.000000 0.000000 -0.695866 0.718172
742.501000 4.618940 1.091770 0.000000 0.000000 0.000000 -0.694540 0.719454
743.055000 4.620020 1.032770 0.000000 0.000000 0.000000 -0.696745 0.717319
743.056000 4.621890 0.979801 0.000000 0.000000 0.000000 -0.698948 0.715173
743.076000 4.622040 0.918769 0.000000 0.000000 0.000000 -0.703329 0.710864
744.372000 4.622220 0.856737 0.000000 0.000000 0.000000 -0.705512 0.708698
744.507000 4.622230 0.799702 0.000000 0.000000 0.000000 -0.707684 0.706529
744.517000 4.622170 0.744665 0.000000 0.000000 0.000000 -0.712012 0.702167
744.521000 4.670920 0.550332 0.000000 0.000000 0.000000 -0.716171 0.697925
744.925000 4.669640 0.505173 0.000000 0.000000 0.000000 -0.718310 0.695723
744.951000 4.668790 0.486087 0.000000 0.000000 0.000000 -0.718310 0.695723
745.101000 4.668610 0.489082 0.000000 0.000000 0.000000 -0.720446 0.693511
745.603000 4.668610 0.489082 0.000000 0.000000 0.000000 -0.720446 0.693511
745.605000 4.668610 0.489082 0.000000 0.000000 0.000000 -0.718310 0.695723
745.810000 4.668610 0.489082 0.000000 0.000000 0.000000 -0.714021 0.700124
746.150000 4.668610 0.489082 0.000000 0.000000 0.000000 -0.707536 0.706678
746.171000 4.668550 0.490080 0.000000 0.000000 0.000000 -0.692173 0.721732
746.277000 4.668490 0.491078 0.000000 0.000000 0.000000 -0.673316 0.739355
746.926000 4.668550 0.490080 0.000000 0.000000 0.000000 -0.638536 0.769592
746.927000 4.670850 0.485209 0.000000 0.000000 0.000000 -0.572564 0.819860
746.928000 4.670850 0.485209 0.000000 0.000000 0.000000 -0.526365 0.850259
747.078000 4.689370 0.456296 0.000000 0.000000 0.000000 -0.520029 0.854149
747.613000 4.688330 0.457257 0.000000 0.000000 0.000000 -0.482814 0.875723
747.614000 4.686220 0.460178 0.000000 0.000000 0.000000 -0.425341 0.905033
748.342000 4.685180 0.461139 0.000000 0.000000 0.000000 -0.386026 0.922488
748.800000 4.715630 0.498995 0.000000 0.000000 0.000000 -0.224124 0.974561
748.802000 4.717650 0.498028 0.000000 0.000000 0.000000 -0.169906 0.985460
748.901000 4.721670 0.497093 0.000000 0.000000 0.000000 -0.118220 0.992987
749.373000 4.723670 0.497125 0.000000 0.000000 0.000000 -0.099894 0.994998
749.374000 4.724670 0.497141 0.000000 0.000000 0.000000 -0.066212 0.997806
749.471000 4.698570 0.537896 0.000000 0.000000 0.000000 -0.012342 0.999924
750.121000 4.702560 0.538024 0.000000 0.000000 0.000000 0.046024 0.998940
750.122000 4.705560 0.538119 0.000000 0.000000 0.000000 0.095061 0.995471
750.123000 4.707560 0.538183 0.000000 0.000000 0.000000 0.134739 0.990881
750.178000 4.710530 0.539278 0.000000 0.000000 0.000000 0.180251 0.983621
751.397000 4.713500 0.540373 0.000000 0.000000 0.000000 0.231364 0.972867
751.646000 4.713630 0.601164 0.000000 0.000000 0.000000 0.251477 0.967863
751.656000 4.715640 0.602138 0.000000 0.000000 0.000000 0.286986 0.957935
752.102000 4.698020 0.644589 0.000000 0.000000 0.000000 0.487610 0.873062
752.104000 4.698020 0.644589 0.000000 0.000000 0.000000 0.529927 0.848043
752.105000 4.698020 0.645589 0.000000 0.000000 0.000000 0.575998 0.817451
752.221000 4.698020 0.645589 0.000000 0.000000 0.000000 0.598382 0.801211
753.039000 4.698020 0.644589 0.000000 0.000000 0.000000 0.632282 0.774738
753.273000 4.698020 0.643589 0.000000 0.000000 0.000000 0.660414 0.750902
753.274000 4.698020 0.644589 0.000000 0.000000 0.000000 0.696519 0.717538
753.275000 4.640280 0.657111 0.000000 0.000000 0.000000 0.726596 0.687065
753.276000 4.640280 0.657111 0.000000 0.000000 0.000000 0.757480 0.652858
753.338000 4.640330 0.659110 0.000000 0.000000 0.000000 0.784857 0.619677
753.868000 4.639400 0.662135 0.000000 0.000000 0.000000 0.810781 0.585350
753.870000 4.638430 0.663159 0.000000 0.000000 0.000000 0.838566 0.544801
753.941000 4.638450 0.664159 0.000000 0.000000 0.000000 0.850089 0.526638
754.524000 4.666090 0.682878 0.000000 0.000000 0.000000 0.879840 0.475270
754.525000 4.666090 0.682878 0.000000 0.000000 0.000000 0.898118 0.439755
754.526000 4.666090 0.682878 0.000000 0.000000 0.000000 0.919855 0.392259
754.659000 4.666090 0.682878 0.000000 0.000000 0.000000 0.941175 0.337920
755.199000 4.666090 0.682878 0.000000 0.000000 0.000000 0.954837 0.297131
755.200000 4.666090 0.682878 0.000000 0.000000 0.000000 0.959289 0.282425
755.221000 4.610750 0.624501 0.000000 0.000000 0.000000 0.967549 0.252682
755.421000 4.610750 0.624501 0.000000 0.000000 0.000000 0.980645 0.195793
755.816000 4.612730 0.623468 0.000000 0.000000 0.000000 0.989082 0.147368
755.818000 4.614720 0.622434 0.000000 0.000000 0.000000 0.994504 0.104694
756.031000 4.616720 0.622401 0.000000 0.000000 0.000000 0.998448 0.055692
756.439000 4.617720 0.622384 0.000000 0.000000 0.000000 0.999876 0.015776
756.440000 4.618280 0.587255 0.000000 0.000000 0.000000 -0.999504 0.031486
756.621000 4.617280 0.587275 0.000000 0.000000 0.000000 -0.996992 0.077504
757.138000 4.616280 0.587296 0.000000 0.000000 0.000000 -0.992736 0.120309
757.139000 4.617280 0.587275 0.000000 0.000000 0.000000 -0.984567 0.175005
757.221000 4.617280 0.587275 0.000000 0.000000 0.000000 -0.975459 0.220182
758.590000 4.618280 0.587255 0.000000 0.000000 0.000000 -0.967460 0.253026
758.602000 4.636780 0.542541 0.000000 0.000000 0.000000 -0.954421 0.298463
758.870000 4.638840 0.544479 0.000000 0.000000 0.000000 -0.854696 0.519129
758.891000 4.684130 0.495197 0.000000 0.000000 0.000000 -0.843835 0.536603
759.019000 4.684260 0.497193 0.000000 0.000000 0.000000 -0.816444 0.577425
759.613000 4.685320 0.498128 0.000000 0.000000 0.000000 -0.787083 0.616848
759.614000 4.685320 0.498128 0.000000 0.000000 0.000000 -0.761818 0.647791
759.618000 4.685320 0.498128 0.000000 0.000000 0.000000 -0.731163 0.682203
760.151000 4.685260 0.497130 0.000000 0.000000 0.000000 -0.698075 0.716025
760.171000 4.707790 0.488581 0.000000 0.000000 0.000000 -0.658008 0.753011
760.231000 4.708590 0.485523 0.000000 0.000000 0.000000 -0.627408 0.778691
760.824000 4.708530 0.484525 0.000000 0.000000 0.000000 -0.598278 0.801289
760.825000 4.709400 0.482464 0.000000 0.000000 0.000000 -0.555621 0.831436
760.826000 4.711140 0.478344 0.000000 0.000000 0.000000 -0.508808 0.860880
761.041000 4.712000 0.476283 0.000000 0.000000 0.000000 -0.468604 0.883408
761.519000 4.745600 0.497186 0.000000 0.000000 0.000000 -0.440169 0.897915
761.541000 4.745530 0.496188 0.000000 0.000000 0.000000 -0.395510 0.918462
761.619000 4.745600 0.497186 0.000000 0.000000 0.000000 -0.341244 0.939975
762.160000 4.745600 0.497186 0.000000 0.000000 0.000000 -0.297573 0.954699
762.181000 4.745600 0.497186 0.000000 0.000000 0.000000 -0.253269 0.967396
762.231000 4.745600 0.497186 0.000000 0.000000 0.000000 -0.208427 0.978038
762.790000 4.776350 0.524514 0.000000 0.000000 0.000000 -0.182848 0.983141
762.791000 4.778340 0.524334 0.000000 0.000000 0.000000 -0.179827 0.983698
762.871000 4.781240 0.523068 0.000000 0.000000 0.000000 -0.185869 0.982575
763.771000 4.794820 0.517826 0.000000 0.000000 0.000000 -0.191904 0.981414
763.993000 4.831590 0.502460 0.000000 0.000000 0.000000 -0.197931 0.980216
764.021000 4.905210 0.472723 0.000000 0.000000 0.000000 -0.191904 0.981414
764.022000 4.979830 0.442897 0.000000 0.000000 0.000000 -0.188887 0.981999
764.023000 5.032180 0.422108 0.000000 0.000000 0.000000 -0.191904 0.981414
764.025000 5.070850 0.405566 0.000000 0.000000 0.000000 -0.203951 0.978981
764.221000 5.115400 0.387489 0.000000 0.000000 0.000000 -0.200942 0.979603
764.779000 5.179250 0.360643 0.000000 0.000000 0.000000 -0.200942 0.979603
764.780000 5.244090 0.333707 0.000000 0.000000 0.000000 -0.197931 0.980216
764.861000 5.298250 0.310747 0.000000 0.000000 0.000000 -0.197931 0.980216
765.399000 5.341810 0.292760 0.000000 0.000000 0.000000 -0.194918 0.980820
765.401000 5.388260 0.273507 0.000000 0.000000 0.000000 -0.194918 0.980820
765.421000 5.448310 0.249012 0.000000 0.000000 0.000000 -0.194918 0.980820
766.508000 5.511250 0.223251 0.000000 0.000000 0.000000 -0.191904 0.981414
766.948000 5.767010 0.296664 0.000000 0.000000 0.000000 -0.102259 0.994758
766.949000 5.823020 0.286054 0.000000 0.000000 0.000000 -0.102259 0.994758
767.020000 5.870980 0.275809 0.000000 0.000000 0.000000 -0.108371 0.994111
767.610000 5.925080 0.264044 0.000000 0.000000 0.000000 -0.114478 0.993426
767.631000 5.989460 0.249081 0.000000 0.000000 0.000000 -0.117530 0.993069
767.632000 6.048780 0.234721 0.000000 0.000000 0.000000 -0.123630 0.992328
767.819000 6.102040 0.220883 0.000000 0.000000 0.000000 -0.126679 0.991944
768.362000 6.153230 0.207884 0.000000 0.000000 0.000000 -0.135817 0.990734
768.363000 6.210710 0.191372 0.000000 0.000000 0.000000 -0.138861 0.990312
768.451000 6.270190 0.175017 0.000000 0.000000 0.000000 -0.141903 0.989881
769.001000 6.328750 0.157587 0.000000 0.000000 0.000000 -0.144945 0.989440
769.002000 6.382160 0.141755 0.000000 0.000000 0.000000 -0.147984 0.988990
769.019000 6.434580 0.125845 0.000000 0.000000 0.000000 -0.147984 0.988990
770.093000 6.490070 0.109175 0.000000 0.000000 0.000000 -0.151022 0.988530
770.314000 6.548710 0.090747 0.000000 0.000000 0.000000 -0.151022 0.988530
770.324000 6.604200 0.074077 0.000000 0.000000 0.000000 -0.151022 0.988530
770.421000 6.712110 0.041496 0.000000 0.000000 0.000000 -0.151022 0.988530
770.422000 6.719940 0.041850 0.000000 0.000000 0.000000 -0.121671 0.992570
770.425000 6.778350 0.027421 0.000000 0.000000 0.000000 -0.121671 0.992570
770.978000 6.834640 0.013720 0.000000 0.000000 0.000000 -0.121671 0.992570
771.001000 6.887830 0.000615 0.000000 0.000000 0.000000 -0.124721 0.992192
771.019000 6.919150 -0.007327 0.000000 0.000000 0.000000 -0.124721 0.992192
771.580000 6.926490 -0.009379 0.000000 0.000000 0.000000 -0.124721 0.992192
771.601000 6.924370 -0.008651 0.000000 0.000000 0.000000 -0.124721 0.992192
771.620000 6.925370 -0.008519 0.000000 0.000000 0.000000 -0.127769 0.991804
772.315000 6.925370 -0.008519 0.000000 0.000000 0.000000 -0.130816 0.991407
772.317000 6.925370 -0.008519 0.000000 0.000000 0.000000 -0.139949 0.990159
772.318000 6.923380 -0.008783 0.000000 0.000000 0.000000 -0.161213 0.986920
772.441000 6.922260 -0.007923 0.000000 0.000000 0.000000 -0.182402 0.983224
773.061000 6.924370 -0.008651 0.000000 0.000000 0.000000 -0.209520 0.977804
773.081000 6.924370 -0.008651 0.000000 0.000000 0.000000 -0.233491 0.972359
773.082000 6.925500 -0.009511 0.000000 0.000000 0.000000 -0.266217 0.963913
773.220000 6.926490 -0.009379 0.000000 0.000000 0.000000 -0.307424 0.951573
774.191000 6.926620 -0.010370 0.000000 0.000000 0.000000 -0.342295 0.939593
774.389000 6.926620 -0.010370 0.000000 0.000000 0.000000 -0.368145 0.929768
774.411000 6.960620 -0.009759 0.000000 0.000000 0.000000 -0.361937 0.932203
774.412000 6.960620 -0.009759 0.000000 0.000000 0.000000 -0.393233 0.919439
774.413000 6.960430 -0.008778 0.000000 0.000000 0.000000 -0.421295 0.906924
774.414000 6.960430 -0.008778 0.000000 0.000000 0.000000 -0.443460 0.896294
774.631000 6.960430 -0.008778 0.000000 0.000000 0.000000 -0.462634 0.886549
775.043000 6.959250 -0.007991 0.000000 0.000000 0.000000 -0.486972 0.873417
775.068000 6.958870 -0.006028 0.000000 0.000000 0.000000 -0.513574 0.858045
775.211000 6.957500 -0.004259 0.000000 0.000000 0.000000 -0.537104 0.843516
775.809000 6.957300 -0.003278 0.000000 0.000000 0.000000 -0.550001 0.835164
775.810000 6.955940 -0.001510 0.000000 0.000000 0.000000 -0.570365 0.821391
775.811000 6.917760 -0.066206 0.000000 0.000000 0.000000 -0.584404 0.811463
775.886000 6.917330 -0.064252 0.000000 0.000000 0.000000 -0.611492 0.791251
776.545000 6.919050 -0.072067 0.000000 0.000000 0.000000 -0.629326 0.777142
776.546000 6.924490 -0.101586 0.000000 0.000000 0.000000 -0.650574 0.759443
776.548000 6.931460 -0.161481 0.000000 0.000000 0.000000 -0.666758 0.745274
776.641000 6.940540 -0.240364 0.000000 0.000000 0.000000 -0.664463 0.747321
777.111000 6.948040 -0.307310 0.000000 0.000000 0.000000 -0.662166 0.749358
777.112000 6.951860 -0.334113 0.000000 0.000000 0.000000 -0.662166 0.749358
777.200000 6.956810 -0.380118 0.000000 0.000000 0.000000 -0.666758 0.745274
777.898000 6.961980 -0.427100 0.000000 0.000000 0.000000 -0.669043 0.743224
777.914000 6.968190 -0.488185 0.000000 0.000000 0.000000 -0.671325 0.741163
778.181000 6.980040 -0.621743 0.000000 0.000000 0.000000 -0.678126 0.734946
778.201000 6.981690 -0.647997 0.000000 0.000000 0.000000 -0.678126 0.734946
778.321000 6.985670 -0.694216 0.000000 0.000000 0.000000 -0.680383 0.732857
778.775000 6.989190 -0.747700 0.000000 0.000000 0.000000 -0.684873 0.728662
778.802000 6.992560 -0.814525 0.000000 0.000000 0.000000 -0.687111 0.726553
778.941000 6.996700 -0.880160 0.000000 0.000000 0.000000 -0.689338 0.724440
779.472000 6.998700 -0.936026 0.000000 0.000000 0.000000 -0.693777 0.720190
779.473000 6.999960 -0.983863 0.000000 0.000000 0.000000 -0.693777 0.720190
779.474000 7.002170 -1.040710 0.000000 0.000000 0.000000 -0.695988 0.718053
779.662000 7.003920 -1.104810 0.000000 0.000000 0.000000 -0.700387 0.713763
780.031000 7.008300 -1.068780 0.000000 0.000000 0.000000 -0.680903 0.732374
780.040000 7.012080 -1.123760 0.000000 0.000000 0.000000 -0.683148 0.730280
780.560000 7.015050 -1.175850 0.000000 0.000000 0.000000 -0.685391 0.728176
780.561000 7.017690 -1.234250 0.000000 0.000000 0.000000 -0.687623 0.726068
780.608000 7.019900 -1.264770 0.000000 0.000000 0.000000 -0.687623 0.726068
781.118000 7.022640 -1.327290 0.000000 0.000000 0.000000 -0.689852 0.723950
782.303000 7.025020 -1.384730 0.000000 0.000000 0.000000 -0.692072 0.721829
782.381000 7.036040 -1.676320 0.000000 0.000000 0.000000 -0.696494 0.717563
782.382000 7.036390 -1.730170 0.000000 0.000000 0.000000 -0.698697 0.715417
782.883000 7.037320 -1.936360 0.000000 0.000000 0.000000 -0.709607 0.704598
783.148000 7.036540 -1.993640 0.000000 0.000000 0.000000 -0.713923 0.700224
783.281000 7.035490 -2.049950 0.000000 0.000000 0.000000 -0.716069 0.698029
784.191000 7.073160 -2.074890 0.000000 0.000000 0.000000 -0.694651 0.719347
784.204000 7.074050 -2.134020 0.000000 0.000000 0.000000 -0.699059 0.715064
784.264000 7.076450 -2.251000 0.000000 0.000000 0.000000 -0.699059 0.715064
784.361000 7.077090 -2.282610 0.000000 0.000000 0.000000 -0.696860 0.717207
784.795000 7.077160 -2.285770 0.000000 0.000000 0.000000 -0.696860 0.717207
784.796000 7.076890 -2.287990 0.000000 0.000000 0.000000 -0.696860 0.717207
784.989000 7.076890 -2.287990 0.000000 0.000000 0.000000 -0.696860 0.717207
785.518000 7.076890 -2.287990 0.000000 0.000000 0.000000 -0.696860 0.717207
785.542000 7.076890 -2.287990 0.000000 0.000000 0.000000 -0.696860 0.717207
785.543000 7.076890 -2.287990 0.000000 0.000000 0.000000 -0.696860 0.717207
785.789000 7.076890 -2.287990 0.000000 0.000000 0.000000 -0.696860 0.717207
785.911000 7.076890 -2.287990 0.000000 0.000000 0.000000 -0.696860 0.717207
786.135000 7.076890 -2.287990 0.000000 0.000000 0.000000 -0.696860 0.717207
786.381000 7.076890 -2.287990 0.000000 0.000000 0.000000 -0.699059 0.715064
786.511000 7.077220 -2.288940 0.000000 0.000000 0.000000 -0.705622 0.708589
786.951000 7.076950 -2.291160 0.000000 0.000000 0.000000 -0.712125 0.702053
787.266000 7.076890 -2.287990 0.000000 0.000000 0.000000 -0.747808 0.663915
787.281000 7.077490 -2.286720 0.000000 0.000000 0.000000 -0.763903 0.645331
787.541000 7.077830 -2.287660 0.000000 0.000000 0.000000 -0.785275 0.619147
787.844000 7.076610 -2.290210 0.000000 0.000000 0.000000 -0.811173 0.584806
787.985000 7.076010 -2.291490 0.000000 0.000000 0.000000 -0.827034 0.562153
788.092000 7.076340 -2.292430 0.000000 0.000000 0.000000 -0.838933 0.544234
788.447000 7.075400 -2.292770 0.000000 0.000000 0.000000 -0.855259 0.518201
788.551000 7.032580 -2.279530 0.000000 0.000000 0.000000 -0.847411 0.530937
789.126000 7.031670 -2.279940 0.000000 0.000000 0.000000 -0.864869 0.501997
789.152000 7.031670 -2.279940 0.000000 0.000000 0.000000 -0.881340 0.472483
789.153000 7.032580 -2.279530 0.000000 0.000000 0.000000 -0.895441 0.445181
789.382000 7.033090 -2.278210 0.000000 0.000000 0.000000 -0.904809 0.425819
789.775000 7.032580 -2.279530 0.000000 0.000000 0.000000 -0.915001 0.403452
789.776000 7.031670 -2.279940 0.000000 0.000000 0.000000 -0.928112 0.372300
789.972000 7.030760 -2.280350 0.000000 0.000000 0.000000 -0.936982 0.349377
790.475000 7.030760 -2.280350 0.000000 0.000000 0.000000 -0.945288 0.326238
790.476000 7.015030 -2.254420 0.000000 0.000000 0.000000 -0.953035 0.302859
790.482000 7.015030 -2.254420 0.000000 0.000000 0.000000 -0.960192 0.279340
791.036000 7.016850 -2.253600 0.000000 0.000000 0.000000 -0.968321 0.249711
791.037000 7.018670 -2.252770 0.000000 0.000000 0.000000 -0.976206 0.216845
791.093000 7.018670 -2.252770 0.000000 0.000000 0.000000 -0.981829 0.189768
791.652000 7.019580 -2.252350 0.000000 0.000000 0.000000 -0.986197 0.165575
791.955000 7.019580 -2.252350 0.000000 0.000000 0.000000 -0.989969 0.141287
791.972000 7.019580 -2.252350 0.000000 0.000000 0.000000 -0.994178 0.107752
792.477000 6.990110 -2.231110 0.000000 0.000000 0.000000 -0.998993 0.044871
792.478000 6.990110 -2.231110 0.000000 0.000000 0.000000 -0.999939 0.011086
792.482000 6.990110 -2.231110 0.000000 0.000000 0.000000 0.999807 0.019640
792.871000 6.990110 -2.231110 0.000000 0.000000 0.000000 0.999275 0.038067
792.990000 6.990110 -2.231110 0.000000 0.000000 0.000000 0.997634 0.068752
793.102000 6.990110 -2.231110 0.000000 0.000000 0.000000 0.993755 0.111588
793.502000 6.990110 -2.231110 0.000000 0.000000 0.000000 0.988965 0.148149
793.503000 6.990110 -2.231110 0.000000 0.000000 0.000000 0.983947 0.178460
793.860000 6.999470 -2.183370 0.000000 0.000000 0.000000 0.979411 0.201874
794.122000 6.999470 -2.183370 0.000000 0.000000 0.000000 0.973455 0.228879
794.123000 6.999470 -2.183370 0.000000 0.000000 0.000000 0.967535 0.252735
794.362000 6.999470 -2.183370 0.000000 0.000000 0.000000 0.961030 0.276443
795.549000 6.999470 -2.183370 0.000000 0.000000 0.000000 0.951139 0.308762
795.560000 6.999470 -2.183370 0.000000 0.000000 0.000000 0.942238 0.334944
795.952000 7.021550 -2.181750 0.000000 0.000000 0.000000 0.889587 0.456766
796.187000 7.021550 -2.181750 0.000000 0.000000 0.000000 0.875135 0.483879
796.188000 7.020710 -2.179940 0.000000 0.000000 0.000000 0.862978 0.505241
796.283000 7.020710 -2.179940 0.000000 0.000000 0.000000 0.848678 0.528911
796.902000 7.020710 -2.179940 0.000000 0.000000 0.000000 0.835419 0.549613
796.904000 7.020710 -2.179940 0.000000 0.000000 0.000000 0.818141 0.575018
797.083000 7.020340 -2.176800 0.000000 0.000000 0.000000 0.783193 0.621778
797.556000 7.019500 -2.174980 0.000000 0.000000 0.000000 0.763722 0.645545
797.557000 7.064340 -2.132150 0.000000 0.000000 0.000000 0.751828 0.659359
797.869000 7.063900 -2.129020 0.000000 0.000000 0.000000 0.731217 0.682144
798.194000 7.063910 -2.126780 0.000000 0.000000 0.000000 0.712076 0.702103
798.212000 7.063470 -2.123650 0.000000 0.000000 0.000000 0.692389 0.721524
798.283000 7.063470 -2.121410 0.000000 0.000000 0.000000 0.669893 0.742457
798.883000 7.064370 -2.118730 0.000000 0.000000 0.000000 0.646769 0.762686
798.884000 7.064380 -2.116500 0.000000 0.000000 0.000000 0.632596 0.774482
798.885000 7.064380 -2.114260 0.000000 0.000000 0.000000 0.615791 0.787909
799.191000 7.065280 -2.111580 0.000000 0.000000 0.000000 0.588813 0.808269
799.498000 7.103030 -2.081410 0.000000 0.000000 0.000000 0.561659 0.827369
799.499000 7.104350 -2.079600 0.000000 0.000000 0.000000 0.533379 0.845876
799.875000 7.104790 -2.078260 0.000000 0.000000 0.000000 0.515062 0.857153
800.045000 7.106110 -2.076450 0.000000 0.000000 0.000000 0.491164 0.871067
800.122000 7.105650 -2.075560 0.000000 0.000000 0.000000 0.464172 0.885745
800.848000 7.106540 -2.075110 0.000000 0.000000 0.000000 0.439503 0.898241
800.860000 7.107860 -2.073300 0.000000 0.000000 0.000000 0.417291 0.908773
800.871000 7.107430 -2.074650 0.000000 0.000000 0.000000 0.392003 0.919964
801.311000 7.107430 -2.074650 0.000000 0.000000 0.000000 0.369272 0.929321
801.613000 7.127310 -2.103190 0.000000 0.000000 0.000000 0.341258 0.939970
801.642000 7.129090 -2.102280 0.000000 0.000000 0.000000 0.303447 0.952848
801.643000 7.129530 -2.100940 0.000000 0.000000 0.000000 0.268115 0.963387
801.644000 7.130420 -2.100490 0.000000 0.000000 0.000000 0.259222 0.965818
801.827000 7.131310 -2.100030 0.000000 0.000000 0.000000 0.244354 0.969686
802.408000 7.132200 -2.099580 0.000000 0.000000 0.000000 0.211445 0.977390
802.410000 7.133090 -2.099130 0.000000 0.000000 0.000000 0.178294 0.983977
802.583000 7.134440 -2.099570 0.000000 0.000000 0.000000 0.132768 0.991147
803.053000 7.133990 -2.098670 0.000000 0.000000 0.000000 0.102254 0.994758
803.054000 7.162490 -2.141630 0.000000 0.000000 0.000000 0.078049 0.996950
803.154000 7.162970 -2.142510 0.000000 0.000000 0.000000 0.053521 0.998567
804.145000 7.163850 -2.142030 0.000000 0.000000 0.000000 0.041244 0.999149
804.292000 7.165200 -2.142420 0.000000 0.000000 0.000000 0.007455 0.999972
804.293000 7.166960 -2.141460 0.000000 0.000000 0.000000 -0.020199 0.999796
804.294000 7.167440 -2.142340 0.000000 0.000000 0.000000 -0.026342 0.999653
804.295000 7.167440 -2.142340 0.000000 0.000000 0.000000 -0.026342 0.999653
804.296000 7.167440 -2.142340 0.000000 0.000000 0.000000 -0.026342 0.999653
804.423000 7.167440 -2.142340 0.000000 0.000000 0.000000 -0.026342 0.999653
804.811000 7.167440 -2.142340 0.000000 0.000000 0.000000 -0.023270 0.999729
804.823000 7.167440 -2.142340 0.000000 0.000000 0.000000 -0.014054 0.999901
805.400000 7.166960 -2.141460 0.000000 0.000000 0.000000 0.010527 0.999945
805.402000 7.166080 -2.141940 0.000000 0.000000 0.000000 0.038173 0.999271
805.422000 7.166080 -2.141940 0.000000 0.000000 0.000000 0.084174 0.996451
805.584000 7.192960 -2.133370 0.000000 0.000000 0.000000 0.089267 0.996008
805.927000 7.194260 -2.133920 0.000000 0.000000 0.000000 0.132017 0.991247
805.983000 7.197040 -2.132780 0.000000 0.000000 0.000000 0.165440 0.986220
806.471000 7.197970 -2.132400 0.000000 0.000000 0.000000 0.216708 0.976236
806.561000 7.199820 -2.131650 0.000000 0.000000 0.000000 0.255521 0.966803
806.584000 7.203140 -2.129200 0.000000 0.000000 0.000000 0.302726 0.953078
807.100000 7.183320 -2.103720 0.000000 0.000000 0.000000 0.346122 0.938190
807.101000 7.182380 -2.104070 0.000000 0.000000 0.000000 0.388981 0.921246
807.212000 7.182960 -2.102780 0.000000 0.000000 0.000000 0.431015 0.902345
807.610000 7.183900 -2.102430 0.000000 0.000000 0.000000 0.474839 0.880073
807.611000 7.184470 -2.101130 0.000000 0.000000 0.000000 0.509604 0.860409
807.832000 7.185050 -2.099840 0.000000 0.000000 0.000000 0.551274 0.834325
808.242000 7.142640 -2.050260 0.000000 0.000000 0.000000 0.594047 0.804431
808.302000 7.143460 -2.046750 0.000000 0.000000 0.000000 0.625697 0.780066
808.384000 7.144050 -2.045470 0.000000 0.000000 0.000000 0.632863 0.774264
808.893000 7.145110 -2.039730 0.000000 0.000000 0.000000 0.628093 0.778138
808.894000 7.150520 -2.014220 0.000000 0.000000 0.000000 0.623299 0.781983
809.012000 7.163570 -1.954900 0.000000 0.000000 0.000000 0.623299 0.781983
809.497000 7.182740 -1.871940 0.000000 0.000000 0.000000 0.623299 0.781983
809.498000 7.197790 -1.806530 0.000000 0.000000 0.000000 0.625697 0.780066
809.584000 7.208730 -1.758670 0.000000 0.000000 0.000000 0.618482 0.785799
810.215000 7.218020 -1.717830 0.000000 0.000000 0.000000 0.613642 0.789584
810.216000 7.232120 -1.661310 0.000000 0.000000 0.000000 0.613642 0.789584
810.217000 7.250450 -1.590410 0.000000 0.000000 0.000000 0.611211 0.791468
810.452000 7.264670 -1.537050 0.000000 0.000000 0.000000 0.611211 0.791468
810.898000 7.271130 -1.514350 0.000000 0.000000 0.000000 0.608775 0.793343
810.899000 7.269960 -1.516930 0.000000 0.000000 0.000000 0.606336 0.795208
811.022000 7.269380 -1.518210 0.000000 0.000000 0.000000 0.606336 0.795208
811.617000 7.269380 -1.518210 0.000000 0.000000 0.000000 0.611211 0.791468
811.618000 7.269380 -1.518210 0.000000 0.000000 0.000000 0.616063 0.787697
811.619000 7.269380 -1.518210 0.000000 0.000000 0.000000 0.628093 0.778138
811.842000 7.269960 -1.516930 0.000000 0.000000 0.000000 0.651701 0.758476
812.247000 7.269960 -1.516930 0.000000 0.000000 0.000000 0.683718 0.729747
812.272000 7.269500 -1.512830 0.000000 0.000000 0.000000 0.725135 0.688607
812.442000 7.198040 -1.540670 0.000000 0.000000 0.000000 0.757967 0.652293
812.917000 7.196810 -1.534720 0.000000 0.000000 0.000000 0.767899 0.640571
812.918000 7.191150 -1.509030 0.000000 0.000000 0.000000 0.785318 0.619092
812.984000 7.174860 -1.453140 0.000000 0.000000 0.000000 0.811217 0.584746
813.502000 7.147100 -1.375950 0.000000 0.000000 0.000000 0.816571 0.577245
813.503000 7.125700 -1.312390 0.000000 0.000000 0.000000 0.813008 0.582252
813.632000 7.109140 -1.264120 0.000000 0.000000 0.000000 0.809415 0.587237
814.104000 7.094750 -1.221430 0.000000 0.000000 0.000000 0.811217 0.584746
814.112000 7.076950 -1.167200 0.000000 0.000000 0.000000 0.805791 0.592200
814.184000 7.058190 -1.099400 0.000000 0.000000 0.000000 0.785318 0.619092
814.799000 7.045690 -1.036680 0.000000 0.000000 0.000000 0.765926 0.642929
814.800000 7.038040 -0.989238 0.000000 0.000000 0.000000 0.749893 0.661559
814.801000 6.967390 -1.004930 0.000000 0.000000 0.000000 0.789448 0.613817
815.032000 6.962680 -0.987851 0.000000 0.000000 0.000000 0.774121 0.633038
815.386000 6.963730 -0.989551 0.000000 0.000000 0.000000 0.764306 0.644853
815.388000 6.963410 -0.990927 0.000000 0.000000 0.000000 0.754308 0.656520
815.585000 6.963940 -0.991777 0.000000 0.000000 0.000000 0.735866 0.677127
816.054000 6.963730 -0.989551 0.000000 0.000000 0.000000 0.708239 0.705973
816.055000 6.963850 -0.985947 0.000000 0.000000 0.000000 0.674956 0.737858
816.185000 6.963650 -0.983720 0.000000 0.000000 0.000000 0.656617 0.754224
816.624000 6.963650 -0.983720 0.000000 0.000000 0.000000 0.644952 0.764223
816.652000 6.963650 -0.983720 0.000000 0.000000 0.000000 0.616343 0.787478
816.892000 7.003840 -0.951703 0.000000 0.000000 0.000000 0.599511 0.800367
817.210000 7.004940 -0.949756 0.000000 0.000000 0.000000 0.577150 0.816638
817.232000 7.005210 -0.948368 0.000000 0.000000 0.000000 0.561999 0.827138
817.472000 7.005480 -0.946980 0.000000 0.000000 0.000000 0.546651 0.837360
817.994000 7.009060 -0.939753 0.000000 0.000000 0.000000 0.531123 0.847295
817.996000 7.021430 -0.916953 0.000000 0.000000 0.000000 0.502186 0.864760
817.997000 7.050880 -0.865786 0.000000 0.000000 0.000000 0.486156 0.873872
818.212000 7.091900 -0.799589 0.000000 0.000000 0.000000 0.488840 0.872373
818.598000 7.126590 -0.743683 0.000000 0.000000 0.000000 0.488840 0.872373
818.605000 7.152190 -0.701131 0.000000 0.000000 0.000000 0.483470 0.875361
819.147000 7.175590 -0.662473 0.000000 0.000000 0.000000 0.483470 0.875361
819.172000 7.206710 -0.613794 0.000000 0.000000 0.000000 0.478081 0.878316
819.185000 7.243890 -0.556212 0.000000 0.000000 0.000000 0.475380 0.879781
819.781000 7.278870 -0.502524 0.000000 0.000000 0.000000 0.469964 0.882685
819.802000 7.308070 -0.459955 0.000000 0.000000 0.000000 0.469964 0.882685
819.803000 7.337280 -0.417387 0.000000 0.000000 0.000000 0.461808 0.886980
819.985000 7.369790 -0.368980 0.000000 0.000000 0.000000 0.464531 0.885557
820.585000 7.406150 -0.315562 0.000000 0.000000 0.000000 0.467250 0.884125
820.587000 7.441420 -0.264091 0.000000 0.000000 0.000000 0.467250 0.884125
820.588000 7.471730 -0.219576 0.000000 0.000000 0.000000 0.464531 0.885557
820.952000 7.501760 -0.176450 0.000000 0.000000 0.000000 0.461808 0.886980
821.453000 7.534830 -0.128871 0.000000 0.000000 0.000000 0.461808 0.886980
821.482000 7.570650 -0.078230 0.000000 0.000000 0.000000 0.456348 0.889801
821.483000 7.666810 -0.104966 0.000000 0.000000 0.000000 0.453612 0.891199
821.585000 7.699340 -0.060164 0.000000 0.000000 0.000000 0.448126 0.893970
822.190000 7.731590 -0.016750 0.000000 0.000000 0.000000 0.445378 0.895343
822.191000 7.767160 0.028898 0.000000 0.000000 0.000000 0.439867 0.898063
822.192000 7.805490 0.077609 0.000000 0.000000 0.000000 0.434340 0.900749
822.432000 7.839130 0.120753 0.000000 0.000000 0.000000 0.431570 0.902080
822.914000 7.860650 0.146090 0.000000 0.000000 0.000000 0.428795 0.903402
822.915000 7.864510 0.151100 0.000000 0.000000 0.000000 0.423236 0.906020
822.996000 7.862580 0.148595 0.000000 0.000000 0.000000 0.423236 0.906020
823.652000 7.862850 0.149983 0.000000 0.000000 0.000000 0.423236 0.906020
823.653000 7.862850 0.149983 0.000000 0.000000 0.000000 0.420450 0.907316
823.654000 7.862850 0.149983 0.000000 0.000000 0.000000 0.414866 0.909883
823.862000 7.863680 0.150541 0.000000 0.000000 0.000000 0.406461 0.913668
824.334000 7.862850 0.149983 0.000000 0.000000 0.000000 0.392376 0.919805
824.335000 7.862580 0.148595 0.000000 0.000000 0.000000 0.375352 0.926882
824.388000 7.861750 0.148036 0.000000 0.000000 0.000000 0.349579 0.936907
825.124000 7.861750 0.148036 0.000000 0.000000 0.000000 0.320630 0.947205
825.152000 7.861750 0.148036 0.000000 0.000000 0.000000 0.297251 0.954799
825.153000 7.862580 0.148595 0.000000 0.000000 0.000000 0.267776 0.963481
825.212000 7.861750 0.148036 0.000000 0.000000 0.000000 0.241033 0.970517
825.831000 7.861750 0.148036 0.000000 0.000000 0.000000 0.223100 0.974796
825.832000 7.861750 0.148036 0.000000 0.000000 0.000000 0.190030 0.981778
825.833000 7.871440 0.137799 0.000000 0.000000 0.000000 0.192179 0.981360
826.022000 7.872230 0.138421 0.000000 0.000000 0.000000 0.158906 0.987294
826.519000 7.874420 0.138880 0.000000 0.000000 0.000000 0.137634 0.990483
826.520000 7.875200 0.139502 0.000000 0.000000 0.000000 0.110193 0.993910
826.602000 7.876600 0.139340 0.000000 0.000000 0.000000 0.079606 0.996826
827.151000 7.876600 0.139340 0.000000 0.000000 0.000000 0.067348 0.997730
827.173000 7.876600 0.139340 0.000000 0.000000 0.000000 0.036663 0.999328
827.174000 7.876600 0.139340 0.000000 0.000000 0.000000 0.012089 0.999927
827.285000 7.876600 0.139340 0.000000 0.000000 0.000000 -0.018637 0.999826
827.898000 7.876600 0.139340 0.000000 0.000000 0.000000 -0.052415 0.998625
827.899000 7.892000 0.078931 0.000000 0.000000 0.000000 -0.074606 0.997213
827.900000 7.892000 0.078931 0.000000 0.000000 0.000000 -0.099095 0.995078
828.092000 7.893410 0.078776 0.000000 0.000000 0.000000 -0.129619 0.991564
828.607000 7.894810 0.078621 0.000000 0.000000 0.000000 -0.163054 0.986617
828.632000 7.895440 0.077840 0.000000 0.000000 0.000000 -0.178193 0.983996
828.634000 7.896840 0.077685 0.000000 0.000000 0.000000 -0.199315 0.979935
828.882000 7.897470 0.076905 0.000000 0.000000 0.000000 -0.220345 0.975422
829.260000 7.898870 0.076749 0.000000 0.000000 0.000000 -0.232317 0.972640
829.261000 7.904970 0.073942 0.000000 0.000000 0.000000 -0.241273 0.970457
829.402000 7.929030 0.059902 0.000000 0.000000 0.000000 -0.259123 0.965844
829.835000 7.951840 0.047422 0.000000 0.000000 0.000000 -0.265054 0.964234
829.836000 8.017300 0.008889 0.000000 0.000000 0.000000 -0.265054 0.964234
829.926000 8.084160 -0.029799 0.000000 0.000000 0.000000 -0.253182 0.967419
830.425000 8.132440 -0.056474 0.000000 0.000000 0.000000 -0.259123 0.965844
830.427000 8.170560 -0.078470 0.000000 0.000000 0.000000 -0.262089 0.965044
830.512000 8.214770 -0.103274 0.000000 0.000000 0.000000 -0.259123 0.965844
831.077000 8.271640 -0.135878 0.000000 0.000000 0.000000 -0.259123 0.965844
831.132000 8.333200 -0.171134 0.000000 0.000000 0.000000 -0.262089 0.965044
831.134000 8.383970 -0.200930 0.000000 0.000000 0.000000 -0.265054 0.964234
831.222000 8.405380 -0.213254 0.000000 0.000000 0.000000 -0.265054 0.964234
831.921000 8.448810 -0.238683 0.000000 0.000000 0.000000 -0.268015 0.963415
831.922000 8.451040 -0.286711 0.000000 0.000000 0.000000 -0.251316 0.967905
831.923000 8.507120 -0.318597 0.000000 0.000000 0.000000 -0.257260 0.966342
832.006000 8.563950 -0.349823 0.000000 0.000000 0.000000 -0.260228 0.965547
832.492000 8.611090 -0.377601 0.000000 0.000000 0.000000 -0.260228 0.965547
832.543000 8.654820 -0.403039 0.000000 0.000000 0.000000 -0.263194 0.964743
832.606000 8.701950 -0.430817 0.000000 0.000000 0.000000 -0.269118 0.963107
833.205000 8.759270 -0.465616 0.000000 0.000000 0.000000 -0.275031 0.961435
833.206000 8.812440 -0.498736 0.000000 0.000000 0.000000 -0.277984 0.960586
833.207000 8.857410 -0.527086 0.000000 0.000000 0.000000 -0.283883 0.958859
833.432000 8.900970 -0.555347 0.000000 0.000000 0.000000 -0.289770 0.957096
833.915000 8.947920 -0.585948 0.000000 0.000000 0.000000 -0.292709 0.956201
833.916000 9.002980 -0.622730 0.000000 0.000000 0.000000 -0.298580 0.954385
834.114000 9.053900 -0.657832 0.000000 0.000000 0.000000 -0.304440 0.952532
834.567000 9.097280 -0.688916 0.000000 0.000000 0.000000 -0.307365 0.951592
834.593000 9.140000 -0.719249 0.000000 0.000000 0.000000 -0.313207 0.949685
834.606000 9.189420 -0.755674 0.000000 0.000000 0.000000 -0.316124 0.948718
835.363000 9.241570 -0.793689 0.000000 0.000000 0.000000 -0.316124 0.948718
835.373000 9.288260 -0.828524 0.000000 0.000000 0.000000 -0.319038 0.947742
835.374000 9.340950 -0.805642 0.000000 0.000000 0.000000 -0.277985 0.960585
835.442000 9.387080 -0.835428 0.000000 0.000000 0.000000 -0.277985 0.960585
835.995000 9.438960 -0.867876 0.000000 0.000000 0.000000 -0.277985 0.960585
835.996000 9.493700 -0.901657 0.000000 0.000000 0.000000 -0.280935 0.959727
836.007000 9.539840 -0.931442 0.000000 0.000000 0.000000 -0.283883 0.958859
836.614000 9.584530 -0.959855 0.000000 0.000000 0.000000 -0.289770 0.957096
836.616000 9.632120 -0.991014 0.000000 0.000000 0.000000 -0.295646 0.955297
836.617000 9.683350 -1.025600 0.000000 0.000000 0.000000 -0.292710 0.956201
836.807000 9.730990 -1.058180 0.000000 0.000000 0.000000 -0.301511 0.953463
837.254000 9.764920 -1.081950 0.000000 0.000000 0.000000 -0.301511 0.953463
837.255000 9.780080 -1.092120 0.000000 0.000000 0.000000 -0.298581 0.954384
837.452000 9.778620 -1.090750 0.000000 0.000000 0.000000 -0.298581 0.954384
837.937000 9.780080 -1.092120 0.000000 0.000000 0.000000 -0.298581 0.954384
837.938000 9.780080 -1.092120 0.000000 0.000000 0.000000 -0.295646 0.955297
838.006000 9.780080 -1.092120 0.000000 0.000000 0.000000 -0.289770 0.957096
838.806000 9.780080 -1.092120 0.000000 0.000000 0.000000 -0.283883 0.958859
838.817000 9.779350 -1.091430 0.000000 0.000000 0.000000 -0.263195 0.964743
838.826000 9.778620 -1.090750 0.000000 0.000000 0.000000 -0.230441 0.973086
838.912000 9.779350 -1.091430 0.000000 0.000000 0.000000 -0.182341 0.983235
839.274000 9.783630 -1.092720 0.000000 0.000000 0.000000 -0.109402 0.993998
839.275000 9.782220 -1.092760 0.000000 0.000000 0.000000 -0.051216 0.998688
839.423000 9.804370 -1.045900 0.000000 0.000000 0.000000 -0.044715 0.999000
839.846000 9.804370 -1.045900 0.000000 0.000000 0.000000 -0.007856 0.999969
839.847000 9.804370 -1.045900 0.000000 0.000000 0.000000 0.047435 0.998874
840.043000 9.802960 -1.045870 0.000000 0.000000 0.000000 0.099525 0.995035
840.434000 9.805090 -1.045210 0.000000 0.000000 0.000000 0.142225 0.989834
840.463000 9.805090 -1.045210 0.000000 0.000000 0.000000 0.181641 0.983365
841.347000 9.795310 -0.983499 0.000000 0.000000 0.000000 0.223610 0.974679
841.406000 9.796040 -0.982820 0.000000 0.000000 0.000000 0.364419 0.931235
841.999000 9.797510 -0.981460 0.000000 0.000000 0.000000 0.358689 0.933457
842.043000 9.808510 -0.971266 0.000000 0.000000 0.000000 0.350070 0.936724
842.044000 9.839950 -0.944869 0.000000 0.000000 0.000000 0.344306 0.938857
842.206000 9.898470 -0.894738 0.000000 0.000000 0.000000 0.347189 0.937795
842.833000 9.959250 -0.841156 0.000000 0.000000 0.000000 0.352946 0.935644
842.834000 10.003200 -0.803205 0.000000 0.000000 0.000000 0.344306 0.938857
842.835000 10.036800 -0.774769 0.000000 0.000000 0.000000 0.335637 0.941991
843.072000 10.072600 -0.744294 0.000000 0.000000 0.000000 0.341420 0.939911
843.440000 10.101700 -0.717663 0.000000 0.000000 0.000000 0.390080 0.920781
843.493000 10.151700 -0.665766 0.000000 0.000000 0.000000 0.390080 0.920781
843.607000 10.194400 -0.622102 0.000000 0.000000 0.000000 0.387249 0.921975
844.088000 10.228400 -0.586755 0.000000 0.000000 0.000000 0.387249 0.921975
844.089000 10.263700 -0.549912 0.000000 0.000000 0.000000 0.387249 0.921975
844.207000 10.306400 -0.506247 0.000000 0.000000 0.000000 0.392908 0.919578
844.573000 10.351000 -0.458926 0.000000 0.000000 0.000000 0.395732 0.918366
844.607000 10.391600 -0.414684 0.000000 0.000000 0.000000 0.401368 0.915917
845.207000 10.426100 -0.375766 0.000000 0.000000 0.000000 0.406989 0.913433
845.208000 10.460500 -0.336848 0.000000 0.000000 0.000000 0.409794 0.912178
845.211000 10.500300 -0.291942 0.000000 0.000000 0.000000 0.406989 0.913433
845.443000 10.544100 -0.242546 0.000000 0.000000 0.000000 0.404180 0.914679
845.767000 10.584000 -0.199052 0.000000 0.000000 0.000000 0.401368 0.915917
845.863000 10.621200 -0.158552 0.000000 0.000000 0.000000 0.404180 0.914679
846.263000 10.656400 -0.118885 0.000000 0.000000 0.000000 0.404180 0.914679
846.264000 10.696200 -0.075391 0.000000 0.000000 0.000000 0.404180 0.914679
846.406000 10.738000 -0.028241 0.000000 0.000000 0.000000 0.404180 0.914679
846.880000 10.718500 0.034757 0.000000 0.000000 0.000000 0.443750 0.896151
846.881000 10.751000 0.077946 0.000000 0.000000 0.000000 0.443750 0.896151
847.007000 10.782800 0.120334 0.000000 0.000000 0.000000 0.443750 0.896151
847.375000 10.818200 0.167521 0.000000 0.000000 0.000000 0.446501 0.894783
847.433000 10.857000 0.220907 0.000000 0.000000 0.000000 0.451991 0.892022
848.045000 10.892200 0.269494 0.000000 0.000000 0.000000 0.457465 0.889228
848.046000 10.922400 0.313083 0.000000 0.000000 0.000000 0.462921 0.886399
848.047000 10.952700 0.356672 0.000000 0.000000 0.000000 0.462921 0.886399
848.282000 10.986300 0.406460 0.000000 0.000000 0.000000 0.468360 0.883538
848.504000 11.022300 0.459447 0.000000 0.000000 0.000000 0.471072 0.882095
848.607000 11.055100 0.509835 0.000000 0.000000 0.000000 0.471072 0.882095
849.061000 11.084500 0.554024 0.000000 0.000000 0.000000 0.471072 0.882095
849.062000 11.115100 0.599813 0.000000 0.000000 0.000000 0.471072 0.882095
849.283000 11.148000 0.650201 0.000000 0.000000 0.000000 0.473781 0.880643
849.574000 11.174400 0.690392 0.000000 0.000000 0.000000 0.476484 0.879183
849.609000 11.184200 0.706788 0.000000 0.000000 0.000000 0.476484 0.879183
850.119000 11.182400 0.704389 0.000000 0.000000 0.000000 0.479184 0.877715
850.120000 11.183600 0.705988 0.000000 0.000000 0.000000 0.481877 0.876239
850.263000 11.183600 0.705988 0.000000 0.000000 0.000000 0.487256 0.873259
851.510000 11.183600 0.705988 0.000000 0.000000 0.000000 0.500611 0.865672
851.522000 11.183200 0.703788 0.000000 0.000000 0.000000 0.526973 0.849882
852.041000 11.135400 0.722757 0.000000 0.000000 0.000000 0.684473 0.729039
852.053000 11.135400 0.722757 0.000000 0.000000 0.000000 0.713040 0.701123
852.278000 11.135000 0.720563 0.000000 0.000000 0.000000 0.772606 0.634886
852.279000 11.135000 0.720563 0.000000 0.000000 0.000000 0.804700 0.593682
852.413000 11.135000 0.720563 0.000000 0.000000 0.000000 0.834602 0.550853
852.900000 11.094200 0.730105 0.000000 0.000000 0.000000 0.857518 0.514454
852.903000 11.094200 0.730105 0.000000 0.000000 0.000000 0.877378 0.479800
852.973000 11.094200 0.730105 0.000000 0.000000 0.000000 0.897201 0.441623
854.450000 11.094900 0.729494 0.000000 0.000000 0.000000 0.917820 0.396996
854.565000 11.096500 0.728271 0.000000 0.000000 0.000000 0.935137 0.354287
854.641000 11.096500 0.728271 0.000000 0.000000 0.000000 0.943563 0.331192
854.794000 11.024600 0.669340 0.000000 0.000000 0.000000 0.993570 0.113223
854.795000 11.024600 0.669340 0.000000 0.000000 0.000000 0.996320 0.085706
854.873000 11.026000 0.669484 0.000000 0.000000 0.000000 0.999211 0.039706
855.410000 11.026800 0.631790 0.000000 0.000000 0.000000 -0.999945 0.010486
855.411000 11.026800 0.631790 0.000000 0.000000 0.000000 -0.998034 0.062680
855.413000 11.026800 0.631790 0.000000 0.000000 0.000000 -0.993399 0.114708
855.589000 11.026800 0.631790 0.000000 0.000000 0.000000 -0.988026 0.154288
855.929000 11.026800 0.631790 0.000000 0.000000 0.000000 -0.980476 0.196637
855.953000 11.026800 0.631790 0.000000 0.000000 0.000000 -0.969629 0.244580
856.153000 11.024600 0.578434 0.000000 0.000000 0.000000 -0.966696 0.255927
856.798000 11.024600 0.578434 0.000000 0.000000 0.000000 -0.961814 0.273703
856.800000 11.025300 0.579179 0.000000 0.000000 0.000000 -0.949153 0.314815
856.801000 11.024600 0.578434 0.000000 0.000000 0.000000 -0.930298 0.366804
856.923000 11.024000 0.577690 0.000000 0.000000 0.000000 -0.909878 0.414876
857.423000 11.022600 0.576201 0.000000 0.000000 0.000000 -0.892584 0.450880
857.424000 11.070500 0.550598 0.000000 0.000000 0.000000 -0.872724 0.488213
857.468000 11.067800 0.547607 0.000000 0.000000 0.000000 -0.847676 0.530514
858.074000 11.067300 0.544036 0.000000 0.000000 0.000000 -0.813494 0.581573
858.075000 11.066000 0.542541 0.000000 0.000000 0.000000 -0.787730 0.616021
858.076000 11.066000 0.542541 0.000000 0.000000 0.000000 -0.766462 0.642289
858.273000 11.066800 0.541877 0.000000 0.000000 0.000000 -0.733971 0.679181
858.639000 11.151700 0.524704 0.000000 0.000000 0.000000 -0.708694 0.705516
859.246000 11.151700 0.526118 0.000000 0.000000 0.000000 -0.677696 0.735342
859.268000 11.151700 0.524704 0.000000 0.000000 0.000000 -0.569872 0.821734
859.979000 11.152500 0.524008 0.000000 0.000000 0.000000 -0.536602 0.843836
859.980000 11.214100 0.531431 0.000000 0.000000 0.000000 -0.491721 0.870753
859.981000 11.214900 0.529330 0.000000 0.000000 0.000000 -0.451077 0.892485
860.113000 11.214900 0.529330 0.000000 0.000000 0.000000 -0.420659 0.907219
860.660000 11.214900 0.529330 0.000000 0.000000 0.000000 -0.378412 0.925637
860.661000 11.215600 0.528643 0.000000 0.000000 0.000000 -0.325500 0.945542
861.075000 11.214900 0.529330 0.000000 0.000000 0.000000 -0.308014 0.951382
861.430000 11.219900 0.525933 0.000000 0.000000 0.000000 -0.316771 0.948502
861.443000 11.230900 0.587868 0.000000 0.000000 0.000000 -0.292862 0.956155
861.444000 11.280000 0.554682 0.000000 0.000000 0.000000 -0.292862 0.956155
861.533000 11.351000 0.508554 0.000000 0.000000 0.000000 -0.286980 0.957936
862.008000 11.405400 0.472294 0.000000 0.000000 0.000000 -0.286980 0.957936
862.033000 11.447600 0.444873 0.000000 0.000000 0.000000 -0.292862 0.956155
862.093000 11.483200 0.420401 0.000000 0.000000 0.000000 -0.292862 0.956155
862.569000 11.529300 0.389778 0.000000 0.000000 0.000000 -0.289922 0.957050
862.593000 11.586600 0.352363 0.000000 0.000000 0.000000 -0.286980 0.957936
863.201000 11.642400 0.316230 0.000000 0.000000 0.000000 -0.284035 0.958814
863.277000 11.687600 0.287655 0.000000 0.000000 0.000000 -0.284035 0.958814
863.278000 11.727500 0.262157 0.000000 0.000000 0.000000 -0.286980 0.957936
863.279000 11.774400 0.230893 0.000000 0.000000 0.000000 -0.289922 0.957050
863.469000 11.830200 0.194759 0.000000 0.000000 0.000000 -0.292862 0.956155
863.767000 11.881600 0.159652 0.000000 0.000000 0.000000 -0.298732 0.954337
863.869000 11.927100 0.128261 0.000000 0.000000 0.000000 -0.304591 0.952483
864.400000 11.968000 0.099305 0.000000 0.000000 0.000000 -0.304591 0.952483
864.401000 12.012800 0.067146 0.000000 0.000000 0.000000 -0.307517 0.951543
864.523000 12.064400 0.030630 0.000000 0.000000 0.000000 -0.310440 0.950593
864.996000 12.108000 0.081995 0.000000 0.000000 0.000000 -0.256402 0.966570
864.997000 12.158400 0.053211 0.000000 0.000000 0.000000 -0.262337 0.964976
865.074000 12.205000 0.025745 0.000000 0.000000 0.000000 -0.265301 0.964166
865.544000 12.252300 -0.002262 0.000000 0.000000 0.000000 -0.268263 0.963346
865.573000 12.303100 -0.032427 0.000000 0.000000 0.000000 -0.271221 0.962517
865.967000 12.357200 -0.064752 0.000000 0.000000 0.000000 -0.271221 0.962517
866.274000 12.408800 -0.095458 0.000000 0.000000 0.000000 -0.274178 0.961679
866.275000 12.453900 -0.123226 0.000000 0.000000 0.000000 -0.277131 0.960832
866.279000 12.498500 -0.151836 0.000000 0.000000 0.000000 -0.283031 0.959111
867.531000 12.548200 -0.183685 0.000000 0.000000 0.000000 -0.281262 0.959631
867.543000 12.600700 -0.218535 0.000000 0.000000 0.000000 -0.287154 0.957884
867.935000 12.839200 -0.385723 0.000000 0.000000 0.000000 -0.307689 0.951487
867.936000 12.885500 -0.419018 0.000000 0.000000 0.000000 -0.313531 0.949578
868.070000 12.926600 -0.451297 0.000000 0.000000 0.000000 -0.319361 0.947633
868.448000 12.933300 -0.462422 0.000000 0.000000 0.000000 -0.303031 0.952981
868.473000 12.952900 -0.476395 0.000000 0.000000 0.000000 -0.300101 0.953907
868.768000 12.950400 -0.474863 0.000000 0.000000 0.000000 -0.297169 0.954825
869.186000 12.949500 -0.474353 0.000000 0.000000 0.000000 -0.291295 0.956633
869.203000 12.949500 -0.474353 0.000000 0.000000 0.000000 -0.282465 0.959278
869.273000 12.948600 -0.473842 0.000000 0.000000 0.000000 -0.264732 0.964322
869.932000 12.949500 -0.474353 0.000000 0.000000 0.000000 -0.236772 0.971565
869.943000 12.949500 -0.474353 0.000000 0.000000 0.000000 -0.188739 0.982027
870.218000 12.952600 -0.475025 0.000000 0.000000 0.000000 -0.073047 0.997328
870.270000 12.951700 -0.474514 0.000000 0.000000 0.000000 -0.036231 0.999343
871.016000 13.005600 -0.448502 0.000000 0.000000 0.000000 -0.040919 0.999162
871.028000 12.982600 -0.448066 0.000000 0.000000 0.000000 0.005162 0.999987
871.871000 12.914700 -0.453732 0.000000 0.000000 0.000000 0.054299 0.998525
872.268000 12.889400 -0.456554 0.000000 0.000000 0.000000 0.054299 0.998525
872.405000 12.876900 -0.458663 0.000000 0.000000 0.000000 0.051231 0.998687
872.406000 12.877400 -0.457848 0.000000 0.000000 0.000000 0.054299 0.998525
872.407000 12.877400 -0.457848 0.000000 0.000000 0.000000 0.057367 0.998353
872.408000 12.877400 -0.457848 0.000000 0.000000 0.000000 0.069633 0.997573
872.409000 12.877400 -0.457848 0.000000 0.000000 0.000000 0.088012 0.996119
872.493000 12.877400 -0.457848 0.000000 0.000000 0.000000 0.115522 0.993305
873.032000 12.875500 -0.458897 0.000000 0.000000 0.000000 0.161167 0.986927
873.064000 12.875500 -0.458897 0.000000 0.000000 0.000000 0.227464 0.973786
873.070000 12.902200 -0.396553 0.000000 0.000000 0.000000 0.244774 0.969580
873.810000 12.902200 -0.396553 0.000000 0.000000 0.000000 0.277400 0.960754
873.822000 12.903000 -0.397192 0.000000 0.000000 0.000000 0.318461 0.947936
873.831000 12.902200 -0.396553 0.000000 0.000000 0.000000 0.373230 0.927739
873.870000 12.902200 -0.396553 0.000000 0.000000 0.000000 0.418372 0.908276
874.413000 12.902200 -0.396553 0.000000 0.000000 0.000000 0.451571 0.892235
874.414000 12.822500 -0.348336 0.000000 0.000000 0.000000 0.502709 0.864456
874.483000 12.823100 -0.347548 0.000000 0.000000 0.000000 0.547158 0.837029
875.085000 12.823100 -0.347548 0.000000 0.000000 0.000000 0.590114 0.807320
875.143000 12.823700 -0.346760 0.000000 0.000000 0.000000 0.621887 0.783107
875.145000 12.824000 -0.343165 0.000000 0.000000 0.000000 0.661926 0.749569
875.343000 12.824300 -0.339570 0.000000 0.000000 0.000000 0.695758 0.718276
875.804000 12.801900 -0.349822 0.000000 0.000000 0.000000 0.717353 0.696710
875.806000 12.801600 -0.347007 0.000000 0.000000 0.000000 0.750726 0.660614
875.913000 12.801300 -0.344191 0.000000 0.000000 0.000000 0.784196 0.620513
876.337000 12.800300 -0.340741 0.000000 0.000000 0.000000 0.811953 0.583723
876.338000 12.799200 -0.337290 0.000000 0.000000 0.000000 0.834616 0.550832
876.470000 12.797500 -0.334612 0.000000 0.000000 0.000000 0.857533 0.514429
876.946000 12.738800 -0.317451 0.000000 0.000000 0.000000 0.884660 0.466236
876.947000 12.738000 -0.316816 0.000000 0.000000 0.000000 0.905204 0.424977
877.143000 12.737900 -0.315408 0.000000 0.000000 0.000000 0.921453 0.388489
877.934000 12.737900 -0.315408 0.000000 0.000000 0.000000 0.937308 0.348501
877.946000 12.737100 -0.314772 0.000000 0.000000 0.000000 0.954226 0.299088
877.961000 12.735000 -0.314274 0.000000 0.000000 0.000000 0.966992 0.254805
878.525000 12.693900 -0.348865 0.000000 0.000000 0.000000 0.986205 0.165531
878.526000 12.691700 -0.348349 0.000000 0.000000 0.000000 0.994183 0.107702
878.527000 12.690300 -0.348475 0.000000 0.000000 0.000000 0.997691 0.067914
879.218000 12.690300 -0.348475 0.000000 0.000000 0.000000 0.998617 0.052577
879.374000 12.697800 -0.379771 0.000000 0.000000 0.000000 -0.992632 0.121168
880.634000 12.734400 -0.368546 0.000000 0.000000 0.000000 -0.984951 0.172834
880.777000 12.868300 -0.312027 0.000000 0.000000 0.000000 -0.979177 0.203010
881.073000 12.902400 -0.297479 0.000000 0.000000 0.000000 -0.979795 0.200003
881.074000 12.909200 -0.294006 0.000000 0.000000 0.000000 -0.979795 0.200003
882.344000 12.908600 -0.294776 0.000000 0.000000 0.000000 -0.979177 0.203010
882.936000 12.908600 -0.294776 0.000000 0.000000 0.000000 -0.979177 0.203010
882.937000 12.908600 -0.294776 0.000000 0.000000 0.000000 -0.979177 0.203010
882.939000 12.908600 -0.294776 0.000000 0.000000 0.000000 -0.979177 0.203010
882.940000 12.908600 -0.294776 0.000000 0.000000 0.000000 -0.979177 0.203010
882.941000 12.908600 -0.294776 0.000000 0.000000 0.000000 -0.979177 0.203010
882.942000 12.908600 -0.294776 0.000000 0.000000 0.000000 -0.979177 0.203010
882.943000 12.908600 -0.294776 0.000000 0.000000 0.000000 -0.979177 0.203010
882.944000 12.908600 -0.294776 0.000000 0.000000 0.000000 -0.979177 0.203010
882.945000 12.908600 -0.294776 0.000000 0.000000 0.000000 -0.979177 0.203010
883.131000 12.908600 -0.294776 0.000000 0.000000 0.000000 -0.979177 0.203010
883.373000 12.908600 -0.294776 0.000000 0.000000 0.000000 -0.979177 0.203010
883.530000 12.908600 -0.294776 0.000000 0.000000 0.000000 -0.979177 0.203010
884.340000 12.908600 -0.294776 0.000000 0.000000 0.000000 -0.979177 0.203010
884.491000 12.907200 -0.294907 0.000000 0.000000 0.000000 -0.979795 0.200003
884.941000 12.907200 -0.294907 0.000000 0.000000 0.000000 -0.979795 0.200003
885.091000 12.907200 -0.294907 0.000000 0.000000 0.000000 -0.979795 0.200003
885.291000 12.907200 -0.294907 0.000000 0.000000 0.000000 -0.979795 0.200003
885.490000 12.907200 -0.294907 0.000000 0.000000 0.000000 -0.979177 0.203010
885.967000 12.908600 -0.294776 0.000000 0.000000 0.000000 -0.977263 0.212030
886.051000 12.907200 -0.294907 0.000000 0.000000 0.000000 -0.971757 0.235984
886.251000 12.911600 -0.393879 0.000000 0.000000 0.000000 -0.973761 0.227575
886.451000 12.911600 -0.393879 0.000000 0.000000 0.000000 -0.973761 0.227575
886.651000 12.911600 -0.393879 0.000000 0.000000 0.000000 -0.973761 0.227575
886.851000 12.910900 -0.394634 0.000000 0.000000 0.000000 -0.971622 0.236538
887.289000 12.910200 -0.395388 0.000000 0.000000 0.000000 -0.967096 0.254414
887.290000 12.908800 -0.395486 0.000000 0.000000 0.000000 -0.958823 0.284003
887.474000 12.908200 -0.396241 0.000000 0.000000 0.000000 -0.943707 0.330781
887.857000 12.908200 -0.396241 0.000000 0.000000 0.000000 -0.920413 0.390948
887.858000 12.908800 -0.395486 0.000000 0.000000 0.000000 -0.904066 0.427392
888.074000 12.909500 -0.394732 0.000000 0.000000 0.000000 -0.905376 0.424610
888.467000 12.909500 -0.394732 0.000000 0.000000 0.000000 -0.905376 0.424610
888.468000 12.909500 -0.394732 0.000000 0.000000 0.000000 -0.905376 0.424610
888.652000 12.909500 -0.394732 0.000000 0.000000 0.000000 -0.906676 0.421829
889.083000 12.904200 -0.400768 0.000000 0.000000 0.000000 -0.909253 0.416245
889.085000 12.895700 -0.410577 0.000000 0.000000 0.000000 -0.909253 0.416245
889.251000 12.885900 -0.421895 0.000000 0.000000 0.000000 -0.913050 0.407848
889.814000 12.867500 -0.443022 0.000000 0.000000 0.000000 -0.913050 0.407848
889.815000 12.824000 -0.489999 0.000000 0.000000 0.000000 -0.914299 0.405039
889.861000 12.768700 -0.550558 0.000000 0.000000 0.000000 -0.915539 0.402230
890.310000 12.725800 -0.596781 0.000000 0.000000 0.000000 -0.916771 0.399413
890.311000 12.692800 -0.631686 0.000000 0.000000 0.000000 -0.920413 0.390948
890.452000 12.744700 -0.628134 0.000000 0.000000 0.000000 -0.908121 0.418707
890.904000 12.706000 -0.674021 0.000000 0.000000 0.000000 -0.908121 0.418707
890.906000 12.661700 -0.726977 0.000000 0.000000 0.000000 -0.906829 0.421498
891.052000 12.619100 -0.776173 0.000000 0.000000 0.000000 -0.908121 0.418707
891.434000 12.586600 -0.814206 0.000000 0.000000 0.000000 -0.908121 0.418707
891.494000 12.554100 -0.852239 0.000000 0.000000 0.000000 -0.908121 0.418707
891.652000 12.516000 -0.897341 0.000000 0.000000 0.000000 -0.906829 0.421498
892.038000 12.473600 -0.947941 0.000000 0.000000 0.000000 -0.908121 0.418707
892.094000 12.434100 -0.993209 0.000000 0.000000 0.000000 -0.910677 0.413119
892.252000 12.398900 -1.032980 0.000000 0.000000 0.000000 -0.911941 0.410321
892.812000 12.363200 -1.073540 0.000000 0.000000 0.000000 -0.915685 0.401896
892.824000 12.323300 -1.115990 0.000000 0.000000 0.000000 -0.916917 0.399078
892.852000 12.281600 -1.160810 0.000000 0.000000 0.000000 -0.920555 0.390612
893.275000 12.239800 -1.204220 0.000000 0.000000 0.000000 -0.921752 0.387779
893.276000 12.198400 -1.245440 0.000000 0.000000 0.000000 -0.922938 0.384948
893.453000 12.158400 -1.286500 0.000000 0.000000 0.000000 -0.925288 0.379265
893.881000 12.119500 -1.324580 0.000000 0.000000 0.000000 -0.925288 0.379265
893.894000 12.077300 -1.365180 0.000000 0.000000 0.000000 -0.928744 0.370722
894.160000 12.118900 -1.407140 0.000000 0.000000 0.000000 -0.922740 0.385423
894.529000 12.075700 -1.447990 0.000000 0.000000 0.000000 -0.930816 0.365487
894.530000 12.031400 -1.486890 0.000000 0.000000 0.000000 -0.940567 0.339609
894.654000 11.988800 -1.519700 0.000000 0.000000 0.000000 -0.951506 0.307630
895.123000 11.943700 -1.550830 0.000000 0.000000 0.000000 -0.959649 0.281202
895.124000 11.888900 -1.583860 0.000000 0.000000 0.000000 -0.964669 0.263464
895.252000 11.834700 -1.616060 0.000000 0.000000 0.000000 -0.963856 0.266424
896.164000 11.788300 -1.643850 0.000000 0.000000 0.000000 -0.965475 0.260496
896.374000 11.741000 -1.671090 0.000000 0.000000 0.000000 -0.967057 0.254559
897.222000 11.533300 -1.784400 0.000000 0.000000 0.000000 -0.971586 0.236689
897.638000 11.484100 -1.809130 0.000000 0.000000 0.000000 -0.973023 0.230709
898.006000 11.284700 -1.932480 0.000000 0.000000 0.000000 -0.962850 0.270037
898.024000 11.231900 -1.964560 0.000000 0.000000 0.000000 -0.963676 0.267075
898.074000 11.181000 -1.995400 0.000000 0.000000 0.000000 -0.964491 0.264115
899.025000 11.132900 -2.023260 0.000000 0.000000 0.000000 -0.966097 0.258179
899.174000 11.084000 -2.050630 0.000000 0.000000 0.000000 -0.966885 0.255211
899.184000 11.034000 -2.079730 0.000000 0.000000 0.000000 -0.967665 0.252237
899.455000 10.929300 -2.136340 0.000000 0.000000 0.000000 -0.970692 0.240326
899.456000 10.875900 -2.163460 0.000000 0.000000 0.000000 -0.972151 0.234356
899.457000 10.825200 -2.189840 0.000000 0.000000 0.000000 -0.972867 0.231366
899.652000 10.775000 -2.215350 0.000000 0.000000 0.000000 -0.974270 0.225383
900.086000 10.723100 -2.239860 0.000000 0.000000 0.000000 -0.974958 0.222391
900.087000 10.668800 -2.266490 0.000000 0.000000 0.000000 -0.976306 0.216396
900.253000 10.614200 -2.291760 0.000000 0.000000 0.000000 -0.976967 0.213393
900.797000 10.572400 -2.310560 0.000000 0.000000 0.000000 -0.976967 0.213393
901.217000 10.555400 -2.318150 0.000000 0.000000 0.000000 -0.976306 0.216396
901.608000 10.558600 -2.316530 0.000000 0.000000 0.000000 -0.976306 0.216396
901.609000 10.557300 -2.316910 0.000000 0.000000 0.000000 -0.976306 0.216396
901.610000 10.557300 -2.316910 0.000000 0.000000 0.000000 -0.975637 0.219392
901.611000 10.557300 -2.316910 0.000000 0.000000 0.000000 -0.973573 0.228378
901.763000 10.556800 -2.317780 0.000000 0.000000 0.000000 -0.970692 0.240326
902.301000 10.556800 -2.317780 0.000000 0.000000 0.000000 -0.962016 0.272992
902.303000 10.553500 -2.319390 0.000000 0.000000 0.000000 -0.931691 0.363252
902.454000 10.551600 -2.322870 0.000000 0.000000 0.000000 -0.908907 0.416999
902.923000 10.558100 -2.350460 0.000000 0.000000 0.000000 -0.902619 0.430441
902.944000 10.559700 -2.347950 0.000000 0.000000 0.000000 -0.884709 0.466143
903.104000 10.559200 -2.348780 0.000000 0.000000 0.000000 -0.865388 0.501102
903.644000 10.559200 -2.348780 0.000000 0.000000 0.000000 -0.854410 0.519599
903.645000 10.559500 -2.346560 0.000000 0.000000 0.000000 -0.813802 0.581142
903.646000 10.560000 -2.345730 0.000000 0.000000 0.000000 -0.801117 0.598507
903.833000 10.560300 -2.343510 0.000000 0.000000 0.000000 -0.772688 0.634786
904.287000 10.624800 -2.376840 0.000000 0.000000 0.000000 -0.729359 0.684131
904.321000 10.624800 -2.376840 0.000000 0.000000 0.000000 -0.697064 0.717009
904.434000 10.624800 -2.376840 0.000000 0.000000 0.000000 -0.667871 0.744277
905.013000 10.624800 -2.376840 0.000000 0.000000 0.000000 -0.635248 0.772308
905.014000 10.624800 -2.376840 0.000000 0.000000 0.000000 -0.589100 0.808060
905.015000 10.624400 -2.375470 0.000000 0.000000 0.000000 -0.551244 0.834344
905.162000 10.694200 -2.356720 0.000000 0.000000 0.000000 -0.544447 0.838795
906.626000 10.694200 -2.356720 0.000000 0.000000 0.000000 -0.541870 0.840463
906.643000 10.694200 -2.356720 0.000000 0.000000 0.000000 -0.544447 0.838795
906.653000 10.697000 -2.363350 0.000000 0.000000 0.000000 -0.554715 0.832041
906.654000 10.797500 -2.609670 0.000000 0.000000 0.000000 -0.559821 0.828613
907.255000 10.812800 -2.648380 0.000000 0.000000 0.000000 -0.569962 0.821671
907.256000 10.828400 -2.692070 0.000000 0.000000 0.000000 -0.569962 0.821671
907.257000 10.851600 -2.755120 0.000000 0.000000 0.000000 -0.572482 0.819917
907.393000 10.876300 -2.821490 0.000000 0.000000 0.000000 -0.572482 0.819917
907.904000 10.895300 -2.874590 0.000000 0.000000 0.000000 -0.575001 0.818153
907.905000 10.911200 -2.919670 0.000000 0.000000 0.000000 -0.577510 0.816384
907.984000 10.928000 -2.968900 0.000000 0.000000 0.000000 -0.582515 0.812820
908.615000 10.938500 -2.998500 0.000000 0.000000 0.000000 -0.585012 0.811025
908.616000 10.958600 -3.060740 0.000000 0.000000 0.000000 -0.587503 0.809222
908.617000 10.977700 -3.121050 0.000000 0.000000 0.000000 -0.589985 0.807414
909.473000 10.993400 -3.171960 0.000000 0.000000 0.000000 -0.594935 0.803774
909.893000 11.184100 -3.262530 0.000000 0.000000 0.000000 -0.540023 0.841650
909.894000 11.207500 -3.314110 0.000000 0.000000 0.000000 -0.545189 0.838313
909.895000 11.228500 -3.363590 0.000000 0.000000 0.000000 -0.550330 0.834947
910.094000 11.247000 -3.406480 0.000000 0.000000 0.000000 -0.552891 0.833253
910.502000 11.255700 -3.426610 0.000000 0.000000 0.000000 -0.550330 0.834947
910.514000 11.253700 -3.423580 0.000000 0.000000 0.000000 -0.550330 0.834947
910.764000 11.253600 -3.421350 0.000000 0.000000 0.000000 -0.552891 0.833253
911.257000 11.253600 -3.421350 0.000000 0.000000 0.000000 -0.558001 0.829840
911.258000 11.253600 -3.421350 0.000000 0.000000 0.000000 -0.570685 0.821169
911.274000 11.254100 -3.422660 0.000000 0.000000 0.000000 -0.585726 0.810509
911.476000 11.253700 -3.423580 0.000000 0.000000 0.000000 -0.610352 0.792130
911.887000 11.254100 -3.422660 0.000000 0.000000 0.000000 -0.624850 0.780744
911.904000 11.253700 -3.423580 0.000000 0.000000 0.000000 -0.643854 0.765148
912.074000 11.254800 -3.426210 0.000000 0.000000 0.000000 -0.676161 0.736753
912.981000 11.254900 -3.428450 0.000000 0.000000 0.000000 -0.705047 0.709160
912.992000 11.254400 -3.427130 0.000000 0.000000 0.000000 -0.715857 0.698247
913.002000 11.254400 -3.427130 0.000000 0.000000 0.000000 -0.724387 0.689393
913.386000 11.217200 -3.450410 0.000000 0.000000 0.000000 -0.753053 0.657960
913.387000 11.217600 -3.449480 0.000000 0.000000 0.000000 -0.774858 0.632136
913.582000 11.217600 -3.449480 0.000000 0.000000 0.000000 -0.792041 0.610468
914.012000 11.217600 -3.449480 0.000000 0.000000 0.000000 -0.808618 0.588333
914.024000 11.217900 -3.448540 0.000000 0.000000 0.000000 -0.822837 0.568278
914.084000 11.217900 -3.448540 0.000000 0.000000 0.000000 -0.836555 0.547883
914.896000 11.217900 -3.448540 0.000000 0.000000 0.000000 -0.851385 0.524541
914.907000 11.217600 -3.449480 0.000000 0.000000 0.000000 -0.865564 0.500799
914.917000 11.217600 -3.449480 0.000000 0.000000 0.000000 -0.879081 0.476673
914.954000 11.184100 -3.398540 0.000000 0.000000 0.000000 -0.891923 0.452187
915.396000 11.185700 -3.397010 0.000000 0.000000 0.000000 -0.905393 0.424574
915.397000 11.185700 -3.397010 0.000000 0.000000 0.000000 -0.915557 0.402189
915.474000 11.185400 -3.397950 0.000000 0.000000 0.000000 -0.925165 0.379565
916.146000 11.184100 -3.398540 0.000000 0.000000 0.000000 -0.938529 0.345199
916.164000 11.182500 -3.400070 0.000000 0.000000 0.000000 -0.948691 0.316205
916.165000 11.169500 -3.409160 0.000000 0.000000 0.000000 -0.954360 0.298658
916.294000 11.131400 -3.434530 0.000000 0.000000 0.000000 -0.961412 0.275112
917.062000 11.069800 -3.471490 0.000000 0.000000 0.000000 -0.963908 0.266236
917.075000 11.004000 -3.511180 0.000000 0.000000 0.000000 -0.963085 0.269199
917.265000 10.913700 -3.565270 0.000000 0.000000 0.000000 -0.966321 0.257338
917.284000 10.871500 -3.590200 0.000000 0.000000 0.000000 -0.965526 0.260308
917.544000 10.817000 -3.622330 0.000000 0.000000 0.000000 -0.966321 0.257338
917.882000 10.759000 -3.655300 0.000000 0.000000 0.000000 -0.967107 0.254370
917.894000 10.723800 -3.643880 0.000000 0.000000 0.000000 -0.965485 0.260458
918.074000 10.678600 -3.670490 0.000000 0.000000 0.000000 -0.966280 0.257493
918.539000 10.631500 -3.696450 0.000000 0.000000 0.000000 -0.967844 0.251550
918.540000 10.578900 -3.725820 0.000000 0.000000 0.000000 -0.969372 0.245598
918.783000 10.524400 -3.754530 0.000000 0.000000 0.000000 -0.970122 0.242616
919.282000 10.473800 -3.781390 0.000000 0.000000 0.000000 -0.971595 0.236650
919.284000 10.422200 -3.807930 0.000000 0.000000 0.000000 -0.973031 0.230675
919.285000 10.373500 -3.832290 0.000000 0.000000 0.000000 -0.974430 0.224691
919.582000 10.321000 -3.858490 0.000000 0.000000 0.000000 -0.975116 0.221694
919.925000 10.266600 -3.884040 0.000000 0.000000 0.000000 -0.975792 0.218699
919.944000 10.213500 -3.908980 0.000000 0.000000 0.000000 -0.977118 0.212699
920.074000 10.162000 -3.932350 0.000000 0.000000 0.000000 -0.978407 0.206686
920.503000 10.110700 -3.954780 0.000000 0.000000 0.000000 -0.979037 0.203681
920.514000 10.057700 -3.976550 0.000000 0.000000 0.000000 -0.979659 0.200670
922.280000 10.002600 -4.000830 0.000000 0.000000 0.000000 -0.979037 0.203681
922.645000 9.948880 -4.024490 0.000000 0.000000 0.000000 -0.979659 0.200670
922.646000 9.896730 -4.046590 0.000000 0.000000 0.000000 -0.979037 0.203681
922.647000 9.845520 -4.069010 0.000000 0.000000 0.000000 -0.977767 0.209693
922.648000 9.819910 -4.066180 0.000000 0.000000 0.000000 -0.971491 0.237077
922.649000 9.764640 -4.094820 0.000000 0.000000 0.000000 -0.970757 0.240064
922.650000 9.660720 -4.150900 0.000000 0.000000 0.000000 -0.968503 0.249004
922.651000 9.614260 -4.177940 0.000000 0.000000 0.000000 -0.967734 0.251976
922.652000 9.563400 -4.205780 0.000000 0.000000 0.000000 -0.967734 0.251976
922.793000 9.511020 -4.235260 0.000000 0.000000 0.000000 -0.968503 0.249004
922.998000 9.457670 -4.264460 0.000000 0.000000 0.000000 -0.969264 0.246024
923.087000 9.408330 -4.290670 0.000000 0.000000 0.000000 -0.970016 0.243043
923.532000 9.357750 -4.317550 0.000000 0.000000 0.000000 -0.970016 0.243043
923.533000 9.305930 -4.345110 0.000000 0.000000 0.000000 -0.970757 0.240064
923.764000 9.251910 -4.373070 0.000000 0.000000 0.000000 -0.971491 0.237077
924.087000 9.202570 -4.399270 0.000000 0.000000 0.000000 -0.972214 0.234094
924.088000 9.153790 -4.423550 0.000000 0.000000 0.000000 -0.972214 0.234094
924.314000 9.101010 -4.450830 0.000000 0.000000 0.000000 -0.971491 0.237077
924.840000 9.046710 -4.479750 0.000000 0.000000 0.000000 -0.970757 0.240064
924.852000 8.994890 -4.507310 0.000000 0.000000 0.000000 -0.969264 0.246024
924.894000 8.947750 -4.533110 0.000000 0.000000 0.000000 -0.968503 0.249004
925.292000 8.996030 -4.574060 0.000000 0.000000 0.000000 -0.957292 0.289124
925.304000 8.944680 -4.607950 0.000000 0.000000 0.000000 -0.957292 0.289124
925.524000 8.901450 -4.637460 0.000000 0.000000 0.000000 -0.956398 0.292066
925.924000 8.880040 -4.651230 0.000000 0.000000 0.000000 -0.956398 0.292066
925.964000 8.881230 -4.650470 0.000000 0.000000 0.000000 -0.958175 0.286183
926.075000 8.881230 -4.650470 0.000000 0.000000 0.000000 -0.959915 0.280290
927.058000 8.881230 -4.650470 0.000000 0.000000 0.000000 -0.963289 0.268467
927.070000 8.882420 -4.649700 0.000000 0.000000 0.000000 -0.969596 0.244711
927.081000 8.882420 -4.649700 0.000000 0.000000 0.000000 -0.975992 0.217806
927.292000 8.882420 -4.649700 0.000000 0.000000 0.000000 -0.988006 0.154416
927.314000 8.882420 -4.649700 0.000000 0.000000 0.000000 -0.993026 0.117892
927.477000 8.881440 -4.649490 0.000000 0.000000 0.000000 -0.995907 0.090388
927.963000 8.882420 -4.649700 0.000000 0.000000 0.000000 -0.997620 0.068947
927.964000 8.876130 -4.650380 0.000000 0.000000 0.000000 -0.998214 0.059746
928.104000 8.850980 -4.653120 0.000000 0.000000 0.000000 -0.999268 0.038262
928.611000 8.777400 -4.609970 0.000000 0.000000 0.000000 -0.998907 0.046739
928.612000 8.693880 -4.618300 0.000000 0.000000 0.000000 -0.998601 0.052877
929.277000 8.628770 -4.625650 0.000000 0.000000 0.000000 -0.998434 0.055942
929.281000 8.582410 -4.630060 0.000000 0.000000 0.000000 -0.998907 0.046739
929.282000 8.537030 -4.634630 0.000000 0.000000 0.000000 -0.999046 0.043667
929.283000 8.478500 -4.639030 0.000000 0.000000 0.000000 -0.999296 0.037528
929.474000 8.406650 -4.644240 0.000000 0.000000 0.000000 -0.999507 0.031386
930.003000 8.373770 -4.646850 0.000000 0.000000 0.000000 -0.999599 0.028313
930.025000 8.315570 -4.649270 0.000000 0.000000 0.000000 -0.999681 0.025244
930.026000 8.266420 -4.652200 0.000000 0.000000 0.000000 -0.999754 0.022170
930.184000 8.213310 -4.654470 0.000000 0.000000 0.000000 -0.999754 0.022170
930.646000 8.161200 -4.656900 0.000000 0.000000 0.000000 -0.999754 0.022170
930.882000 8.138670 -4.658200 0.000000 0.000000 0.000000 -0.999681 0.025244
931.259000 8.144760 -4.658200 0.000000 0.000000 0.000000 -0.999681 0.025244
931.260000 8.143770 -4.658030 0.000000 0.000000 0.000000 -0.999599 0.028313
931.298000 8.143770 -4.658030 0.000000 0.000000 0.000000 -0.999406 0.034460
931.891000 8.143770 -4.658030 0.000000 0.000000 0.000000 -0.999046 0.043667
931.904000 8.143770 -4.658030 0.000000 0.000000 0.000000 -0.997671 0.068213
931.905000 8.145910 -4.657380 0.000000 0.000000 0.000000 -0.994796 0.101889
932.124000 8.145910 -4.657380 0.000000 0.000000 0.000000 -0.990364 0.138490
932.533000 8.145910 -4.657380 0.000000 0.000000 0.000000 -0.982930 0.183977
932.544000 8.145910 -4.657380 0.000000 0.000000 0.000000 -0.979372 0.202065
932.634000 8.148050 -4.656720 0.000000 0.000000 0.000000 -0.975481 0.220085
933.816000 8.174120 -4.659370 0.000000 0.000000 0.000000 -0.976436 0.215805
933.938000 8.230330 -4.620000 0.000000 0.000000 0.000000 -0.943635 0.330989
934.469000 8.230130 -4.620980 0.000000 0.000000 0.000000 -0.943635 0.330989
934.485000 8.230130 -4.620980 0.000000 0.000000 0.000000 -0.943635 0.330989
934.504000 8.230130 -4.620980 0.000000 0.000000 0.000000 -0.943635 0.330989
935.073000 8.230130 -4.620980 0.000000 0.000000 0.000000 -0.942612 0.333889
935.135000 8.230130 -4.620980 0.000000 0.000000 0.000000 -0.940543 0.339675
935.136000 8.230130 -4.620980 0.000000 0.000000 0.000000 -0.937371 0.348332
935.299000 8.230130 -4.620980 0.000000 0.000000 0.000000 -0.930791 0.365553
935.499000 8.230130 -4.620980 0.000000 0.000000 0.000000 -0.915450 0.402431
935.851000 8.230330 -4.620000 0.000000 0.000000 0.000000 -0.890408 0.455164
935.898000 8.241580 -4.662460 0.000000 0.000000 0.000000 -0.881311 0.472536
936.612000 8.243360 -4.659850 0.000000 0.000000 0.000000 -0.864839 0.502049
936.613000 8.243640 -4.658890 0.000000 0.000000 0.000000 -0.845742 0.533591
936.614000 8.244180 -4.656960 0.000000 0.000000 0.000000 -0.816729 0.577021
937.479000 8.244730 -4.655040 0.000000 0.000000 0.000000 -0.781671 0.623691
937.938000 8.291350 -4.669680 0.000000 0.000000 0.000000 -0.583592 0.812047
938.408000 8.290890 -4.667490 0.000000 0.000000 0.000000 -0.545558 0.838073
938.410000 8.316670 -4.647380 0.000000 0.000000 0.000000 -0.513711 0.857963
938.574000 8.317630 -4.647640 0.000000 0.000000 0.000000 -0.476339 0.879262
938.979000 8.317630 -4.647640 0.000000 0.000000 0.000000 -0.429780 0.902934
938.980000 8.318330 -4.648870 0.000000 0.000000 0.000000 -0.382049 0.924142
939.204000 8.318330 -4.648870 0.000000 0.000000 0.000000 -0.350600 0.936525
940.654000 8.319030 -4.650100 0.000000 0.000000 0.000000 -0.315837 0.948814
941.050000 8.360720 -4.609390 0.000000 0.000000 0.000000 -0.026772 0.999642
941.068000 8.360720 -4.609390 0.000000 0.000000 0.000000 -0.029843 0.999555
941.524000 8.360720 -4.609390 0.000000 0.000000 0.000000 -0.029843 0.999555
941.525000 8.360720 -4.609390 0.000000 0.000000 0.000000 -0.029843 0.999555
941.537000 8.360720 -4.609390 0.000000 0.000000 0.000000 -0.029843 0.999555
942.072000 8.360720 -4.609390 0.000000 0.000000 0.000000 -0.029843 0.999555
942.073000 8.360720 -4.609390 0.000000 0.000000 0.000000 -0.029843 0.999555
942.225000 8.360720 -4.609390 0.000000 0.000000 0.000000 -0.029843 0.999555
942.337000 8.360720 -4.609390 0.000000 0.000000 0.000000 -0.029843 0.999555
942.585000 8.360720 -4.609390 0.000000 0.000000 0.000000 -0.029843 0.999555
942.824000 8.360720 -4.609390 0.000000 0.000000 0.000000 -0.029843 0.999555
942.937000 8.360720 -4.609390 0.000000 0.000000 0.000000 -0.029843 0.999555
943.184000 8.360720 -4.609390 0.000000 0.000000 0.000000 -0.029843 0.999555
943.337000 8.360720 -4.609390 0.000000 0.000000 0.000000 -0.029843 0.999555
943.537000 8.360720 -4.609390 0.000000 0.000000 0.000000 -0.029843 0.999555
944.405000 8.360720 -4.609390 0.000000 0.000000 0.000000 -0.029843 0.999555
944.537000 8.360720 -4.609390 0.000000 0.000000 0.000000 -0.029843 0.999555
945.407000 8.359500 -4.610100 0.000000 0.000000 0.000000 -0.029843 0.999555
945.537000 8.359500 -4.610100 0.000000 0.000000 0.000000 -0.029843 0.999555
946.411000 8.359500 -4.610100 0.000000 0.000000 0.000000 -0.029843 0.999555
946.538000 8.359500 -4.610100 0.000000 0.000000 0.000000 -0.029843 0.999555
947.411000 8.359500 -4.610100 0.000000 0.000000 0.000000 -0.029843 0.999555
947.537000 8.359500 -4.610100 0.000000 0.000000 0.000000 -0.029843 0.999555
948.416000 8.359500 -4.610100 0.000000 0.000000 0.000000 -0.032914 0.999458
948.537000 8.359500 -4.610100 0.000000 0.000000 0.000000 -0.032914 0.999458
949.411000 8.359500 -4.610100 0.000000 0.000000 0.000000 -0.032914 0.999458
949.537000 8.359500 -4.610100 0.000000 0.000000 0.000000 -0.032914 0.999458
950.408000 8.359500 -4.610100 0.000000 0.000000 0.000000 -0.032914 0.999458
950.538000 8.360720 -4.609390 0.000000 0.000000 0.000000 -0.032914 0.999458
951.409000 8.367740 -4.610260 0.000000 0.000000 0.000000 -0.042126 0.999112
951.649000 8.538960 -4.624600 0.000000 0.000000 0.000000 -0.042126 0.999112
951.650000 8.606060 -4.629340 0.000000 0.000000 0.000000 -0.042126 0.999112
951.775000 8.655710 -4.633480 0.000000 0.000000 0.000000 -0.045196 0.998978
951.992000 8.699040 -4.637990 0.000000 0.000000 0.000000 -0.048265 0.998835
952.245000 8.754740 -4.642740 0.000000 0.000000 0.000000 -0.048265 0.998835
952.534000 8.825440 -4.649490 0.000000 0.000000 0.000000 -0.054403 0.998519
952.538000 8.891050 -4.655890 0.000000 0.000000 0.000000 -0.057471 0.998347
952.999000 8.944300 -4.662050 0.000000 0.000000 0.000000 -0.060538 0.998166
953.000000 8.992460 -4.667860 0.000000 0.000000 0.000000 -0.063605 0.997975
953.138000 9.051760 -4.674630 0.000000 0.000000 0.000000 -0.063605 0.997975
953.842000 9.114910 -4.682440 0.000000 0.000000 0.000000 -0.063605 0.997975
953.884000 9.178070 -4.690250 0.000000 0.000000 0.000000 -0.063605 0.997975
954.582000 9.235180 -4.697460 0.000000 0.000000 0.000000 -0.063605 0.997975
955.148000 9.530180 -4.624860 0.000000 0.000000 0.000000 -0.018068 0.999837
955.150000 9.584490 -4.626620 0.000000 0.000000 0.000000 -0.024212 0.999707
955.365000 9.698890 -4.631990 0.000000 0.000000 0.000000 -0.033427 0.999441
955.784000 9.759840 -4.636720 0.000000 0.000000 0.000000 -0.039569 0.999217
955.785000 9.820930 -4.640470 0.000000 0.000000 0.000000 -0.045708 0.998955
955.844000 9.849770 -4.643620 0.000000 0.000000 0.000000 -0.048778 0.998810
956.499000 9.904640 -4.648490 0.000000 0.000000 0.000000 -0.054915 0.998491
956.500000 9.960350 -4.654500 0.000000 0.000000 0.000000 -0.057983 0.998318
956.501000 10.016900 -4.661630 0.000000 0.000000 0.000000 -0.064117 0.997942
956.598000 10.053700 -4.665920 0.000000 0.000000 0.000000 -0.061051 0.998135
957.126000 10.060600 -4.666920 0.000000 0.000000 0.000000 -0.064117 0.997942
957.145000 10.055700 -4.666200 0.000000 0.000000 0.000000 -0.061051 0.998135
957.158000 10.052700 -4.665780 0.000000 0.000000 0.000000 -0.057983 0.998318
957.989000 10.040800 -4.664070 0.000000 0.000000 0.000000 -0.042639 0.999091
957.990000 10.028800 -4.663340 0.000000 0.000000 0.000000 -0.030356 0.999539
957.991000 10.006600 -4.663180 0.000000 0.000000 0.000000 0.003440 0.999994
957.992000 10.008600 -4.663460 0.000000 0.000000 0.000000 0.012658 0.999920
958.078000 10.010700 -4.662760 0.000000 0.000000 0.000000 0.015730 0.999876
958.583000 10.010700 -4.662760 0.000000 0.000000 0.000000 0.018803 0.999823
958.584000 10.010700 -4.662760 0.000000 0.000000 0.000000 0.015730 0.999876
958.898000 10.010700 -4.662760 0.000000 0.000000 0.000000 0.015730 0.999876
959.236000 10.011700 -4.662900 0.000000 0.000000 0.000000 0.006513 0.999979
959.237000 10.014600 -4.663330 0.000000 0.000000 0.000000 -0.008851 0.999961
959.238000 10.015600 -4.663470 0.000000 0.000000 0.000000 -0.024212 0.999707
959.399000 10.017800 -4.662770 0.000000 0.000000 0.000000 -0.048778 0.998810
959.925000 10.020700 -4.663190 0.000000 0.000000 0.000000 -0.077603 0.996984
959.945000 10.024500 -4.664750 0.000000 0.000000 0.000000 -0.111251 0.993792
959.959000 10.010200 -4.665900 0.000000 0.000000 0.000000 -0.102239 0.994760
960.550000 10.011100 -4.666970 0.000000 0.000000 0.000000 -0.123610 0.992331
960.551000 10.011100 -4.666970 0.000000 0.000000 0.000000 -0.147964 0.988993
960.558000 10.014100 -4.667180 0.000000 0.000000 0.000000 -0.187341 0.982295
961.298000 10.016000 -4.668320 0.000000 0.000000 0.000000 -0.217432 0.976076
961.315000 10.015000 -4.668250 0.000000 0.000000 0.000000 -0.244339 0.969690
961.316000 10.015000 -4.668250 0.000000 0.000000 0.000000 -0.256238 0.966614
961.319000 10.015000 -4.668250 0.000000 0.000000 0.000000 -0.282869 0.959159
961.965000 10.015000 -4.668250 0.000000 0.000000 0.000000 -0.315121 0.949052
961.966000 10.015000 -4.668250 0.000000 0.000000 0.000000 -0.349893 0.936790
961.967000 9.974350 -4.703070 0.000000 0.000000 0.000000 -0.381297 0.924453
962.185000 9.974350 -4.703070 0.000000 0.000000 0.000000 -0.403905 0.914801
962.581000 9.975340 -4.703140 0.000000 0.000000 0.000000 -0.423486 0.905902
962.582000 9.974350 -4.703070 0.000000 0.000000 0.000000 -0.448374 0.893846
963.583000 9.975340 -4.703140 0.000000 0.000000 0.000000 -0.481022 0.876709
964.538000 9.975270 -4.704140 0.000000 0.000000 0.000000 -0.531356 0.847149
964.654000 9.976190 -4.705210 0.000000 0.000000 0.000000 -0.554577 0.832132
965.020000 9.953980 -4.897560 0.000000 0.000000 0.000000 -0.694327 0.719659
965.021000 9.955120 -4.964810 0.000000 0.000000 0.000000 -0.696534 0.717524
965.119000 9.956490 -5.015040 0.000000 0.000000 0.000000 -0.703119 0.711072
965.635000 9.957010 -5.063210 0.000000 0.000000 0.000000 -0.703119 0.711072
965.636000 9.957100 -5.117360 0.000000 0.000000 0.000000 -0.705299 0.708910
966.226000 9.957170 -5.185540 0.000000 0.000000 0.000000 -0.703119 0.711072
966.350000 9.958390 -5.251800 0.000000 0.000000 0.000000 -0.703119 0.711072
966.351000 9.958550 -5.304950 0.000000 0.000000 0.000000 -0.703119 0.711072
966.352000 9.958990 -5.354110 0.000000 0.000000 0.000000 -0.705299 0.708910
966.555000 9.959010 -5.409260 0.000000 0.000000 0.000000 -0.707476 0.706738
966.973000 9.959300 -5.474450 0.000000 0.000000 0.000000 -0.709642 0.704562
967.025000 9.958740 -5.537570 0.000000 0.000000 0.000000 -0.707476 0.706738
967.205000 9.958680 -5.593720 0.000000 0.000000 0.000000 -0.707476 0.706738
968.366000 9.957980 -5.644800 0.000000 0.000000 0.000000 -0.709642 0.704562
968.390000 9.997730 -5.826630 0.000000 0.000000 0.000000 -0.701247 0.712919
968.425000 9.997820 -5.877630 0.000000 0.000000 0.000000 -0.705615 0.708596
968.523000 9.997760 -5.936640 0.000000 0.000000 0.000000 -0.709955 0.704247
969.099000 9.997630 -5.999650 0.000000 0.000000 0.000000 -0.712118 0.702060
969.100000 9.996580 -6.058640 0.000000 0.000000 0.000000 -0.716418 0.697671
969.155000 9.994580 -6.114610 0.000000 0.000000 0.000000 -0.720692 0.693255
969.395000 9.992590 -6.169590 0.000000 0.000000 0.000000 -0.722817 0.691040
970.638000 9.989550 -6.227540 0.000000 0.000000 0.000000 -0.724938 0.688814
971.157000 9.970290 -6.577250 0.000000 0.000000 0.000000 -0.727053 0.686581
971.205000 9.967270 -6.634210 0.000000 0.000000 0.000000 -0.724938 0.688814
971.207000 9.964280 -6.689160 0.000000 0.000000 0.000000 -0.724938 0.688814
971.320000 9.961190 -6.750120 0.000000 0.000000 0.000000 -0.724938 0.688814
971.808000 10.000600 -6.763820 0.000000 0.000000 0.000000 -0.696117 0.717928
971.809000 10.001900 -6.820840 0.000000 0.000000 0.000000 -0.698322 0.715784
971.920000 10.003200 -6.877860 0.000000 0.000000 0.000000 -0.700516 0.713637
972.417000 10.004600 -6.935880 0.000000 0.000000 0.000000 -0.704888 0.709319
972.475000 10.005000 -6.994960 0.000000 0.000000 0.000000 -0.704888 0.709319
972.555000 10.004300 -7.051090 0.000000 0.000000 0.000000 -0.707066 0.707148
973.054000 10.004600 -7.108170 0.000000 0.000000 0.000000 -0.711398 0.702790
973.055000 10.003000 -7.168360 0.000000 0.000000 0.000000 -0.713552 0.700602
973.119000 10.002400 -7.226490 0.000000 0.000000 0.000000 -0.713552 0.700602
973.889000 10.000700 -7.282690 0.000000 0.000000 0.000000 -0.717847 0.696201
973.900000 9.998080 -7.341940 0.000000 0.000000 0.000000 -0.722112 0.691777
974.234000 9.995500 -7.401190 0.000000 0.000000 0.000000 -0.726349 0.687326
974.364000 9.991760 -7.457500 0.000000 0.000000 0.000000 -0.728456 0.685093
974.386000 9.989370 -7.502710 0.000000 0.000000 0.000000 -0.728456 0.685093
974.387000 9.988350 -7.519800 0.000000 0.000000 0.000000 -0.726349 0.687326
974.521000 9.988350 -7.519800 0.000000 0.000000 0.000000 -0.726349 0.687326
975.004000 9.988350 -7.519800 0.000000 0.000000 0.000000 -0.726349 0.687326
975.046000 9.988350 -7.519800 0.000000 0.000000 0.000000 -0.728456 0.685093
975.125000 9.988350 -7.519800 0.000000 0.000000 0.000000 -0.734741 0.678348
975.609000 9.988470 -7.521790 0.000000 0.000000 0.000000 -0.740964 0.671545
975.625000 9.988470 -7.521790 0.000000 0.000000 0.000000 -0.755233 0.655456
976.241000 9.988350 -7.519800 0.000000 0.000000 0.000000 -0.773069 0.634322
976.284000 9.988350 -7.519800 0.000000 0.000000 0.000000 -0.788428 0.615126
976.286000 9.988410 -7.520800 0.000000 0.000000 0.000000 -0.815932 0.578147
976.345000 9.986590 -7.523910 0.000000 0.000000 0.000000 -0.841703 0.539940
976.585000 9.986590 -7.523910 0.000000 0.000000 0.000000 -0.851516 0.524328
976.939000 9.975010 -7.516280 0.000000 0.000000 0.000000 -0.838094 0.545526
976.955000 9.975860 -7.515150 0.000000 0.000000 0.000000 -0.857633 0.514261
977.155000 9.975860 -7.515150 0.000000 0.000000 0.000000 -0.874525 0.484981
978.077000 9.975860 -7.515150 0.000000 0.000000 0.000000 -0.886180 0.463341
978.290000 9.976720 -7.514030 0.000000 0.000000 0.000000 -0.897300 0.441421
978.300000 9.977580 -7.512910 0.000000 0.000000 0.000000 -0.907880 0.419229
978.325000 9.981150 -7.509400 0.000000 0.000000 0.000000 -0.941586 0.336772
978.555000 9.983860 -7.507030 0.000000 0.000000 0.000000 -0.952429 0.304760
978.873000 9.963190 -7.493580 0.000000 0.000000 0.000000 -0.957826 0.287347
978.936000 9.965170 -7.493270 0.000000 0.000000 0.000000 -0.965406 0.260752
979.338000 9.965010 -7.492280 0.000000 0.000000 0.000000 -0.972247 0.233958
979.395000 9.967970 -7.491810 0.000000 0.000000 0.000000 -0.979598 0.200968
979.521000 9.970780 -7.490350 0.000000 0.000000 0.000000 -0.984780 0.173804
979.959000 9.972750 -7.490040 0.000000 0.000000 0.000000 -0.988754 0.149548
979.960000 9.975560 -7.488580 0.000000 0.000000 0.000000 -0.992512 0.122151
980.121000 9.978520 -7.488110 0.000000 0.000000 0.000000 -0.996073 0.088540
981.602000 9.981480 -7.487630 0.000000 0.000000 0.000000 -0.997535 0.070164
981.944000 9.963430 -7.432620 0.000000 0.000000 0.000000 0.991632 0.129095
982.250000 9.965730 -7.434270 0.000000 0.000000 0.000000 0.988160 0.153428
982.252000 9.967860 -7.434930 0.000000 0.000000 0.000000 0.983539 0.180693
982.253000 9.940310 -7.393380 0.000000 0.000000 0.000000 0.980072 0.198641
982.468000 9.942460 -7.394000 0.000000 0.000000 0.000000 0.974205 0.225666
982.879000 9.943630 -7.394800 0.000000 0.000000 0.000000 0.970623 0.240607
982.880000 9.943630 -7.394800 0.000000 0.000000 0.000000 0.963598 0.267354
982.941000 9.943630 -7.394800 0.000000 0.000000 0.000000 0.954930 0.296830
983.504000 9.943630 -7.394800 0.000000 0.000000 0.000000 0.944354 0.328931
983.505000 9.944790 -7.395610 0.000000 0.000000 0.000000 0.931585 0.363523
983.506000 9.944790 -7.395610 0.000000 0.000000 0.000000 0.917550 0.397620
983.942000 9.944970 -7.396590 0.000000 0.000000 0.000000 0.906205 0.422839
984.207000 9.970130 -7.376500 0.000000 0.000000 0.000000 0.898282 0.439419
984.209000 9.970130 -7.376500 0.000000 0.000000 0.000000 0.884359 0.466807
984.221000 9.970130 -7.376500 0.000000 0.000000 0.000000 0.875604 0.483030
985.463000 9.970130 -7.376500 0.000000 0.000000 0.000000 0.861913 0.507057
985.852000 9.969750 -7.374540 0.000000 0.000000 0.000000 0.770258 0.637733
985.853000 10.024100 -7.334440 0.000000 0.000000 0.000000 0.759449 0.650567
985.945000 10.024900 -7.333250 0.000000 0.000000 0.000000 0.743230 0.669036
986.451000 10.024500 -7.331300 0.000000 0.000000 0.000000 0.720196 0.693771
986.452000 10.024100 -7.329340 0.000000 0.000000 0.000000 0.700737 0.713420
986.585000 10.023900 -7.328360 0.000000 0.000000 0.000000 0.682991 0.730427
987.245000 10.024400 -7.326200 0.000000 0.000000 0.000000 0.662533 0.749033
987.246000 10.024200 -7.325220 0.000000 0.000000 0.000000 0.646269 0.763110
987.247000 10.025000 -7.324040 0.000000 0.000000 0.000000 0.627315 0.778766
987.325000 10.025600 -7.321870 0.000000 0.000000 0.000000 0.600639 0.799520
988.579000 10.026200 -7.319710 0.000000 0.000000 0.000000 0.573277 0.819361
989.119000 10.081300 -7.312830 0.000000 0.000000 0.000000 0.459270 0.888297
989.120000 10.082000 -7.311610 0.000000 0.000000 0.000000 0.434532 0.900656
989.121000 10.083700 -7.310140 0.000000 0.000000 0.000000 0.403847 0.914826
989.301000 10.085400 -7.308680 0.000000 0.000000 0.000000 0.369848 0.929092
989.811000 10.135300 -7.339440 0.000000 0.000000 0.000000 0.350300 0.936638
989.813000 10.135300 -7.339440 0.000000 0.000000 0.000000 0.324266 0.945966
989.901000 10.137000 -7.337950 0.000000 0.000000 0.000000 0.303846 0.952721
990.436000 10.138000 -7.337690 0.000000 0.000000 0.000000 0.295051 0.955482
990.438000 10.138000 -7.337690 0.000000 0.000000 0.000000 0.289173 0.957277
990.502000 10.138700 -7.336460 0.000000 0.000000 0.000000 0.289173 0.957277
990.904000 10.138700 -7.336460 0.000000 0.000000 0.000000 0.289173 0.957277
990.946000 10.138700 -7.336460 0.000000 0.000000 0.000000 0.297985 0.954570
991.136000 10.138700 -7.336460 0.000000 0.000000 0.000000 0.309695 0.950836
991.375000 10.137000 -7.337950 0.000000 0.000000 0.000000 0.335868 0.941909
991.642000 10.137000 -7.337950 0.000000 0.000000 0.000000 0.367507 0.930021
992.290000 10.138000 -7.337690 0.000000 0.000000 0.000000 0.412769 0.910836
992.355000 10.155100 -7.326460 0.000000 0.000000 0.000000 0.488771 0.872412
992.810000 10.156500 -7.323170 0.000000 0.000000 0.000000 0.523220 0.852198
992.812000 10.158200 -7.320870 0.000000 0.000000 0.000000 0.564469 0.825454
992.902000 10.159500 -7.316590 0.000000 0.000000 0.000000 0.614100 0.789228
993.539000 10.159500 -7.316590 0.000000 0.000000 0.000000 0.645127 0.764075
993.540000 10.082300 -7.272530 0.000000 0.000000 0.000000 0.652660 0.757651
993.541000 10.083300 -7.272380 0.000000 0.000000 0.000000 0.650327 0.759654
994.044000 10.083300 -7.272380 0.000000 0.000000 0.000000 0.650327 0.759654
994.144000 10.082800 -7.269420 0.000000 0.000000 0.000000 0.650327 0.759654
994.145000 10.085700 -7.255810 0.000000 0.000000 0.000000 0.643299 0.765615
994.376000 10.091400 -7.220520 0.000000 0.000000 0.000000 0.640942 0.767589
994.645000 10.104800 -7.143570 0.000000 0.000000 0.000000 0.643299 0.765615
995.292000 10.118700 -7.063490 0.000000 0.000000 0.000000 0.645647 0.763636
995.295000 10.128900 -7.005240 0.000000 0.000000 0.000000 0.638579 0.769556
995.296000 10.137300 -6.961440 0.000000 0.000000 0.000000 0.631460 0.775408
995.302000 10.145500 -6.916650 0.000000 0.000000 0.000000 0.633838 0.773466
995.813000 10.158700 -6.851860 0.000000 0.000000 0.000000 0.631460 0.775408
995.814000 10.173200 -6.781820 0.000000 0.000000 0.000000 0.631460 0.775408
995.904000 10.185200 -6.722280 0.000000 0.000000 0.000000 0.633838 0.773466
996.571000 10.194800 -6.673230 0.000000 0.000000 0.000000 0.631460 0.775408
996.572000 10.204400 -6.624180 0.000000 0.000000 0.000000 0.631460 0.775408
996.573000 10.217000 -6.561520 0.000000 0.000000 0.000000 0.631460 0.775408
997.076000 10.230100 -6.495740 0.000000 0.000000 0.000000 0.633838 0.773466
997.219000 10.240600 -6.439470 0.000000 0.000000 0.000000 0.636213 0.771513
997.221000 10.250800 -6.388290 0.000000 0.000000 0.000000 0.636213 0.771513
997.336000 10.261200 -6.331030 0.000000 0.000000 0.000000 0.640942 0.767589
997.914000 10.270900 -6.269820 0.000000 0.000000 0.000000 0.643299 0.765615
997.916000 10.186200 -6.286300 0.000000 0.000000 0.000000 0.697691 0.716398
997.917000 10.187200 -6.227490 0.000000 0.000000 0.000000 0.697691 0.716398
998.102000 10.187800 -6.170880 0.000000 0.000000 0.000000 0.697691 0.716398
998.562000 10.189600 -6.114940 0.000000 0.000000 0.000000 0.697691 0.716398
998.586000 10.190300 -6.055170 0.000000 0.000000 0.000000 0.699891 0.714250
999.493000 10.191000 -5.995400 0.000000 0.000000 0.000000 0.697691 0.716398
1000.040000 10.196800 -5.762720 0.000000 0.000000 0.000000 0.695489 0.718537
1000.120000 10.203800 -5.586080 0.000000 0.000000 0.000000 0.691060 0.722797
1000.600000 10.205400 -5.529180 0.000000 0.000000 0.000000 0.691060 0.722797
1000.620000 10.208300 -5.469780 0.000000 0.000000 0.000000 0.691060 0.722797
1001.590000 10.210900 -5.409430 0.000000 0.000000 0.000000 0.691060 0.722797
1001.940000 10.146800 -5.191480 0.000000 0.000000 0.000000 0.722011 0.691881
1001.950000 10.143600 -5.130530 0.000000 0.000000 0.000000 0.724132 0.689661
1002.170000 10.136300 -5.017540 0.000000 0.000000 0.000000 0.728356 0.685199
1002.640000 10.133400 -4.971450 0.000000 0.000000 0.000000 0.730460 0.682956
1002.650000 10.131400 -4.949700 0.000000 0.000000 0.000000 0.730460 0.682956
1003.050000 10.131600 -4.952860 0.000000 0.000000 0.000000 0.730460 0.682956
1003.400000 10.131400 -4.949700 0.000000 0.000000 0.000000 0.730460 0.682956
1003.580000 10.131600 -4.947480 0.000000 0.000000 0.000000 0.717746 0.696305
1004.060000 10.132000 -4.948410 0.000000 0.000000 0.000000 0.706963 0.707250
1004.130000 10.132000 -4.948410 0.000000 0.000000 0.000000 0.678156 0.734918
1004.960000 10.132200 -4.946180 0.000000 0.000000 0.000000 0.657575 0.753389
1004.970000 10.132200 -4.946180 0.000000 0.000000 0.000000 0.629353 0.777120
1005.060000 10.131800 -4.945250 0.000000 0.000000 0.000000 0.597817 0.801633
1005.380000 10.131800 -4.945250 0.000000 0.000000 0.000000 0.575422 0.817857
1005.500000 10.183700 -4.915450 0.000000 0.000000 0.000000 0.532461 0.846455
1006.070000 10.183700 -4.915450 0.000000 0.000000 0.000000 0.508851 0.860854
1006.080000 10.183700 -4.915450 0.000000 0.000000 0.000000 0.457754 0.889079
1006.800000 10.183700 -4.915450 0.000000 0.000000 0.000000 0.430223 0.902723
1006.820000 10.183700 -4.915450 0.000000 0.000000 0.000000 0.413508 0.910501
1006.880000 10.183700 -4.915450 0.000000 0.000000 0.000000 0.362542 0.931968
1007.360000 10.183200 -4.916790 0.000000 0.000000 0.000000 0.333737 0.942666
1007.390000 10.228000 -4.947870 0.000000 0.000000 0.000000 0.298659 0.954360
1007.400000 10.228000 -4.947870 0.000000 0.000000 0.000000 0.275111 0.961412
1008.030000 10.228000 -4.947870 0.000000 0.000000 0.000000 0.248422 0.968652
1008.120000 10.228000 -4.947870 0.000000 0.000000 0.000000 0.181214 0.983444
1008.500000 10.234400 -4.944940 0.000000 0.000000 0.000000 0.160021 0.987114
1008.560000 10.261500 -4.936840 0.000000 0.000000 0.000000 0.129618 0.991564
1008.860000 10.321400 -4.923530 0.000000 0.000000 0.000000 0.105206 0.994450
1009.100000 10.402900 -4.906860 0.000000 0.000000 0.000000 0.108262 0.994122
1009.160000 10.465600 -4.892290 0.000000 0.000000 0.000000 0.114369 0.993438
1009.240000 10.490400 -4.886360 0.000000 0.000000 0.000000 0.111316 0.993785
1009.920000 10.532700 -4.877860 0.000000 0.000000 0.000000 0.102151 0.994769
1009.930000 10.611900 -4.923460 0.000000 0.000000 0.000000 0.104426 0.994533
1010.050000 10.745700 -4.896140 0.000000 0.000000 0.000000 0.095254 0.995453
1010.570000 10.801500 -4.885910 0.000000 0.000000 0.000000 0.089135 0.996020
1010.760000 10.964000 -4.858630 0.000000 0.000000 0.000000 0.086074 0.996289
1011.310000 10.995500 -4.852970 0.000000 0.000000 0.000000 0.083012 0.996549
1011.340000 11.109700 -4.835730 0.000000 0.000000 0.000000 0.073822 0.997271
1011.620000 11.161000 -4.827580 0.000000 0.000000 0.000000 0.070758 0.997494
1012.000000 11.219000 -4.819670 0.000000 0.000000 0.000000 0.070758 0.997494
1012.020000 11.282300 -4.811480 0.000000 0.000000 0.000000 0.067692 0.997706
1012.120000 11.341200 -4.803140 0.000000 0.000000 0.000000 0.067692 0.997706
1012.760000 11.394200 -4.796400 0.000000 0.000000 0.000000 0.067692 0.997706
1012.770000 11.510100 -4.782790 0.000000 0.000000 0.000000 0.055425 0.998463
1012.960000 11.569000 -4.776690 0.000000 0.000000 0.000000 0.049287 0.998785
1013.620000 11.543700 -4.718070 0.000000 0.000000 0.000000 0.069613 0.997574
1013.770000 11.715600 -4.697820 0.000000 0.000000 0.000000 0.051210 0.998688
1014.250000 11.773200 -4.691670 0.000000 0.000000 0.000000 0.048141 0.998841
1014.310000 11.830400 -4.686860 0.000000 0.000000 0.000000 0.042002 0.999118
1014.500000 11.945700 -4.679020 0.000000 0.000000 0.000000 0.032790 0.999462
1014.930000 11.991300 -4.675710 0.000000 0.000000 0.000000 0.032790 0.999462
1014.990000 12.011800 -4.674090 0.000000 0.000000 0.000000 0.032790 0.999462
1015.160000 12.008700 -4.674580 0.000000 0.000000 0.000000 0.029719 0.999558
1016.300000 12.010100 -4.675000 0.000000 0.000000 0.000000 0.020504 0.999790
1016.310000 12.012300 -4.674970 0.000000 0.000000 0.000000 0.008214 0.999966
1016.320000 12.012300 -4.674970 0.000000 0.000000 0.000000 -0.013295 0.999912
1016.450000 12.010100 -4.675000 0.000000 0.000000 0.000000 -0.065486 0.997854
1016.500000 12.010900 -4.674550 0.000000 0.000000 0.000000 -0.102227 0.994761
1016.870000 12.017700 -4.676690 0.000000 0.000000 0.000000 -0.163128 0.986605
1017.280000 12.019000 -4.677120 0.000000 0.000000 0.000000 -0.190347 0.981717
1017.300000 12.048300 -4.719520 0.000000 0.000000 0.000000 -0.168400 0.985719
1017.480000 12.048900 -4.720360 0.000000 0.000000 0.000000 -0.234600 0.972092
1017.980000 12.047500 -4.720050 0.000000 0.000000 0.000000 -0.273234 0.961948
1018.110000 12.047000 -4.719210 0.000000 0.000000 0.000000 -0.314350 0.949307
1018.630000 12.047500 -4.720050 0.000000 0.000000 0.000000 -0.346251 0.938142
1018.660000 12.047500 -4.720050 0.000000 0.000000 0.000000 -0.369206 0.929348
1018.870000 12.047500 -4.720050 0.000000 0.000000 0.000000 -0.394762 0.918783
1019.300000 12.051000 -4.758170 0.000000 0.000000 0.000000 -0.422800 0.906223
1019.480000 12.050500 -4.757320 0.000000 0.000000 0.000000 -0.501767 0.865003
1019.930000 12.049400 -4.755630 0.000000 0.000000 0.000000 -0.530716 0.847550
1020.160000 12.047800 -4.753100 0.000000 0.000000 0.000000 -0.571723 0.820446
1020.610000 12.047200 -4.752250 0.000000 0.000000 0.000000 -0.594191 0.804324
1020.880000 12.017400 -4.778630 0.000000 0.000000 0.000000 -0.625955 0.779859
1021.110000 12.020600 -4.794450 0.000000 0.000000 0.000000 -0.637863 0.770150
1021.170000 12.027600 -4.837750 0.000000 0.000000 0.000000 -0.654280 0.756253
1021.280000 12.037500 -4.912690 0.000000 0.000000 0.000000 -0.661221 0.750191
1022.560000 12.047700 -4.989840 0.000000 0.000000 0.000000 -0.656598 0.754240
1023.030000 12.085700 -5.332560 0.000000 0.000000 0.000000 -0.677203 0.735796
1023.050000 12.089600 -5.380280 0.000000 0.000000 0.000000 -0.681712 0.731621
1023.100000 12.092900 -5.434380 0.000000 0.000000 0.000000 -0.683958 0.729521
1023.820000 12.096200 -5.499300 0.000000 0.000000 0.000000 -0.690655 0.723184
1023.900000 12.102900 -5.671010 0.000000 0.000000 0.000000 -0.699491 0.714641
1024.420000 12.104000 -5.728980 0.000000 0.000000 0.000000 -0.703869 0.710330
1024.450000 12.103700 -5.793880 0.000000 0.000000 0.000000 -0.708221 0.705991
1024.480000 12.064300 -5.804520 0.000000 0.000000 0.000000 -0.694119 0.719861
1025.150000 12.067500 -5.861580 0.000000 0.000000 0.000000 -0.696329 0.717723
1025.380000 12.069600 -6.034430 0.000000 0.000000 0.000000 -0.705097 0.709111
1025.800000 12.070300 -6.093240 0.000000 0.000000 0.000000 -0.705097 0.709111
1025.810000 12.070200 -6.152650 0.000000 0.000000 0.000000 -0.707271 0.706943
1025.890000 12.070400 -6.210660 0.000000 0.000000 0.000000 -0.709441 0.704765
1026.460000 12.069900 -6.267860 0.000000 0.000000 0.000000 -0.713759 0.700392
1026.520000 12.068200 -6.347040 0.000000 0.000000 0.000000 -0.709441 0.704765
1027.150000 12.068300 -6.350640 0.000000 0.000000 0.000000 -0.702913 0.711276
1027.190000 12.068500 -6.349240 0.000000 0.000000 0.000000 -0.694119 0.719861
1027.290000 12.068800 -6.347850 0.000000 0.000000 0.000000 -0.662518 0.749046
1027.820000 12.068500 -6.349240 0.000000 0.000000 0.000000 -0.620096 0.784526
1027.890000 12.070100 -6.353070 0.000000 0.000000 0.000000 -0.524476 0.851425
1028.460000 12.114200 -6.348660 0.000000 0.000000 0.000000 -0.524834 0.851205
1028.470000 12.114800 -6.349500 0.000000 0.000000 0.000000 -0.479676 0.877446
1028.490000 12.113700 -6.347830 0.000000 0.000000 0.000000 -0.427658 0.903941
1029.600000 12.112300 -6.347540 0.000000 0.000000 0.000000 -0.391218 0.920298
1029.850000 12.135600 -6.344560 0.000000 0.000000 0.000000 -0.227962 0.973670
1029.870000 12.136100 -6.345410 0.000000 0.000000 0.000000 -0.191913 0.981412
1029.880000 12.137500 -6.345720 0.000000 0.000000 0.000000 -0.155603 0.987820
1030.570000 12.141600 -6.346640 0.000000 0.000000 0.000000 -0.131276 0.991346
1030.590000 12.158200 -6.350330 0.000000 0.000000 0.000000 -0.119081 0.992885
1030.790000 12.269600 -6.370770 0.000000 0.000000 0.000000 -0.073208 0.997317
1031.210000 12.303500 -6.317660 0.000000 0.000000 0.000000 -0.032618 0.999468
1031.290000 12.408800 -6.325180 0.000000 0.000000 0.000000 -0.041830 0.999125
1032.580000 12.458300 -6.328870 0.000000 0.000000 0.000000 -0.035689 0.999363
1032.590000 12.521900 -6.333020 0.000000 0.000000 0.000000 -0.029547 0.999563
1033.090000 12.844600 -6.357900 0.000000 0.000000 0.000000 -0.054107 0.998535
1033.140000 12.966100 -6.371850 0.000000 0.000000 0.000000 -0.057174 0.998364
1033.810000 13.020000 -6.379700 0.000000 0.000000 0.000000 -0.066375 0.997795
1033.870000 13.074700 -6.386940 0.000000 0.000000 0.000000 -0.066375 0.997795
1033.910000 13.163600 -6.399420 0.000000 0.000000 0.000000 -0.078634 0.996904
1034.420000 13.222900 -6.409410 0.000000 0.000000 0.000000 -0.081697 0.996657
1034.500000 13.355000 -6.341340 0.000000 0.000000 0.000000 -0.056690 0.998392
1035.140000 13.409100 -6.347550 0.000000 0.000000 0.000000 -0.062825 0.998025
1035.270000 13.560000 -6.368160 0.000000 0.000000 0.000000 -0.068957 0.997620
1035.790000 13.615500 -6.375890 0.000000 0.000000 0.000000 -0.072022 0.997403
1035.980000 13.792100 -6.403410 0.000000 0.000000 0.000000 -0.081213 0.996697
1036.520000 13.847300 -6.413950 0.000000 0.000000 0.000000 -0.087337 0.996179
1036.770000 13.990600 -6.441080 0.000000 0.000000 0.000000 -0.099574 0.995030
1037.300000 14.048600 -6.453260 0.000000 0.000000 0.000000 -0.105687 0.994399
1037.310000 14.159500 -6.477940 0.000000 0.000000 0.000000 -0.108742 0.994070
1037.790000 14.216000 -6.490000 0.000000 0.000000 0.000000 -0.108742 0.994070
1037.810000 14.275900 -6.504450 0.000000 0.000000 0.000000 -0.111796 0.993731
1037.910000 14.355400 -6.511620 0.000000 0.000000 0.000000 -0.074462 0.997224
1038.470000 14.411200 -6.519420 0.000000 0.000000 0.000000 -0.071397 0.997448
1038.520000 14.524300 -6.536430 0.000000 0.000000 0.000000 -0.074462 0.997224
1039.020000 14.583700 -6.546350 0.000000 0.000000 0.000000 -0.080589 0.996747
1039.040000 14.641000 -6.555560 0.000000 0.000000 0.000000 -0.086712 0.996233
1039.070000 14.696900 -6.566180 0.000000 0.000000 0.000000 -0.092833 0.995682
1039.570000 14.754100 -6.576810 0.000000 0.000000 0.000000 -0.095892 0.995392
1040.120000 14.870800 -6.601600 0.000000 0.000000 0.000000 -0.108119 0.994138
1040.150000 14.926700 -6.613640 0.000000 0.000000 0.000000 -0.111173 0.993801
1040.190000 14.981800 -6.626380 0.000000 0.000000 0.000000 -0.120330 0.992734
1040.270000 15.040500 -6.641250 0.000000 0.000000 0.000000 -0.123379 0.992360
1040.770000 15.098500 -6.656830 0.000000 0.000000 0.000000 -0.126428 0.991976
1040.780000 15.153600 -6.670990 0.000000 0.000000 0.000000 -0.132522 0.991180
1040.870000 15.208800 -6.686560 0.000000 0.000000 0.000000 -0.135567 0.990768
1041.310000 15.264600 -6.702850 0.000000 0.000000 0.000000 -0.138611 0.990347
1041.520000 15.355400 -6.722390 0.000000 0.000000 0.000000 -0.124619 0.992205
1041.850000 15.409600 -6.736110 0.000000 0.000000 0.000000 -0.127667 0.991817
1041.870000 15.466000 -6.750460 0.000000 0.000000 0.000000 -0.127667 0.991817
1042.070000 15.523900 -6.766180 0.000000 0.000000 0.000000 -0.127667 0.991817
1042.410000 15.583900 -6.782540 0.000000 0.000000 0.000000 -0.127667 0.991817
1042.480000 15.638800 -6.796940 0.000000 0.000000 0.000000 -0.130714 0.991420
1043.010000 15.693800 -6.811340 0.000000 0.000000 0.000000 -0.130714 0.991420
1043.070000 15.805200 -6.842920 0.000000 0.000000 0.000000 -0.136804 0.990598
1043.460000 15.840200 -6.852340 0.000000 0.000000 0.000000 -0.133760 0.991014
1043.470000 15.863800 -6.859320 0.000000 0.000000 0.000000 -0.142889 0.989739
1043.870000 15.882400 -6.864350 0.000000 0.000000 0.000000 -0.142889 0.989739
1043.900000 15.888100 -6.866980 0.000000 0.000000 0.000000 -0.142889 0.989739
1044.070000 15.887400 -6.866300 0.000000 0.000000 0.000000 -0.142889 0.989739
1044.510000 15.887400 -6.866300 0.000000 0.000000 0.000000 -0.145930 0.989295
1044.960000 15.887400 -6.866300 0.000000 0.000000 0.000000 -0.145930 0.989295
1045.070000 15.887400 -6.866300 0.000000 0.000000 0.000000 -0.152007 0.988379
1045.350000 15.887400 -6.866300 0.000000 0.000000 0.000000 -0.164143 0.986436
1045.570000 15.887400 -6.866300 0.000000 0.000000 0.000000 -0.188340 0.982104
1045.870000 15.887400 -6.866300 0.000000 0.000000 0.000000 -0.212423 0.977178
1046.070000 15.891000 -6.868300 0.000000 0.000000 0.000000 -0.274992 0.961446
1046.490000 15.893200 -6.870350 0.000000 0.000000 0.000000 -0.304401 0.952544
1046.900000 15.897500 -6.873030 0.000000 0.000000 0.000000 -0.350845 0.936433
1046.930000 15.899000 -6.874400 0.000000 0.000000 0.000000 -0.376605 0.926374
1047.070000 15.852200 -6.907810 0.000000 0.000000 0.000000 -0.355602 0.934637
1047.460000 15.853200 -6.909790 0.000000 0.000000 0.000000 -0.384149 0.923271
1047.470000 15.854800 -6.910960 0.000000 0.000000 0.000000 -0.403918 0.914795
1047.790000 15.856400 -6.912130 0.000000 0.000000 0.000000 -0.429058 0.903277
1047.870000 15.858300 -6.914700 0.000000 0.000000 0.000000 -0.459339 0.888261
1048.320000 15.859300 -6.916680 0.000000 0.000000 0.000000 -0.486413 0.873729
1048.370000 15.860300 -6.918670 0.000000 0.000000 0.000000 -0.499776 0.866155
1048.470000 15.861400 -6.920650 0.000000 0.000000 0.000000 -0.526153 0.850390
1049.060000 15.861600 -6.922050 0.000000 0.000000 0.000000 -0.564775 0.825245
1049.090000 15.793700 -6.955250 0.000000 0.000000 0.000000 -0.582272 0.812994
1049.270000 15.794000 -6.956640 0.000000 0.000000 0.000000 -0.619111 0.785304
1049.800000 15.794000 -6.956640 0.000000 0.000000 0.000000 -0.642947 0.765911
1049.960000 15.794000 -6.956640 0.000000 0.000000 0.000000 -0.686540 0.727092
1050.400000 15.794000 -6.956640 0.000000 0.000000 0.000000 -0.708556 0.705654
1050.480000 15.794000 -6.956640 0.000000 0.000000 0.000000 -0.750557 0.660805
1051.020000 15.788900 -6.978890 0.000000 0.000000 0.000000 -0.779677 0.626182
1051.040000 15.788500 -6.981100 0.000000 0.000000 0.000000 -0.796694 0.604383
1051.120000 15.788000 -6.981910 0.000000 0.000000 0.000000 -0.811307 0.584620
1052.640000 15.787400 -6.982720 0.000000 0.000000 0.000000 -0.827163 0.561962
1052.950000 15.742300 -6.968640 0.000000 0.000000 0.000000 -0.920061 0.391776
1053.130000 15.742300 -6.968640 0.000000 0.000000 0.000000 -0.934972 0.354722
1053.530000 15.742300 -6.968640 0.000000 0.000000 0.000000 -0.943408 0.331635
1054.200000 15.742300 -6.968640 0.000000 0.000000 0.000000 -0.964471 0.264187
1054.300000 15.742300 -6.968640 0.000000 0.000000 0.000000 -0.983606 0.180329
1054.980000 15.702000 -6.939420 0.000000 0.000000 0.000000 -0.986720 0.162433
1054.990000 15.700600 -6.939700 0.000000 0.000000 0.000000 -0.989985 0.141173
1055.490000 15.696500 -6.940530 0.000000 0.000000 0.000000 -0.996786 0.080105
1055.780000 15.692300 -6.941360 0.000000 0.000000 0.000000 0.999983 0.005846
1056.200000 15.692300 -6.941360 0.000000 0.000000 0.000000 0.999439 0.033495
1056.270000 15.700000 -6.870390 0.000000 0.000000 0.000000 0.996414 0.084615
1056.800000 15.700000 -6.870390 0.000000 0.000000 0.000000 0.993694 0.112130
1056.880000 15.699200 -6.869860 0.000000 0.000000 0.000000 0.985457 0.169923
1057.460000 15.698300 -6.869320 0.000000 0.000000 0.000000 0.982730 0.185044
1057.480000 15.697500 -6.868780 0.000000 0.000000 0.000000 0.975241 0.221143
1057.630000 15.697500 -6.868780 0.000000 0.000000 0.000000 0.965631 0.259917
1058.100000 15.697500 -6.868780 0.000000 0.000000 0.000000 0.956296 0.292401
1058.120000 15.697500 -6.868780 0.000000 0.000000 0.000000 0.945868 0.324550
1058.180000 15.703900 -6.779020 0.000000 0.000000 0.000000 0.939208 0.343350
1058.840000 15.704800 -6.779550 0.000000 0.000000 0.000000 0.930485 0.366330
1058.960000 15.705600 -6.780090 0.000000 0.000000 0.000000 0.917572 0.397569
1059.370000 15.707300 -6.781160 0.000000 0.000000 0.000000 0.910087 0.414416
1059.520000 15.708800 -6.784450 0.000000 0.000000 0.000000 0.858776 0.512352
1059.930000 15.709600 -6.784990 0.000000 0.000000 0.000000 0.844280 0.535902
1060.140000 15.709900 -6.786370 0.000000 0.000000 0.000000 0.823952 0.566660
1060.530000 15.741900 -6.753540 0.000000 0.000000 0.000000 0.801058 0.598587
1060.540000 15.741900 -6.753540 0.000000 0.000000 0.000000 0.784199 0.620509
1060.610000 15.742200 -6.754920 0.000000 0.000000 0.000000 0.772628 0.634859
1061.110000 15.742200 -6.754920 0.000000 0.000000 0.000000 0.752757 0.658299
1061.230000 15.742000 -6.757140 0.000000 0.000000 0.000000 0.700020 0.714124
1061.820000 15.741400 -6.757990 0.000000 0.000000 0.000000 0.686733 0.726910
1061.830000 15.741700 -6.759370 0.000000 0.000000 0.000000 0.654839 0.755768
1061.930000 15.803700 -6.757390 0.000000 0.000000 0.000000 0.636325 0.771421
1062.500000 15.803100 -6.758250 0.000000 0.000000 0.000000 0.619586 0.784929
1062.510000 15.803500 -6.759620 0.000000 0.000000 0.000000 0.577755 0.816211
1062.920000 15.803100 -6.758250 0.000000 0.000000 0.000000 0.552408 0.833574
1063.180000 15.803100 -6.758250 0.000000 0.000000 0.000000 0.544699 0.838632
1063.250000 15.803100 -6.758250 0.000000 0.000000 0.000000 0.542122 0.840300
1063.790000 15.803700 -6.757390 0.000000 0.000000 0.000000 0.542122 0.840300
1063.810000 15.803700 -6.757390 0.000000 0.000000 0.000000 0.542122 0.840300
1064.040000 15.803700 -6.757390 0.000000 0.000000 0.000000 0.565150 0.824988
1064.210000 15.803100 -6.758250 0.000000 0.000000 0.000000 0.590227 0.807237
1065.480000 15.803100 -6.758250 0.000000 0.000000 0.000000 0.619586 0.784929
1065.590000 15.803300 -6.745750 0.000000 0.000000 0.000000 0.626239 0.779631
1065.660000 15.803300 -6.745750 0.000000 0.000000 0.000000 0.782054 0.623211
1066.120000 15.758400 -6.750470 0.000000 0.000000 0.000000 0.798895 0.601471
1066.210000 15.755400 -6.744460 0.000000 0.000000 0.000000 0.861974 0.506953
1067.540000 15.752800 -6.741260 0.000000 0.000000 0.000000 0.882976 0.469418
1067.550000 15.751800 -6.739260 0.000000 0.000000 0.000000 0.898335 0.439311
1067.610000 15.700900 -6.764810 0.000000 0.000000 0.000000 0.965245 0.261346
1068.060000 15.700900 -6.764810 0.000000 0.000000 0.000000 0.965245 0.261346
1068.210000 15.700900 -6.764810 0.000000 0.000000 0.000000 0.965245 0.261346
1069.150000 15.700900 -6.764810 0.000000 0.000000 0.000000 0.965245 0.261346
1069.160000 15.700900 -6.764810 0.000000 0.000000 0.000000 0.967612 0.252440
1069.360000 15.697900 -6.763780 0.000000 0.000000 0.000000 0.990853 0.134948
1069.480000 15.656500 -6.856470 0.000000 0.000000 0.000000 0.994841 0.101447
1069.940000 15.656500 -6.856470 0.000000 0.000000 0.000000 0.995148 0.098387
1070.020000 15.656500 -6.856470 0.000000 0.000000 0.000000 0.995148 0.098387
1070.610000 15.656500 -6.856470 0.000000 0.000000 0.000000 0.995148 0.098387
1070.630000 15.656500 -6.856470 0.000000 0.000000 0.000000 0.995148 0.098387
1070.810000 15.656500 -6.856470 0.000000 0.000000 0.000000 0.995148 0.098387
1071.040000 15.656500 -6.856470 0.000000 0.000000 0.000000 0.995148 0.098387
1071.220000 15.656500 -6.856470 0.000000 0.000000 0.000000 0.995148 0.098387
1071.420000 15.656500 -6.856470 0.000000 0.000000 0.000000 0.995148 0.098387
1071.660000 15.656500 -6.856470 0.000000 0.000000 0.000000 0.995148 0.098387
1071.810000 15.656500 -6.856470 0.000000 0.000000 0.000000 0.994841 0.101447
1072.010000 15.656500 -6.856470 0.000000 0.000000 0.000000 0.994525 0.104500
1072.240000 15.656500 -6.856470 0.000000 0.000000 0.000000 0.994525 0.104500
1072.410000 15.656500 -6.856470 0.000000 0.000000 0.000000 0.994525 0.104500
1072.610000 15.649100 -6.854530 0.000000 0.000000 0.000000 0.993519 0.113665
1072.810000 15.628600 -6.849930 0.000000 0.000000 0.000000 0.992802 0.119768
1073.150000 15.572700 -6.835440 0.000000 0.000000 0.000000 0.991655 0.128917
1073.210000 15.484500 -6.813520 0.000000 0.000000 0.000000 0.992429 0.122820
1073.660000 15.415400 -6.796380 0.000000 0.000000 0.000000 0.992429 0.122820
1073.850000 15.331600 -6.775350 0.000000 0.000000 0.000000 0.991655 0.128917
1074.070000 15.278600 -6.761910 0.000000 0.000000 0.000000 0.992429 0.122820
1074.210000 15.208800 -6.744150 0.000000 0.000000 0.000000 0.992429 0.122820
1074.920000 15.141300 -6.728240 0.000000 0.000000 0.000000 0.992802 0.119768
1074.930000 15.089100 -6.715420 0.000000 0.000000 0.000000 0.992429 0.122820
1075.330000 14.990100 -6.692700 0.000000 0.000000 0.000000 0.992802 0.119768
1075.410000 14.866700 -6.662290 0.000000 0.000000 0.000000 0.992047 0.125867
1075.940000 14.811600 -6.648420 0.000000 0.000000 0.000000 0.991655 0.128917
1076.010000 14.706900 -6.619980 0.000000 0.000000 0.000000 0.990845 0.135008
1077.420000 14.653200 -6.605940 0.000000 0.000000 0.000000 0.990425 0.138049
1077.430000 14.702900 -6.726220 0.000000 0.000000 0.000000 0.998024 0.062830
1077.440000 14.641800 -6.718740 0.000000 0.000000 0.000000 0.997619 0.068962
1077.450000 14.415900 -6.685090 0.000000 0.000000 0.000000 0.996696 0.081217
1078.000000 14.354100 -6.674900 0.000000 0.000000 0.000000 0.996941 0.078152
1078.100000 14.242500 -6.657680 0.000000 0.000000 0.000000 0.996696 0.081217
1078.210000 14.186000 -6.648160 0.000000 0.000000 0.000000 0.996941 0.078152
1079.410000 14.126800 -6.639410 0.000000 0.000000 0.000000 0.997177 0.075091
1079.520000 14.069900 -6.630760 0.000000 0.000000 0.000000 0.997177 0.075091
1080.150000 13.780100 -6.592650 0.000000 0.000000 0.000000 0.998213 0.059761
1080.210000 13.656900 -6.591090 0.000000 0.000000 0.000000 0.999162 0.040935
1081.610000 13.597800 -6.586650 0.000000 0.000000 0.000000 0.998891 0.047074
1081.640000 13.254000 -6.547400 0.000000 0.000000 0.000000 0.997854 0.065479
1082.110000 13.197200 -6.540700 0.000000 0.000000 0.000000 0.997854 0.065479
1082.140000 13.137600 -6.532690 0.000000 0.000000 0.000000 0.998051 0.062411
1082.210000 13.077700 -6.525570 0.000000 0.000000 0.000000 0.998051 0.062411
1082.810000 13.023000 -6.518860 0.000000 0.000000 0.000000 0.998237 0.059346
1083.560000 12.848000 -6.501050 0.000000 0.000000 0.000000 0.998742 0.050140
1083.580000 12.790700 -6.495250 0.000000 0.000000 0.000000 0.998891 0.047074
1084.550000 12.686900 -6.466950 0.000000 0.000000 0.000000 0.999665 0.025878
1084.970000 12.483300 -6.455940 0.000000 0.000000 0.000000 0.999384 0.035094
1085.080000 12.432100 -6.452520 0.000000 0.000000 0.000000 0.999487 0.032021
1085.610000 12.433400 -6.452030 0.000000 0.000000 0.000000 0.999487 0.032021
1085.630000 12.433400 -6.452030 0.000000 0.000000 0.000000 0.999487 0.032021
1085.890000 12.433400 -6.452030 0.000000 0.000000 0.000000 0.999665 0.025878
1086.320000 12.433400 -6.452030 0.000000 0.000000 0.000000 0.999861 0.016666
1086.330000 12.433400 -6.452030 0.000000 0.000000 0.000000 -0.999969 0.007916
1086.390000 12.434300 -6.452440 0.000000 0.000000 0.000000 -0.999253 0.038637
1087.190000 12.434300 -6.452440 0.000000 0.000000 0.000000 -0.996412 0.084635
1087.310000 12.425200 -6.508510 0.000000 0.000000 0.000000 -0.975352 0.220655
1088.400000 12.425200 -6.508510 0.000000 0.000000 0.000000 -0.963329 0.268323
1088.610000 12.424700 -6.509390 0.000000 0.000000 0.000000 -0.947024 0.321162
1088.910000 12.420800 -6.518770 0.000000 0.000000 0.000000 -0.852469 0.522778
1089.190000 12.420300 -6.519660 0.000000 0.000000 0.000000 -0.827477 0.561499
1089.200000 12.420300 -6.519660 0.000000 0.000000 0.000000 -0.804394 0.594096
1089.270000 12.420300 -6.519660 0.000000 0.000000 0.000000 -0.780028 0.625745
1089.770000 12.420300 -6.519660 0.000000 0.000000 0.000000 -0.748333 0.663324
1089.900000 12.474700 -6.555420 0.000000 0.000000 0.000000 -0.708471 0.705739
1090.430000 12.474700 -6.555420 0.000000 0.000000 0.000000 -0.708471 0.705739
1090.590000 12.474800 -6.563480 0.000000 0.000000 0.000000 -0.719231 0.694771
1090.980000 12.473500 -6.588040 0.000000 0.000000 0.000000 -0.719231 0.694771
1090.990000 12.471300 -6.648830 0.000000 0.000000 0.000000 -0.721361 0.692560
1091.620000 12.468100 -6.735540 0.000000 0.000000 0.000000 -0.717091 0.696979
1091.790000 12.461100 -6.890120 0.000000 0.000000 0.000000 -0.729818 0.683642
1092.310000 12.457600 -6.949050 0.000000 0.000000 0.000000 -0.729818 0.683642
1092.320000 12.452200 -7.019520 0.000000 0.000000 0.000000 -0.734005 0.679144
1092.390000 12.447600 -7.082430 0.000000 0.000000 0.000000 -0.736090 0.676884
1092.920000 12.442700 -7.133670 0.000000 0.000000 0.000000 -0.742299 0.670069
1092.990000 12.431300 -7.241010 0.000000 0.000000 0.000000 -0.748442 0.663200
1094.250000 12.422900 -7.308640 0.000000 0.000000 0.000000 -0.750478 0.660895
1094.260000 12.415000 -7.367340 0.000000 0.000000 0.000000 -0.752503 0.658588
1094.270000 12.406900 -7.420220 0.000000 0.000000 0.000000 -0.756539 0.653948
1094.370000 12.389400 -7.532160 0.000000 0.000000 0.000000 -0.764519 0.644601
1094.400000 12.544400 -7.592200 0.000000 0.000000 0.000000 -0.711774 0.702409
1094.660000 12.543700 -7.648170 0.000000 0.000000 0.000000 -0.713930 0.700217
1095.110000 12.543000 -7.704130 0.000000 0.000000 0.000000 -0.718219 0.695817
1095.230000 12.539200 -7.822670 0.000000 0.000000 0.000000 -0.722482 0.691390
1096.300000 12.536200 -7.882080 0.000000 0.000000 0.000000 -0.726717 0.686937
1096.310000 12.532900 -7.939260 0.000000 0.000000 0.000000 -0.730924 0.682459
1096.360000 12.524200 -8.050750 0.000000 0.000000 0.000000 -0.735104 0.677954
1096.430000 12.515700 -8.170780 0.000000 0.000000 0.000000 -0.720352 0.693608
1097.210000 12.515600 -8.228020 0.000000 0.000000 0.000000 -0.700897 0.713262
1097.390000 12.530600 -8.458240 0.000000 0.000000 0.000000 -0.689860 0.723943
1097.780000 12.533400 -8.516480 0.000000 0.000000 0.000000 -0.694295 0.719690
1097.810000 12.534900 -8.572180 0.000000 0.000000 0.000000 -0.700897 0.713262
1098.000000 12.589500 -8.651250 0.000000 0.000000 0.000000 -0.691819 0.722071
1098.520000 12.592000 -8.711600 0.000000 0.000000 0.000000 -0.691819 0.722071
1098.590000 12.595900 -8.828860 0.000000 0.000000 0.000000 -0.696243 0.717806
1099.080000 12.597900 -8.883850 0.000000 0.000000 0.000000 -0.698443 0.715665
1099.120000 12.599100 -8.941710 0.000000 0.000000 0.000000 -0.702828 0.711360
1099.210000 12.599300 -9.002440 0.000000 0.000000 0.000000 -0.707186 0.707028
1099.390000 12.599500 -9.060010 0.000000 0.000000 0.000000 -0.709357 0.704850
1099.870000 12.598800 -9.117280 0.000000 0.000000 0.000000 -0.705012 0.709195
1100.090000 12.604300 -9.236080 0.000000 0.000000 0.000000 -0.676128 0.736784
1100.600000 12.610100 -9.292240 0.000000 0.000000 0.000000 -0.664728 0.747085
1100.790000 12.627200 -9.465790 0.000000 0.000000 0.000000 -0.678387 0.734705
1101.120000 12.631800 -9.522610 0.000000 0.000000 0.000000 -0.680643 0.732615
1101.190000 12.636100 -9.580390 0.000000 0.000000 0.000000 -0.685132 0.728419
1101.620000 12.638200 -9.638540 0.000000 0.000000 0.000000 -0.689595 0.724195
1101.630000 12.676400 -9.545920 0.000000 0.000000 0.000000 -0.671899 0.740643
1101.840000 12.682000 -9.603830 0.000000 0.000000 0.000000 -0.676438 0.736500
1102.290000 12.686900 -9.660540 0.000000 0.000000 0.000000 -0.680951 0.732329
1102.390000 12.694300 -9.779570 0.000000 0.000000 0.000000 -0.687674 0.726020
1102.780000 12.697000 -9.836780 0.000000 0.000000 0.000000 -0.692122 0.721780
1102.800000 12.699500 -9.894970 0.000000 0.000000 0.000000 -0.696544 0.717514
1103.070000 12.700500 -9.950750 0.000000 0.000000 0.000000 -0.698747 0.715368
1103.440000 12.702000 -10.008700 0.000000 0.000000 0.000000 -0.705310 0.708899
1103.480000 12.702000 -10.068400 0.000000 0.000000 0.000000 -0.709653 0.704552
1103.590000 12.701100 -10.127800 0.000000 0.000000 0.000000 -0.711816 0.702366
1103.940000 12.699700 -10.185100 0.000000 0.000000 0.000000 -0.716118 0.697979
1104.040000 12.698700 -10.240400 0.000000 0.000000 0.000000 -0.718261 0.695774
1104.190000 12.696400 -10.301500 0.000000 0.000000 0.000000 -0.722523 0.691347
1104.580000 12.693800 -10.359500 0.000000 0.000000 0.000000 -0.726758 0.686894
1104.590000 12.690600 -10.415300 0.000000 0.000000 0.000000 -0.728863 0.684659
1105.100000 12.686100 -10.472800 0.000000 0.000000 0.000000 -0.733057 0.680168
1105.250000 12.717000 -10.560600 0.000000 0.000000 0.000000 -0.723922 0.689882
1105.580000 12.714000 -10.615000 0.000000 0.000000 0.000000 -0.728147 0.685421
1105.600000 12.710200 -10.673300 0.000000 0.000000 0.000000 -0.732345 0.680933
1105.870000 12.705300 -10.732400 0.000000 0.000000 0.000000 -0.736516 0.676420
1106.350000 12.699600 -10.790300 0.000000 0.000000 0.000000 -0.742718 0.669605
1106.430000 12.687100 -10.906000 0.000000 0.000000 0.000000 -0.740659 0.671882
1107.580000 12.682700 -10.962100 0.000000 0.000000 0.000000 -0.734432 0.678682
1107.770000 12.703400 -11.254900 0.000000 0.000000 0.000000 -0.604936 0.796274
1107.830000 12.720400 -11.311000 0.000000 0.000000 0.000000 -0.595104 0.803649
1108.020000 12.736400 -11.366800 0.000000 0.000000 0.000000 -0.607377 0.794413
1108.410000 12.807500 -11.412000 0.000000 0.000000 0.000000 -0.579793 0.814764
1108.620000 12.844400 -11.521500 0.000000 0.000000 0.000000 -0.589763 0.807577
1109.110000 12.861700 -11.577500 0.000000 0.000000 0.000000 -0.599643 0.800268
1109.190000 12.886100 -11.661500 0.000000 0.000000 0.000000 -0.602101 0.798420
1109.620000 12.901400 -11.717400 0.000000 0.000000 0.000000 -0.606996 0.794705
1109.970000 12.930300 -11.826000 0.000000 0.000000 0.000000 -0.614297 0.789075
1110.190000 12.944400 -11.883800 0.000000 0.000000 0.000000 -0.619134 0.785285
1110.330000 12.970800 -11.997100 0.000000 0.000000 0.000000 -0.626344 0.779546
1111.180000 12.983300 -12.051700 0.000000 0.000000 0.000000 -0.631127 0.775680
1111.190000 12.989300 -12.080500 0.000000 0.000000 0.000000 -0.633505 0.773738
1111.310000 13.012300 -12.197500 0.000000 0.000000 0.000000 -0.638248 0.769831
1111.420000 13.032000 -12.308100 0.000000 0.000000 0.000000 -0.647661 0.761929
1112.020000 13.041100 -12.365300 0.000000 0.000000 0.000000 -0.652330 0.757935
1112.130000 13.070200 -12.466800 0.000000 0.000000 0.000000 -0.642641 0.766168
1112.580000 13.080200 -12.521500 0.000000 0.000000 0.000000 -0.647337 0.762204
1113.000000 13.106900 -12.696100 0.000000 0.000000 0.000000 -0.654337 0.756203
1113.340000 13.114800 -12.753700 0.000000 0.000000 0.000000 -0.658971 0.752168
1113.360000 13.121900 -12.809100 0.000000 0.000000 0.000000 -0.661277 0.750142
1113.490000 13.128900 -12.864600 0.000000 0.000000 0.000000 -0.663581 0.748105
1113.970000 13.135000 -12.919000 0.000000 0.000000 0.000000 -0.668165 0.744013
1113.980000 13.141100 -12.973400 0.000000 0.000000 0.000000 -0.672725 0.739893
1114.050000 13.146000 -13.031700 0.000000 0.000000 0.000000 -0.674997 0.737821
1114.570000 13.150800 -13.091100 0.000000 0.000000 0.000000 -0.681767 0.731570
1115.200000 13.159500 -13.208700 0.000000 0.000000 0.000000 -0.688483 0.725253
1115.330000 13.161500 -13.264900 0.000000 0.000000 0.000000 -0.690710 0.723132
1115.380000 13.164100 -13.309100 0.000000 0.000000 0.000000 -0.690710 0.723132
1115.450000 13.207000 -13.317600 0.000000 0.000000 0.000000 -0.659043 0.752106
1115.970000 13.207000 -13.320600 0.000000 0.000000 0.000000 -0.649750 0.760148
1116.110000 13.207000 -13.320600 0.000000 0.000000 0.000000 -0.614033 0.789280
1116.560000 13.208000 -13.322600 0.000000 0.000000 0.000000 -0.571986 0.820263
1116.650000 13.209000 -13.325600 0.000000 0.000000 0.000000 -0.475237 0.879858
1117.190000 13.208000 -13.323600 0.000000 0.000000 0.000000 -0.447981 0.894043
1117.270000 13.244300 -13.346400 0.000000 0.000000 0.000000 -0.383763 0.923432
1117.780000 13.244300 -13.346400 0.000000 0.000000 0.000000 -0.346579 0.938021
1117.860000 13.245300 -13.346400 0.000000 0.000000 0.000000 -0.270613 0.962688
1118.590000 13.245300 -13.346400 0.000000 0.000000 0.000000 -0.210977 0.977491
1119.200000 13.264500 -13.277000 0.000000 0.000000 0.000000 -0.123619 0.992330
1119.300000 13.284400 -13.279500 0.000000 0.000000 0.000000 -0.062440 0.998049
1119.940000 13.327200 -13.283700 0.000000 0.000000 0.000000 -0.028676 0.999589
1119.950000 13.404300 -13.287200 0.000000 0.000000 0.000000 -0.019461 0.999811
1120.220000 13.534600 -13.293100 0.000000 0.000000 0.000000 -0.031748 0.999496
1120.290000 13.581400 -13.296900 0.000000 0.000000 0.000000 -0.037889 0.999282
1121.660000 13.629300 -13.300800 0.000000 0.000000 0.000000 -0.034818 0.999394
1122.160000 14.026600 -13.216300 0.000000 0.000000 0.000000 -0.051878 0.998653
1122.250000 14.137200 -13.228900 0.000000 0.000000 0.000000 -0.054947 0.998489
1123.660000 14.190500 -13.234700 0.000000 0.000000 0.000000 -0.058014 0.998316
1123.970000 14.534700 -13.283000 0.000000 0.000000 0.000000 -0.082536 0.996588
1124.050000 14.656700 -13.305200 0.000000 0.000000 0.000000 -0.091718 0.995785
1125.160000 14.712100 -13.315900 0.000000 0.000000 0.000000 -0.097836 0.995203
1125.180000 14.765600 -13.326800 0.000000 0.000000 0.000000 -0.103950 0.994582
1125.190000 14.821100 -13.338600 0.000000 0.000000 0.000000 -0.110061 0.993925
1125.300000 14.910400 -13.330400 0.000000 0.000000 0.000000 -0.097515 0.995234
1125.490000 15.019500 -13.353000 0.000000 0.000000 0.000000 -0.103629 0.994616
1125.960000 15.074600 -13.364800 0.000000 0.000000 0.000000 -0.106685 0.994293
1125.970000 15.134800 -13.378100 0.000000 0.000000 0.000000 -0.106685 0.994293
1126.100000 15.195000 -13.391500 0.000000 0.000000 0.000000 -0.112793 0.993618
1126.560000 15.249100 -13.403400 0.000000 0.000000 0.000000 -0.109740 0.993960
1126.650000 15.359300 -13.427900 0.000000 0.000000 0.000000 -0.106685 0.994293
1127.080000 15.419500 -13.440300 0.000000 0.000000 0.000000 -0.106685 0.994293
1127.100000 15.476600 -13.452900 0.000000 0.000000 0.000000 -0.109740 0.993960
1127.290000 15.530700 -13.464700 0.000000 0.000000 0.000000 -0.109740 0.993960
1127.830000 15.585900 -13.477500 0.000000 0.000000 0.000000 -0.112793 0.993618
1127.860000 15.645100 -13.491900 0.000000 0.000000 0.000000 -0.115846 0.993267
1128.050000 15.755500 -13.518500 0.000000 0.000000 0.000000 -0.128045 0.991768
1128.500000 15.808800 -13.533400 0.000000 0.000000 0.000000 -0.131092 0.991370
1128.660000 15.908300 -13.538900 0.000000 0.000000 0.000000 -0.113287 0.993562
1129.070000 15.965700 -13.552100 0.000000 0.000000 0.000000 -0.119391 0.992847
1129.090000 16.019100 -13.565900 0.000000 0.000000 0.000000 -0.122441 0.992476
1129.250000 16.074500 -13.579400 0.000000 0.000000 0.000000 -0.125490 0.992095
1130.660000 16.132100 -13.594600 0.000000 0.000000 0.000000 -0.122441 0.992476
1130.990000 16.325900 -13.645400 0.000000 0.000000 0.000000 -0.119391 0.992847
1131.060000 16.325900 -13.645400 0.000000 0.000000 0.000000 -0.101067 0.994880
1131.560000 16.325900 -13.645400 0.000000 0.000000 0.000000 -0.073519 0.997294
1131.650000 16.328100 -13.646200 0.000000 0.000000 0.000000 0.018596 0.999827
1132.080000 16.331000 -13.645700 0.000000 0.000000 0.000000 0.079968 0.996797
1132.100000 16.333900 -13.644300 0.000000 0.000000 0.000000 0.125810 0.992054
1132.250000 16.360400 -13.586100 0.000000 0.000000 0.000000 0.115935 0.993257
1132.860000 16.360400 -13.586100 0.000000 0.000000 0.000000 0.158543 0.987352
1132.870000 16.358400 -13.587200 0.000000 0.000000 0.000000 0.221881 0.975074
1133.310000 16.354500 -13.589400 0.000000 0.000000 0.000000 0.281347 0.959606
1133.350000 16.353600 -13.590400 0.000000 0.000000 0.000000 0.339752 0.940515
1133.430000 16.325000 -13.534400 0.000000 0.000000 0.000000 0.346299 0.938124
1134.030000 16.325000 -13.534400 0.000000 0.000000 0.000000 0.403262 0.915085
1134.240000 16.327100 -13.531400 0.000000 0.000000 0.000000 0.515045 0.857163
1134.660000 16.327100 -13.530400 0.000000 0.000000 0.000000 0.551432 0.834220
1134.790000 16.275800 -13.514600 0.000000 0.000000 0.000000 0.643548 0.765406
1135.330000 16.275800 -13.514600 0.000000 0.000000 0.000000 0.678130 0.734942
1135.350000 16.275800 -13.513600 0.000000 0.000000 0.000000 0.715581 0.698530
1135.850000 16.275700 -13.511600 0.000000 0.000000 0.000000 0.769830 0.638249
1135.910000 16.244700 -13.527100 0.000000 0.000000 0.000000 0.780350 0.625343
1136.400000 16.244700 -13.528100 0.000000 0.000000 0.000000 0.837971 0.545714
1136.510000 16.244700 -13.528100 0.000000 0.000000 0.000000 0.878852 0.477095
1137.030000 16.245700 -13.529100 0.000000 0.000000 0.000000 0.906494 0.422219
1137.080000 16.178000 -13.500000 0.000000 0.000000 0.000000 0.910218 0.414130
1137.270000 16.178000 -13.500000 0.000000 0.000000 0.000000 0.939316 0.343054
1138.110000 16.177000 -13.499000 0.000000 0.000000 0.000000 0.955946 0.293543
1138.120000 16.177000 -13.499000 0.000000 0.000000 0.000000 0.969969 0.243227
1138.350000 16.179000 -13.500000 0.000000 0.000000 0.000000 0.986286 0.165043
1138.360000 16.146700 -13.577600 0.000000 0.000000 0.000000 0.997291 0.073555
1138.510000 16.145700 -13.577600 0.000000 0.000000 0.000000 0.997513 0.070488
1139.080000 16.146700 -13.577600 0.000000 0.000000 0.000000 0.997513 0.070488
1139.320000 16.141700 -13.577600 0.000000 0.000000 0.000000 0.995478 0.094988
1139.650000 16.127700 -13.574500 0.000000 0.000000 0.000000 0.994236 0.107215
1140.260000 16.110700 -13.570400 0.000000 0.000000 0.000000 0.993206 0.116372
1140.320000 15.972900 -13.537800 0.000000 0.000000 0.000000 0.993558 0.113322
1140.380000 15.906900 -13.523500 0.000000 0.000000 0.000000 0.993902 0.110267
1140.440000 15.859000 -13.512300 0.000000 0.000000 0.000000 0.993902 0.110267
1140.880000 15.817000 -13.503100 0.000000 0.000000 0.000000 0.993206 0.116372
1140.920000 15.763100 -13.489800 0.000000 0.000000 0.000000 0.993206 0.116372
1141.000000 15.693100 -13.474500 0.000000 0.000000 0.000000 0.993206 0.116372
1141.480000 15.628200 -13.459200 0.000000 0.000000 0.000000 0.993206 0.116372
1141.530000 15.576300 -13.446900 0.000000 0.000000 0.000000 0.993206 0.116372
1141.620000 15.529300 -13.435700 0.000000 0.000000 0.000000 0.992843 0.119426
1142.050000 15.475400 -13.422500 0.000000 0.000000 0.000000 0.992091 0.125524
1142.070000 15.412500 -13.406200 0.000000 0.000000 0.000000 0.991300 0.131618
1142.260000 15.350500 -13.388900 0.000000 0.000000 0.000000 0.990891 0.134666
1142.910000 15.298600 -13.374600 0.000000 0.000000 0.000000 0.990045 0.140752
1142.920000 15.249700 -13.361400 0.000000 0.000000 0.000000 0.990045 0.140752
1143.370000 15.134800 -13.328900 0.000000 0.000000 0.000000 0.990473 0.137707
1143.430000 15.141100 -13.377000 0.000000 0.000000 0.000000 0.996648 0.081805
1143.620000 15.034700 -13.360300 0.000000 0.000000 0.000000 0.996895 0.078745
1143.990000 14.979500 -13.352200 0.000000 0.000000 0.000000 0.997360 0.072612
1144.020000 14.917200 -13.343900 0.000000 0.000000 0.000000 0.997788 0.066482
1144.200000 14.858100 -13.336200 0.000000 0.000000 0.000000 0.998177 0.060350
1145.000000 14.802100 -13.330200 0.000000 0.000000 0.000000 0.998358 0.057285
1145.010000 14.748100 -13.324000 0.000000 0.000000 0.000000 0.998529 0.054215
1145.220000 14.630100 -13.311600 0.000000 0.000000 0.000000 0.998691 0.051149
1145.240000 14.572100 -13.305800 0.000000 0.000000 0.000000 0.998529 0.054215
1145.400000 14.516200 -13.299800 0.000000 0.000000 0.000000 0.998529 0.054215
1145.870000 14.459200 -13.293900 0.000000 0.000000 0.000000 0.998691 0.051149
1146.000000 14.344400 -13.283200 0.000000 0.000000 0.000000 0.998529 0.054215
1146.590000 14.285300 -13.276500 0.000000 0.000000 0.000000 0.998177 0.060350
1146.610000 14.227100 -13.268700 0.000000 0.000000 0.000000 0.997788 0.066482
1146.800000 14.170800 -13.311800 0.000000 0.000000 0.000000 0.999254 0.038612
1147.190000 14.113400 -13.308500 0.000000 0.000000 0.000000 0.999254 0.038612
1147.240000 14.056800 -13.304000 0.000000 0.000000 0.000000 0.999254 0.038612
1147.430000 13.998200 -13.299800 0.000000 0.000000 0.000000 0.999368 0.035539
1147.840000 13.941800 -13.296300 0.000000 0.000000 0.000000 0.999368 0.035539
1148.000000 13.824900 -13.288900 0.000000 0.000000 0.000000 0.999473 0.032471
1148.520000 13.767500 -13.285600 0.000000 0.000000 0.000000 0.999473 0.032471
1148.600000 13.653600 -13.277700 0.000000 0.000000 0.000000 0.999368 0.035539
1149.120000 13.590100 -13.274400 0.000000 0.000000 0.000000 0.999473 0.032471
1149.180000 13.533700 -13.270900 0.000000 0.000000 0.000000 0.999473 0.032471
1149.200000 13.480200 -13.266900 0.000000 0.000000 0.000000 0.999368 0.035539
1149.830000 13.422800 -13.263500 0.000000 0.000000 0.000000 0.999254 0.038612
1150.000000 13.246700 -13.248100 0.000000 0.000000 0.000000 0.998543 0.053960
1150.360000 13.197000 -13.242400 0.000000 0.000000 0.000000 0.998543 0.053960
1150.400000 13.210300 -13.223600 0.000000 0.000000 0.000000 0.999473 0.032456
1150.950000 13.187300 -13.221700 0.000000 0.000000 0.000000 0.999369 0.035524
1150.970000 13.139300 -13.218300 0.000000 0.000000 0.000000 0.999132 0.041664
1151.000000 13.056700 -13.211600 0.000000 0.000000 0.000000 0.998999 0.044736
1151.570000 12.986500 -13.205100 0.000000 0.000000 0.000000 0.999132 0.041664
1151.600000 12.947700 -13.201600 0.000000 0.000000 0.000000 0.999255 0.038597
1152.210000 12.947700 -13.201600 0.000000 0.000000 0.000000 0.999369 0.035524
1152.220000 12.948000 -13.202600 0.000000 0.000000 0.000000 -0.999907 0.013631
1152.400000 12.943800 -13.202500 0.000000 0.000000 0.000000 -0.998029 0.062755
1152.880000 12.942900 -13.202700 0.000000 0.000000 0.000000 -0.992667 0.120885
1152.930000 12.942900 -13.202700 0.000000 0.000000 0.000000 -0.986550 0.163460
1153.000000 12.942900 -13.202700 0.000000 0.000000 0.000000 -0.979235 0.202726
1153.460000 12.949100 -13.236600 0.000000 0.000000 0.000000 -0.975363 0.220607
1153.490000 12.949100 -13.236600 0.000000 0.000000 0.000000 -0.963344 0.268270
1153.610000 12.949100 -13.236600 0.000000 0.000000 0.000000 -0.954646 0.297742
1154.060000 12.949100 -13.236600 0.000000 0.000000 0.000000 -0.943021 0.332734
1154.260000 12.949100 -13.236600 0.000000 0.000000 0.000000 -0.899186 0.437567
1154.880000 12.972600 -13.290800 0.000000 0.000000 0.000000 -0.885175 0.465258
1154.920000 12.972000 -13.292900 0.000000 0.000000 0.000000 -0.865887 0.500240
1155.360000 12.968800 -13.298500 0.000000 0.000000 0.000000 -0.805370 0.592772
1155.380000 12.968700 -13.297500 0.000000 0.000000 0.000000 -0.782972 0.622056
1155.400000 12.968800 -13.298500 0.000000 0.000000 0.000000 -0.749423 0.662092
1156.060000 13.034700 -13.307900 0.000000 0.000000 0.000000 -0.726579 0.687083
1156.110000 13.034200 -13.311000 0.000000 0.000000 0.000000 -0.726579 0.687083
1156.200000 13.030300 -13.367200 0.000000 0.000000 0.000000 -0.734968 0.678101
1156.540000 13.024500 -13.444800 0.000000 0.000000 0.000000 -0.730788 0.682605
1156.600000 13.019700 -13.522400 0.000000 0.000000 0.000000 -0.728685 0.684849
1157.110000 13.015700 -13.577500 0.000000 0.000000 0.000000 -0.734968 0.678101
1157.200000 13.007300 -13.671700 0.000000 0.000000 0.000000 -0.739121 0.673572
1157.620000 13.001300 -13.734300 0.000000 0.000000 0.000000 -0.741186 0.671300
1157.630000 12.994200 -13.803000 0.000000 0.000000 0.000000 -0.743246 0.669018
1157.800000 12.987900 -13.863600 0.000000 0.000000 0.000000 -0.745297 0.666733
1158.290000 12.983000 -13.912800 0.000000 0.000000 0.000000 -0.747344 0.664438
1158.310000 12.977000 -13.961200 0.000000 0.000000 0.000000 -0.747344 0.664438
1158.400000 12.969700 -14.021900 0.000000 0.000000 0.000000 -0.749383 0.662137
1159.000000 12.961500 -14.089800 0.000000 0.000000 0.000000 -0.749383 0.662137
1159.060000 12.954100 -14.149500 0.000000 0.000000 0.000000 -0.749383 0.662137
1159.260000 12.940900 -14.252500 0.000000 0.000000 0.000000 -0.755453 0.655203
1159.630000 12.932600 -14.313400 0.000000 0.000000 0.000000 -0.757464 0.652877
1159.650000 13.039700 -14.293700 0.000000 0.000000 0.000000 -0.708835 0.705374
1159.800000 13.039400 -14.351300 0.000000 0.000000 0.000000 -0.713156 0.701005
1160.290000 13.038000 -14.405000 0.000000 0.000000 0.000000 -0.715305 0.698813
1160.380000 13.034800 -14.522000 0.000000 0.000000 0.000000 -0.721717 0.692188
1160.860000 13.031600 -14.583600 0.000000 0.000000 0.000000 -0.723842 0.689965
1160.880000 13.031100 -14.613000 0.000000 0.000000 0.000000 -0.725957 0.687740
1160.940000 13.027800 -14.667300 0.000000 0.000000 0.000000 -0.730170 0.683266
1161.490000 13.023500 -14.721900 0.000000 0.000000 0.000000 -0.734354 0.678766
1161.500000 13.019100 -14.779700 0.000000 0.000000 0.000000 -0.734354 0.678766
1162.320000 13.009600 -14.899700 0.000000 0.000000 0.000000 -0.738511 0.674241
1162.330000 13.004300 -14.954600 0.000000 0.000000 0.000000 -0.740581 0.671967
1162.340000 12.993000 -15.068800 0.000000 0.000000 0.000000 -0.742641 0.669690
1162.420000 12.990300 -15.097800 0.000000 0.000000 0.000000 -0.742641 0.669690
1162.840000 12.984700 -15.154900 0.000000 0.000000 0.000000 -0.742641 0.669690
1162.860000 12.978400 -15.213300 0.000000 0.000000 0.000000 -0.744697 0.667403
1162.980000 12.972400 -15.272600 0.000000 0.000000 0.000000 -0.742641 0.669690
1163.490000 13.014500 -15.301900 0.000000 0.000000 0.000000 -0.724697 0.689067
1163.570000 13.010400 -15.387400 0.000000 0.000000 0.000000 -0.726809 0.686839
1164.030000 13.007000 -15.448200 0.000000 0.000000 0.000000 -0.728918 0.684601
1164.110000 12.998600 -15.563000 0.000000 0.000000 0.000000 -0.733111 0.680109
1164.600000 12.994900 -15.617500 0.000000 0.000000 0.000000 -0.737276 0.675591
1164.660000 12.984400 -15.735100 0.000000 0.000000 0.000000 -0.741414 0.671048
1165.310000 12.978000 -15.793800 0.000000 0.000000 0.000000 -0.745524 0.666479
1165.370000 12.971000 -15.850600 0.000000 0.000000 0.000000 -0.749605 0.661886
1165.450000 12.960500 -15.933100 0.000000 0.000000 0.000000 -0.753658 0.657267
1165.830000 12.951900 -15.991600 0.000000 0.000000 0.000000 -0.757683 0.652623
1166.030000 12.933500 -16.111000 0.000000 0.000000 0.000000 -0.763668 0.645610
1166.440000 12.924100 -16.164400 0.000000 0.000000 0.000000 -0.765649 0.643258
1166.470000 12.914200 -16.219000 0.000000 0.000000 0.000000 -0.769588 0.638541
1166.580000 12.903700 -16.278100 0.000000 0.000000 0.000000 -0.769588 0.638541
1167.110000 12.935400 -16.300700 0.000000 0.000000 0.000000 -0.743022 0.669267
1167.270000 12.923700 -16.413100 0.000000 0.000000 0.000000 -0.745073 0.666982
1167.660000 12.917500 -16.473300 0.000000 0.000000 0.000000 -0.745073 0.666982
1167.780000 12.904500 -16.585200 0.000000 0.000000 0.000000 -0.747121 0.664688
1168.430000 12.898000 -16.642300 0.000000 0.000000 0.000000 -0.751191 0.660085
1168.440000 12.881200 -16.760400 0.000000 0.000000 0.000000 -0.757245 0.653131
1168.580000 12.872900 -16.816100 0.000000 0.000000 0.000000 -0.761244 0.648465
1168.970000 12.864200 -16.870800 0.000000 0.000000 0.000000 -0.763232 0.646125
1168.980000 12.854900 -16.929200 0.000000 0.000000 0.000000 -0.765215 0.643775
1169.510000 12.843400 -16.987500 0.000000 0.000000 0.000000 -0.771115 0.636696
1169.610000 12.821500 -17.099100 0.000000 0.000000 0.000000 -0.776952 0.629560
1170.060000 12.809600 -17.154300 0.000000 0.000000 0.000000 -0.780806 0.624773
1170.110000 12.796300 -17.213400 0.000000 0.000000 0.000000 -0.782724 0.622370
1170.190000 12.783000 -17.272500 0.000000 0.000000 0.000000 -0.780806 0.624773
1170.640000 12.780200 -17.261200 0.000000 0.000000 0.000000 -0.776889 0.629637
1170.780000 12.756300 -17.369600 0.000000 0.000000 0.000000 -0.780744 0.624852
1171.440000 12.743700 -17.430300 0.000000 0.000000 0.000000 -0.782658 0.622452
1171.580000 12.703600 -17.596700 0.000000 0.000000 0.000000 -0.790252 0.612782
1171.920000 12.687800 -17.657800 0.000000 0.000000 0.000000 -0.792129 0.610353
1171.990000 12.673800 -17.711400 0.000000 0.000000 0.000000 -0.794003 0.607914
1172.490000 12.659900 -17.762700 0.000000 0.000000 0.000000 -0.795865 0.605474
1172.590000 12.627900 -17.877300 0.000000 0.000000 0.000000 -0.799571 0.600572
1172.970000 12.610300 -17.937100 0.000000 0.000000 0.000000 -0.799571 0.600572
1173.000000 12.595500 -17.988800 0.000000 0.000000 0.000000 -0.801414 0.598111
1173.200000 12.579800 -18.041000 0.000000 0.000000 0.000000 -0.803249 0.595643
1173.590000 12.563200 -18.095800 0.000000 0.000000 0.000000 -0.806894 0.590696
1173.780000 12.524900 -18.213500 0.000000 0.000000 0.000000 -0.808704 0.588216
1174.390000 12.556700 -18.227700 0.000000 0.000000 0.000000 -0.787979 0.615702
1174.410000 12.529000 -18.338900 0.000000 0.000000 0.000000 -0.789866 0.613280
1175.260000 12.514400 -18.397200 0.000000 0.000000 0.000000 -0.791748 0.610848
1175.600000 12.451500 -18.620500 0.000000 0.000000 0.000000 -0.804703 0.593678
1175.610000 12.434900 -18.675300 0.000000 0.000000 0.000000 -0.804703 0.593678
1175.800000 12.418200 -18.727900 0.000000 0.000000 0.000000 -0.808336 0.588722
1176.210000 12.399900 -18.783800 0.000000 0.000000 0.000000 -0.811938 0.583743
1176.380000 12.361000 -18.895700 0.000000 0.000000 0.000000 -0.819051 0.573721
1176.780000 12.341500 -18.947600 0.000000 0.000000 0.000000 -0.824306 0.566145
1177.400000 12.299800 -19.056600 0.000000 0.000000 0.000000 -0.827769 0.561069
1177.640000 12.313400 -19.161500 0.000000 0.000000 0.000000 -0.805690 0.592337
1178.000000 12.312400 -19.167000 0.000000 0.000000 0.000000 -0.805690 0.592337
1178.290000 12.312700 -19.165600 0.000000 0.000000 0.000000 -0.805690 0.592337
1178.580000 12.312700 -19.165600 0.000000 0.000000 0.000000 -0.803865 0.594812
1178.780000 12.312700 -19.165600 0.000000 0.000000 0.000000 -0.794631 0.607092
1179.000000 12.312400 -19.163400 0.000000 0.000000 0.000000 -0.781393 0.624039
1179.200000 12.313200 -19.162800 0.000000 0.000000 0.000000 -0.759855 0.650093
1179.510000 12.313500 -19.165100 0.000000 0.000000 0.000000 -0.724876 0.688879
1179.580000 12.313000 -19.167800 0.000000 0.000000 0.000000 -0.676688 0.736270
1179.970000 12.313000 -19.167800 0.000000 0.000000 0.000000 -0.646746 0.762706
1179.980000 12.312700 -19.169200 0.000000 0.000000 0.000000 -0.620602 0.784126
1180.420000 12.354800 -19.208700 0.000000 0.000000 0.000000 -0.603386 0.797449
1180.440000 12.354800 -19.208700 0.000000 0.000000 0.000000 -0.558379 0.829586
1180.580000 12.354800 -19.208700 0.000000 0.000000 0.000000 -0.535226 0.844709
1180.940000 12.355300 -19.209500 0.000000 0.000000 0.000000 -0.506374 0.862314
1180.980000 12.356300 -19.211300 0.000000 0.000000 0.000000 -0.452457 0.891786
1181.510000 12.359200 -19.214200 0.000000 0.000000 0.000000 -0.402465 0.915435
1181.620000 12.414600 -19.188900 0.000000 0.000000 0.000000 -0.352212 0.935920
1182.070000 12.414100 -19.188000 0.000000 0.000000 0.000000 -0.297002 0.954877
1182.100000 12.415100 -19.189700 0.000000 0.000000 0.000000 -0.249716 0.968319
1182.290000 12.415100 -19.189700 0.000000 0.000000 0.000000 -0.207842 0.978162
1182.800000 12.415100 -19.189700 0.000000 0.000000 0.000000 -0.162552 0.986700
1182.810000 12.432700 -19.150600 0.000000 0.000000 0.000000 -0.120020 0.992771
1182.870000 12.433200 -19.151400 0.000000 0.000000 0.000000 -0.104754 0.994498
1183.410000 12.433200 -19.151400 0.000000 0.000000 0.000000 -0.107810 0.994172
1183.440000 12.434500 -19.151800 0.000000 0.000000 0.000000 -0.107810 0.994172
1183.620000 12.434500 -19.151800 0.000000 0.000000 0.000000 -0.107810 0.994172
1183.940000 12.434500 -19.151800 0.000000 0.000000 0.000000 -0.107810 0.994172
1183.980000 12.434500 -19.151800 0.000000 0.000000 0.000000 -0.110864 0.993836
1184.200000 12.434500 -19.151800 0.000000 0.000000 0.000000 -0.110864 0.993836
1184.450000 12.434500 -19.151800 0.000000 0.000000 0.000000 -0.110864 0.993836
1184.600000 12.434500 -19.151800 0.000000 0.000000 0.000000 -0.110864 0.993836
1184.830000 12.434500 -19.151800 0.000000 0.000000 0.000000 -0.110864 0.993836
1184.980000 12.434500 -19.151800 0.000000 0.000000 0.000000 -0.110864 0.993836
1185.180000 12.434500 -19.151800 0.000000 0.000000 0.000000 -0.110864 0.993836
1185.380000 12.434500 -19.151800 0.000000 0.000000 0.000000 -0.107810 0.994172
1185.560000 12.434500 -19.151800 0.000000 0.000000 0.000000 -0.104754 0.994498
1186.640000 12.434500 -19.151800 0.000000 0.000000 0.000000 -0.101698 0.994815
1186.820000 12.528800 -19.166600 0.000000 0.000000 0.000000 -0.071086 0.997470
1186.880000 12.612200 -19.178200 0.000000 0.000000 0.000000 -0.071086 0.997470
1187.170000 12.677100 -19.187600 0.000000 0.000000 0.000000 -0.074151 0.997247
1187.320000 12.701900 -19.190900 0.000000 0.000000 0.000000 -0.077215 0.997014
1187.600000 12.743900 -19.198300 0.000000 0.000000 0.000000 -0.086403 0.996260
1188.080000 12.856800 -19.217500 0.000000 0.000000 0.000000 -0.089463 0.995990
1188.270000 12.983700 -19.241400 0.000000 0.000000 0.000000 -0.095582 0.995422
1188.630000 13.030300 -19.250800 0.000000 0.000000 0.000000 -0.104754 0.994498
1188.770000 13.109900 -19.268100 0.000000 0.000000 0.000000 -0.110864 0.993836
1189.140000 13.173300 -19.282900 0.000000 0.000000 0.000000 -0.116970 0.993135
1189.150000 13.235300 -19.297400 0.000000 0.000000 0.000000 -0.120020 0.992771
1189.340000 13.288800 -19.311000 0.000000 0.000000 0.000000 -0.123071 0.992398
1189.790000 13.339600 -19.323800 0.000000 0.000000 0.000000 -0.123071 0.992398
1189.870000 13.422500 -19.344900 0.000000 0.000000 0.000000 -0.129167 0.991623
1190.270000 13.467700 -19.220600 0.000000 0.000000 0.000000 -0.063803 0.997963
1190.310000 13.526600 -19.228700 0.000000 0.000000 0.000000 -0.063803 0.997963
1190.400000 13.580600 -19.235400 0.000000 0.000000 0.000000 -0.066869 0.997762
1190.960000 13.636000 -19.242300 0.000000 0.000000 0.000000 -0.063803 0.997963
1191.000000 13.694900 -19.250300 0.000000 0.000000 0.000000 -0.069934 0.997552
1191.160000 13.811000 -19.267700 0.000000 0.000000 0.000000 -0.076063 0.997103
1191.610000 13.864800 -19.275800 0.000000 0.000000 0.000000 -0.082190 0.996617
1192.630000 13.950500 -19.291100 0.000000 0.000000 0.000000 -0.091373 0.995817
1193.240000 14.178200 -19.338000 0.000000 0.000000 0.000000 -0.112770 0.993621
1193.250000 14.234200 -19.350700 0.000000 0.000000 0.000000 -0.118874 0.992909
1193.290000 14.348800 -19.379300 0.000000 0.000000 0.000000 -0.124973 0.992160
1193.320000 14.403900 -19.394000 0.000000 0.000000 0.000000 -0.124973 0.992160
1194.000000 14.459400 -19.356900 0.000000 0.000000 0.000000 -0.087584 0.996157
1194.120000 14.633300 -19.390900 0.000000 0.000000 0.000000 -0.102878 0.994694
1194.490000 14.688600 -19.402800 0.000000 0.000000 0.000000 -0.108989 0.994043
1194.940000 14.743200 -19.415300 0.000000 0.000000 0.000000 -0.115096 0.993354
1195.250000 14.798500 -19.428700 0.000000 0.000000 0.000000 -0.118147 0.992996
1195.320000 14.967700 -19.472300 0.000000 0.000000 0.000000 -0.136434 0.990649
1195.770000 15.022200 -19.487700 0.000000 0.000000 0.000000 -0.142519 0.989792
1195.920000 15.136600 -19.523000 0.000000 0.000000 0.000000 -0.151637 0.988436
1196.430000 15.191600 -19.540600 0.000000 0.000000 0.000000 -0.154674 0.987966
1196.560000 15.298200 -19.576200 0.000000 0.000000 0.000000 -0.163774 0.986498
1197.050000 15.352500 -19.594500 0.000000 0.000000 0.000000 -0.163774 0.986498
1197.120000 15.459100 -19.628200 0.000000 0.000000 0.000000 -0.108626 0.994083
1197.470000 15.514900 -19.639100 0.000000 0.000000 0.000000 -0.078033 0.996951
1197.520000 15.570700 -19.647100 0.000000 0.000000 0.000000 -0.059641 0.998220
1197.980000 15.627200 -19.653100 0.000000 0.000000 0.000000 -0.059641 0.998220
1198.010000 15.683100 -19.659700 0.000000 0.000000 0.000000 -0.062707 0.998032
1198.120000 15.738200 -19.667100 0.000000 0.000000 0.000000 -0.068840 0.997628
1198.620000 15.796100 -19.675800 0.000000 0.000000 0.000000 -0.071905 0.997411
1199.280000 15.917000 -19.691300 0.000000 0.000000 0.000000 -0.047367 0.998878
1199.320000 16.083100 -19.701300 0.000000 0.000000 0.000000 -0.035087 0.999384
1199.880000 16.138200 -19.705900 0.000000 0.000000 0.000000 -0.038157 0.999272
1199.900000 16.199700 -19.711100 0.000000 0.000000 0.000000 -0.044297 0.999018
1200.000000 16.262600 -19.716400 0.000000 0.000000 0.000000 -0.047367 0.998878
1200.350000 16.318500 -19.721600 0.000000 0.000000 0.000000 -0.053505 0.998568
1200.370000 16.374300 -19.728300 0.000000 0.000000 0.000000 -0.053505 0.998568
1200.520000 16.432900 -19.734900 0.000000 0.000000 0.000000 -0.056573 0.998398
1200.960000 16.443400 -19.647700 0.000000 0.000000 0.000000 -0.031546 0.999502
1201.120000 16.555000 -19.655400 0.000000 0.000000 0.000000 -0.034616 0.999401
1201.590000 16.591200 -19.657100 0.000000 0.000000 0.000000 -0.028475 0.999595
1201.610000 16.596900 -19.658300 0.000000 0.000000 0.000000 -0.028475 0.999595
1202.280000 16.589100 -19.657900 0.000000 0.000000 0.000000 -0.022330 0.999751
1202.320000 16.508200 -19.653600 0.000000 0.000000 0.000000 -0.040758 0.999169
1202.980000 16.501800 -19.653200 0.000000 0.000000 0.000000 -0.046898 0.998900
1203.120000 16.503200 -19.653100 0.000000 0.000000 0.000000 -0.037687 0.999290
1203.560000 16.500400 -19.653300 0.000000 0.000000 0.000000 -0.022330 0.999751
1203.800000 16.502500 -19.652500 0.000000 0.000000 0.000000 0.036042 0.999350
1204.120000 16.502500 -19.652500 0.000000 0.000000 0.000000 0.088172 0.996105
1204.180000 16.502500 -19.652500 0.000000 0.000000 0.000000 0.124833 0.992178
1204.370000 16.506000 -19.651600 0.000000 0.000000 0.000000 0.170416 0.985372
1205.580000 16.547200 -19.620600 0.000000 0.000000 0.000000 0.186292 0.982494
1205.590000 16.547900 -19.619900 0.000000 0.000000 0.000000 0.234351 0.972152
1205.630000 16.545700 -19.622000 0.000000 0.000000 0.000000 0.411400 0.911455
1206.170000 16.481600 -19.508100 0.000000 0.000000 0.000000 0.450123 0.892966
1206.320000 16.484000 -19.501900 0.000000 0.000000 0.000000 0.561304 0.827610
1207.100000 16.484900 -19.499800 0.000000 0.000000 0.000000 0.591433 0.806354
1207.270000 16.436700 -19.491300 0.000000 0.000000 0.000000 0.680222 0.733006
1207.280000 16.436700 -19.491300 0.000000 0.000000 0.000000 0.698032 0.716067
1207.320000 16.436700 -19.491300 0.000000 0.000000 0.000000 0.726071 0.687620
1207.840000 16.436700 -19.491300 0.000000 0.000000 0.000000 0.766931 0.641730
1207.920000 16.436700 -19.492700 0.000000 0.000000 0.000000 0.817473 0.575967
1208.380000 16.383200 -19.502400 0.000000 0.000000 0.000000 0.845710 0.533642
1208.530000 16.407100 -19.542900 0.000000 0.000000 0.000000 0.884170 0.467165
1209.020000 16.409800 -19.547300 0.000000 0.000000 0.000000 0.892632 0.450787
1209.070000 16.409800 -19.547300 0.000000 0.000000 0.000000 0.900790 0.434255
1209.130000 16.410400 -19.548000 0.000000 0.000000 0.000000 0.916187 0.400751
1209.640000 16.411800 -19.549500 0.000000 0.000000 0.000000 0.938434 0.345458
1209.650000 16.407200 -19.551900 0.000000 0.000000 0.000000 0.951354 0.308101
1209.790000 16.405900 -19.550300 0.000000 0.000000 0.000000 0.958639 0.284626
1210.330000 16.404500 -19.550200 0.000000 0.000000 0.000000 0.966142 0.258009
1210.530000 16.406600 -19.551100 0.000000 0.000000 0.000000 0.995775 0.091832
1210.980000 16.384800 -19.667400 0.000000 0.000000 0.000000 0.998808 0.048817
1211.200000 16.379800 -19.667700 0.000000 0.000000 0.000000 -0.999189 0.040265
1211.600000 16.377700 -19.668300 0.000000 0.000000 0.000000 -0.996273 0.086259
1212.330000 16.373300 -19.669400 0.000000 0.000000 0.000000 -0.983552 0.180624
1212.530000 16.381300 -19.732600 0.000000 0.000000 0.000000 -0.941566 0.336828
1212.850000 16.380500 -19.733200 0.000000 0.000000 0.000000 -0.930774 0.365594
1213.030000 16.409500 -19.761300 0.000000 0.000000 0.000000 -0.896562 0.442919
1213.490000 16.409400 -19.762700 0.000000 0.000000 0.000000 -0.875203 0.483756
1213.500000 16.408600 -19.763300 0.000000 0.000000 0.000000 -0.845484 0.534002
1213.650000 16.407700 -19.765400 0.000000 0.000000 0.000000 -0.825225 0.564804
1214.160000 16.407600 -19.766800 0.000000 0.000000 0.000000 -0.816449 0.577417
1214.170000 16.407500 -19.768200 0.000000 0.000000 0.000000 -0.790861 0.611995
1214.400000 16.464500 -19.796500 0.000000 0.000000 0.000000 -0.727609 0.685992
1214.790000 16.464900 -19.800100 0.000000 0.000000 0.000000 -0.697434 0.716649
1214.910000 16.465200 -19.803600 0.000000 0.000000 0.000000 -0.633269 0.773932
1215.400000 16.465700 -19.805800 0.000000 0.000000 0.000000 -0.594473 0.804116
1215.430000 16.465500 -19.807200 0.000000 0.000000 0.000000 -0.569486 0.822001
1215.660000 16.512400 -19.793100 0.000000 0.000000 0.000000 -0.568939 0.822380
1215.950000 16.512400 -19.793100 0.000000 0.000000 0.000000 -0.573982 0.818868
1216.010000 16.513100 -19.793900 0.000000 0.000000 0.000000 -0.586495 0.809953
1216.440000 16.513700 -19.794700 0.000000 0.000000 0.000000 -0.606225 0.795293
1216.450000 16.513500 -19.796100 0.000000 0.000000 0.000000 -0.625592 0.780150
1216.640000 16.513500 -19.796100 0.000000 0.000000 0.000000 -0.635132 0.772403
1217.050000 16.513700 -19.794700 0.000000 0.000000 0.000000 -0.656248 0.754546
1217.080000 16.513700 -19.794700 0.000000 0.000000 0.000000 -0.679118 0.734029
1217.160000 16.513900 -19.793300 0.000000 0.000000 0.000000 -0.699155 0.714970
1217.620000 16.513700 -19.794700 0.000000 0.000000 0.000000 -0.720793 0.693151
1217.650000 16.513500 -19.796100 0.000000 0.000000 0.000000 -0.741746 0.670681
1218.530000 16.513100 -19.800300 0.000000 0.000000 0.000000 -0.758009 0.652244
1218.610000 16.481900 -19.801800 0.000000 0.000000 0.000000 -0.788201 0.615418
1219.000000 16.481200 -19.804000 0.000000 0.000000 0.000000 -0.808548 0.588430
1219.140000 16.479000 -19.808900 0.000000 0.000000 0.000000 -0.849707 0.527255
1219.660000 16.479700 -19.809600 0.000000 0.000000 0.000000 -0.862409 0.506212
1220.470000 16.415800 -19.804900 0.000000 0.000000 0.000000 -0.887232 0.461323
1221.430000 16.415100 -19.805600 0.000000 0.000000 0.000000 -0.928233 0.371999
1221.470000 16.413700 -19.807000 0.000000 0.000000 0.000000 -0.959406 0.282027
1221.550000 16.395200 -19.762700 0.000000 0.000000 0.000000 -0.975756 0.218860
1221.950000 16.395200 -19.762700 0.000000 0.000000 0.000000 -0.980840 0.194813
1222.140000 16.394500 -19.763400 0.000000 0.000000 0.000000 -0.990110 0.140292
1222.590000 16.392400 -19.764100 0.000000 0.000000 0.000000 -0.993260 0.115910
1223.470000 16.389600 -19.764200 0.000000 0.000000 0.000000 -0.997545 0.070024
1223.820000 16.367000 -19.727400 0.000000 0.000000 0.000000 0.998505 0.054659
1223.830000 16.362700 -19.727500 0.000000 0.000000 0.000000 0.996612 0.082248
1224.050000 16.347800 -19.724300 0.000000 0.000000 0.000000 0.995231 0.097551
1224.580000 16.306600 -19.715300 0.000000 0.000000 0.000000 0.992532 0.121982
1224.600000 16.234000 -19.697100 0.000000 0.000000 0.000000 0.992153 0.125033
1224.800000 16.101800 -19.664700 0.000000 0.000000 0.000000 0.992532 0.121982
1225.230000 16.054100 -19.652300 0.000000 0.000000 0.000000 0.991365 0.131128
1225.370000 15.948100 -19.625600 0.000000 0.000000 0.000000 0.991365 0.131128
1225.830000 15.881200 -19.607300 0.000000 0.000000 0.000000 0.991365 0.131128
1226.000000 15.771000 -19.577900 0.000000 0.000000 0.000000 0.990114 0.140262
1226.460000 15.722500 -19.563400 0.000000 0.000000 0.000000 0.989679 0.143301
1226.540000 15.600100 -19.526500 0.000000 0.000000 0.000000 0.988316 0.152420
1227.060000 15.540300 -19.508100 0.000000 0.000000 0.000000 0.988780 0.149380
1227.150000 15.442000 -19.479100 0.000000 0.000000 0.000000 0.988780 0.149380
1228.560000 15.382200 -19.460600 0.000000 0.000000 0.000000 0.988780 0.149380
1228.580000 15.372900 -19.385900 0.000000 0.000000 0.000000 0.989310 0.145824
1228.590000 15.315100 -19.368400 0.000000 0.000000 0.000000 0.989310 0.145824
1228.850000 15.092500 -19.304200 0.000000 0.000000 0.000000 0.990613 0.136697
1228.950000 14.984100 -19.274900 0.000000 0.000000 0.000000 0.991028 0.133655
1229.450000 14.927800 -19.260300 0.000000 0.000000 0.000000 0.990613 0.136697
1229.550000 14.811500 -19.227600 0.000000 0.000000 0.000000 0.990613 0.136697
1230.000000 14.757300 -19.212200 0.000000 0.000000 0.000000 0.990188 0.139742
1230.220000 14.643200 -19.180200 0.000000 0.000000 0.000000 0.990188 0.139742
1231.210000 14.587500 -19.164800 0.000000 0.000000 0.000000 0.991434 0.130607
1231.230000 14.530500 -19.150900 0.000000 0.000000 0.000000 0.994014 0.109253
1231.250000 14.447900 -19.178400 0.000000 0.000000 0.000000 0.998392 0.056686
1231.340000 14.336200 -19.166600 0.000000 0.000000 0.000000 0.998213 0.059756
1231.850000 14.275500 -19.159400 0.000000 0.000000 0.000000 0.998025 0.062820
1231.860000 14.216300 -19.152100 0.000000 0.000000 0.000000 0.997827 0.065889
1231.950000 14.157100 -19.144800 0.000000 0.000000 0.000000 0.997827 0.065889
1232.470000 14.102000 -19.137000 0.000000 0.000000 0.000000 0.997620 0.068952
1232.540000 13.985600 -19.121400 0.000000 0.000000 0.000000 0.997177 0.075081
1233.070000 13.924600 -19.111500 0.000000 0.000000 0.000000 0.996443 0.084271
1233.080000 13.865900 -19.102000 0.000000 0.000000 0.000000 0.996179 0.087335
1233.150000 13.812100 -19.092600 0.000000 0.000000 0.000000 0.995906 0.090393
1234.650000 13.754700 -19.082900 0.000000 0.000000 0.000000 0.995624 0.093455
1235.100000 13.462300 -19.049000 0.000000 0.000000 0.000000 0.998832 0.048313
1235.140000 13.290300 -19.033500 0.000000 0.000000 0.000000 0.999235 0.039101
1236.280000 13.258100 -19.031400 0.000000 0.000000 0.000000 0.999235 0.039101
1236.420000 13.253700 -19.030900 0.000000 0.000000 0.000000 0.999235 0.039101
1236.490000 13.253700 -19.030900 0.000000 0.000000 0.000000 0.998976 0.045241
1236.610000 13.256700 -19.031700 0.000000 0.000000 0.000000 0.994634 0.103456
1237.080000 13.256700 -19.031700 0.000000 0.000000 0.000000 0.991791 0.127870
1237.110000 13.252800 -19.030300 0.000000 0.000000 0.000000 0.984845 0.173435
1237.130000 13.252800 -19.030300 0.000000 0.000000 0.000000 0.976476 0.215624
1237.600000 13.252800 -19.030300 0.000000 0.000000 0.000000 0.971613 0.236577
1237.610000 13.252800 -19.030300 0.000000 0.000000 0.000000 0.967087 0.254447
1238.330000 13.252800 -19.030300 0.000000 0.000000 0.000000 0.957934 0.286988
1239.600000 13.251400 -19.000600 0.000000 0.000000 0.000000 0.941441 0.337177
1239.640000 13.251400 -19.000600 0.000000 0.000000 0.000000 0.929509 0.368799
1239.950000 13.251400 -19.000600 0.000000 0.000000 0.000000 0.897110 0.441806
1239.970000 13.251400 -19.000600 0.000000 0.000000 0.000000 0.897110 0.441806
1240.190000 13.251400 -19.000600 0.000000 0.000000 0.000000 0.901146 0.433516
1240.540000 13.251400 -19.000600 0.000000 0.000000 0.000000 0.905104 0.425190
1240.890000 13.265000 -18.975900 0.000000 0.000000 0.000000 0.914060 0.405578
1241.050000 13.264200 -18.975400 0.000000 0.000000 0.000000 0.922572 0.385824
1241.070000 13.261700 -18.973700 0.000000 0.000000 0.000000 0.937244 0.348674
1241.320000 13.261400 -18.972300 0.000000 0.000000 0.000000 0.953247 0.302192
1242.330000 13.259800 -18.971200 0.000000 0.000000 0.000000 0.965680 0.259734
1242.370000 13.232400 -19.021300 0.000000 0.000000 0.000000 0.998542 0.053980
1243.000000 13.232400 -19.021300 0.000000 0.000000 0.000000 0.999969 0.007916
1243.020000 13.232400 -19.021300 0.000000 0.000000 0.000000 -0.998727 0.050445
1243.170000 13.217900 -19.042200 0.000000 0.000000 0.000000 -0.997834 0.065779
1243.500000 13.178100 -19.048200 0.000000 0.000000 0.000000 -0.998032 0.062710
1243.600000 13.102300 -19.057900 0.000000 0.000000 0.000000 -0.998032 0.062710
1244.050000 13.023400 -19.066700 0.000000 0.000000 0.000000 -0.999272 0.038162
1244.060000 12.967300 -19.069600 0.000000 0.000000 0.000000 -0.999972 0.007446
1244.130000 12.944500 -19.070500 0.000000 0.000000 0.000000 0.999940 0.010991
1244.590000 12.899600 -19.067900 0.000000 0.000000 0.000000 0.999472 0.032496
1244.610000 12.840900 -19.064100 0.000000 0.000000 0.000000 0.999130 0.041709
1245.300000 12.772000 -19.059100 0.000000 0.000000 0.000000 0.999130 0.041709
1245.330000 12.602600 -19.045000 0.000000 0.000000 0.000000 0.998703 0.050914
1245.970000 12.548700 -19.039600 0.000000 0.000000 0.000000 0.998371 0.057055
1246.000000 12.485100 -19.032200 0.000000 0.000000 0.000000 0.998191 0.060120
1246.130000 12.360100 -19.017900 0.000000 0.000000 0.000000 0.998371 0.057055
1246.580000 12.310400 -19.011800 0.000000 0.000000 0.000000 0.998191 0.060120
1247.300000 12.194800 -18.998100 0.000000 0.000000 0.000000 0.998002 0.063189
1247.330000 12.096400 -19.060900 0.000000 0.000000 0.000000 1.000000 0.000841
1247.840000 12.040000 -19.061600 0.000000 0.000000 0.000000 -0.999998 0.002231
1247.950000 11.916300 -19.063700 0.000000 0.000000 0.000000 -0.999965 0.008376
1248.440000 11.859400 -19.065200 0.000000 0.000000 0.000000 -0.999986 0.005301
1248.530000 11.745700 -19.065900 0.000000 0.000000 0.000000 1.000000 0.000841
1249.190000 11.684800 -19.066400 0.000000 0.000000 0.000000 0.999992 0.003916
1249.330000 11.511200 -19.063600 0.000000 0.000000 0.000000 0.999814 0.019280
1249.790000 11.450900 -19.060900 0.000000 0.000000 0.000000 0.999750 0.022349
1249.930000 11.333900 -19.055200 0.000000 0.000000 0.000000 0.999400 0.034639
1250.360000 11.279900 -19.051500 0.000000 0.000000 0.000000 0.999502 0.031566
1250.620000 11.216300 -19.026200 0.000000 0.000000 0.000000 0.999985 0.005431
1250.960000 11.222200 -19.025900 0.000000 0.000000 0.000000 -0.999951 0.009931
1251.240000 11.222200 -19.025900 0.000000 0.000000 0.000000 -0.998431 0.055997
1251.640000 11.220800 -19.026300 0.000000 0.000000 0.000000 -0.994472 0.104997
1251.660000 11.216800 -19.027500 0.000000 0.000000 0.000000 -0.984576 0.174956
1252.330000 11.215400 -19.028000 0.000000 0.000000 0.000000 -0.976141 0.217138
1252.350000 11.215400 -19.028000 0.000000 0.000000 0.000000 -0.970509 0.241063
1252.530000 11.224800 -19.082900 0.000000 0.000000 0.000000 -0.929127 0.369761
1252.960000 11.225300 -19.082000 0.000000 0.000000 0.000000 -0.916101 0.400948
1253.130000 11.225300 -19.082000 0.000000 0.000000 0.000000 -0.875304 0.483572
1253.590000 11.236000 -19.113900 0.000000 0.000000 0.000000 -0.854197 0.519949
1254.440000 11.236500 -19.113000 0.000000 0.000000 0.000000 -0.811775 0.583971
1255.030000 11.311600 -19.106300 0.000000 0.000000 0.000000 -0.709973 0.704229
1255.500000 11.311600 -19.106300 0.000000 0.000000 0.000000 -0.712135 0.702042
1255.580000 11.305500 -19.285400 0.000000 0.000000 0.000000 -0.718574 0.695450
1255.920000 11.303700 -19.350400 0.000000 0.000000 0.000000 -0.718574 0.695450
1255.950000 11.302300 -19.397900 0.000000 0.000000 0.000000 -0.720709 0.693237
1256.150000 11.300400 -19.440400 0.000000 0.000000 0.000000 -0.720709 0.693237
1256.600000 11.298700 -19.495900 0.000000 0.000000 0.000000 -0.722838 0.691018
1257.300000 11.293200 -19.636400 0.000000 0.000000 0.000000 -0.720709 0.693237
1257.330000 11.285900 -19.791200 0.000000 0.000000 0.000000 -0.727070 0.686563
1257.770000 11.282200 -19.857300 0.000000 0.000000 0.000000 -0.729175 0.684328
1257.930000 11.275400 -19.973500 0.000000 0.000000 0.000000 -0.729175 0.684328
1258.490000 11.271300 -20.025200 0.000000 0.000000 0.000000 -0.731275 0.682082
1258.530000 11.262600 -20.148400 0.000000 0.000000 0.000000 -0.739603 0.673044
1259.010000 11.385300 -20.147100 0.000000 0.000000 0.000000 -0.684268 0.729230
1259.030000 11.389000 -20.200700 0.000000 0.000000 0.000000 -0.688737 0.725012
1259.130000 11.391300 -20.254700 0.000000 0.000000 0.000000 -0.693179 0.720766
1259.530000 11.393900 -20.313300 0.000000 0.000000 0.000000 -0.693179 0.720766
1259.560000 11.396700 -20.374000 0.000000 0.000000 0.000000 -0.693179 0.720766
1260.330000 11.398900 -20.433500 0.000000 0.000000 0.000000 -0.695388 0.718634
1260.770000 11.403300 -20.664100 0.000000 0.000000 0.000000 -0.706348 0.707865
1260.820000 11.403500 -20.720500 0.000000 0.000000 0.000000 -0.708521 0.705690
1260.930000 11.403000 -20.778800 0.000000 0.000000 0.000000 -0.708521 0.705690
1261.530000 11.403800 -20.836600 0.000000 0.000000 0.000000 -0.706348 0.707865
1262.540000 11.404200 -21.009100 0.000000 0.000000 0.000000 -0.710684 0.703511
1262.580000 11.469100 -21.159900 0.000000 0.000000 0.000000 -0.700052 0.714092
1262.600000 11.470500 -21.214700 0.000000 0.000000 0.000000 -0.704427 0.709777
1263.240000 11.470300 -21.247600 0.000000 0.000000 0.000000 -0.700052 0.714092
1263.270000 11.470100 -21.242200 0.000000 0.000000 0.000000 -0.702244 0.711936
1264.090000 11.470400 -21.217800 0.000000 0.000000 0.000000 -0.708775 0.705435
1264.100000 11.470300 -21.197600 0.000000 0.000000 0.000000 -0.715249 0.698870
1264.450000 11.478700 -21.092100 0.000000 0.000000 0.000000 -0.756821 0.653623
1264.650000 11.486500 -21.047100 0.000000 0.000000 0.000000 -0.788028 0.615639
1264.970000 11.486100 -21.051200 0.000000 0.000000 0.000000 -0.791797 0.610785
1264.980000 11.483300 -21.061900 0.000000 0.000000 0.000000 -0.789918 0.613213
1265.240000 11.472400 -21.103700 0.000000 0.000000 0.000000 -0.795535 0.605908
1265.630000 11.452800 -21.175300 0.000000 0.000000 0.000000 -0.791797 0.610785
1265.770000 11.418700 -21.307600 0.000000 0.000000 0.000000 -0.793671 0.608347
1266.110000 11.413100 -21.329000 0.000000 0.000000 0.000000 -0.795535 0.605908
1266.140000 11.412800 -21.329900 0.000000 0.000000 0.000000 -0.795535 0.605908
1266.340000 11.413100 -21.329000 0.000000 0.000000 0.000000 -0.793671 0.608347
1267.050000 11.413100 -21.329000 0.000000 0.000000 0.000000 -0.793671 0.608347
1267.160000 11.413100 -21.329000 0.000000 0.000000 0.000000 -0.791797 0.610785
1267.190000 11.413500 -21.328000 0.000000 0.000000 0.000000 -0.750765 0.660569
1267.590000 11.401300 -21.333900 0.000000 0.000000 0.000000 -0.729130 0.684375
1267.650000 11.401700 -21.338400 0.000000 0.000000 0.000000 -0.678986 0.734152
1267.850000 11.401800 -21.340600 0.000000 0.000000 0.000000 -0.644436 0.764659
1268.050000 11.401300 -21.339300 0.000000 0.000000 0.000000 -0.620641 0.784095
1268.200000 11.401100 -21.337100 0.000000 0.000000 0.000000 -0.581357 0.813649
1268.580000 11.400700 -21.338000 0.000000 0.000000 0.000000 -0.558636 0.829413
1268.770000 11.527100 -21.300600 0.000000 0.000000 0.000000 -0.492252 0.870453
1269.070000 11.527100 -21.300600 0.000000 0.000000 0.000000 -0.454361 0.890818
1269.150000 11.527600 -21.301900 0.000000 0.000000 0.000000 -0.407229 0.913326
1269.350000 11.528500 -21.302300 0.000000 0.000000 0.000000 -0.364714 0.931119
1269.780000 11.530000 -21.304000 0.000000 0.000000 0.000000 -0.324334 0.945943
1269.950000 11.570800 -21.266300 0.000000 0.000000 0.000000 -0.256474 0.966551
1270.550000 11.572600 -21.267100 0.000000 0.000000 0.000000 -0.208663 0.977988
1270.860000 11.580300 -21.269500 0.000000 0.000000 0.000000 -0.068806 0.997630
1271.140000 11.556200 -21.240100 0.000000 0.000000 0.000000 -0.032034 0.999487
1271.160000 11.558500 -21.240000 0.000000 0.000000 0.000000 0.007906 0.999969
1271.410000 11.560700 -21.239900 0.000000 0.000000 0.000000 0.063174 0.998003
1272.010000 11.562900 -21.239900 0.000000 0.000000 0.000000 0.112144 0.993692
1272.520000 11.564300 -21.239400 0.000000 0.000000 0.000000 0.142620 0.989778
1273.100000 11.559900 -21.185200 0.000000 0.000000 0.000000 0.306114 0.951995
1273.530000 11.559900 -21.185200 0.000000 0.000000 0.000000 0.335217 0.942141
1273.610000 11.543800 -21.141000 0.000000 0.000000 0.000000 0.508395 0.861124
1274.020000 11.543800 -21.141000 0.000000 0.000000 0.000000 0.542378 0.840135
1274.150000 11.544200 -21.140100 0.000000 0.000000 0.000000 0.634186 0.773181
1274.640000 11.544200 -21.140100 0.000000 0.000000 0.000000 0.659956 0.751304
1274.770000 11.487500 -21.126400 0.000000 0.000000 0.000000 0.723690 0.690125
1275.120000 11.487500 -21.126400 0.000000 0.000000 0.000000 0.758736 0.651399
1275.150000 11.487500 -21.126400 0.000000 0.000000 0.000000 0.786048 0.618165
1275.460000 11.487000 -21.125100 0.000000 0.000000 0.000000 0.813695 0.581293
1276.470000 11.486500 -21.123800 0.000000 0.000000 0.000000 0.837941 0.545760
1276.520000 11.429400 -21.155600 0.000000 0.000000 0.000000 0.853182 0.521614
1276.550000 11.426300 -21.152900 0.000000 0.000000 0.000000 0.916935 0.399037
1276.900000 11.425900 -21.151600 0.000000 0.000000 0.000000 0.914463 0.404669
1276.970000 11.425900 -21.151600 0.000000 0.000000 0.000000 0.910696 0.413078
1277.460000 11.425400 -21.150200 0.000000 0.000000 0.000000 0.902926 0.429796
1277.600000 11.423200 -21.148000 0.000000 0.000000 0.000000 0.880713 0.473651
1278.060000 11.413600 -21.167800 0.000000 0.000000 0.000000 0.875891 0.482508
1278.180000 11.413200 -21.168700 0.000000 0.000000 0.000000 0.847878 0.530191
1278.580000 11.412700 -21.167400 0.000000 0.000000 0.000000 0.842954 0.537986
1279.550000 11.389800 -21.111000 0.000000 0.000000 0.000000 0.829477 0.558541
1280.510000 11.295700 -20.876700 0.000000 0.000000 0.000000 0.824292 0.566165
1280.550000 11.188900 -20.602700 0.000000 0.000000 0.000000 0.824292 0.566165
1281.010000 11.168400 -20.550700 0.000000 0.000000 0.000000 0.826029 0.563628
1281.160000 11.122400 -20.431200 0.000000 0.000000 0.000000 0.827755 0.561089
1281.560000 11.101400 -20.377900 0.000000 0.000000 0.000000 0.826029 0.563628
1281.610000 11.081500 -20.327300 0.000000 0.000000 0.000000 0.826029 0.563628
1281.790000 11.059600 -20.273600 0.000000 0.000000 0.000000 0.826029 0.563628
1282.340000 11.038600 -20.218000 0.000000 0.000000 0.000000 0.824292 0.566165
1282.360000 11.039100 -20.185100 0.000000 0.000000 0.000000 0.839577 0.543240
1282.550000 10.992100 -20.079100 0.000000 0.000000 0.000000 0.839577 0.543240
1282.890000 10.967700 -20.025700 0.000000 0.000000 0.000000 0.837903 0.545819
1282.960000 10.945100 -19.973100 0.000000 0.000000 0.000000 0.837903 0.545819
1283.480000 10.921600 -19.920100 0.000000 0.000000 0.000000 0.837903 0.545819
1283.560000 10.874400 -19.811800 0.000000 0.000000 0.000000 0.836223 0.548389
1284.060000 10.851500 -19.760100 0.000000 0.000000 0.000000 0.836223 0.548389
1284.150000 10.805800 -19.653500 0.000000 0.000000 0.000000 0.837903 0.545819
1285.030000 10.781700 -19.599200 0.000000 0.000000 0.000000 0.837903 0.545819
1285.140000 10.758200 -19.546200 0.000000 0.000000 0.000000 0.837903 0.545819
1285.300000 10.711200 -19.440200 0.000000 0.000000 0.000000 0.839577 0.543240
1285.410000 10.663600 -19.332900 0.000000 0.000000 0.000000 0.839577 0.543240
1285.880000 10.640300 -19.282100 0.000000 0.000000 0.000000 0.842900 0.538071
1285.890000 10.602400 -19.289500 0.000000 0.000000 0.000000 0.860866 0.508831
1285.950000 10.573100 -19.236200 0.000000 0.000000 0.000000 0.860866 0.508831
1286.460000 10.542800 -19.182600 0.000000 0.000000 0.000000 0.860866 0.508831
1286.580000 10.489000 -19.083800 0.000000 0.000000 0.000000 0.863977 0.503531
1287.040000 10.460100 -19.032800 0.000000 0.000000 0.000000 0.865521 0.500872
1287.170000 10.399900 -18.927800 0.000000 0.000000 0.000000 0.867055 0.498213
1287.600000 10.371200 -18.878900 0.000000 0.000000 0.000000 0.868583 0.495544
1288.650000 10.311400 -18.779300 0.000000 0.000000 0.000000 0.871611 0.490197
1288.950000 10.198100 -18.596700 0.000000 0.000000 0.000000 0.876094 0.482141
1289.050000 10.201700 -18.602100 0.000000 0.000000 0.000000 0.880500 0.474047
1289.530000 10.201700 -18.602100 0.000000 0.000000 0.000000 0.884833 0.465909
1289.610000 10.201700 -18.602100 0.000000 0.000000 0.000000 0.910510 0.413488
1290.120000 10.201000 -18.600800 0.000000 0.000000 0.000000 0.931976 0.362521
1290.200000 10.198500 -18.598900 0.000000 0.000000 0.000000 0.963063 0.269276
1290.610000 10.220600 -18.635100 0.000000 0.000000 0.000000 0.958325 0.285680
1290.630000 10.220600 -18.635100 0.000000 0.000000 0.000000 0.968969 0.247182
1291.340000 10.220600 -18.635100 0.000000 0.000000 0.000000 0.981152 0.193238
1291.400000 10.221500 -18.635400 0.000000 0.000000 0.000000 0.989640 0.143568
1291.470000 10.221500 -18.635400 0.000000 0.000000 0.000000 0.994899 0.100879
1291.920000 10.207400 -18.633200 0.000000 0.000000 0.000000 0.994260 0.106991
1292.010000 10.090000 -18.606900 0.000000 0.000000 0.000000 0.994260 0.106991
1292.500000 10.012600 -18.590700 0.000000 0.000000 0.000000 0.994584 0.103933
1292.640000 9.915770 -18.569200 0.000000 0.000000 0.000000 0.992870 0.119202
1293.020000 9.893670 -18.622900 0.000000 0.000000 0.000000 0.997304 0.073385
1293.030000 9.825320 -18.614300 0.000000 0.000000 0.000000 0.998487 0.054989
1293.180000 9.755160 -18.608400 0.000000 0.000000 0.000000 0.999331 0.036573
1293.520000 9.697480 -18.606100 0.000000 0.000000 0.000000 0.999775 0.021215
1293.570000 9.645840 -18.604600 0.000000 0.000000 0.000000 0.999775 0.021215
1294.180000 9.593530 -18.601800 0.000000 0.000000 0.000000 0.999626 0.027358
1294.200000 9.562770 -18.600100 0.000000 0.000000 0.000000 0.999537 0.030432
1294.340000 9.442890 -18.593100 0.000000 0.000000 0.000000 0.999331 0.036573
1294.800000 9.387690 -18.589500 0.000000 0.000000 0.000000 0.999439 0.033500
1294.930000 9.273580 -18.584200 0.000000 0.000000 0.000000 0.999928 0.011996
1295.290000 9.213140 -18.584300 0.000000 0.000000 0.000000 -0.999979 0.006436
1295.330000 9.153100 -18.586500 0.000000 0.000000 0.000000 -0.999921 0.012586
1295.870000 9.094580 -18.587100 0.000000 0.000000 0.000000 -0.999955 0.009511
1295.930000 8.979570 -18.592000 0.000000 0.000000 0.000000 -0.999762 0.021800
1296.380000 8.922410 -18.595100 0.000000 0.000000 0.000000 -0.999691 0.024874
1296.560000 8.835940 -18.608900 0.000000 0.000000 0.000000 -0.998686 0.051244
1297.060000 8.781130 -18.613800 0.000000 0.000000 0.000000 -0.998839 0.048178
1297.120000 8.725110 -18.619400 0.000000 0.000000 0.000000 -0.998982 0.045106
1297.310000 8.607000 -18.630200 0.000000 0.000000 0.000000 -0.999241 0.038966
1298.270000 8.547100 -18.634900 0.000000 0.000000 0.000000 -0.999356 0.035894
1298.310000 8.314030 -18.647900 0.000000 0.000000 0.000000 -0.999896 0.014391
1299.320000 8.258980 -18.649700 0.000000 0.000000 0.000000 -0.999966 0.008246
1299.550000 8.204900 -18.651700 0.000000 0.000000 0.000000 -0.999936 0.011321
1300.050000 7.913130 -18.660400 0.000000 0.000000 0.000000 -0.999896 0.014391
1300.130000 7.865330 -18.662700 0.000000 0.000000 0.000000 -0.999064 0.043253
1300.600000 7.811000 -18.669100 0.000000 0.000000 0.000000 -0.998779 0.049396
1300.620000 7.755690 -18.675300 0.000000 0.000000 0.000000 -0.998623 0.052462
1300.950000 7.696260 -18.681700 0.000000 0.000000 0.000000 -0.998282 0.058598
1301.150000 7.634280 -18.690600 0.000000 0.000000 0.000000 -0.997903 0.064731
1301.330000 7.521100 -18.705600 0.000000 0.000000 0.000000 -0.997903 0.064731
1302.330000 7.466570 -18.713000 0.000000 0.000000 0.000000 -0.997903 0.064731
1302.350000 7.406740 -18.721400 0.000000 0.000000 0.000000 -0.997903 0.064731
1302.490000 7.175490 -18.750300 0.000000 0.000000 0.000000 -0.998779 0.049396
1303.070000 7.111940 -18.756900 0.000000 0.000000 0.000000 -0.998779 0.049396
1303.090000 7.055840 -18.761900 0.000000 0.000000 0.000000 -0.998926 0.046325
1303.310000 6.945410 -18.773400 0.000000 0.000000 0.000000 -0.998926 0.046325
1303.860000 6.938210 -18.812300 0.000000 0.000000 0.000000 -0.995982 0.089551
1303.950000 6.880410 -18.823200 0.000000 0.000000 0.000000 -0.995703 0.092608
1304.170000 6.826710 -18.833600 0.000000 0.000000 0.000000 -0.995703 0.092608
1304.350000 6.710860 -18.857400 0.000000 0.000000 0.000000 -0.995115 0.098725
1304.800000 6.650830 -18.870100 0.000000 0.000000 0.000000 -0.994489 0.104843
1304.920000 6.543040 -18.893900 0.000000 0.000000 0.000000 -0.994162 0.107896
1305.350000 6.485000 -18.906800 0.000000 0.000000 0.000000 -0.993826 0.110952
1305.490000 6.368780 -18.933600 0.000000 0.000000 0.000000 -0.994162 0.107896
1306.060000 6.315940 -18.945200 0.000000 0.000000 0.000000 -0.994489 0.104843
1306.080000 6.261990 -18.957600 0.000000 0.000000 0.000000 -0.994806 0.101785
1306.100000 6.199970 -18.970000 0.000000 0.000000 0.000000 -0.995115 0.098725
1306.520000 6.140930 -18.982800 0.000000 0.000000 0.000000 -0.995413 0.095670
1306.540000 6.087230 -18.993200 0.000000 0.000000 0.000000 -0.995703 0.092608
1306.960000 6.032530 -19.003500 0.000000 0.000000 0.000000 -0.995703 0.092608
1307.120000 5.974730 -19.014400 0.000000 0.000000 0.000000 -0.995703 0.092608
1307.140000 5.946040 -19.015200 0.000000 0.000000 0.000000 -0.993894 0.110341
1307.310000 5.890740 -19.028700 0.000000 0.000000 0.000000 -0.993894 0.110341
1308.640000 5.836520 -19.041200 0.000000 0.000000 0.000000 -0.993894 0.110341
1308.660000 5.782380 -19.052800 0.000000 0.000000 0.000000 -0.994228 0.107284
1309.140000 5.494420 -19.113300 0.000000 0.000000 0.000000 -0.996037 0.088939
1309.290000 5.319220 -19.145000 0.000000 0.000000 0.000000 -0.996565 0.082816
1309.630000 5.262260 -19.154300 0.000000 0.000000 0.000000 -0.997055 0.076691
1309.960000 5.207290 -19.163800 0.000000 0.000000 0.000000 -0.997055 0.076691
1310.120000 5.174740 -19.169200 0.000000 0.000000 0.000000 -0.996565 0.082816
1310.140000 5.168670 -19.169700 0.000000 0.000000 0.000000 -0.996306 0.085875
1310.340000 5.171750 -19.168900 0.000000 0.000000 0.000000 -0.995175 0.098118
1311.360000 5.170670 -19.169800 0.000000 0.000000 0.000000 -0.994228 0.107284
1311.370000 5.170670 -19.169800 0.000000 0.000000 0.000000 -0.991691 0.128644
1311.520000 5.165440 -19.172400 0.000000 0.000000 0.000000 -0.947439 0.319935
1312.050000 5.145510 -19.196700 0.000000 0.000000 0.000000 -0.931907 0.362698
1312.070000 5.145510 -19.196700 0.000000 0.000000 0.000000 -0.909155 0.416458
1312.150000 5.144330 -19.198600 0.000000 0.000000 0.000000 -0.890403 0.455173
1312.510000 5.142160 -19.200400 0.000000 0.000000 0.000000 -0.876000 0.482311
1312.530000 5.141980 -19.202400 0.000000 0.000000 0.000000 -0.854447 0.519539
1313.620000 5.140810 -19.204300 0.000000 0.000000 0.000000 -0.824419 0.565980
1313.640000 5.242630 -19.251400 0.000000 0.000000 0.000000 -0.763141 0.646232
1313.660000 5.236710 -19.288000 0.000000 0.000000 0.000000 -0.765125 0.643882
1313.860000 5.224020 -19.359900 0.000000 0.000000 0.000000 -0.765125 0.643882
1314.190000 5.211380 -19.439000 0.000000 0.000000 0.000000 -0.763141 0.646232
1315.430000 5.193830 -19.539500 0.000000 0.000000 0.000000 -0.771026 0.636804
1316.590000 5.158820 -19.852600 0.000000 0.000000 0.000000 -0.730460 0.682956
1316.830000 5.136300 -20.170500 0.000000 0.000000 0.000000 -0.738801 0.673923
1316.850000 5.130290 -20.230200 0.000000 0.000000 0.000000 -0.742929 0.669371
1316.990000 5.293640 -20.245800 0.000000 0.000000 0.000000 -0.698139 0.715962
1317.530000 5.295750 -20.302800 0.000000 0.000000 0.000000 -0.700337 0.713812
1317.540000 5.295800 -20.330800 0.000000 0.000000 0.000000 -0.702525 0.711659
1317.900000 5.296900 -20.385800 0.000000 0.000000 0.000000 -0.706889 0.707325
1318.170000 5.297010 -20.443800 0.000000 0.000000 0.000000 -0.709057 0.705151
1318.190000 5.296120 -20.502800 0.000000 0.000000 0.000000 -0.713377 0.700781
1318.340000 5.294340 -20.619800 0.000000 0.000000 0.000000 -0.717670 0.696384
1319.270000 5.292450 -20.678800 0.000000 0.000000 0.000000 -0.719808 0.694174
1319.280000 5.290550 -20.734800 0.000000 0.000000 0.000000 -0.721935 0.691961
1320.420000 5.276980 -20.965900 0.000000 0.000000 0.000000 -0.732482 0.680787
1320.660000 5.273080 -21.021900 0.000000 0.000000 0.000000 -0.734572 0.678531
1321.250000 5.264290 -21.136900 0.000000 0.000000 0.000000 -0.736651 0.676273
1321.440000 5.282990 -21.465100 0.000000 0.000000 0.000000 -0.729961 0.683489
1322.340000 5.279240 -21.520600 0.000000 0.000000 0.000000 -0.734147 0.678990
1322.430000 5.256930 -21.752000 0.000000 0.000000 0.000000 -0.748581 0.663043
1322.950000 5.250190 -21.807700 0.000000 0.000000 0.000000 -0.752642 0.658430
1323.060000 5.236310 -21.901000 0.000000 0.000000 0.000000 -0.756673 0.653793
1323.370000 5.235850 -21.908000 0.000000 0.000000 0.000000 -0.758680 0.651463
1323.460000 5.236390 -21.902000 0.000000 0.000000 0.000000 -0.758680 0.651463
1324.070000 5.236470 -21.903000 0.000000 0.000000 0.000000 -0.756673 0.653793
1324.080000 5.236540 -21.904000 0.000000 0.000000 0.000000 -0.756673 0.653793
1324.230000 5.236540 -21.904000 0.000000 0.000000 0.000000 -0.742436 0.669917
1324.430000 5.236620 -21.905000 0.000000 0.000000 0.000000 -0.723628 0.690190
1324.880000 5.236620 -21.905000 0.000000 0.000000 0.000000 -0.693276 0.720672
1325.200000 5.237160 -21.912000 0.000000 0.000000 0.000000 -0.602149 0.798384
1325.260000 5.272570 -21.913800 0.000000 0.000000 0.000000 -0.586414 0.810011
1325.830000 5.272510 -21.912800 0.000000 0.000000 0.000000 -0.553599 0.832783
1325.840000 5.272510 -21.912800 0.000000 0.000000 0.000000 -0.498749 0.866746
1326.170000 5.273570 -21.913700 0.000000 0.000000 0.000000 -0.422422 0.906399
1326.250000 5.274690 -21.915600 0.000000 0.000000 0.000000 -0.385888 0.922546
1326.860000 5.333820 -21.856600 0.000000 0.000000 0.000000 -0.357666 0.933850
1327.050000 5.339930 -21.861500 0.000000 0.000000 0.000000 -0.222541 0.974923
1327.380000 5.341930 -21.861500 0.000000 0.000000 0.000000 -0.183429 0.983033
1327.460000 5.343960 -21.862400 0.000000 0.000000 0.000000 -0.137941 0.990440
1327.850000 5.369220 -21.836000 0.000000 0.000000 0.000000 -0.095813 0.995399
1328.070000 5.373220 -21.835900 0.000000 0.000000 0.000000 -0.003778 0.999993
1328.430000 5.375220 -21.835800 0.000000 0.000000 0.000000 0.036161 0.999346
1328.450000 5.377220 -21.835800 0.000000 0.000000 0.000000 0.079104 0.996866
1328.630000 5.379220 -21.835700 0.000000 0.000000 0.000000 0.131046 0.991376
1329.020000 5.366650 -21.775100 0.000000 0.000000 0.000000 0.171534 0.985178
1329.040000 5.369640 -21.774100 0.000000 0.000000 0.000000 0.207736 0.978185
1329.290000 5.372620 -21.772100 0.000000 0.000000 0.000000 0.246634 0.969109
1330.490000 5.374600 -21.771100 0.000000 0.000000 0.000000 0.299831 0.953992
1330.500000 5.378570 -21.768000 0.000000 0.000000 0.000000 0.349233 0.937036
1330.850000 5.348140 -21.717200 0.000000 0.000000 0.000000 0.505788 0.862658
1330.960000 5.348140 -21.717200 0.000000 0.000000 0.000000 0.539834 0.841771
1331.280000 5.349110 -21.714200 0.000000 0.000000 0.000000 0.617449 0.786611
1331.320000 5.304410 -21.702600 0.000000 0.000000 0.000000 0.639936 0.768428
1331.520000 5.304470 -21.698600 0.000000 0.000000 0.000000 0.674664 0.738125
1331.900000 5.304510 -21.695600 0.000000 0.000000 0.000000 0.705781 0.708430
1332.140000 5.301030 -21.657500 0.000000 0.000000 0.000000 0.766025 0.642810
1332.580000 5.287770 -21.602300 0.000000 0.000000 0.000000 0.792962 0.609271
1332.610000 5.225060 -21.551000 0.000000 0.000000 0.000000 0.810266 0.586063
1332.660000 5.205280 -21.488900 0.000000 0.000000 0.000000 0.808462 0.588548
1333.050000 5.189040 -21.438500 0.000000 0.000000 0.000000 0.806649 0.591031
1333.280000 5.157680 -21.340800 0.000000 0.000000 0.000000 0.806649 0.591031
1333.790000 5.138860 -21.277600 0.000000 0.000000 0.000000 0.793753 0.608240
1333.900000 5.124080 -21.215200 0.000000 0.000000 0.000000 0.772742 0.634720
1334.220000 5.109300 -21.107700 0.000000 0.000000 0.000000 0.738549 0.674200
1334.240000 5.104820 -21.051900 0.000000 0.000000 0.000000 0.738549 0.674200
1335.250000 5.099160 -20.992100 0.000000 0.000000 0.000000 0.740618 0.671926
1335.260000 5.093460 -20.931300 0.000000 0.000000 0.000000 0.738549 0.674200
1335.440000 5.083510 -20.819600 0.000000 0.000000 0.000000 0.738549 0.674200
1335.460000 5.078030 -20.763800 0.000000 0.000000 0.000000 0.740618 0.671926
1336.600000 5.066720 -20.644200 0.000000 0.000000 0.000000 0.740618 0.671926
1337.610000 5.066890 -20.411000 0.000000 0.000000 0.000000 0.747417 0.664356
1337.960000 5.041340 -20.180100 0.000000 0.000000 0.000000 0.743320 0.668936
1338.500000 5.034960 -20.122300 0.000000 0.000000 0.000000 0.743320 0.668936
1338.550000 5.028630 -20.065600 0.000000 0.000000 0.000000 0.747417 0.664356
1338.560000 5.006410 -19.891600 0.000000 0.000000 0.000000 0.753507 0.657440
1338.630000 4.998080 -19.835000 0.000000 0.000000 0.000000 0.757533 0.652797
1338.990000 4.989820 -19.779400 0.000000 0.000000 0.000000 0.757533 0.652797
1339.010000 4.982610 -19.724700 0.000000 0.000000 0.000000 0.757533 0.652797
1339.170000 4.974160 -19.666100 0.000000 0.000000 0.000000 0.755525 0.655120
1339.610000 4.906160 -19.639600 0.000000 0.000000 0.000000 0.778928 0.627113
1339.810000 4.888060 -19.529000 0.000000 0.000000 0.000000 0.743069 0.669215
1340.260000 4.883470 -19.470000 0.000000 0.000000 0.000000 0.730607 0.682799
1340.340000 4.876980 -19.380900 0.000000 0.000000 0.000000 0.734789 0.678296
1340.770000 4.871880 -19.325000 0.000000 0.000000 0.000000 0.736871 0.676033
1340.820000 4.867450 -19.266900 0.000000 0.000000 0.000000 0.736871 0.676033
1340.900000 4.862530 -19.205900 0.000000 0.000000 0.000000 0.734789 0.678296
1341.450000 4.857430 -19.150000 0.000000 0.000000 0.000000 0.736871 0.676033
1341.510000 4.855690 -19.127000 0.000000 0.000000 0.000000 0.738943 0.673768
1341.660000 4.845160 -19.013200 0.000000 0.000000 0.000000 0.741011 0.671493
1342.040000 4.839100 -18.951400 0.000000 0.000000 0.000000 0.741011 0.671493
1342.090000 4.832200 -18.890700 0.000000 0.000000 0.000000 0.741011 0.671493
1342.280000 4.827430 -18.836700 0.000000 0.000000 0.000000 0.745124 0.666927
1342.790000 4.821160 -18.786100 0.000000 0.000000 0.000000 0.747167 0.664636
1342.800000 4.817640 -18.752200 0.000000 0.000000 0.000000 0.749208 0.662335
1342.850000 4.817160 -18.749300 0.000000 0.000000 0.000000 0.743069 0.669215
1343.220000 4.816980 -18.754300 0.000000 0.000000 0.000000 0.745124 0.666927
1343.230000 4.817300 -18.756300 0.000000 0.000000 0.000000 0.743069 0.669215
1343.340000 4.817300 -18.756300 0.000000 0.000000 0.000000 0.743069 0.669215
1343.850000 4.817300 -18.756300 0.000000 0.000000 0.000000 0.743069 0.669215
1343.860000 4.817300 -18.756300 0.000000 0.000000 0.000000 0.743069 0.669215
1343.940000 4.817140 -18.755300 0.000000 0.000000 0.000000 0.745124 0.666927
1344.060000 4.817140 -18.755300 0.000000 0.000000 0.000000 0.745124 0.666927
1344.260000 4.817140 -18.755300 0.000000 0.000000 0.000000 0.745124 0.666927
1344.510000 4.817140 -18.755300 0.000000 0.000000 0.000000 0.749208 0.662335
1344.960000 4.817140 -18.755300 0.000000 0.000000 0.000000 0.755282 0.655399
1345.110000 4.816980 -18.754300 0.000000 0.000000 0.000000 0.792236 0.610215
1345.540000 4.816490 -18.751400 0.000000 0.000000 0.000000 0.821268 0.570543
1345.550000 4.779630 -18.751700 0.000000 0.000000 0.000000 0.868246 0.496135
1345.660000 4.778440 -18.751000 0.000000 0.000000 0.000000 0.892965 0.450126
1345.980000 4.779630 -18.751700 0.000000 0.000000 0.000000 0.905070 0.425262
1346.060000 4.778440 -18.751000 0.000000 0.000000 0.000000 0.923703 0.383110
1346.330000 4.778230 -18.750000 0.000000 0.000000 0.000000 0.945490 0.325652
1346.460000 4.763590 -18.783300 0.000000 0.000000 0.000000 0.956853 0.290574
1346.970000 4.763800 -18.784300 0.000000 0.000000 0.000000 0.966126 0.258072
1347.060000 4.763590 -18.783300 0.000000 0.000000 0.000000 0.988710 0.149840
1347.560000 4.763800 -18.784300 0.000000 0.000000 0.000000 0.993562 0.113288
1347.570000 4.761630 -18.783700 0.000000 0.000000 0.000000 0.996823 0.079647
1347.660000 4.745210 -18.862200 0.000000 0.000000 0.000000 0.996574 0.082712
1348.270000 4.721610 -18.857000 0.000000 0.000000 0.000000 0.996046 0.088834
1348.280000 4.663240 -18.846900 0.000000 0.000000 0.000000 0.996574 0.082712
1348.460000 4.513890 -18.822400 0.000000 0.000000 0.000000 0.996315 0.085771
1348.790000 4.467110 -18.813900 0.000000 0.000000 0.000000 0.995769 0.091892
1348.910000 4.422080 -18.804000 0.000000 0.000000 0.000000 0.994879 0.101068
1349.300000 4.366640 -18.793300 0.000000 0.000000 0.000000 0.995186 0.098009
1349.460000 4.235110 -18.766000 0.000000 0.000000 0.000000 0.994565 0.104122
1349.860000 4.184770 -18.755300 0.000000 0.000000 0.000000 0.993905 0.110237
1349.880000 4.137370 -18.743900 0.000000 0.000000 0.000000 0.993209 0.116342
1350.060000 4.082290 -18.730000 0.000000 0.000000 0.000000 0.992476 0.122443
1350.450000 4.016380 -18.713300 0.000000 0.000000 0.000000 0.992095 0.125490
1350.460000 3.957950 -18.698100 0.000000 0.000000 0.000000 0.992095 0.125490
1351.060000 3.906990 -18.684400 0.000000 0.000000 0.000000 0.991704 0.128540
1351.120000 3.856030 -18.670700 0.000000 0.000000 0.000000 0.991305 0.131584
1351.260000 3.737570 -18.637600 0.000000 0.000000 0.000000 0.990477 0.137678
1351.640000 3.730050 -18.714200 0.000000 0.000000 0.000000 0.996864 0.079134
1351.760000 3.700010 -18.709500 0.000000 0.000000 0.000000 0.997551 0.069939
1351.860000 3.694630 -18.709200 0.000000 0.000000 0.000000 0.998154 0.060739
1352.210000 3.702540 -18.710700 0.000000 0.000000 0.000000 0.998671 0.051538
1352.270000 3.718660 -18.711700 0.000000 0.000000 0.000000 0.999229 0.039261
1353.140000 3.737950 -18.712700 0.000000 0.000000 0.000000 0.999636 0.026973
1353.150000 3.759450 -18.714000 0.000000 0.000000 0.000000 0.999783 0.020830
1353.290000 3.761670 -18.714300 0.000000 0.000000 0.000000 0.999842 0.017760
1353.460000 3.750920 -18.713600 0.000000 0.000000 0.000000 -0.999977 0.006821
1353.990000 3.741750 -18.714600 0.000000 0.000000 0.000000 -0.999045 0.043682
1354.000000 3.736690 -18.715200 0.000000 0.000000 0.000000 -0.995691 0.092728
1354.080000 3.735740 -18.715500 0.000000 0.000000 0.000000 -0.990362 0.138505
1354.540000 3.734790 -18.715800 0.000000 0.000000 0.000000 -0.983821 0.179154
1355.260000 3.813920 -18.751500 0.000000 0.000000 0.000000 -0.965700 0.259661
1355.770000 3.812260 -18.753000 0.000000 0.000000 0.000000 -0.901732 0.432295
1355.860000 3.751670 -18.748300 0.000000 0.000000 0.000000 -0.856123 0.516772
1356.370000 3.750970 -18.749500 0.000000 0.000000 0.000000 -0.833106 0.553113
1356.510000 3.750970 -18.749500 0.000000 0.000000 0.000000 -0.782496 0.622655
1357.080000 3.750970 -18.749500 0.000000 0.000000 0.000000 -0.748916 0.662665
1357.090000 3.818480 -18.823900 0.000000 0.000000 0.000000 -0.719867 0.694113
1357.310000 3.822530 -18.888900 0.000000 0.000000 0.000000 -0.673608 0.739089
1357.880000 3.828280 -18.956600 0.000000 0.000000 0.000000 -0.678137 0.734935
1357.890000 3.834530 -19.030300 0.000000 0.000000 0.000000 -0.680394 0.732847
1357.910000 3.838550 -19.087000 0.000000 0.000000 0.000000 -0.684884 0.728652
1358.190000 3.841580 -19.135800 0.000000 0.000000 0.000000 -0.698200 0.715903
1358.260000 3.841940 -19.182100 0.000000 0.000000 0.000000 -0.706945 0.707268
1359.120000 3.842340 -19.244900 0.000000 0.000000 0.000000 -0.709117 0.705091
1359.130000 3.841800 -19.316200 0.000000 0.000000 0.000000 -0.709117 0.705091
1359.270000 3.841590 -19.425600 0.000000 0.000000 0.000000 -0.711282 0.702907
1359.500000 3.840650 -19.536200 0.000000 0.000000 0.000000 -0.711282 0.702907
1360.060000 3.839370 -19.604600 0.000000 0.000000 0.000000 -0.713436 0.700720
1360.260000 3.837590 -19.764900 0.000000 0.000000 0.000000 -0.715588 0.698523
1360.600000 3.836300 -19.829200 0.000000 0.000000 0.000000 -0.719867 0.694113
1360.660000 3.939890 -19.828700 0.000000 0.000000 0.000000 -0.688515 0.725222
1361.080000 3.942180 -19.884900 0.000000 0.000000 0.000000 -0.708306 0.705906
1361.100000 3.940740 -19.937300 0.000000 0.000000 0.000000 -0.725445 0.688281
1361.280000 3.936530 -19.990800 0.000000 0.000000 0.000000 -0.746246 0.665670
1361.770000 3.927700 -20.051600 0.000000 0.000000 0.000000 -0.764368 0.644781
1361.860000 3.908170 -20.168500 0.000000 0.000000 0.000000 -0.766347 0.642427
1362.300000 3.898400 -20.224200 0.000000 0.000000 0.000000 -0.766347 0.642427
1362.350000 3.888620 -20.280000 0.000000 0.000000 0.000000 -0.768315 0.640072
1362.460000 3.878670 -20.337900 0.000000 0.000000 0.000000 -0.770280 0.637706
1363.060000 3.867960 -20.394100 0.000000 0.000000 0.000000 -0.776124 0.630581
1363.270000 3.831220 -20.564300 0.000000 0.000000 0.000000 -0.781904 0.623398
1363.580000 3.818280 -20.620300 0.000000 0.000000 0.000000 -0.783818 0.620991
1364.360000 3.806280 -20.675900 0.000000 0.000000 0.000000 -0.785720 0.618582
1364.640000 3.746040 -20.871900 0.000000 0.000000 0.000000 -0.778254 0.627950
1364.660000 3.734170 -20.927900 0.000000 0.000000 0.000000 -0.780178 0.625558
1365.070000 3.721800 -20.985100 0.000000 0.000000 0.000000 -0.782098 0.623156
1365.090000 3.708520 -21.042800 0.000000 0.000000 0.000000 -0.780178 0.625558
1365.240000 3.696640 -21.098800 0.000000 0.000000 0.000000 -0.780178 0.625558
1365.860000 3.684930 -21.150300 0.000000 0.000000 0.000000 -0.780178 0.625558
1366.080000 3.647740 -21.324300 0.000000 0.000000 0.000000 -0.780178 0.625558
1366.320000 3.635530 -21.377200 0.000000 0.000000 0.000000 -0.782098 0.623156
1366.370000 3.623240 -21.432200 0.000000 0.000000 0.000000 -0.782098 0.623156
1366.800000 3.610790 -21.491700 0.000000 0.000000 0.000000 -0.782098 0.623156
1366.920000 3.592070 -21.576100 0.000000 0.000000 0.000000 -0.782098 0.623156
1367.360000 3.579370 -21.630200 0.000000 0.000000 0.000000 -0.782098 0.623156
1367.540000 3.552310 -21.746900 0.000000 0.000000 0.000000 -0.787810 0.615919
1367.840000 3.632510 -21.744600 0.000000 0.000000 0.000000 -0.768392 0.639979
1367.880000 3.621880 -21.801300 0.000000 0.000000 0.000000 -0.770356 0.637613
1368.440000 3.617220 -21.828700 0.000000 0.000000 0.000000 -0.770356 0.637613
1368.460000 3.606530 -21.883100 0.000000 0.000000 0.000000 -0.774260 0.632868
1369.320000 3.582680 -22.000000 0.000000 0.000000 0.000000 -0.778134 0.628098
1369.440000 3.544030 -22.167900 0.000000 0.000000 0.000000 -0.787693 0.616068
1369.620000 3.522970 -22.253900 0.000000 0.000000 0.000000 -0.785795 0.618487
1370.370000 3.522200 -22.258800 0.000000 0.000000 0.000000 -0.789580 0.613647
1370.520000 3.546510 -22.159800 0.000000 0.000000 0.000000 -0.785795 0.618487
1370.960000 3.562620 -22.090000 0.000000 0.000000 0.000000 -0.787693 0.616068
1371.120000 3.585330 -21.998600 0.000000 0.000000 0.000000 -0.795205 0.606341
1371.610000 3.598830 -21.949500 0.000000 0.000000 0.000000 -0.797062 0.603897
1371.820000 3.617710 -21.882800 0.000000 0.000000 0.000000 -0.798916 0.601443
1372.560000 3.636220 -21.819700 0.000000 0.000000 0.000000 -0.802596 0.596523
1373.220000 3.695140 -21.603300 0.000000 0.000000 0.000000 -0.818784 0.574101
1373.410000 3.698080 -21.596000 0.000000 0.000000 0.000000 -0.818784 0.574101
1373.510000 3.695550 -21.601900 0.000000 0.000000 0.000000 -0.820546 0.571581
1373.520000 3.696430 -21.601400 0.000000 0.000000 0.000000 -0.820546 0.571581
1374.220000 3.696430 -21.601400 0.000000 0.000000 0.000000 -0.824043 0.566528
1374.320000 3.695960 -21.600600 0.000000 0.000000 0.000000 -0.844366 0.535767
1374.530000 3.695960 -21.600600 0.000000 0.000000 0.000000 -0.857281 0.514849
1374.820000 3.696430 -21.601400 0.000000 0.000000 0.000000 -0.869676 0.493623
1374.930000 3.696430 -21.601400 0.000000 0.000000 0.000000 -0.882993 0.469387
1375.250000 3.695550 -21.601900 0.000000 0.000000 0.000000 -0.896998 0.442035
1375.380000 3.696840 -21.600100 0.000000 0.000000 0.000000 -0.910154 0.414271
1375.820000 3.697730 -21.599600 0.000000 0.000000 0.000000 -0.918853 0.394599
1375.920000 3.657990 -21.599800 0.000000 0.000000 0.000000 -0.935434 0.353501
1376.350000 3.658860 -21.599300 0.000000 0.000000 0.000000 -0.945852 0.324598
1376.590000 3.658860 -21.599300 0.000000 0.000000 0.000000 -0.965618 0.259965
1377.030000 3.658860 -21.599300 0.000000 0.000000 0.000000 -0.972723 0.231969
1377.050000 3.658860 -21.599300 0.000000 0.000000 0.000000 -0.978132 0.207987
1377.120000 3.658860 -21.599300 0.000000 0.000000 0.000000 -0.982948 0.183884
1377.480000 3.658860 -21.599300 0.000000 0.000000 0.000000 -0.988134 0.153596
1377.570000 3.658860 -21.599300 0.000000 0.000000 0.000000 -0.992386 0.123168
1377.970000 3.635780 -21.449300 0.000000 0.000000 0.000000 -0.993888 0.110391
1378.010000 3.636630 -21.448800 0.000000 0.000000 0.000000 -0.996033 0.088988
1378.120000 3.638010 -21.449100 0.000000 0.000000 0.000000 -0.997919 0.064482
1378.530000 3.638010 -21.449100 0.000000 0.000000 0.000000 -0.999320 0.036863
1378.550000 3.635780 -21.449300 0.000000 0.000000 0.000000 -0.999995 0.003071
1379.230000 3.634400 -21.449000 0.000000 0.000000 0.000000 0.999528 0.030726
1379.370000 3.630290 -21.447900 0.000000 0.000000 0.000000 0.992828 0.119555
1379.990000 3.600930 -21.458900 0.000000 0.000000 0.000000 0.989890 0.141836
1380.170000 3.600930 -21.458900 0.000000 0.000000 0.000000 0.973340 0.229366
1380.550000 3.600930 -21.458900 0.000000 0.000000 0.000000 0.965835 0.259159
1380.560000 3.599560 -21.458500 0.000000 0.000000 0.000000 0.957416 0.288712
1381.270000 3.597670 -21.457300 0.000000 0.000000 0.000000 0.950031 0.312156
1381.320000 3.634220 -21.418300 0.000000 0.000000 0.000000 0.923350 0.383960
1381.660000 3.633680 -21.417500 0.000000 0.000000 0.000000 0.913632 0.406542
1382.260000 3.633680 -21.417500 0.000000 0.000000 0.000000 0.898025 0.439944
1383.220000 3.634220 -21.418300 0.000000 0.000000 0.000000 0.860049 0.510212
1383.230000 3.634220 -21.418300 0.000000 0.000000 0.000000 0.828814 0.559524
1383.370000 3.665320 -21.391800 0.000000 0.000000 0.000000 0.777500 0.628883
1383.820000 3.662180 -21.376000 0.000000 0.000000 0.000000 0.755803 0.654799
1383.920000 3.655610 -21.257500 0.000000 0.000000 0.000000 0.716310 0.697782
1384.320000 3.652400 -21.180900 0.000000 0.000000 0.000000 0.722710 0.691152
1384.340000 3.650050 -21.124000 0.000000 0.000000 0.000000 0.720585 0.693367
1384.520000 3.648410 -21.077400 0.000000 0.000000 0.000000 0.716310 0.697782
1385.010000 3.647360 -21.028000 0.000000 0.000000 0.000000 0.718449 0.695580
1385.020000 3.644810 -20.965300 0.000000 0.000000 0.000000 0.716310 0.697782
1385.120000 3.643430 -20.897000 0.000000 0.000000 0.000000 0.716310 0.697782
1385.800000 3.641970 -20.836000 0.000000 0.000000 0.000000 0.716310 0.697782
1386.030000 3.645620 -20.676300 0.000000 0.000000 0.000000 0.672103 0.740458
1386.360000 3.653630 -20.611500 0.000000 0.000000 0.000000 0.656021 0.754742
1386.520000 3.744960 -20.555100 0.000000 0.000000 0.000000 0.669128 0.743147
1386.950000 3.750790 -20.501600 0.000000 0.000000 0.000000 0.666840 0.745201
1386.960000 3.756840 -20.443000 0.000000 0.000000 0.000000 0.669128 0.743147
1387.120000 3.763420 -20.381600 0.000000 0.000000 0.000000 0.669128 0.743147
1387.500000 3.768900 -20.322200 0.000000 0.000000 0.000000 0.671406 0.741089
1387.520000 3.774430 -20.266400 0.000000 0.000000 0.000000 0.671406 0.741089
1387.970000 3.779960 -20.210600 0.000000 0.000000 0.000000 0.669128 0.743147
1388.010000 3.786570 -20.152800 0.000000 0.000000 0.000000 0.671406 0.741089
1388.120000 3.792320 -20.092000 0.000000 0.000000 0.000000 0.673682 0.739021
1388.930000 3.796990 -20.033200 0.000000 0.000000 0.000000 0.678211 0.734868
1388.970000 3.801420 -19.979300 0.000000 0.000000 0.000000 0.680467 0.732779
1389.230000 3.805000 -19.922400 0.000000 0.000000 0.000000 0.680467 0.732779
1389.370000 3.817600 -19.745600 0.000000 0.000000 0.000000 0.684957 0.728583
1390.580000 3.820910 -19.690100 0.000000 0.000000 0.000000 0.684957 0.728583
1390.590000 3.824740 -19.631800 0.000000 0.000000 0.000000 0.684957 0.728583
1390.890000 3.759040 -19.371300 0.000000 0.000000 0.000000 0.705001 0.709206
1390.930000 3.759440 -19.311500 0.000000 0.000000 0.000000 0.707179 0.707035
1391.060000 3.758870 -19.253700 0.000000 0.000000 0.000000 0.707179 0.707035
1391.920000 3.759600 -19.225300 0.000000 0.000000 0.000000 0.707179 0.707035
1391.970000 3.759030 -19.167500 0.000000 0.000000 0.000000 0.707179 0.707035
1391.980000 3.759250 -19.109100 0.000000 0.000000 0.000000 0.707179 0.707035
1392.240000 3.759700 -18.992200 0.000000 0.000000 0.000000 0.705001 0.709206
1392.340000 3.759860 -18.906000 0.000000 0.000000 0.000000 0.707179 0.707035
1392.850000 3.759470 -18.846800 0.000000 0.000000 0.000000 0.705001 0.709206
1392.860000 3.760480 -18.787800 0.000000 0.000000 0.000000 0.707179 0.707035
1392.930000 3.759820 -18.736400 0.000000 0.000000 0.000000 0.707179 0.707035
1393.350000 3.759760 -18.708600 0.000000 0.000000 0.000000 0.709346 0.704860
1393.370000 3.760290 -18.704400 0.000000 0.000000 0.000000 0.709346 0.704860
1393.470000 3.759760 -18.708600 0.000000 0.000000 0.000000 0.713664 0.700488
1393.910000 3.760550 -18.708000 0.000000 0.000000 0.000000 0.717955 0.696090
1393.960000 3.759930 -18.707200 0.000000 0.000000 0.000000 0.728565 0.684976
1394.020000 3.759930 -18.707200 0.000000 0.000000 0.000000 0.736928 0.675971
1394.270000 3.760110 -18.705800 0.000000 0.000000 0.000000 0.759351 0.650681
1395.520000 3.759060 -18.702800 0.000000 0.000000 0.000000 0.790411 0.612577
1395.530000 3.758190 -18.698400 0.000000 0.000000 0.000000 0.828268 0.560332
1395.820000 3.657260 -18.732600 0.000000 0.000000 0.000000 0.921591 0.388162
1395.840000 3.657260 -18.732600 0.000000 0.000000 0.000000 0.936357 0.351049
1395.930000 3.657260 -18.732600 0.000000 0.000000 0.000000 0.952478 0.304608
1396.480000 3.657260 -18.732600 0.000000 0.000000 0.000000 0.966297 0.257430
1396.490000 3.654360 -18.783800 0.000000 0.000000 0.000000 0.975491 0.220041
1396.780000 3.655760 -18.784000 0.000000 0.000000 0.000000 0.984051 0.177885
1397.180000 3.655760 -18.784000 0.000000 0.000000 0.000000 0.991202 0.132357
1397.190000 3.658570 -18.784400 0.000000 0.000000 0.000000 0.999178 0.040550
1397.400000 3.657770 -18.785000 0.000000 0.000000 0.000000 0.999917 0.012906
1397.970000 3.572940 -18.785700 0.000000 0.000000 0.000000 -0.998166 0.060539
1398.140000 3.496800 -18.794500 0.000000 0.000000 0.000000 -0.998347 0.057470
1398.520000 3.432240 -18.802100 0.000000 0.000000 0.000000 -0.998519 0.054404
1398.540000 3.380080 -18.807800 0.000000 0.000000 0.000000 -0.998682 0.051334
1398.930000 3.332500 -18.811300 0.000000 0.000000 0.000000 -0.998834 0.048268
1398.940000 3.278930 -18.816900 0.000000 0.000000 0.000000 -0.998682 0.051334
1399.420000 3.215170 -18.823900 0.000000 0.000000 0.000000 -0.998347 0.057470
1399.430000 3.149820 -18.832100 0.000000 0.000000 0.000000 -0.998166 0.060539
1399.540000 3.092660 -18.837800 0.000000 0.000000 0.000000 -0.998347 0.057470
1400.080000 3.044090 -18.843300 0.000000 0.000000 0.000000 -0.998519 0.054404
1400.140000 2.925360 -18.855700 0.000000 0.000000 0.000000 -0.998682 0.051334
1401.630000 2.861000 -18.861900 0.000000 0.000000 0.000000 -0.998834 0.048268
1401.640000 2.805240 -18.867800 0.000000 0.000000 0.000000 -0.998682 0.051334
1401.650000 2.753070 -18.873500 0.000000 0.000000 0.000000 -0.998682 0.051334
1401.830000 2.568010 -19.054200 0.000000 0.000000 0.000000 -0.999653 0.026348
1401.850000 2.512730 -19.056300 0.000000 0.000000 0.000000 -0.999901 0.014061
1401.940000 2.453220 -19.058300 0.000000 0.000000 0.000000 -0.999853 0.017130
1402.460000 2.391610 -19.059500 0.000000 0.000000 0.000000 -0.999853 0.017130
1402.540000 2.277550 -19.062900 0.000000 0.000000 0.000000 -0.999853 0.017130
1402.960000 2.222270 -19.065000 0.000000 0.000000 0.000000 -0.999901 0.014061
1402.970000 2.163490 -19.066300 0.000000 0.000000 0.000000 -0.999940 0.010986
1403.140000 2.103300 -19.067500 0.000000 0.000000 0.000000 -0.999988 0.004841
1403.850000 2.044570 -19.067400 0.000000 0.000000 0.000000 0.999999 0.001306
1403.970000 1.872730 -19.064400 0.000000 0.000000 0.000000 0.999861 0.016666
1404.380000 1.815520 -19.061500 0.000000 0.000000 0.000000 0.999665 0.025883
1404.540000 1.698340 -19.054200 0.000000 0.000000 0.000000 0.999487 0.032026
1405.050000 1.641190 -19.049900 0.000000 0.000000 0.000000 0.999271 0.038167
1405.190000 1.553680 -19.094500 0.000000 0.000000 0.000000 -0.999881 0.015446
1405.550000 1.493490 -19.096200 0.000000 0.000000 0.000000 -0.999957 0.009301
1405.560000 1.433950 -19.097200 0.000000 0.000000 0.000000 -0.999957 0.009301
1405.760000 1.377230 -19.097900 0.000000 0.000000 0.000000 -0.999981 0.006226
1406.210000 1.321920 -19.098500 0.000000 0.000000 0.000000 -0.999995 0.003156
1406.450000 1.204760 -19.098100 0.000000 0.000000 0.000000 0.999958 0.009136
1406.910000 1.147790 -19.096000 0.000000 0.000000 0.000000 0.999926 0.012206
1406.940000 1.091590 -19.094500 0.000000 0.000000 0.000000 0.999883 0.015281
1407.250000 1.028220 -19.092300 0.000000 0.000000 0.000000 0.999883 0.015281
1407.600000 1.036030 -19.092300 0.000000 0.000000 0.000000 0.999926 0.012206
1408.450000 1.014650 -19.091300 0.000000 0.000000 0.000000 0.999770 0.021425
1409.530000 0.765787 -19.078400 0.000000 0.000000 0.000000 0.999620 0.027568
1409.550000 0.720853 -19.075900 0.000000 0.000000 0.000000 0.999323 0.036783
1409.950000 0.519954 -19.025700 0.000000 0.000000 0.000000 0.999422 0.033990
1410.000000 0.469451 -19.022500 0.000000 0.000000 0.000000 0.999522 0.030916
1410.140000 0.360637 -19.015800 0.000000 0.000000 0.000000 0.999765 0.021700
1410.590000 0.293858 -19.012900 0.000000 0.000000 0.000000 0.999765 0.021700
1410.600000 0.233474 -19.010300 0.000000 0.000000 0.000000 0.999693 0.024774
1410.790000 0.180148 -19.007200 0.000000 0.000000 0.000000 0.999612 0.027843
1411.210000 0.130394 -19.004700 0.000000 0.000000 0.000000 0.999612 0.027843
1411.450000 0.005878 -18.996100 0.000000 0.000000 0.000000 0.999313 0.037058
1411.790000 -0.055344 -18.991500 0.000000 0.000000 0.000000 0.999067 0.043198
1411.940000 -0.160849 -18.981000 0.000000 0.000000 0.000000 0.998626 0.052407
1412.320000 -0.220085 -18.974100 0.000000 0.000000 0.000000 0.998285 0.058543
1412.370000 -0.283644 -18.966000 0.000000 0.000000 0.000000 0.997906 0.064676
1412.560000 -0.341557 -18.957600 0.000000 0.000000 0.000000 0.997703 0.067744
1413.130000 -0.320133 -19.012000 0.000000 0.000000 0.000000 0.999505 0.031466
1413.140000 -0.435525 -19.004100 0.000000 0.000000 0.000000 0.999293 0.037607
1413.590000 -0.496921 -18.999200 0.000000 0.000000 0.000000 0.999172 0.040680
1413.770000 -0.608915 -18.990100 0.000000 0.000000 0.000000 0.999172 0.040680
1414.160000 -0.666711 -18.985500 0.000000 0.000000 0.000000 0.999172 0.040680
1414.340000 -0.784503 -18.975800 0.000000 0.000000 0.000000 0.999293 0.037607
1414.800000 -0.837900 -18.971900 0.000000 0.000000 0.000000 0.999403 0.034539
1414.940000 -0.956293 -18.963000 0.000000 0.000000 0.000000 0.999042 0.043752
1415.300000 -1.015690 -18.957200 0.000000 0.000000 0.000000 0.998903 0.046819
1415.340000 -1.070080 -18.951300 0.000000 0.000000 0.000000 0.998755 0.049891
1415.970000 -1.125880 -18.945700 0.000000 0.000000 0.000000 0.998429 0.056027
1416.020000 -1.183870 -18.939700 0.000000 0.000000 0.000000 0.998429 0.056027
1416.100000 -1.301660 -18.925000 0.000000 0.000000 0.000000 0.997871 0.065225
1416.560000 -1.308990 -18.904700 0.000000 0.000000 0.000000 0.998766 0.049671
1416.770000 -1.367670 -18.898000 0.000000 0.000000 0.000000 0.998442 0.055807
1417.130000 -1.396190 -18.895300 0.000000 0.000000 0.000000 0.998608 0.052737
1417.240000 -1.569450 -18.874800 0.000000 0.000000 0.000000 0.998080 0.061942
1417.640000 -1.626170 -18.867000 0.000000 0.000000 0.000000 0.997680 0.068074
1417.810000 -1.742080 -18.849900 0.000000 0.000000 0.000000 0.997010 0.077269
1418.200000 -1.796830 -18.841000 0.000000 0.000000 0.000000 0.996517 0.083394
1418.210000 -1.853230 -18.831100 0.000000 0.000000 0.000000 0.995985 0.089516
1418.360000 -1.912670 -18.820300 0.000000 0.000000 0.000000 0.995416 0.095635
1418.920000 -1.972360 -18.808000 0.000000 0.000000 0.000000 0.994810 0.101750
1419.410000 -2.108540 -18.778000 0.000000 0.000000 0.000000 0.993129 0.117023
1419.520000 -2.179230 -18.760500 0.000000 0.000000 0.000000 0.993484 0.113968
1419.950000 -2.175370 -18.762000 0.000000 0.000000 0.000000 0.993830 0.110918
1420.040000 -2.173160 -18.762300 0.000000 0.000000 0.000000 0.995705 0.092579
1420.490000 -2.173980 -18.761800 0.000000 0.000000 0.000000 0.997243 0.074203
1420.600000 -2.173980 -18.761800 0.000000 0.000000 0.000000 -0.999984 0.005621
1421.000000 -2.177330 -18.763100 0.000000 0.000000 0.000000 -0.997541 0.070089
1421.010000 -2.171800 -18.830500 0.000000 0.000000 0.000000 -0.995003 0.099850
1421.280000 -2.172390 -18.831300 0.000000 0.000000 0.000000 -0.991861 0.127325
1422.410000 -2.171800 -18.830500 0.000000 0.000000 0.000000 -0.984941 0.172888
1422.490000 -2.172390 -18.831300 0.000000 0.000000 0.000000 -0.972464 0.233053
1422.830000 -2.141220 -18.895900 0.000000 0.000000 0.000000 -0.898971 0.438008
1422.970000 -2.143010 -18.898300 0.000000 0.000000 0.000000 -0.852594 0.522573
1423.460000 -2.143990 -18.901300 0.000000 0.000000 0.000000 -0.831046 0.556204
1423.470000 -2.117600 -18.934300 0.000000 0.000000 0.000000 -0.805989 0.591930
1423.560000 -2.128980 -18.978500 0.000000 0.000000 0.000000 -0.773981 0.633208
1424.050000 -2.141300 -19.048600 0.000000 0.000000 0.000000 -0.766141 0.642672
1424.060000 -2.154660 -19.121600 0.000000 0.000000 0.000000 -0.770076 0.637952
1424.170000 -2.165020 -19.179300 0.000000 0.000000 0.000000 -0.772034 0.635581
1424.870000 -2.174460 -19.227500 0.000000 0.000000 0.000000 -0.775925 0.630825
1424.880000 -2.182850 -19.272800 0.000000 0.000000 0.000000 -0.772034 0.635581
1425.070000 -2.203770 -19.403200 0.000000 0.000000 0.000000 -0.748077 0.663612
1425.360000 -2.208580 -19.465100 0.000000 0.000000 0.000000 -0.731541 0.681797
1425.370000 -2.211250 -19.516100 0.000000 0.000000 0.000000 -0.714560 0.699574
1426.550000 -2.210330 -19.567300 0.000000 0.000000 0.000000 -0.688287 0.725439
1427.270000 -2.020960 -19.846800 0.000000 0.000000 0.000000 -0.643560 0.765396
1427.460000 -1.989390 -20.021700 0.000000 0.000000 0.000000 -0.636475 0.771297
1427.520000 -1.977330 -20.076200 0.000000 0.000000 0.000000 -0.619739 0.784808
1427.560000 -1.962720 -20.132400 0.000000 0.000000 0.000000 -0.595337 0.803476
1427.960000 -1.943130 -20.188100 0.000000 0.000000 0.000000 -0.570369 0.821389
1427.990000 -1.921100 -20.241700 0.000000 0.000000 0.000000 -0.550009 0.835159
1428.180000 -1.897700 -20.295100 0.000000 0.000000 0.000000 -0.552570 0.833466
1428.570000 -1.875680 -20.348700 0.000000 0.000000 0.000000 -0.555131 0.831763
1428.760000 -1.831430 -20.453800 0.000000 0.000000 0.000000 -0.550009 0.835159
1429.150000 -1.806650 -20.506900 0.000000 0.000000 0.000000 -0.537112 0.843511
1429.180000 -1.779330 -20.561500 0.000000 0.000000 0.000000 -0.518846 0.854868
1429.900000 -1.688550 -20.534600 0.000000 0.000000 0.000000 -0.486282 0.873802
1429.920000 -1.659880 -20.580600 0.000000 0.000000 0.000000 -0.486282 0.873802
1430.380000 -1.596440 -20.678200 0.000000 0.000000 0.000000 -0.475505 0.879713
1430.390000 -1.562540 -20.729200 0.000000 0.000000 0.000000 -0.470090 0.882619
1430.580000 -1.499850 -20.821800 0.000000 0.000000 0.000000 -0.470090 0.882619
1430.960000 -1.468480 -20.867000 0.000000 0.000000 0.000000 -0.472800 0.881170
1430.970000 -1.447900 -20.898500 0.000000 0.000000 0.000000 -0.470090 0.882619
1431.160000 -1.432890 -20.921300 0.000000 0.000000 0.000000 -0.486282 0.873802
1431.610000 -1.411490 -20.955400 0.000000 0.000000 0.000000 -0.494314 0.869284
1431.760000 -1.338830 -21.090800 0.000000 0.000000 0.000000 -0.539030 0.842287
1432.140000 -1.316590 -21.142500 0.000000 0.000000 0.000000 -0.567186 0.823590
1432.160000 -1.300790 -21.185000 0.000000 0.000000 0.000000 -0.592219 0.805777
1432.650000 -1.287770 -21.230500 0.000000 0.000000 0.000000 -0.606976 0.794720
1432.820000 -1.258060 -21.365600 0.000000 0.000000 0.000000 -0.649981 0.759950
1433.420000 -1.204800 -21.375500 0.000000 0.000000 0.000000 -0.621186 0.783663
1433.610000 -1.180820 -21.533200 0.000000 0.000000 0.000000 -0.686228 0.727387
1433.970000 -1.179290 -21.600400 0.000000 0.000000 0.000000 -0.710417 0.703781
1434.160000 -1.179700 -21.716200 0.000000 0.000000 0.000000 -0.708253 0.705959
1434.550000 -1.180140 -21.766600 0.000000 0.000000 0.000000 -0.712577 0.701594
1434.610000 -1.180510 -21.827700 0.000000 0.000000 0.000000 -0.710417 0.703781
1435.040000 -1.180480 -21.893200 0.000000 0.000000 0.000000 -0.701714 0.712459
1435.050000 -1.177900 -21.952300 0.000000 0.000000 0.000000 -0.686228 0.727387
1435.210000 -1.172750 -22.004800 0.000000 0.000000 0.000000 -0.672702 0.739913
1435.640000 -1.166310 -22.056700 0.000000 0.000000 0.000000 -0.642618 0.766187
1435.820000 -1.192190 -22.116500 0.000000 0.000000 0.000000 -0.599511 0.800367
1436.330000 -1.193140 -22.113800 0.000000 0.000000 0.000000 -0.582158 0.813076
1436.400000 -1.193620 -22.112500 0.000000 0.000000 0.000000 -0.507491 0.861657
1436.790000 -1.193620 -22.112500 0.000000 0.000000 0.000000 -0.459082 0.888394
1437.020000 -1.081120 -22.118300 0.000000 0.000000 0.000000 -0.408937 0.912563
1437.350000 -1.081120 -22.118300 0.000000 0.000000 0.000000 -0.349241 0.937033
1437.370000 -1.080240 -22.118700 0.000000 0.000000 0.000000 -0.299839 0.953990
1437.610000 -1.080240 -22.118700 0.000000 0.000000 0.000000 -0.273345 0.961916
1437.970000 -1.080240 -22.118700 0.000000 0.000000 0.000000 -0.237699 0.971339
1438.170000 -1.100380 -22.075100 0.000000 0.000000 0.000000 -0.130316 0.991473
1438.960000 -1.100380 -22.075100 0.000000 0.000000 0.000000 -0.096735 0.995310
1438.970000 -1.100380 -22.075100 0.000000 0.000000 0.000000 -0.050774 0.998710
1438.980000 -1.098150 -22.075200 0.000000 0.000000 0.000000 0.010660 0.999943
1439.170000 -1.088470 -22.014900 0.000000 0.000000 0.000000 0.068213 0.997671
1440.400000 -1.088470 -22.014900 0.000000 0.000000 0.000000 0.108001 0.994151
1440.410000 -1.088470 -22.014900 0.000000 0.000000 0.000000 0.168855 0.985641
1440.460000 -1.088470 -22.014900 0.000000 0.000000 0.000000 0.246977 0.969021
1440.590000 -1.097420 -21.973100 0.000000 0.000000 0.000000 0.311191 0.950347
1440.600000 -1.093740 -21.970600 0.000000 0.000000 0.000000 0.386043 0.922481
1440.770000 -1.092780 -21.968800 0.000000 0.000000 0.000000 0.433682 0.901066
1441.140000 -1.091810 -21.967100 0.000000 0.000000 0.000000 0.469321 0.883028
1441.150000 -1.090850 -21.965300 0.000000 0.000000 0.000000 0.509510 0.860465
1441.300000 -1.160980 -21.946800 0.000000 0.000000 0.000000 0.554927 0.831899
1442.540000 -1.159530 -21.944200 0.000000 0.000000 0.000000 0.590187 0.807267
1442.550000 -1.157790 -21.934900 0.000000 0.000000 0.000000 0.695823 0.718213
1442.620000 -1.220350 -21.909700 0.000000 0.000000 0.000000 0.749628 0.661859
1443.030000 -1.223000 -21.886300 0.000000 0.000000 0.000000 0.747593 0.664158
1443.250000 -1.238690 -21.749200 0.000000 0.000000 0.000000 0.745547 0.666453
1443.520000 -1.247020 -21.677400 0.000000 0.000000 0.000000 0.749628 0.661859
1443.590000 -1.253070 -21.627800 0.000000 0.000000 0.000000 0.743497 0.668739
1443.990000 -1.254990 -21.607100 0.000000 0.000000 0.000000 0.737300 0.675565
1444.030000 -1.259200 -21.564300 0.000000 0.000000 0.000000 0.739374 0.673295
1444.150000 -1.265190 -21.498500 0.000000 0.000000 0.000000 0.739374 0.673295
1444.620000 -1.272020 -21.424200 0.000000 0.000000 0.000000 0.737300 0.675565
1444.630000 -1.277550 -21.365600 0.000000 0.000000 0.000000 0.737300 0.675565
1445.170000 -1.281990 -21.319200 0.000000 0.000000 0.000000 0.737300 0.675565
1445.310000 -1.285800 -21.269700 0.000000 0.000000 0.000000 0.737300 0.675565
1445.320000 -1.291430 -21.205300 0.000000 0.000000 0.000000 0.737300 0.675565
1445.330000 -1.297920 -21.140500 0.000000 0.000000 0.000000 0.739374 0.673295
1445.520000 -1.300310 -21.112500 0.000000 0.000000 0.000000 0.737300 0.675565
1445.920000 -1.303890 -21.066600 0.000000 0.000000 0.000000 0.733135 0.680083
1445.990000 -1.312330 -20.951000 0.000000 0.000000 0.000000 0.728942 0.684576
1446.440000 -1.315460 -20.882300 0.000000 0.000000 0.000000 0.722599 0.691267
1446.480000 -1.471730 -20.922900 0.000000 0.000000 0.000000 0.770538 0.637394
1446.640000 -1.480390 -20.874300 0.000000 0.000000 0.000000 0.766607 0.642117
1447.030000 -1.489810 -20.822100 0.000000 0.000000 0.000000 0.766607 0.642117
1447.040000 -1.495640 -20.790700 0.000000 0.000000 0.000000 0.766607 0.642117
1447.150000 -1.507500 -20.725800 0.000000 0.000000 0.000000 0.768578 0.639756
1447.590000 -1.517850 -20.667900 0.000000 0.000000 0.000000 0.768578 0.639756
1447.650000 -1.528200 -20.615300 0.000000 0.000000 0.000000 0.770538 0.637394
1447.780000 -1.539100 -20.561500 0.000000 0.000000 0.000000 0.774444 0.632643
1448.340000 -1.550390 -20.503200 0.000000 0.000000 0.000000 0.774444 0.632643
1448.390000 -1.563900 -20.445200 0.000000 0.000000 0.000000 0.785974 0.618260
1448.400000 -1.578710 -20.387600 0.000000 0.000000 0.000000 0.799090 0.601211
1448.590000 -1.597050 -20.330800 0.000000 0.000000 0.000000 0.817182 0.576380
1448.980000 -1.617790 -20.277400 0.000000 0.000000 0.000000 0.832807 0.553563
1449.150000 -1.661510 -20.170700 0.000000 0.000000 0.000000 0.825941 0.563756
1449.570000 -1.682820 -20.116000 0.000000 0.000000 0.000000 0.827671 0.561214
1449.580000 -1.705050 -20.060900 0.000000 0.000000 0.000000 0.827671 0.561214
1449.770000 -1.725790 -20.007500 0.000000 0.000000 0.000000 0.829390 0.558670
1450.150000 -1.779060 -19.987700 0.000000 0.000000 0.000000 0.848209 0.529661
1450.350000 -1.831950 -19.882100 0.000000 0.000000 0.000000 0.853057 0.521819
1451.540000 -1.858230 -19.830400 0.000000 0.000000 0.000000 0.853057 0.521819
1451.610000 -1.934860 -19.675000 0.000000 0.000000 0.000000 0.846579 0.532263
1451.630000 -1.960210 -19.620500 0.000000 0.000000 0.000000 0.841636 0.540046
1451.640000 -1.984920 -19.567200 0.000000 0.000000 0.000000 0.838301 0.545207
1452.500000 -2.007080 -19.515800 0.000000 0.000000 0.000000 0.834935 0.550348
1452.830000 -2.100230 -19.301400 0.000000 0.000000 0.000000 0.829826 0.558023
1452.950000 -2.138590 -19.193200 0.000000 0.000000 0.000000 0.806879 0.590716
1453.460000 -2.156380 -19.134800 0.000000 0.000000 0.000000 0.803234 0.595663
1453.580000 -2.201890 -19.051800 0.000000 0.000000 0.000000 0.828434 0.560087
1454.060000 -2.221720 -19.003500 0.000000 0.000000 0.000000 0.831860 0.554986
1454.150000 -2.239130 -18.962000 0.000000 0.000000 0.000000 0.833562 0.552426
1454.770000 -2.237190 -18.966600 0.000000 0.000000 0.000000 0.835254 0.549864
1454.820000 -2.237190 -18.966600 0.000000 0.000000 0.000000 0.835254 0.549864
1454.830000 -2.237190 -18.966600 0.000000 0.000000 0.000000 0.836941 0.547293
1454.950000 -2.237190 -18.966600 0.000000 0.000000 0.000000 0.840288 0.542140
1455.290000 -2.237190 -18.966600 0.000000 0.000000 0.000000 0.845251 0.534369
1455.420000 -2.237920 -18.965400 0.000000 0.000000 0.000000 0.858129 0.513434
1455.550000 -2.237920 -18.965400 0.000000 0.000000 0.000000 0.876475 0.481448
1456.060000 -2.240100 -18.961700 0.000000 0.000000 0.000000 0.900416 0.435030
1456.180000 -2.241790 -18.960300 0.000000 0.000000 0.000000 0.940874 0.338758
1456.640000 -2.280380 -18.965400 0.000000 0.000000 0.000000 0.945309 0.326177
1457.510000 -2.280380 -18.965400 0.000000 0.000000 0.000000 0.973471 0.228811
1458.010000 -2.281480 -18.991600 0.000000 0.000000 0.000000 0.998076 0.062007
1458.020000 -2.281480 -18.991600 0.000000 0.000000 0.000000 0.999873 0.015956
1458.200000 -2.299510 -18.992000 0.000000 0.000000 0.000000 0.999952 0.009806
1458.500000 -2.341250 -18.990900 0.000000 0.000000 0.000000 0.999873 0.015956
1458.550000 -2.420320 -18.988000 0.000000 0.000000 0.000000 0.999917 0.012881
1459.050000 -2.496850 -18.987000 0.000000 0.000000 0.000000 0.999977 0.006736
1459.060000 -2.553150 -18.985300 0.000000 0.000000 0.000000 0.999873 0.015956
1459.150000 -2.597740 -18.983200 0.000000 0.000000 0.000000 0.999601 0.028243
1459.610000 -2.646450 -18.980800 0.000000 0.000000 0.000000 0.999756 0.022100
1459.760000 -2.781190 -18.974300 0.000000 0.000000 0.000000 0.999819 0.019025
1460.200000 -2.839380 -18.972000 0.000000 0.000000 0.000000 0.999873 0.015956
1460.210000 -2.889350 -18.970300 0.000000 0.000000 0.000000 0.999873 0.015956
1460.350000 -2.941530 -18.968900 0.000000 0.000000 0.000000 0.999917 0.012881
1460.990000 -3.002250 -18.967800 0.000000 0.000000 0.000000 0.999977 0.006736
1461.000000 -3.066130 -18.966800 0.000000 0.000000 0.000000 1.000000 0.000591
1461.150000 -3.182500 -18.968500 0.000000 0.000000 0.000000 -0.999891 0.014771
1461.550000 -3.236890 -18.970500 0.000000 0.000000 0.000000 -0.999841 0.017845
1461.820000 -3.299830 -19.099100 0.000000 0.000000 0.000000 -0.995851 0.091000
1462.260000 -3.358000 -19.110300 0.000000 0.000000 0.000000 -0.995851 0.091000
1462.350000 -3.468860 -19.130700 0.000000 0.000000 0.000000 -0.995851 0.091000
1462.800000 -3.525850 -19.141100 0.000000 0.000000 0.000000 -0.995273 0.097118
1462.820000 -3.585000 -19.152100 0.000000 0.000000 0.000000 -0.995566 0.094062
1462.960000 -3.643170 -19.163300 0.000000 0.000000 0.000000 -0.995273 0.097118
1463.360000 -3.687620 -19.172100 0.000000 0.000000 0.000000 -0.995273 0.097118
1463.580000 -3.707790 -19.176400 0.000000 0.000000 0.000000 -0.994657 0.103232
1464.260000 -3.706620 -19.175600 0.000000 0.000000 0.000000 -0.993663 0.112398
1464.390000 -3.705640 -19.175700 0.000000 0.000000 0.000000 -0.981524 0.191339
1464.780000 -3.702320 -19.174400 0.000000 0.000000 0.000000 -0.973803 0.227395
1465.010000 -3.695480 -19.170600 0.000000 0.000000 0.000000 -0.957999 0.286773
1465.460000 -3.695480 -19.170600 0.000000 0.000000 0.000000 -0.943769 0.330607
1465.580000 -3.640080 -19.238200 0.000000 0.000000 0.000000 -0.915832 0.401562
1466.040000 -3.640080 -19.238200 0.000000 0.000000 0.000000 -0.899065 0.437814
1466.130000 -3.640320 -19.239100 0.000000 0.000000 0.000000 -0.853349 0.521341
1466.650000 -3.640320 -19.239100 0.000000 0.000000 0.000000 -0.833548 0.552446
1467.530000 -3.611080 -19.217900 0.000000 0.000000 0.000000 -0.777644 0.628705
1467.860000 -3.612700 -19.316100 0.000000 0.000000 0.000000 -0.714322 0.699817
1467.890000 -3.613570 -19.398100 0.000000 0.000000 0.000000 -0.712167 0.702010
1468.080000 -3.613830 -19.434000 0.000000 0.000000 0.000000 -0.712167 0.702010
1468.480000 -3.614570 -19.489300 0.000000 0.000000 0.000000 -0.716467 0.697621
1468.910000 -3.616940 -19.586400 0.000000 0.000000 0.000000 -0.718609 0.695414
1469.040000 -3.619510 -19.649500 0.000000 0.000000 0.000000 -0.720744 0.693201
1469.250000 -3.623910 -19.776900 0.000000 0.000000 0.000000 -0.722869 0.690985
1469.640000 -3.625670 -19.827900 0.000000 0.000000 0.000000 -0.724990 0.688759
1469.650000 -3.628860 -19.880500 0.000000 0.000000 0.000000 -0.729209 0.684291
1470.310000 -3.630430 -19.908900 0.000000 0.000000 0.000000 -0.729209 0.684291
1470.340000 -3.638260 -20.033500 0.000000 0.000000 0.000000 -0.735483 0.677543
1470.350000 -3.643120 -20.088800 0.000000 0.000000 0.000000 -0.735483 0.677543
1470.530000 -3.646770 -20.143500 0.000000 0.000000 0.000000 -0.735483 0.677543
1470.920000 -3.650890 -20.200000 0.000000 0.000000 0.000000 -0.737563 0.675278
1471.050000 -3.524650 -20.251200 0.000000 0.000000 0.000000 -0.683798 0.729671
1471.440000 -3.520520 -20.308800 0.000000 0.000000 0.000000 -0.683798 0.729671
1471.610000 -3.511850 -20.418900 0.000000 0.000000 0.000000 -0.681555 0.731767
1472.020000 -3.507730 -20.476500 0.000000 0.000000 0.000000 -0.681555 0.731767
1472.040000 -3.502860 -20.537100 0.000000 0.000000 0.000000 -0.681555 0.731767
1472.230000 -3.498820 -20.595600 0.000000 0.000000 0.000000 -0.683798 0.729671
1472.600000 -3.494610 -20.652200 0.000000 0.000000 0.000000 -0.686038 0.727565
1472.610000 -3.491400 -20.708700 0.000000 0.000000 0.000000 -0.686038 0.727565
1472.780000 -3.487440 -20.768200 0.000000 0.000000 0.000000 -0.688269 0.725456
1473.430000 -3.484400 -20.826700 0.000000 0.000000 0.000000 -0.690496 0.723336
1473.530000 -3.476540 -20.969900 0.000000 0.000000 0.000000 -0.692717 0.721209
1473.970000 -3.474320 -21.026300 0.000000 0.000000 0.000000 -0.697136 0.716939
1474.190000 -3.470310 -21.144000 0.000000 0.000000 0.000000 -0.701528 0.712641
1474.490000 -3.469260 -21.202300 0.000000 0.000000 0.000000 -0.703713 0.710484
1474.530000 -3.461010 -21.185100 0.000000 0.000000 0.000000 -0.671936 0.740609
1475.000000 -3.454510 -21.243000 0.000000 0.000000 0.000000 -0.669656 0.742672
1475.130000 -3.441520 -21.357900 0.000000 0.000000 0.000000 -0.667369 0.744727
1475.540000 -3.434000 -21.416900 0.000000 0.000000 0.000000 -0.667369 0.744727
1476.310000 -3.421030 -21.529800 0.000000 0.000000 0.000000 -0.669656 0.742672
1476.340000 -3.414520 -21.588700 0.000000 0.000000 0.000000 -0.674207 0.738543
1476.540000 -3.401030 -21.760600 0.000000 0.000000 0.000000 -0.685474 0.728097
1476.850000 -3.397510 -21.819600 0.000000 0.000000 0.000000 -0.689936 0.723871
1476.930000 -3.394020 -21.876500 0.000000 0.000000 0.000000 -0.694371 0.719618
1477.330000 -3.391500 -21.936500 0.000000 0.000000 0.000000 -0.698780 0.715337
1477.350000 -3.390010 -21.993500 0.000000 0.000000 0.000000 -0.700976 0.713185
1477.530000 -3.389500 -22.052500 0.000000 0.000000 0.000000 -0.705345 0.708864
1477.910000 -3.389000 -22.109500 0.000000 0.000000 0.000000 -0.704036 0.710164
1477.950000 -3.388500 -22.167500 0.000000 0.000000 0.000000 -0.706217 0.707996
1478.170000 -3.382350 -22.183400 0.000000 0.000000 0.000000 -0.705161 0.709047
1478.560000 -3.381670 -22.242400 0.000000 0.000000 0.000000 -0.705161 0.709047
1479.320000 -3.382330 -22.357400 0.000000 0.000000 0.000000 -0.707334 0.706879
1479.360000 -3.383340 -22.528400 0.000000 0.000000 0.000000 -0.709505 0.704701
1480.540000 -3.383950 -22.561400 0.000000 0.000000 0.000000 -0.705161 0.709047
1480.550000 -3.383910 -22.565400 0.000000 0.000000 0.000000 -0.707334 0.706879
1481.430000 -3.383580 -22.421400 0.000000 0.000000 0.000000 -0.711665 0.702519
1481.590000 -3.382270 -22.362400 0.000000 0.000000 0.000000 -0.715968 0.698133
1482.000000 -3.367150 -22.115200 0.000000 0.000000 0.000000 -0.734999 0.678068
1482.040000 -3.362640 -22.073100 0.000000 0.000000 0.000000 -0.737080 0.675805
1482.130000 -3.359110 -22.032100 0.000000 0.000000 0.000000 -0.739155 0.673535
1482.480000 -3.353770 -21.976000 0.000000 0.000000 0.000000 -0.743280 0.668981
1482.530000 -3.344780 -21.955800 0.000000 0.000000 0.000000 -0.733699 0.679475
1482.960000 -3.341250 -21.913500 0.000000 0.000000 0.000000 -0.733699 0.679475
1483.010000 -3.338070 -21.882300 0.000000 0.000000 0.000000 -0.737861 0.674953
1483.200000 -3.334360 -21.843000 0.000000 0.000000 0.000000 -0.744052 0.668122
1483.510000 -3.328410 -21.790600 0.000000 0.000000 0.000000 -0.746100 0.665834
1483.530000 -3.322350 -21.740100 0.000000 0.000000 0.000000 -0.750177 0.661237
1483.980000 -3.317350 -21.705800 0.000000 0.000000 0.000000 -0.754230 0.656611
1484.030000 -3.315170 -21.691600 0.000000 0.000000 0.000000 -0.756242 0.654292
1484.130000 -3.315230 -21.690600 0.000000 0.000000 0.000000 -0.756242 0.654292
1484.900000 -3.315230 -21.690600 0.000000 0.000000 0.000000 -0.758250 0.651964
1484.910000 -3.315230 -21.690600 0.000000 0.000000 0.000000 -0.762242 0.647292
1485.150000 -3.316000 -21.694700 0.000000 0.000000 0.000000 -0.783681 0.621163
1485.350000 -3.316000 -21.694700 0.000000 0.000000 0.000000 -0.816822 0.576890
1486.080000 -3.316000 -21.694700 0.000000 0.000000 0.000000 -0.835850 0.548957
1486.490000 -3.315060 -21.693600 0.000000 0.000000 0.000000 -0.855520 0.517769
1486.570000 -3.351530 -21.653900 0.000000 0.000000 0.000000 -0.891400 0.453217
1486.760000 -3.350710 -21.651800 0.000000 0.000000 0.000000 -0.916327 0.400430
1487.200000 -3.349710 -21.651700 0.000000 0.000000 0.000000 -0.927049 0.374939
1487.260000 -3.349710 -21.651700 0.000000 0.000000 0.000000 -0.937062 0.349162
1487.340000 -3.348800 -21.650600 0.000000 0.000000 0.000000 -0.947347 0.320210
1487.660000 -3.349710 -21.651700 0.000000 0.000000 0.000000 -0.954930 0.296830
1487.830000 -3.348800 -21.650600 0.000000 0.000000 0.000000 -0.960241 0.279172
1488.220000 -3.347810 -21.650500 0.000000 0.000000 0.000000 -0.966813 0.255487
1488.330000 -3.382760 -21.614300 0.000000 0.000000 0.000000 -0.980736 0.195337
1488.770000 -3.379870 -21.613000 0.000000 0.000000 0.000000 -0.986777 0.162083
1488.950000 -3.374900 -21.612600 0.000000 0.000000 0.000000 -0.993198 0.116442
1489.290000 -3.373990 -21.611500 0.000000 0.000000 0.000000 -0.995472 0.095053
1489.330000 -3.374990 -21.611600 0.000000 0.000000 0.000000 -0.997720 0.067490
1490.040000 -3.373990 -21.611500 0.000000 0.000000 0.000000 -0.999431 0.033735
1490.200000 -3.378250 -21.573200 0.000000 0.000000 0.000000 0.999062 0.043298
1490.550000 -3.377150 -21.574100 0.000000 0.000000 0.000000 0.997696 0.067839
1490.810000 -3.376160 -21.574000 0.000000 0.000000 0.000000 0.992420 0.122890
1491.210000 -3.375170 -21.573900 0.000000 0.000000 0.000000 0.988643 0.150285
1491.220000 -3.374070 -21.574800 0.000000 0.000000 0.000000 0.984109 0.177565
1491.440000 -3.371970 -21.575600 0.000000 0.000000 0.000000 0.978189 0.207718
1491.800000 -3.371970 -21.575600 0.000000 0.000000 0.000000 0.972071 0.234687
1491.930000 -3.369880 -21.576300 0.000000 0.000000 0.000000 0.960226 0.279224
1492.380000 -3.350410 -21.548400 0.000000 0.000000 0.000000 0.948805 0.315863
1492.510000 -3.348210 -21.550100 0.000000 0.000000 0.000000 0.927613 0.373544
1493.080000 -3.347100 -21.551000 0.000000 0.000000 0.000000 0.916929 0.399051
1493.310000 -3.343570 -21.555700 0.000000 0.000000 0.000000 0.880708 0.473659
1493.570000 -3.343570 -21.555700 0.000000 0.000000 0.000000 0.871825 0.489818
1493.940000 -3.343570 -21.555700 0.000000 0.000000 0.000000 0.861088 0.508456
1494.070000 -3.321920 -21.533800 0.000000 0.000000 0.000000 0.842283 0.539035
1494.280000 -3.321820 -21.534800 0.000000 0.000000 0.000000 0.805770 0.592228
1494.790000 -3.321820 -21.534800 0.000000 0.000000 0.000000 0.798431 0.602086
1494.800000 -3.321820 -21.534800 0.000000 0.000000 0.000000 0.779555 0.626334
1495.230000 -3.324600 -21.518000 0.000000 0.000000 0.000000 0.753921 0.656965
1495.360000 -3.335010 -21.400400 0.000000 0.000000 0.000000 0.733380 0.679819
1495.940000 -3.341220 -21.322700 0.000000 0.000000 0.000000 0.735467 0.677561
1495.960000 -3.346000 -21.267900 0.000000 0.000000 0.000000 0.737547 0.675296
1496.110000 -3.351260 -21.199000 0.000000 0.000000 0.000000 0.731289 0.682068
1496.500000 -3.355050 -21.144100 0.000000 0.000000 0.000000 0.731289 0.682068
1496.590000 -3.365150 -21.010400 0.000000 0.000000 0.000000 0.733380 0.679819
1497.110000 -3.369050 -20.954500 0.000000 0.000000 0.000000 0.737547 0.675296
1497.130000 -3.373990 -20.907800 0.000000 0.000000 0.000000 0.739616 0.673029
1497.180000 -3.375830 -20.880900 0.000000 0.000000 0.000000 0.739616 0.673029
1497.650000 -3.382240 -20.820200 0.000000 0.000000 0.000000 0.741682 0.670751
1497.660000 -3.389280 -20.753600 0.000000 0.000000 0.000000 0.741682 0.670751
1497.810000 -3.395480 -20.694900 0.000000 0.000000 0.000000 0.741682 0.670751
1498.210000 -3.400730 -20.645200 0.000000 0.000000 0.000000 0.743738 0.668471
1498.390000 -3.379820 -20.537600 0.000000 0.000000 0.000000 0.791289 0.611442
1499.030000 -3.398560 -20.474900 0.000000 0.000000 0.000000 0.811500 0.584352
1499.110000 -3.454960 -20.345500 0.000000 0.000000 0.000000 0.853953 0.520350
1499.550000 -3.457770 -20.340900 0.000000 0.000000 0.000000 0.853953 0.520350
1499.560000 -3.457600 -20.341800 0.000000 0.000000 0.000000 0.853953 0.520350
1499.790000 -3.460740 -20.335300 0.000000 0.000000 0.000000 0.849122 0.528197
1500.190000 -3.471320 -20.314800 0.000000 0.000000 0.000000 0.845860 0.533405
1500.310000 -3.534970 -20.178500 0.000000 0.000000 0.000000 0.842563 0.538597
1500.770000 -3.561580 -20.123100 0.000000 0.000000 0.000000 0.842563 0.538597
1501.000000 -3.599120 -20.039200 0.000000 0.000000 0.000000 0.839238 0.543765
1501.430000 -3.621770 -19.989300 0.000000 0.000000 0.000000 0.840906 0.541181
1501.540000 -3.674850 -19.873500 0.000000 0.000000 0.000000 0.842563 0.538597
1502.140000 -3.698650 -19.822800 0.000000 0.000000 0.000000 0.842563 0.538597
1502.310000 -3.791780 -19.740300 0.000000 0.000000 0.000000 0.850347 0.526222
1502.820000 -3.820390 -19.683800 0.000000 0.000000 0.000000 0.851961 0.523605
1502.830000 -3.847040 -19.632100 0.000000 0.000000 0.000000 0.851961 0.523605
1502.910000 -3.870560 -19.585800 0.000000 0.000000 0.000000 0.851961 0.523605
1503.420000 -3.895450 -19.537700 0.000000 0.000000 0.000000 0.853565 0.520987
1503.510000 -3.952470 -19.425700 0.000000 0.000000 0.000000 0.853565 0.520987
1504.030000 -3.980100 -19.374100 0.000000 0.000000 0.000000 0.853565 0.520987
1504.040000 -4.003420 -19.328800 0.000000 0.000000 0.000000 0.851961 0.523605
1504.110000 -4.028510 -19.279800 0.000000 0.000000 0.000000 0.853565 0.520987
1504.620000 -4.055750 -19.225000 0.000000 0.000000 0.000000 0.851961 0.523605
1505.490000 -4.111010 -19.116800 0.000000 0.000000 0.000000 0.851961 0.523605
1505.570000 -4.165680 -19.011400 0.000000 0.000000 0.000000 0.858332 0.513095
1505.960000 -4.165680 -19.011400 0.000000 0.000000 0.000000 0.861469 0.507811
1505.980000 -4.165680 -19.011400 0.000000 0.000000 0.000000 0.867645 0.497185
1506.120000 -4.164510 -19.012200 0.000000 0.000000 0.000000 0.879604 0.475706
1506.540000 -4.164510 -19.012200 0.000000 0.000000 0.000000 0.899247 0.437441
1507.150000 -4.169410 -19.008100 0.000000 0.000000 0.000000 0.942042 0.335496
1507.230000 -4.170590 -19.007300 0.000000 0.000000 0.000000 0.955599 0.294671
1507.370000 -4.195270 -19.048400 0.000000 0.000000 0.000000 0.981886 0.189474
1507.820000 -4.197440 -19.047800 0.000000 0.000000 0.000000 0.989125 0.147076
1507.830000 -4.197440 -19.047800 0.000000 0.000000 0.000000 0.993531 0.113561
1507.910000 -4.197440 -19.047800 0.000000 0.000000 0.000000 0.998105 0.061532
1508.610000 -4.197440 -19.047800 0.000000 0.000000 0.000000 0.999995 0.003191
1509.190000 -4.195530 -19.102500 0.000000 0.000000 0.000000 -0.993663 0.112398
1509.540000 -4.256530 -19.129000 0.000000 0.000000 0.000000 -0.970935 0.239345
1509.550000 -4.284010 -19.190700 0.000000 0.000000 0.000000 -0.961700 0.274102
1510.290000 -4.350260 -19.231400 0.000000 0.000000 0.000000 -0.962539 0.271144
1510.420000 -4.463020 -19.301000 0.000000 0.000000 0.000000 -0.963367 0.268188
1511.490000 -4.503450 -19.325200 0.000000 0.000000 0.000000 -0.964996 0.262263
1511.530000 -4.553120 -19.353800 0.000000 0.000000 0.000000 -0.964996 0.262263
1511.590000 -4.559450 -19.357400 0.000000 0.000000 0.000000 -0.968147 0.250383
1512.150000 -4.666040 -19.410000 0.000000 0.000000 0.000000 -0.978656 0.205507
1512.310000 -4.828260 -19.475100 0.000000 0.000000 0.000000 -0.983964 0.178367
1513.590000 -4.874460 -19.492500 0.000000 0.000000 0.000000 -0.984507 0.175345
1513.600000 -4.935970 -19.514600 0.000000 0.000000 0.000000 -0.985042 0.172317
1513.900000 -5.159020 -19.641800 0.000000 0.000000 0.000000 -0.975604 0.219538
1513.930000 -5.215130 -19.668800 0.000000 0.000000 0.000000 -0.976274 0.216537
1514.130000 -5.269110 -19.693000 0.000000 0.000000 0.000000 -0.977587 0.210534
1514.660000 -5.318390 -19.715400 0.000000 0.000000 0.000000 -0.977587 0.210534
1514.990000 -5.366740 -19.737500 0.000000 0.000000 0.000000 -0.978228 0.207532
1515.160000 -5.421070 -19.760700 0.000000 0.000000 0.000000 -0.979485 0.201517
1515.180000 -5.476330 -19.784200 0.000000 0.000000 0.000000 -0.981301 0.192478
1515.200000 -5.532880 -19.807200 0.000000 0.000000 0.000000 -0.981889 0.189459
1515.310000 -5.586020 -19.827800 0.000000 0.000000 0.000000 -0.983034 0.183422
1516.550000 -5.636350 -19.847400 0.000000 0.000000 0.000000 -0.984143 0.177378
1516.900000 -5.962060 -19.964200 0.000000 0.000000 0.000000 -0.985736 0.168297
1516.930000 -6.019300 -19.985300 0.000000 0.000000 0.000000 -0.985214 0.171327
1517.110000 -6.075940 -20.005100 0.000000 0.000000 0.000000 -0.984683 0.174356
1517.790000 -6.099200 -20.047900 0.000000 0.000000 0.000000 -0.980169 0.198161
1517.850000 -6.230440 -20.104700 0.000000 0.000000 0.000000 -0.978302 0.207185
1518.220000 -6.311590 -20.141300 0.000000 0.000000 0.000000 -0.977660 0.210192
1518.270000 -6.362740 -20.164100 0.000000 0.000000 0.000000 -0.978302 0.207185
1519.660000 -6.386680 -20.174300 0.000000 0.000000 0.000000 -0.978933 0.204180
1519.880000 -6.705420 -20.306300 0.000000 0.000000 0.000000 -0.980774 0.195146
1519.960000 -6.787350 -20.341100 0.000000 0.000000 0.000000 -0.978933 0.204180
1520.520000 -6.839430 -20.364300 0.000000 0.000000 0.000000 -0.977660 0.210192
1520.580000 -6.891510 -20.387500 0.000000 0.000000 0.000000 -0.976350 0.216196
1520.960000 -6.997640 -20.436900 0.000000 0.000000 0.000000 -0.976350 0.216196
1521.100000 -6.969950 -20.486900 0.000000 0.000000 0.000000 -0.972100 0.234565
1521.250000 -7.046460 -20.526200 0.000000 0.000000 0.000000 -0.972100 0.234565
1522.600000 -7.098220 -20.552400 0.000000 0.000000 0.000000 -0.972100 0.234565
1522.610000 -7.149070 -20.578200 0.000000 0.000000 0.000000 -0.972817 0.231575
1522.810000 -7.410890 -20.702900 0.000000 0.000000 0.000000 -0.977573 0.210598
1522.850000 -7.434730 -20.713300 0.000000 0.000000 0.000000 -0.978215 0.207596
1522.930000 -7.474760 -20.731600 0.000000 0.000000 0.000000 -0.978848 0.204587
1523.600000 -7.489590 -20.737700 0.000000 0.000000 0.000000 -0.978215 0.207596
1523.960000 -7.486890 -20.736400 0.000000 0.000000 0.000000 -0.977573 0.210598
1524.150000 -7.485990 -20.736000 0.000000 0.000000 0.000000 -0.977573 0.210598
1524.250000 -7.485090 -20.735500 0.000000 0.000000 0.000000 -0.974910 0.222601
1524.500000 -7.485090 -20.735500 0.000000 0.000000 0.000000 -0.972100 0.234565
1524.650000 -7.484190 -20.735100 0.000000 0.000000 0.000000 -0.966830 0.255419
1524.960000 -7.482390 -20.734200 0.000000 0.000000 0.000000 -0.958528 0.285000
1525.100000 -7.481490 -20.733800 0.000000 0.000000 0.000000 -0.945384 0.325959
1525.420000 -7.481490 -20.733800 0.000000 0.000000 0.000000 -0.922398 0.386240
1525.500000 -7.481490 -20.733800 0.000000 0.000000 0.000000 -0.896934 0.442165
1525.940000 -7.456750 -20.795800 0.000000 0.000000 0.000000 -0.887493 0.460822
1526.130000 -7.456750 -20.795800 0.000000 0.000000 0.000000 -0.842962 0.537974
1526.630000 -7.457160 -20.794900 0.000000 0.000000 0.000000 -0.811935 0.583747
1526.890000 -7.456750 -20.795800 0.000000 0.000000 0.000000 -0.789863 0.613284
1526.900000 -7.456750 -20.795800 0.000000 0.000000 0.000000 -0.764741 0.644337
1527.200000 -7.397360 -20.806000 0.000000 0.000000 0.000000 -0.700148 0.713998
1527.280000 -7.397360 -20.806000 0.000000 0.000000 0.000000 -0.677884 0.735169
1527.640000 -7.397750 -20.805100 0.000000 0.000000 0.000000 -0.645639 0.763643
1527.660000 -7.398530 -20.803200 0.000000 0.000000 0.000000 -0.599983 0.800013
1527.910000 -7.399310 -20.801400 0.000000 0.000000 0.000000 -0.562482 0.826809
1528.240000 -7.365930 -20.794800 0.000000 0.000000 0.000000 -0.515979 0.856601
1528.260000 -7.366340 -20.793900 0.000000 0.000000 0.000000 -0.481359 0.876523
1528.520000 -7.367170 -20.792100 0.000000 0.000000 0.000000 -0.443217 0.896414
1529.280000 -7.367590 -20.791200 0.000000 0.000000 0.000000 -0.398628 0.917113
1529.490000 -7.367170 -20.792100 0.000000 0.000000 0.000000 -0.353075 0.935595
1529.510000 -7.367590 -20.791200 0.000000 0.000000 0.000000 -0.315430 0.948949
1529.660000 -7.325040 -20.747500 0.000000 0.000000 0.000000 -0.181571 0.983378
1529.990000 -7.325040 -20.747500 0.000000 0.000000 0.000000 -0.145195 0.989403
1530.050000 -7.325040 -20.747500 0.000000 0.000000 0.000000 -0.142154 0.989845
1530.560000 -7.325040 -20.747500 0.000000 0.000000 0.000000 -0.142154 0.989845
1531.010000 -7.325040 -20.747500 0.000000 0.000000 0.000000 -0.102511 0.994732
1531.160000 -7.325040 -20.747500 0.000000 0.000000 0.000000 -0.059638 0.998220
1531.290000 -7.298690 -20.686900 0.000000 0.000000 0.000000 0.025476 0.999675
1531.590000 -7.298690 -20.686900 0.000000 0.000000 0.000000 0.074573 0.997216
1531.990000 -7.299600 -20.687300 0.000000 0.000000 0.000000 0.117390 0.993086
1532.310000 -7.299600 -20.687300 0.000000 0.000000 0.000000 0.159989 0.987119
1532.520000 -7.311080 -20.650300 0.000000 0.000000 0.000000 0.288722 0.957413
1533.260000 -7.310170 -20.649900 0.000000 0.000000 0.000000 0.344095 0.938935
1533.270000 -7.305510 -20.645600 0.000000 0.000000 0.000000 0.426288 0.904588
1533.540000 -7.342070 -20.572600 0.000000 0.000000 0.000000 0.508287 0.861187
1533.900000 -7.342070 -20.572600 0.000000 0.000000 0.000000 0.539691 0.841863
1533.910000 -7.342070 -20.572600 0.000000 0.000000 0.000000 0.570361 0.821394
1534.050000 -7.342070 -20.572600 0.000000 0.000000 0.000000 0.607600 0.794243
1534.540000 -7.342070 -20.572600 0.000000 0.000000 0.000000 0.652906 0.757439
1534.970000 -7.358340 -20.557100 0.000000 0.000000 0.000000 0.713429 0.700727
1535.480000 -7.358340 -20.557100 0.000000 0.000000 0.000000 0.717722 0.696330
1535.850000 -7.358340 -20.557100 0.000000 0.000000 0.000000 0.711275 0.702914
1535.860000 -7.358340 -20.557100 0.000000 0.000000 0.000000 0.706942 0.707272
1535.870000 -7.358730 -20.556200 0.000000 0.000000 0.000000 0.691566 0.722313
1535.880000 -7.358600 -20.553900 0.000000 0.000000 0.000000 0.675870 0.737021
1535.890000 -7.358460 -20.551700 0.000000 0.000000 0.000000 0.659862 0.751387
1536.200000 -7.357540 -20.551300 0.000000 0.000000 0.000000 0.631712 0.775203
1536.250000 -7.356880 -20.547800 0.000000 0.000000 0.000000 0.600251 0.799812
1537.400000 -7.356220 -20.544200 0.000000 0.000000 0.000000 0.577906 0.816104
1537.410000 -7.354780 -20.542500 0.000000 0.000000 0.000000 0.557673 0.830061
1537.930000 -7.350780 -20.533700 0.000000 0.000000 0.000000 0.437808 0.899068
1538.450000 -7.329650 -20.509200 0.000000 0.000000 0.000000 0.384602 0.923082
1538.530000 -7.232180 -20.469400 0.000000 0.000000 0.000000 0.342025 0.939691
1538.810000 -7.178690 -20.426000 0.000000 0.000000 0.000000 0.324643 0.945837
1538.930000 -7.136210 -20.393500 0.000000 0.000000 0.000000 0.310074 0.950713
1539.250000 -7.098440 -20.364900 0.000000 0.000000 0.000000 0.312993 0.949755
1539.330000 -7.054590 -20.332900 0.000000 0.000000 0.000000 0.310074 0.950713
1540.270000 -7.001710 -20.294400 0.000000 0.000000 0.000000 0.304225 0.952600
1540.380000 -6.947090 -20.255000 0.000000 0.000000 0.000000 0.310074 0.950713
1540.970000 -6.770100 -20.123400 0.000000 0.000000 0.000000 0.312993 0.949755
1541.160000 -6.631520 -20.017300 0.000000 0.000000 0.000000 0.327548 0.944835
1541.550000 -6.587800 -19.983000 0.000000 0.000000 0.000000 0.333348 0.942804
1542.500000 -6.492460 -19.904100 0.000000 0.000000 0.000000 0.342025 0.939691
1542.650000 -6.312750 -19.817000 0.000000 0.000000 0.000000 0.362546 0.931966
1543.380000 -6.223990 -19.735000 0.000000 0.000000 0.000000 0.362546 0.931966
1543.940000 -6.053800 -19.578100 0.000000 0.000000 0.000000 0.365407 0.930848
1543.950000 -5.971770 -19.500500 0.000000 0.000000 0.000000 0.371121 0.928584
1544.130000 -5.928920 -19.459800 0.000000 0.000000 0.000000 0.373973 0.927440
1544.460000 -5.906620 -19.437200 0.000000 0.000000 0.000000 0.376821 0.926286
1544.480000 -5.862640 -19.394700 0.000000 0.000000 0.000000 0.379665 0.925124
1544.900000 -5.823700 -19.355400 0.000000 0.000000 0.000000 0.385343 0.922773
1545.120000 -5.784750 -19.316100 0.000000 0.000000 0.000000 0.385343 0.922773
1545.190000 -5.697550 -19.228000 0.000000 0.000000 0.000000 0.379665 0.925124
1546.290000 -5.712200 -19.218800 0.000000 0.000000 0.000000 0.411236 0.911529
1546.310000 -5.676260 -19.178300 0.000000 0.000000 0.000000 0.408433 0.912788
1546.590000 -5.639710 -19.138600 0.000000 0.000000 0.000000 0.397183 0.917739
1546.920000 -5.462550 -18.983100 0.000000 0.000000 0.000000 0.311017 0.950404
1546.930000 -5.370100 -18.913000 0.000000 0.000000 0.000000 0.316851 0.948475
1547.090000 -5.346030 -18.895100 0.000000 0.000000 0.000000 0.319765 0.947497
1547.430000 -5.300110 -18.859600 0.000000 0.000000 0.000000 0.325582 0.945514
1547.450000 -5.259590 -18.827000 0.000000 0.000000 0.000000 0.328485 0.944509
1547.600000 -5.226500 -18.801100 0.000000 0.000000 0.000000 0.325582 0.945514
1547.990000 -5.189390 -18.772200 0.000000 0.000000 0.000000 0.325582 0.945514
1548.000000 -5.140050 -18.733000 0.000000 0.000000 0.000000 0.322675 0.946510
1548.190000 -5.086100 -18.691600 0.000000 0.000000 0.000000 0.316851 0.948475
1548.900000 -5.038770 -18.656400 0.000000 0.000000 0.000000 0.311017 0.950404
1548.910000 -4.994860 -18.624900 0.000000 0.000000 0.000000 0.305171 0.952298
1549.330000 -4.947500 -18.576800 0.000000 0.000000 0.000000 0.340611 0.940204
1549.360000 -4.853460 -18.497500 0.000000 0.000000 0.000000 0.340611 0.940204
1550.040000 -4.808660 -18.459100 0.000000 0.000000 0.000000 0.346382 0.938093
1550.050000 -4.766150 -18.422600 0.000000 0.000000 0.000000 0.349263 0.937025
1550.120000 -4.680900 -18.346900 0.000000 0.000000 0.000000 0.357887 0.933765
1550.520000 -4.635120 -18.305100 0.000000 0.000000 0.000000 0.363618 0.931548
1550.540000 -4.590000 -18.262400 0.000000 0.000000 0.000000 0.366479 0.930426
1551.190000 -4.548790 -18.224500 0.000000 0.000000 0.000000 0.366479 0.930426
1551.320000 -4.427310 -18.111100 0.000000 0.000000 0.000000 0.357887 0.933765
1551.780000 -4.384680 -18.073300 0.000000 0.000000 0.000000 0.352141 0.935947
1551.920000 -4.294440 -17.997200 0.000000 0.000000 0.000000 0.331930 0.943304
1552.380000 -4.249100 -17.961000 0.000000 0.000000 0.000000 0.331930 0.943304
1552.520000 -4.183550 -17.834000 0.000000 0.000000 0.000000 0.365111 0.930964
1553.080000 -4.142780 -17.795600 0.000000 0.000000 0.000000 0.367970 0.929838
1553.160000 -4.056220 -17.713900 0.000000 0.000000 0.000000 0.370825 0.928703
1553.600000 -4.014720 -17.673400 0.000000 0.000000 0.000000 0.376525 0.926406
1553.610000 -3.972500 -17.632200 0.000000 0.000000 0.000000 0.376525 0.926406
1553.800000 -3.932420 -17.593100 0.000000 0.000000 0.000000 0.373677 0.927559
1554.140000 -3.891630 -17.553300 0.000000 0.000000 0.000000 0.370825 0.928703
1554.170000 -3.848000 -17.512100 0.000000 0.000000 0.000000 0.367970 0.929838
1554.370000 -3.804370 -17.470900 0.000000 0.000000 0.000000 0.365111 0.930964
1554.820000 -3.762180 -17.432500 0.000000 0.000000 0.000000 0.359382 0.933190
1554.940000 -3.678520 -17.356400 0.000000 0.000000 0.000000 0.353641 0.935381
1555.330000 -3.634210 -17.317400 0.000000 0.000000 0.000000 0.347886 0.937537
1555.350000 -3.588490 -17.279700 0.000000 0.000000 0.000000 0.330543 0.943791
1555.540000 -3.545660 -17.246300 0.000000 0.000000 0.000000 0.307245 0.951630
1556.120000 -3.502880 -17.217100 0.000000 0.000000 0.000000 0.277863 0.960621
1556.320000 -3.410910 -17.145000 0.000000 0.000000 0.000000 0.287512 0.957777
1556.650000 -3.413600 -17.146700 0.000000 0.000000 0.000000 0.281621 0.959526
1557.200000 -3.415010 -17.146800 0.000000 0.000000 0.000000 0.263884 0.964554
1557.220000 -3.415650 -17.147600 0.000000 0.000000 0.000000 0.240096 0.970749
1557.320000 -3.416290 -17.148400 0.000000 0.000000 0.000000 0.219161 0.975689
1558.230000 -3.417700 -17.148500 0.000000 0.000000 0.000000 0.189082 0.981961
1558.600000 -3.416290 -17.148400 0.000000 0.000000 0.000000 0.155790 0.987790
1559.100000 -3.387840 -17.213400 0.000000 0.000000 0.000000 0.007933 0.999969
1559.130000 -3.387840 -17.213400 0.000000 0.000000 0.000000 -0.025865 0.999665
1559.330000 -3.389240 -17.213500 0.000000 0.000000 0.000000 -0.081088 0.996707
1560.190000 -3.389240 -17.213500 0.000000 0.000000 0.000000 -0.114724 0.993397
1560.200000 -3.389240 -17.213500 0.000000 0.000000 0.000000 -0.145190 0.989404
1560.410000 -3.389240 -17.213500 0.000000 0.000000 0.000000 -0.193639 0.981073
1560.520000 -3.391050 -17.252700 0.000000 0.000000 0.000000 -0.236401 0.971656
1561.050000 -3.391050 -17.252700 0.000000 0.000000 0.000000 -0.263178 0.964747
1561.210000 -3.406150 -17.241200 0.000000 0.000000 0.000000 -0.320187 0.947354
1561.550000 -3.428410 -17.224200 0.000000 0.000000 0.000000 -0.340488 0.940249
1562.210000 -3.445480 -17.208600 0.000000 0.000000 0.000000 -0.352019 0.935993
1562.390000 -3.445480 -17.208600 0.000000 0.000000 0.000000 -0.352019 0.935993
1562.520000 -3.444690 -17.209200 0.000000 0.000000 0.000000 -0.372068 0.928205
1562.790000 -3.447870 -17.206800 0.000000 0.000000 0.000000 -0.394771 0.918780
1562.950000 -3.446280 -17.208000 0.000000 0.000000 0.000000 -0.422812 0.906217
1563.340000 -3.463830 -17.266200 0.000000 0.000000 0.000000 -0.442110 0.896961
1563.620000 -3.466440 -17.263000 0.000000 0.000000 0.000000 -0.488339 0.872654
1563.980000 -3.467450 -17.261000 0.000000 0.000000 0.000000 -0.520179 0.854058
1564.000000 -3.468460 -17.259000 0.000000 0.000000 0.000000 -0.548743 0.835991
1564.150000 -3.469470 -17.257000 0.000000 0.000000 0.000000 -0.566597 0.823995
1564.600000 -3.469670 -17.255600 0.000000 0.000000 0.000000 -0.584189 0.811618
1565.260000 -3.470680 -17.253600 0.000000 0.000000 0.000000 -0.630549 0.776150
1565.350000 -3.512780 -17.251700 0.000000 0.000000 0.000000 -0.639882 0.768473
1565.370000 -3.512780 -17.251700 0.000000 0.000000 0.000000 -0.653943 0.756544
1565.630000 -3.512780 -17.251700 0.000000 0.000000 0.000000 -0.703553 0.710643
1566.030000 -3.512780 -17.251700 0.000000 0.000000 0.000000 -0.725052 0.688694
1566.140000 -3.511960 -17.252300 0.000000 0.000000 0.000000 -0.762016 0.647559
1566.550000 -3.511960 -17.252300 0.000000 0.000000 0.000000 -0.775767 0.631019
1567.210000 -3.512530 -17.253100 0.000000 0.000000 0.000000 -0.805841 0.592131
1567.230000 -3.568100 -17.263700 0.000000 0.000000 0.000000 -0.820097 0.572225
1567.250000 -3.568100 -17.263700 0.000000 0.000000 0.000000 -0.835606 0.549329
1567.320000 -3.568100 -17.263700 0.000000 0.000000 0.000000 -0.848855 0.528626
1567.830000 -3.568100 -17.263700 0.000000 0.000000 0.000000 -0.864696 0.502295
1567.920000 -3.568670 -17.264500 0.000000 0.000000 0.000000 -0.891139 0.453730
1568.540000 -3.568100 -17.263700 0.000000 0.000000 0.000000 -0.899354 0.437221
1569.310000 -3.567540 -17.262900 0.000000 0.000000 0.000000 -0.934695 0.355451
1569.350000 -3.619570 -17.211800 0.000000 0.000000 0.000000 -0.951948 0.306260
1570.000000 -3.619020 -17.210900 0.000000 0.000000 0.000000 -0.961754 0.273915
1570.010000 -3.618460 -17.210100 0.000000 0.000000 0.000000 -0.968960 0.247216
1570.290000 -3.624290 -17.213400 0.000000 0.000000 0.000000 -0.981145 0.193272
1570.380000 -3.711690 -17.238000 0.000000 0.000000 0.000000 -0.994124 0.108244
1570.870000 -3.772730 -17.219400 0.000000 0.000000 0.000000 -0.993167 0.116700
1570.940000 -3.862140 -17.240800 0.000000 0.000000 0.000000 -0.993167 0.116700
1571.630000 -3.906850 -17.251500 0.000000 0.000000 0.000000 -0.993167 0.116700
1572.020000 -4.085150 -17.293400 0.000000 0.000000 0.000000 -0.993866 0.110595
1572.190000 -4.143970 -17.305700 0.000000 0.000000 0.000000 -0.994201 0.107538
1572.200000 -4.167440 -17.311000 0.000000 0.000000 0.000000 -0.994843 0.101427
1572.330000 -4.214140 -17.319200 0.000000 0.000000 0.000000 -0.996544 0.083070
1572.870000 -4.271120 -17.326800 0.000000 0.000000 0.000000 -0.998626 0.052412
1573.020000 -4.455190 -17.333100 0.000000 0.000000 0.000000 0.999996 0.002871
1573.480000 -4.505960 -17.332800 0.000000 0.000000 0.000000 0.999996 0.002871
1573.600000 -4.625840 -17.331200 0.000000 0.000000 0.000000 0.999959 0.009016
1574.080000 -4.656370 -17.330800 0.000000 0.000000 0.000000 0.999959 0.009016
1574.150000 -4.733120 -17.294400 0.000000 0.000000 0.000000 -0.999833 0.018270
1574.790000 -4.790550 -17.296200 0.000000 0.000000 0.000000 -0.999833 0.018270
1574.810000 -4.849830 -17.299200 0.000000 0.000000 0.000000 -0.999772 0.021345
1574.960000 -4.965670 -17.304600 0.000000 0.000000 0.000000 -0.999622 0.027488
1575.360000 -5.023220 -17.308600 0.000000 0.000000 0.000000 -0.999434 0.033630
1575.600000 -5.140170 -17.318000 0.000000 0.000000 0.000000 -0.998946 0.045910
1576.050000 -5.195110 -17.323500 0.000000 0.000000 0.000000 -0.998800 0.048982
1576.170000 -5.314910 -17.335800 0.000000 0.000000 0.000000 -0.998800 0.048982
1576.560000 -5.372580 -17.342100 0.000000 0.000000 0.000000 -0.998800 0.048982
1577.410000 -5.481470 -17.351400 0.000000 0.000000 0.000000 -0.998946 0.045910
1577.920000 -5.717490 -17.367800 0.000000 0.000000 0.000000 -0.999959 0.009056
1577.980000 -5.706960 -17.396200 0.000000 0.000000 0.000000 -0.999836 0.018110
1578.160000 -5.826350 -17.398100 0.000000 0.000000 0.000000 -0.999983 0.005821
1578.540000 -5.880910 -17.398700 0.000000 0.000000 0.000000 -0.999960 0.008891
1579.420000 -5.996730 -17.400000 0.000000 0.000000 0.000000 -0.999996 0.002746
1579.780000 -6.227010 -17.404500 0.000000 0.000000 0.000000 -0.999887 0.015036
1579.960000 -6.346790 -17.409400 0.000000 0.000000 0.000000 -0.999706 0.024254
1580.350000 -6.399970 -17.411800 0.000000 0.000000 0.000000 -0.999627 0.027323
1580.540000 -6.520610 -17.418600 0.000000 0.000000 0.000000 -0.999706 0.024254
1581.090000 -6.579590 -17.421500 0.000000 0.000000 0.000000 -0.999706 0.024254
1581.120000 -6.635010 -17.424000 0.000000 0.000000 0.000000 -0.999776 0.021180
1581.140000 -6.689100 -17.425900 0.000000 0.000000 0.000000 -0.999836 0.018110
1581.590000 -6.698730 -17.404900 0.000000 0.000000 0.000000 -0.999360 0.035769
1582.610000 -6.816100 -17.407000 0.000000 0.000000 0.000000 0.999809 0.019530
1583.020000 -7.190530 -17.375300 0.000000 0.000000 0.000000 0.999158 0.041030
1583.460000 -7.251420 -17.371100 0.000000 0.000000 0.000000 0.999279 0.037962
1583.620000 -7.360580 -17.363600 0.000000 0.000000 0.000000 0.999391 0.034889
1584.190000 -7.419240 -17.359300 0.000000 0.000000 0.000000 0.999494 0.031816
1584.270000 -7.539920 -17.353700 0.000000 0.000000 0.000000 0.999809 0.019530
1584.620000 -7.593950 -17.351200 0.000000 0.000000 0.000000 0.999865 0.016461
1584.650000 -7.648360 -17.349700 0.000000 0.000000 0.000000 0.999865 0.016461
1584.820000 -7.668560 -17.350100 0.000000 0.000000 0.000000 0.999948 0.010221
1585.220000 -7.728370 -17.349300 0.000000 0.000000 0.000000 0.999948 0.010221
1585.260000 -7.786870 -17.348000 0.000000 0.000000 0.000000 0.999948 0.010221
1585.460000 -7.841290 -17.347200 0.000000 0.000000 0.000000 0.999912 0.013291
1585.780000 -7.897570 -17.345600 0.000000 0.000000 0.000000 0.999866 0.016366
1585.820000 -7.957940 -17.343500 0.000000 0.000000 0.000000 0.999866 0.016366
1586.310000 -8.017020 -17.340900 0.000000 0.000000 0.000000 0.999811 0.019435
1586.330000 -8.074230 -17.338900 0.000000 0.000000 0.000000 0.999589 0.028652
1586.530000 -8.130720 -17.335100 0.000000 0.000000 0.000000 0.999497 0.031726
1587.110000 -8.190360 -17.331200 0.000000 0.000000 0.000000 0.999394 0.034794
1587.220000 -8.363550 -17.318400 0.000000 0.000000 0.000000 0.999283 0.037867
1587.570000 -8.418740 -17.314000 0.000000 0.000000 0.000000 0.999162 0.040935
1588.080000 -8.475790 -17.308900 0.000000 0.000000 0.000000 0.999162 0.040935
1588.280000 -8.652130 -17.296000 0.000000 0.000000 0.000000 0.999283 0.037867
1588.650000 -8.652470 -17.393700 0.000000 0.000000 0.000000 -0.999677 0.025429
1589.120000 -8.709280 -17.397300 0.000000 0.000000 0.000000 -0.999502 0.031571
1589.230000 -8.827260 -17.405500 0.000000 0.000000 0.000000 -0.999289 0.037712
1589.270000 -8.884320 -17.410100 0.000000 0.000000 0.000000 -0.999289 0.037712
1589.470000 -8.942350 -17.414500 0.000000 0.000000 0.000000 -0.999400 0.034639
1589.990000 -8.999410 -17.419100 0.000000 0.000000 0.000000 -0.999400 0.034639
1590.030000 -9.044560 -17.421700 0.000000 0.000000 0.000000 -0.999502 0.031571
1590.330000 -9.061560 -17.423400 0.000000 0.000000 0.000000 -0.999289 0.037712
1590.600000 -9.048680 -17.421600 0.000000 0.000000 0.000000 -0.999400 0.034639
1590.620000 -9.028780 -17.420700 0.000000 0.000000 0.000000 -0.999750 0.022354
1591.060000 -9.024650 -17.420700 0.000000 0.000000 0.000000 -0.999814 0.019285
1591.100000 -9.024650 -17.420700 0.000000 0.000000 0.000000 -0.999594 0.028497
1591.220000 -9.024650 -17.420700 0.000000 0.000000 0.000000 -0.999502 0.031571
1591.620000 -9.024650 -17.420700 0.000000 0.000000 0.000000 -0.999168 0.040785
1591.660000 -9.024650 -17.420700 0.000000 0.000000 0.000000 -0.998060 0.062261
1591.820000 -9.024650 -17.420700 0.000000 0.000000 0.000000 -0.995086 0.099014
1592.220000 -9.023690 -17.421000 0.000000 0.000000 0.000000 -0.989907 0.141718
1592.250000 -9.025880 -17.421400 0.000000 0.000000 0.000000 -0.979952 0.199234
1592.450000 -9.023430 -17.420000 0.000000 0.000000 0.000000 -0.964256 0.264973
1592.980000 -9.032680 -17.460200 0.000000 0.000000 0.000000 -0.962079 0.272770
1593.010000 -9.034290 -17.461800 0.000000 0.000000 0.000000 -0.948490 0.316807
1593.030000 -9.033960 -17.460800 0.000000 0.000000 0.000000 -0.931774 0.363038
1593.440000 -9.034620 -17.462700 0.000000 0.000000 0.000000 -0.907719 0.419579
1593.460000 -9.035900 -17.463300 0.000000 0.000000 0.000000 -0.884574 0.466400
1593.620000 -8.995520 -17.442500 0.000000 0.000000 0.000000 -0.853231 0.521533
1594.040000 -8.996090 -17.444500 0.000000 0.000000 0.000000 -0.828296 0.560290
1594.050000 -8.996650 -17.446400 0.000000 0.000000 0.000000 -0.794194 0.607664
1594.260000 -8.997220 -17.448300 0.000000 0.000000 0.000000 -0.763371 0.645961
1594.940000 -8.997500 -17.449300 0.000000 0.000000 0.000000 -0.741105 0.671389
1594.950000 -8.996540 -17.449500 0.000000 0.000000 0.000000 -0.709381 0.704825
1595.630000 -8.929460 -17.465700 0.000000 0.000000 0.000000 -0.712914 0.701251
1595.910000 -8.928750 -17.472400 0.000000 0.000000 0.000000 -0.569753 0.821816
1595.950000 -8.927820 -17.472800 0.000000 0.000000 0.000000 -0.515576 0.856844
1596.140000 -8.872860 -17.473300 0.000000 0.000000 0.000000 -0.447654 0.894207
1596.520000 -8.873790 -17.473000 0.000000 0.000000 0.000000 -0.411586 0.911371
1597.610000 -8.871330 -17.475000 0.000000 0.000000 0.000000 -0.299679 0.954040
1597.940000 -8.847610 -17.443000 0.000000 0.000000 0.000000 -0.254318 0.967121
1597.950000 -8.846670 -17.443300 0.000000 0.000000 0.000000 -0.233458 0.972367
1598.270000 -8.842890 -17.444600 0.000000 0.000000 0.000000 -0.176323 0.984332
1598.360000 -8.837230 -17.446600 0.000000 0.000000 0.000000 -0.102096 0.994775
1599.020000 -8.835340 -17.447300 0.000000 0.000000 0.000000 -0.046948 0.998897
1599.170000 -8.790030 -17.365800 0.000000 0.000000 0.000000 0.030968 0.999520
1599.500000 -8.768130 -17.364700 0.000000 0.000000 0.000000 0.024825 0.999692
1599.910000 -8.623360 -17.356600 0.000000 0.000000 0.000000 0.030968 0.999520
1600.010000 -8.556360 -17.352600 0.000000 0.000000 0.000000 0.034039 0.999420
1600.060000 -8.530930 -17.350600 0.000000 0.000000 0.000000 0.034039 0.999420
1600.420000 -8.486770 -17.347400 0.000000 0.000000 0.000000 0.018681 0.999826
1600.440000 -8.437940 -17.346000 0.000000 0.000000 0.000000 0.021753 0.999763
1600.940000 -8.373170 -17.342200 0.000000 0.000000 0.000000 0.024825 0.999692
1601.140000 -8.246780 -17.334500 0.000000 0.000000 0.000000 0.034039 0.999420
1601.770000 -8.198160 -17.330800 0.000000 0.000000 0.000000 0.037110 0.999311
1601.780000 -8.145090 -17.326800 0.000000 0.000000 0.000000 0.037110 0.999311
1601.840000 -8.019840 -17.316500 0.000000 0.000000 0.000000 0.034039 0.999420
1602.320000 -7.961380 -17.312400 0.000000 0.000000 0.000000 0.027897 0.999611
1602.550000 -7.851870 -17.306700 0.000000 0.000000 0.000000 0.021753 0.999763
1602.950000 -7.792850 -17.303800 0.000000 0.000000 0.000000 0.015609 0.999878
1603.040000 -7.763720 -17.156200 0.000000 0.000000 0.000000 0.089045 0.996028
1603.530000 -7.705390 -17.145800 0.000000 0.000000 0.000000 0.082922 0.996556
1604.120000 -7.596610 -17.128600 0.000000 0.000000 0.000000 0.073733 0.997278
1604.140000 -7.537500 -17.119500 0.000000 0.000000 0.000000 0.073733 0.997278
1604.320000 -7.419300 -17.101200 0.000000 0.000000 0.000000 0.076796 0.997047
1604.910000 -7.364310 -17.092200 0.000000 0.000000 0.000000 0.076796 0.997047
1604.930000 -7.252180 -17.073600 0.000000 0.000000 0.000000 0.082922 0.996556
1605.050000 -7.191690 -17.062700 0.000000 0.000000 0.000000 0.085984 0.996297
1605.480000 -7.136510 -17.052800 0.000000 0.000000 0.000000 0.089045 0.996028
1606.140000 -7.025930 -17.031900 0.000000 0.000000 0.000000 0.089045 0.996028
1606.240000 -6.852900 -17.000500 0.000000 0.000000 0.000000 0.089045 0.996028
1606.930000 -6.800510 -16.971300 0.000000 0.000000 0.000000 0.112977 0.993598
1606.950000 -6.743650 -16.958400 0.000000 0.000000 0.000000 0.116030 0.993246
1607.350000 -6.628460 -16.929700 0.000000 0.000000 0.000000 0.119081 0.992885
1607.510000 -6.524940 -16.904200 0.000000 0.000000 0.000000 0.116030 0.993246
1608.140000 -6.468910 -16.890100 0.000000 0.000000 0.000000 0.119081 0.992885
1608.150000 -6.408610 -16.874700 0.000000 0.000000 0.000000 0.125181 0.992134
1608.240000 -6.298510 -16.846200 0.000000 0.000000 0.000000 0.122131 0.992514
1609.640000 -6.244620 -16.832800 0.000000 0.000000 0.000000 0.122131 0.992514
1609.650000 -6.187440 -16.817900 0.000000 0.000000 0.000000 0.119081 0.992885
1609.900000 -5.904960 -16.751900 0.000000 0.000000 0.000000 0.103813 0.994597
1609.920000 -5.848270 -16.740000 0.000000 0.000000 0.000000 0.097699 0.995216
1610.040000 -5.842800 -16.729500 0.000000 0.000000 0.000000 0.133440 0.991057
1610.560000 -5.787300 -16.714200 0.000000 0.000000 0.000000 0.133440 0.991057
1611.120000 -5.677290 -16.683400 0.000000 0.000000 0.000000 0.136485 0.990642
1611.380000 -5.621700 -16.667100 0.000000 0.000000 0.000000 0.139528 0.990218
1611.440000 -5.454930 -16.618100 0.000000 0.000000 0.000000 0.139528 0.990218
1611.890000 -5.411640 -16.604700 0.000000 0.000000 0.000000 0.148650 0.988890
1612.070000 -5.397260 -16.600900 0.000000 0.000000 0.000000 0.154724 0.987958
1612.570000 -5.396180 -16.600000 0.000000 0.000000 0.000000 0.160793 0.986988
1612.640000 -5.397260 -16.600900 0.000000 0.000000 0.000000 0.188023 0.982165
1613.160000 -5.396180 -16.600000 0.000000 0.000000 0.000000 0.221107 0.975250
1613.280000 -5.393020 -16.598300 0.000000 0.000000 0.000000 0.327417 0.944880
1614.590000 -5.391860 -16.596400 0.000000 0.000000 0.000000 0.379151 0.925335
1614.600000 -5.398060 -16.605900 0.000000 0.000000 0.000000 0.393034 0.919524
1614.640000 -5.399420 -16.608700 0.000000 0.000000 0.000000 0.582739 0.812659
1615.060000 -5.420730 -16.548000 0.000000 0.000000 0.000000 0.619433 0.785050
1615.350000 -5.420730 -16.548000 0.000000 0.000000 0.000000 0.686838 0.726810
1616.590000 -5.420590 -16.547000 0.000000 0.000000 0.000000 0.715315 0.698802
1616.610000 -5.420170 -16.544000 0.000000 0.000000 0.000000 0.746755 0.665099
1616.830000 -5.443620 -16.332600 0.000000 0.000000 0.000000 0.744707 0.667392
1616.850000 -5.545510 -16.290400 0.000000 0.000000 0.000000 0.774978 0.631988
1617.070000 -5.553690 -16.247100 0.000000 0.000000 0.000000 0.771080 0.636739
1618.630000 -5.563670 -16.198600 0.000000 0.000000 0.000000 0.771080 0.636739
1618.650000 -5.576920 -16.133000 0.000000 0.000000 0.000000 0.773031 0.634368
1618.660000 -5.591090 -16.065300 0.000000 0.000000 0.000000 0.774978 0.631988
1618.960000 -5.649430 -15.786600 0.000000 0.000000 0.000000 0.774978 0.631988
1619.040000 -5.670870 -15.677600 0.000000 0.000000 0.000000 0.769118 0.639107
1619.490000 -5.681550 -15.622100 0.000000 0.000000 0.000000 0.767149 0.641469
1619.640000 -5.701650 -15.505200 0.000000 0.000000 0.000000 0.759208 0.650848
1620.090000 -5.710370 -15.450800 0.000000 0.000000 0.000000 0.759208 0.650848
1620.100000 -5.716110 -15.420500 0.000000 0.000000 0.000000 0.761206 0.648511
1620.270000 -5.716850 -15.414500 0.000000 0.000000 0.000000 0.761206 0.648511
1620.980000 -5.715980 -15.417500 0.000000 0.000000 0.000000 0.765176 0.643821
1621.140000 -5.716020 -15.418500 0.000000 0.000000 0.000000 0.808730 0.588180
1621.590000 -5.715980 -15.417500 0.000000 0.000000 0.000000 0.840009 0.542572
1622.060000 -5.716900 -15.415500 0.000000 0.000000 0.000000 0.884961 0.465665
1622.200000 -5.712670 -15.467000 0.000000 0.000000 0.000000 0.905476 0.424397
1622.310000 -5.712670 -15.467000 0.000000 0.000000 0.000000 0.938595 0.345021
1622.460000 -5.712670 -15.467000 0.000000 0.000000 0.000000 0.949718 0.313106
1622.910000 -5.712670 -15.467000 0.000000 0.000000 0.000000 0.961466 0.274925
1623.030000 -5.735870 -15.479600 0.000000 0.000000 0.000000 0.983379 0.181564
1623.520000 -5.735870 -15.479600 0.000000 0.000000 0.000000 0.989845 0.142148
1623.630000 -5.738860 -15.479500 0.000000 0.000000 0.000000 0.998878 0.047354
1624.600000 -5.739860 -15.479400 0.000000 0.000000 0.000000 0.999945 0.010501
1624.790000 -5.739860 -15.479400 0.000000 0.000000 0.000000 0.999945 0.010501
1624.990000 -5.981630 -15.468600 0.000000 0.000000 0.000000 0.999806 0.019715
1625.360000 -6.006590 -15.467300 0.000000 0.000000 0.000000 0.999665 0.025863
1625.510000 -6.084780 -15.546900 0.000000 0.000000 0.000000 -0.999986 0.005381
1625.940000 -6.146770 -15.548400 0.000000 0.000000 0.000000 -0.999986 0.005381
1626.060000 -6.279760 -15.549700 0.000000 0.000000 0.000000 -0.999997 0.002306
1626.450000 -6.329760 -15.550200 0.000000 0.000000 0.000000 0.999976 0.006911
1626.510000 -6.375780 -15.548600 0.000000 0.000000 0.000000 0.999596 0.028418
1626.620000 -6.432830 -15.543200 0.000000 0.000000 0.000000 0.998251 0.059112
1627.340000 -6.501920 -15.533800 0.000000 0.000000 0.000000 0.996749 0.080569
1627.490000 -6.663150 -15.510400 0.000000 0.000000 0.000000 0.997664 0.068313
1627.870000 -6.722230 -15.502900 0.000000 0.000000 0.000000 0.997869 0.065245
1628.020000 -6.848380 -15.488100 0.000000 0.000000 0.000000 0.998428 0.056047
1628.420000 -6.900440 -15.481600 0.000000 0.000000 0.000000 0.998428 0.056047
1628.460000 -6.953490 -15.476100 0.000000 0.000000 0.000000 0.998754 0.049911
1628.630000 -7.014550 -15.470700 0.000000 0.000000 0.000000 0.998902 0.046839
1628.990000 -7.076600 -15.465300 0.000000 0.000000 0.000000 0.999171 0.040700
1629.030000 -7.064990 -15.487100 0.000000 0.000000 0.000000 -0.999981 0.006106
1629.220000 -7.120210 -15.487400 0.000000 0.000000 0.000000 -0.999981 0.006106
1629.570000 -7.178420 -15.488000 0.000000 0.000000 0.000000 -0.999981 0.006106
1629.630000 -7.237630 -15.488800 0.000000 0.000000 0.000000 -0.999981 0.006106
1630.440000 -7.295840 -15.489400 0.000000 0.000000 0.000000 -0.999981 0.006106
1630.620000 -7.408190 -15.491300 0.000000 0.000000 0.000000 -0.999925 0.012256
1630.940000 -7.407090 -15.492200 0.000000 0.000000 0.000000 -0.999925 0.012256
1631.060000 -7.407090 -15.492200 0.000000 0.000000 0.000000 -0.999958 0.009181
1631.430000 -7.408190 -15.491300 0.000000 0.000000 0.000000 0.999995 0.003111
1631.490000 -7.406100 -15.492100 0.000000 0.000000 0.000000 0.999768 0.021545
1631.630000 -7.404110 -15.491900 0.000000 0.000000 0.000000 0.999073 0.043043
1632.010000 -7.406100 -15.492100 0.000000 0.000000 0.000000 0.997916 0.064521
1632.070000 -7.406100 -15.492100 0.000000 0.000000 0.000000 0.996298 0.085970
1632.220000 -7.408190 -15.491300 0.000000 0.000000 0.000000 0.992823 0.119589
1633.370000 -7.408190 -15.491300 0.000000 0.000000 0.000000 0.987256 0.159142
1633.490000 -7.407190 -15.491200 0.000000 0.000000 0.000000 0.984154 0.177314
1633.550000 -7.408190 -15.491300 0.000000 0.000000 0.000000 0.972847 0.231448
1633.630000 -7.420350 -15.472800 0.000000 0.000000 0.000000 0.959284 0.282444
1633.950000 -7.421480 -15.471900 0.000000 0.000000 0.000000 0.951107 0.308862
1634.020000 -7.423610 -15.471200 0.000000 0.000000 0.000000 0.941168 0.337939
1634.410000 -7.423610 -15.471200 0.000000 0.000000 0.000000 0.931464 0.363835
1634.460000 -7.423750 -15.470200 0.000000 0.000000 0.000000 0.922240 0.386618
1634.630000 -7.423610 -15.471200 0.000000 0.000000 0.000000 0.908648 0.417563
1635.030000 -7.423610 -15.471200 0.000000 0.000000 0.000000 0.895389 0.445284
1635.040000 -7.374730 -15.427600 0.000000 0.000000 0.000000 0.880405 0.474223
1635.220000 -7.374850 -15.426600 0.000000 0.000000 0.000000 0.871513 0.490372
1635.630000 -7.375960 -15.425700 0.000000 0.000000 0.000000 0.857621 0.514283
1635.820000 -7.376070 -15.424700 0.000000 0.000000 0.000000 0.827879 0.560907
1636.400000 -7.376190 -15.423700 0.000000 0.000000 0.000000 0.815623 0.578584
1636.450000 -7.376070 -15.424700 0.000000 0.000000 0.000000 0.799312 0.600916
1636.630000 -7.376190 -15.423700 0.000000 0.000000 0.000000 0.766848 0.641829
1637.000000 -7.376070 -15.424700 0.000000 0.000000 0.000000 0.746765 0.665088
1637.030000 -7.331910 -15.392300 0.000000 0.000000 0.000000 0.728702 0.684831
1637.330000 -7.332050 -15.391300 0.000000 0.000000 0.000000 0.711647 0.702537
1638.070000 -7.332320 -15.389400 0.000000 0.000000 0.000000 0.694166 0.719815
1638.220000 -7.332460 -15.388400 0.000000 0.000000 0.000000 0.678523 0.734579
1638.280000 -7.332050 -15.391300 0.000000 0.000000 0.000000 0.636876 0.770966
1638.320000 -7.332190 -15.390400 0.000000 0.000000 0.000000 0.615315 0.788282
1638.420000 -7.331470 -15.388200 0.000000 0.000000 0.000000 0.593282 0.804995
1638.930000 -7.330610 -15.387100 0.000000 0.000000 0.000000 0.573318 0.819333
1639.020000 -7.268620 -15.388100 0.000000 0.000000 0.000000 0.543810 0.839209
1640.360000 -7.267790 -15.387000 0.000000 0.000000 0.000000 0.517768 0.855521
1640.370000 -7.267950 -15.386000 0.000000 0.000000 0.000000 0.493914 0.869511
1640.380000 -7.267950 -15.386000 0.000000 0.000000 0.000000 0.477801 0.878468
1641.380000 -7.266960 -15.385800 0.000000 0.000000 0.000000 0.375056 0.927002
1641.500000 -7.265300 -15.383600 0.000000 0.000000 0.000000 0.349280 0.937018
1641.910000 -7.225830 -15.409800 0.000000 0.000000 0.000000 0.251051 0.967974
1642.370000 -7.225830 -15.409800 0.000000 0.000000 0.000000 0.221193 0.975230
1642.550000 -7.216300 -15.406200 0.000000 0.000000 0.000000 0.166943 0.985967
1642.560000 -7.131510 -15.385800 0.000000 0.000000 0.000000 0.084662 0.996410
1642.630000 -7.055410 -15.374000 0.000000 0.000000 0.000000 0.074248 0.997240
1642.990000 -7.010790 -15.400100 0.000000 0.000000 0.000000 0.057805 0.998328
1643.070000 -6.958810 -15.395800 0.000000 0.000000 0.000000 0.039390 0.999224
1643.590000 -6.912600 -15.393500 0.000000 0.000000 0.000000 0.014818 0.999890
1643.630000 -6.791620 -15.396400 0.000000 0.000000 0.000000 -0.028196 0.999602
1644.110000 -6.726370 -15.399100 0.000000 0.000000 0.000000 -0.025125 0.999684
1644.160000 -6.670010 -15.403300 0.000000 0.000000 0.000000 -0.028196 0.999602
1644.220000 -6.617910 -15.406100 0.000000 0.000000 0.000000 -0.028196 0.999602
1645.210000 -6.562850 -15.408400 0.000000 0.000000 0.000000 -0.025125 0.999684
1645.370000 -6.502540 -15.411900 0.000000 0.000000 0.000000 -0.025125 0.999684
1645.970000 -6.377960 -15.418300 0.000000 0.000000 0.000000 -0.025125 0.999684
1645.980000 -6.325710 -15.422100 0.000000 0.000000 0.000000 -0.031268 0.999511
1645.990000 -6.272460 -15.425700 0.000000 0.000000 0.000000 -0.037410 0.999300
1646.000000 -6.211830 -15.431200 0.000000 0.000000 0.000000 -0.043550 0.999051
1646.130000 -6.089430 -15.443000 0.000000 0.000000 0.000000 -0.052757 0.998607
1646.170000 -6.036860 -15.448800 0.000000 0.000000 0.000000 -0.058893 0.998264
1647.250000 -6.017230 -15.355500 0.000000 0.000000 0.000000 -0.026829 0.999640
1647.420000 -5.956630 -15.359500 0.000000 0.000000 0.000000 -0.032971 0.999456
1647.430000 -5.924150 -15.362000 0.000000 0.000000 0.000000 -0.032971 0.999456
1647.480000 -5.697320 -15.381600 0.000000 0.000000 0.000000 -0.051392 0.998679
1647.990000 -5.631900 -15.388600 0.000000 0.000000 0.000000 -0.057528 0.998344
1648.000000 -5.602110 -15.392800 0.000000 0.000000 0.000000 -0.060595 0.998162
1648.080000 -5.548090 -15.399400 0.000000 0.000000 0.000000 -0.060595 0.998162
1648.910000 -5.504490 -15.405400 0.000000 0.000000 0.000000 -0.060595 0.998162
1648.960000 -5.485580 -15.407000 0.000000 0.000000 0.000000 -0.048323 0.998832
1649.410000 -5.486560 -15.407200 0.000000 0.000000 0.000000 -0.032971 0.999456
1649.530000 -5.488500 -15.407700 0.000000 0.000000 0.000000 0.010041 0.999950
1649.980000 -5.487530 -15.407500 0.000000 0.000000 0.000000 0.059170 0.998248
1650.080000 -5.478780 -15.405400 0.000000 0.000000 0.000000 0.182320 0.983239
1650.580000 -5.473300 -15.383200 0.000000 0.000000 0.000000 0.201693 0.979449
1651.210000 -5.473300 -15.383200 0.000000 0.000000 0.000000 0.255531 0.966801
1651.280000 -5.474280 -15.383400 0.000000 0.000000 0.000000 0.374984 0.927031
1652.100000 -5.473300 -15.383200 0.000000 0.000000 0.000000 0.428437 0.903572
1652.110000 -5.509060 -15.298800 0.000000 0.000000 0.000000 0.472471 0.881346
1652.230000 -5.507720 -15.295500 0.000000 0.000000 0.000000 0.591921 0.805996
1652.620000 -5.507720 -15.295500 0.000000 0.000000 0.000000 0.628427 0.777868
1652.640000 -5.507720 -15.295500 0.000000 0.000000 0.000000 0.652031 0.758192
1652.910000 -5.553860 -15.285500 0.000000 0.000000 0.000000 0.686271 0.727346
1653.300000 -5.553860 -15.285500 0.000000 0.000000 0.000000 0.721187 0.692740
1653.410000 -5.554680 -15.281600 0.000000 0.000000 0.000000 0.750313 0.661083
1653.910000 -5.556230 -15.264500 0.000000 0.000000 0.000000 0.754361 0.656460
1653.920000 -5.563890 -15.223200 0.000000 0.000000 0.000000 0.772225 0.635350
1654.010000 -5.579130 -15.150800 0.000000 0.000000 0.000000 0.778050 0.628203
1654.460000 -5.595970 -15.075700 0.000000 0.000000 0.000000 0.776114 0.630592
1654.610000 -5.617170 -14.974900 0.000000 0.000000 0.000000 0.772225 0.635350
1655.330000 -5.627060 -14.927900 0.000000 0.000000 0.000000 0.774175 0.632972
1655.340000 -5.639260 -14.865100 0.000000 0.000000 0.000000 0.766334 0.642443
1655.410000 -5.655830 -14.737700 0.000000 0.000000 0.000000 0.740067 0.672533
1655.860000 -5.740470 -14.729300 0.000000 0.000000 0.000000 0.774772 0.632240
1656.060000 -5.764620 -14.618300 0.000000 0.000000 0.000000 0.776710 0.629859
1656.450000 -5.778730 -14.553500 0.000000 0.000000 0.000000 0.778643 0.627467
1656.610000 -5.802250 -14.447500 0.000000 0.000000 0.000000 0.776710 0.629859
1657.120000 -5.813540 -14.394300 0.000000 0.000000 0.000000 0.774772 0.632240
1657.140000 -5.825440 -14.333000 0.000000 0.000000 0.000000 0.772825 0.634620
1657.210000 -5.837980 -14.272900 0.000000 0.000000 0.000000 0.770873 0.636989
1658.480000 -5.848620 -14.215300 0.000000 0.000000 0.000000 0.770873 0.636989
1658.490000 -5.859280 -14.160900 0.000000 0.000000 0.000000 0.770873 0.636989
1658.610000 -5.882160 -14.050500 0.000000 0.000000 0.000000 0.774772 0.632240
1659.250000 -5.894070 -13.992300 0.000000 0.000000 0.000000 0.776710 0.629859
1659.350000 -5.906920 -13.934400 0.000000 0.000000 0.000000 0.780566 0.625074
1659.450000 -5.919790 -13.879600 0.000000 0.000000 0.000000 0.782484 0.622671
1659.820000 -5.922150 -13.649300 0.000000 0.000000 0.000000 0.769996 0.638049
1659.840000 -5.932530 -13.593300 0.000000 0.000000 0.000000 0.756098 0.654459
1660.010000 -5.939170 -13.536000 0.000000 0.000000 0.000000 0.739781 0.672848
1660.520000 -5.944640 -13.476100 0.000000 0.000000 0.000000 0.731456 0.681888
1660.540000 -5.948700 -13.419900 0.000000 0.000000 0.000000 0.731456 0.681888
1660.610000 -5.953110 -13.362800 0.000000 0.000000 0.000000 0.735633 0.677381
1661.140000 -5.958100 -13.307000 0.000000 0.000000 0.000000 0.737712 0.675116
1661.300000 -5.970330 -13.186600 0.000000 0.000000 0.000000 0.737712 0.675116
1662.000000 -5.975320 -13.130700 0.000000 0.000000 0.000000 0.737712 0.675116
1662.050000 -5.979840 -13.079000 0.000000 0.000000 0.000000 0.735633 0.677381
1662.210000 -5.997410 -12.901800 0.000000 0.000000 0.000000 0.743902 0.668289
1663.210000 -6.003930 -12.847700 0.000000 0.000000 0.000000 0.743902 0.668289
1663.320000 -6.010560 -12.790300 0.000000 0.000000 0.000000 0.747994 0.663705
1664.160000 -6.056610 -12.747000 0.000000 0.000000 0.000000 0.766234 0.642561
1664.440000 -6.116490 -12.408300 0.000000 0.000000 0.000000 0.737891 0.674920
1664.450000 -6.120500 -12.355600 0.000000 0.000000 0.000000 0.718946 0.695066
1664.630000 -6.120950 -12.296000 0.000000 0.000000 0.000000 0.701646 0.712526
1665.370000 -6.119050 -12.234300 0.000000 0.000000 0.000000 0.692833 0.721098
1665.400000 -6.116480 -12.176600 0.000000 0.000000 0.000000 0.697251 0.716827
1665.410000 -6.115040 -12.062900 0.000000 0.000000 0.000000 0.697251 0.716827
1665.920000 -6.112480 -12.005300 0.000000 0.000000 0.000000 0.695047 0.718964
1666.010000 -6.109590 -11.889900 0.000000 0.000000 0.000000 0.695047 0.718964
1666.520000 -6.107940 -11.832600 0.000000 0.000000 0.000000 0.695047 0.718964
1666.610000 -6.118110 -11.741500 0.000000 0.000000 0.000000 0.728469 0.685078
1667.140000 -6.122380 -11.687100 0.000000 0.000000 0.000000 0.732665 0.680589
1667.300000 -6.132540 -11.568800 0.000000 0.000000 0.000000 0.738909 0.673805
1667.980000 -6.138230 -11.511700 0.000000 0.000000 0.000000 0.743036 0.669252
1667.990000 -6.145690 -11.455600 0.000000 0.000000 0.000000 0.747134 0.664673
1669.420000 -6.160660 -11.341000 0.000000 0.000000 0.000000 0.755246 0.655441
1669.430000 -6.169600 -11.280000 0.000000 0.000000 0.000000 0.759260 0.650788
1669.440000 -6.178880 -11.222500 0.000000 0.000000 0.000000 0.761257 0.648450
1669.450000 -6.188560 -11.166400 0.000000 0.000000 0.000000 0.763245 0.646110
1669.920000 -6.239930 -10.893200 0.000000 0.000000 0.000000 0.769169 0.639045
1670.040000 -6.271390 -10.824600 0.000000 0.000000 0.000000 0.784578 0.620030
1670.500000 -6.278690 -10.795800 0.000000 0.000000 0.000000 0.769102 0.639126
1670.590000 -6.296270 -10.661900 0.000000 0.000000 0.000000 0.749102 0.662455
1671.050000 -6.303950 -10.598400 0.000000 0.000000 0.000000 0.751135 0.660148
1671.090000 -6.307630 -10.573200 0.000000 0.000000 0.000000 0.751135 0.660148
1671.190000 -6.313860 -10.528000 0.000000 0.000000 0.000000 0.751135 0.660148
1672.000000 -6.321220 -10.477500 0.000000 0.000000 0.000000 0.757190 0.653195
1672.020000 -6.331390 -10.412100 0.000000 0.000000 0.000000 0.757190 0.653195
1672.110000 -6.357410 -10.240500 0.000000 0.000000 0.000000 0.761189 0.648530
1672.540000 -6.366990 -10.186700 0.000000 0.000000 0.000000 0.763177 0.646190
1672.550000 -6.372070 -10.157600 0.000000 0.000000 0.000000 0.765160 0.643840
1672.920000 -6.382510 -10.097200 0.000000 0.000000 0.000000 0.769102 0.639126
1673.200000 -6.395160 -10.037000 0.000000 0.000000 0.000000 0.771061 0.636762
1673.250000 -6.416830 -9.927530 0.000000 0.000000 0.000000 0.773015 0.634388
1673.790000 -6.427250 -9.874310 0.000000 0.000000 0.000000 0.773015 0.634388
1673.800000 -6.439350 -9.814990 0.000000 0.000000 0.000000 0.771061 0.636762
1673.990000 -6.415120 -9.709330 0.000000 0.000000 0.000000 0.787277 0.616600
1674.460000 -6.418410 -9.693110 0.000000 0.000000 0.000000 0.787277 0.616600
1674.550000 -6.420150 -9.685700 0.000000 0.000000 0.000000 0.787277 0.616600
1675.550000 -6.420150 -9.685700 0.000000 0.000000 0.000000 0.787277 0.616600
1675.560000 -6.420150 -9.685700 0.000000 0.000000 0.000000 0.789166 0.614180
1676.260000 -6.420150 -9.685700 0.000000 0.000000 0.000000 0.809471 0.587160
1677.480000 -6.421340 -9.684090 0.000000 0.000000 0.000000 0.914906 0.403667
1677.490000 -6.458630 -9.678050 0.000000 0.000000 0.000000 0.918773 0.394787
1678.250000 -6.458070 -9.678880 0.000000 0.000000 0.000000 0.983010 0.183550
1678.270000 -6.456130 -9.719340 0.000000 0.000000 0.000000 0.997689 0.067939
1678.960000 -6.475250 -9.717560 0.000000 0.000000 0.000000 0.999416 0.034185
1678.970000 -6.518520 -9.717290 0.000000 0.000000 0.000000 -0.999888 0.014976
1679.070000 -6.666680 -9.724980 0.000000 0.000000 0.000000 -0.999707 0.024189
1679.460000 -6.724390 -9.728220 0.000000 0.000000 0.000000 -0.999628 0.027263
1680.320000 -6.817890 -9.733470 0.000000 0.000000 0.000000 -0.999777 0.021120
1681.110000 -7.059520 -9.742790 0.000000 0.000000 0.000000 -0.999961 0.008831
1681.320000 -7.109450 -9.743320 0.000000 0.000000 0.000000 -0.999996 0.002681
1681.330000 -7.289720 -9.742200 0.000000 0.000000 0.000000 0.999920 0.012681
1681.530000 -7.345740 -9.740740 0.000000 0.000000 0.000000 0.999823 0.018825
1682.260000 -7.402300 -9.738450 0.000000 0.000000 0.000000 0.999876 0.015751
1682.280000 -7.476720 -9.897140 0.000000 0.000000 0.000000 -0.998602 0.052867
1682.430000 -7.476720 -9.897140 0.000000 0.000000 0.000000 -0.998602 0.052867
1682.790000 -7.476720 -9.897140 0.000000 0.000000 0.000000 -0.998602 0.052867
1682.830000 -7.476720 -9.897140 0.000000 0.000000 0.000000 -0.998602 0.052867
1683.350000 -7.476720 -9.897140 0.000000 0.000000 0.000000 -0.998434 0.055937
1683.360000 -7.476720 -9.897140 0.000000 0.000000 0.000000 -0.997876 0.065135
1683.460000 -7.477480 -9.897790 0.000000 0.000000 0.000000 -0.996758 0.080459
1683.930000 -7.476720 -9.897140 0.000000 0.000000 0.000000 -0.994152 0.107990
1684.030000 -7.484750 -9.900060 0.000000 0.000000 0.000000 -0.977470 0.211077
1684.500000 -7.485510 -9.900700 0.000000 0.000000 0.000000 -0.967487 0.252919
1684.520000 -7.486270 -9.901350 0.000000 0.000000 0.000000 -0.959261 0.282521
1684.630000 -7.486270 -9.901350 0.000000 0.000000 0.000000 -0.944217 0.329323
1685.550000 -7.447190 -9.887300 0.000000 0.000000 0.000000 -0.931587 0.363518
1685.920000 -7.447010 -9.885890 0.000000 0.000000 0.000000 -0.853989 0.520291
1686.140000 -7.447010 -9.885890 0.000000 0.000000 0.000000 -0.830826 0.556532
1686.280000 -7.370820 -9.916460 0.000000 0.000000 0.000000 -0.785680 0.618633
1686.920000 -7.371170 -9.919270 0.000000 0.000000 0.000000 -0.754331 0.656494
1686.930000 -7.370900 -9.922860 0.000000 0.000000 0.000000 -0.719023 0.694987
1687.180000 -7.371240 -9.925670 0.000000 0.000000 0.000000 -0.658956 0.752181
1687.230000 -7.344200 -9.922520 0.000000 0.000000 0.000000 -0.628381 0.777906
1687.770000 -7.344200 -9.922520 0.000000 0.000000 0.000000 -0.591873 0.806032
1687.790000 -7.343580 -9.923310 0.000000 0.000000 0.000000 -0.548981 0.835835
1687.870000 -7.343580 -9.923310 0.000000 0.000000 0.000000 -0.507241 0.861804
1689.490000 -7.342960 -9.924100 0.000000 0.000000 0.000000 -0.472419 0.881374
1689.500000 -7.343580 -9.923310 0.000000 0.000000 0.000000 -0.431308 0.902205
1689.510000 -7.306510 -9.900180 0.000000 0.000000 0.000000 -0.401227 0.915979
1689.520000 -7.305920 -9.900980 0.000000 0.000000 0.000000 -0.361463 0.932386
1690.120000 -7.305320 -9.901780 0.000000 0.000000 0.000000 -0.181389 0.983411
1690.330000 -7.279110 -9.875950 0.000000 0.000000 0.000000 -0.153561 0.988139
1690.490000 -7.278290 -9.875390 0.000000 0.000000 0.000000 -0.000533 1.000000
1690.850000 -7.278290 -9.875390 0.000000 0.000000 0.000000 0.008684 0.999962
1691.070000 -7.279110 -9.875950 0.000000 0.000000 0.000000 0.045542 0.998962
1691.800000 -7.280500 -9.875700 0.000000 0.000000 0.000000 0.076212 0.997092
1691.830000 -7.162530 -9.838110 0.000000 0.000000 0.000000 0.163826 0.986489
1692.300000 -7.088870 -9.813650 0.000000 0.000000 0.000000 0.160794 0.986988
1692.330000 -7.026870 -9.793280 0.000000 0.000000 0.000000 0.154725 0.987958
1692.430000 -6.976850 -9.778370 0.000000 0.000000 0.000000 0.145612 0.989342
1692.910000 -6.932930 -9.765080 0.000000 0.000000 0.000000 0.142571 0.989785
1693.120000 -6.816210 -9.731500 0.000000 0.000000 0.000000 0.133441 0.991057
1693.540000 -6.753700 -9.715560 0.000000 0.000000 0.000000 0.127348 0.991858
1693.930000 -6.648680 -9.689660 0.000000 0.000000 0.000000 0.115148 0.993348
1694.180000 -6.594780 -9.677000 0.000000 0.000000 0.000000 0.112095 0.993698
1694.200000 -6.534230 -9.663550 0.000000 0.000000 0.000000 0.105986 0.994368
1694.280000 -6.473960 -9.651480 0.000000 0.000000 0.000000 0.099873 0.995000
1695.250000 -6.417290 -9.639390 0.000000 0.000000 0.000000 0.099873 0.995000
1695.410000 -6.252030 -9.512880 0.000000 0.000000 0.000000 0.138237 0.990399
1696.590000 -6.196820 -9.497660 0.000000 0.000000 0.000000 0.129102 0.991631
1696.960000 -6.085110 -9.468740 0.000000 0.000000 0.000000 0.171628 0.985162
1696.970000 -6.084340 -9.468100 0.000000 0.000000 0.000000 0.189761 0.981830
1697.170000 -6.081400 -9.466930 0.000000 0.000000 0.000000 0.285231 0.958459
1697.580000 -6.079880 -9.465630 0.000000 0.000000 0.000000 0.317458 0.948272
1697.780000 -6.084850 -9.454690 0.000000 0.000000 0.000000 0.373822 0.927500
1698.570000 -6.085640 -9.455310 0.000000 0.000000 0.000000 0.416160 0.909291
1698.590000 -6.084850 -9.454690 0.000000 0.000000 0.000000 0.465790 0.884895
1698.650000 -6.085640 -9.455310 0.000000 0.000000 0.000000 0.550410 0.834895
1699.020000 -6.084850 -9.454690 0.000000 0.000000 0.000000 0.593254 0.805015
1699.220000 -6.102670 -9.383460 0.000000 0.000000 0.000000 0.662458 0.749099
1699.610000 -6.102670 -9.383460 0.000000 0.000000 0.000000 0.691844 0.722047
1699.770000 -6.102070 -9.384250 0.000000 0.000000 0.000000 0.732798 0.680446
1700.260000 -6.101930 -9.377850 0.000000 0.000000 0.000000 0.726493 0.687174
1700.380000 -6.105440 -9.323880 0.000000 0.000000 0.000000 0.722257 0.691625
1700.920000 -6.109370 -9.246320 0.000000 0.000000 0.000000 0.726493 0.687174
1701.150000 -6.120420 -9.072210 0.000000 0.000000 0.000000 0.724380 0.689401
1701.850000 -6.121450 -9.047820 0.000000 0.000000 0.000000 0.724380 0.689401
1701.870000 -6.125610 -8.988060 0.000000 0.000000 0.000000 0.726493 0.687174
1702.020000 -6.139420 -8.797180 0.000000 0.000000 0.000000 0.732798 0.680446
1702.350000 -6.143490 -8.747420 0.000000 0.000000 0.000000 0.734884 0.678193
1702.420000 -6.147610 -8.692650 0.000000 0.000000 0.000000 0.734884 0.678193
1702.920000 -6.154210 -8.629710 0.000000 0.000000 0.000000 0.734884 0.678193
1703.040000 -6.164360 -8.507800 0.000000 0.000000 0.000000 0.734884 0.678193
1703.490000 -6.169040 -8.457250 0.000000 0.000000 0.000000 0.734884 0.678193
1704.350000 -6.178540 -8.341130 0.000000 0.000000 0.000000 0.734884 0.678193
1704.990000 -6.330810 -8.286390 0.000000 0.000000 0.000000 0.797243 0.603658
1705.050000 -6.330810 -8.286390 0.000000 0.000000 0.000000 0.804602 0.593814
1705.210000 -6.334430 -8.280070 0.000000 0.000000 0.000000 0.885999 0.463686
1705.570000 -6.335140 -8.279370 0.000000 0.000000 0.000000 0.906422 0.422373
1705.630000 -6.334430 -8.280070 0.000000 0.000000 0.000000 0.918970 0.394328
1706.130000 -6.362680 -8.349310 0.000000 0.000000 0.000000 0.921133 0.389249
1706.270000 -6.362680 -8.349310 0.000000 0.000000 0.000000 0.955803 0.294007
1706.820000 -6.362680 -8.349310 0.000000 0.000000 0.000000 0.968336 0.249652
1706.830000 -6.364090 -8.349220 0.000000 0.000000 0.000000 0.979435 0.201762
1707.320000 -6.405320 -8.424780 0.000000 0.000000 0.000000 0.991105 0.133080
1707.340000 -6.408130 -8.424530 0.000000 0.000000 0.000000 0.995912 0.090333
1707.410000 -6.409540 -8.424400 0.000000 0.000000 0.000000 0.999148 0.041280
1708.330000 -6.412360 -8.424150 0.000000 0.000000 0.000000 -0.999999 0.001726
1708.340000 -6.417350 -8.424420 0.000000 0.000000 0.000000 -0.999988 0.004801
1708.430000 -6.547830 -8.422750 0.000000 0.000000 0.000000 0.999990 0.004421
1708.870000 -6.627980 -8.422010 0.000000 0.000000 0.000000 0.999990 0.004421
1709.010000 -6.729390 -8.420790 0.000000 0.000000 0.000000 0.999804 0.019780
1709.450000 -6.775360 -8.418830 0.000000 0.000000 0.000000 0.999860 0.016711
1709.460000 -6.841940 -8.417170 0.000000 0.000000 0.000000 0.999907 0.013636
1709.610000 -6.913510 -8.415770 0.000000 0.000000 0.000000 0.999944 0.010566
1710.020000 -6.971640 -8.414860 0.000000 0.000000 0.000000 0.999944 0.010566
1710.050000 -7.019790 -8.413420 0.000000 0.000000 0.000000 0.999944 0.010566
1710.210000 -7.072280 -8.413000 0.000000 0.000000 0.000000 0.999972 0.007491
1710.650000 -7.136820 -8.412230 0.000000 0.000000 0.000000 0.999972 0.007491
1710.810000 -7.262420 -8.411710 0.000000 0.000000 0.000000 -0.999999 0.001726
1711.510000 -7.312870 -8.412190 0.000000 0.000000 0.000000 -0.999988 0.004801
1711.630000 -7.427330 -8.414070 0.000000 0.000000 0.000000 -0.999940 0.010946
1711.830000 -7.451630 -8.541200 0.000000 0.000000 0.000000 -0.997329 0.073041
1712.140000 -7.504320 -8.549010 0.000000 0.000000 0.000000 -0.997548 0.069979
1712.230000 -7.559830 -8.556970 0.000000 0.000000 0.000000 -0.997960 0.063848
1712.650000 -7.617500 -8.564330 0.000000 0.000000 0.000000 -0.998151 0.060779
1713.350000 -7.677990 -8.571860 0.000000 0.000000 0.000000 -0.998506 0.054644
1713.410000 -7.907710 -8.592780 0.000000 0.000000 0.000000 -0.999344 0.036228
1713.770000 -7.964120 -8.597240 0.000000 0.000000 0.000000 -0.999344 0.036228
1713.810000 -8.024770 -8.601940 0.000000 0.000000 0.000000 -0.999344 0.036228
1715.450000 -8.084000 -8.606560 0.000000 0.000000 0.000000 -0.999228 0.039296
1715.460000 -8.140410 -8.611030 0.000000 0.000000 0.000000 -0.999102 0.042369
1715.470000 -8.194000 -8.615340 0.000000 0.000000 0.000000 -0.999228 0.039296
1715.480000 -8.251820 -8.619890 0.000000 0.000000 0.000000 -0.999344 0.036228
1715.650000 -8.475410 -8.707400 0.000000 0.000000 0.000000 -0.999915 0.013001
1716.370000 -8.532100 -8.709510 0.000000 0.000000 0.000000 -0.999951 0.009926
1716.420000 -8.648440 -8.712640 0.000000 0.000000 0.000000 -0.999976 0.006856
1716.790000 -8.647040 -8.712480 0.000000 0.000000 0.000000 -0.999976 0.006856
1716.820000 -8.647040 -8.712480 0.000000 0.000000 0.000000 -0.999976 0.006856
1717.120000 -8.647040 -8.712480 0.000000 0.000000 0.000000 -1.000000 0.000711
1717.800000 -8.647040 -8.712480 0.000000 0.000000 0.000000 0.999933 0.011581
1717.820000 -8.647040 -8.712480 0.000000 0.000000 0.000000 0.999453 0.033085
1718.090000 -8.649230 -8.712020 0.000000 0.000000 0.000000 0.995534 0.094406
1718.420000 -8.652190 -8.710930 0.000000 0.000000 0.000000 0.992164 0.124944
1718.620000 -8.655790 -8.710620 0.000000 0.000000 0.000000 0.983739 0.179601
1719.020000 -8.656570 -8.710000 0.000000 0.000000 0.000000 0.978397 0.206735
1719.050000 -8.646340 -8.648420 0.000000 0.000000 0.000000 0.978050 0.208368
1719.210000 -8.646340 -8.648420 0.000000 0.000000 0.000000 0.971915 0.235333
1720.200000 -8.645530 -8.649000 0.000000 0.000000 0.000000 0.964227 0.265079
1720.310000 -8.645530 -8.649000 0.000000 0.000000 0.000000 0.942075 0.335401
1720.320000 -8.644720 -8.649590 0.000000 0.000000 0.000000 0.929070 0.369905
1720.450000 -8.644720 -8.649590 0.000000 0.000000 0.000000 0.918486 0.395453
1721.230000 -8.645530 -8.649000 0.000000 0.000000 0.000000 0.914801 0.403905
1721.250000 -8.650020 -8.643270 0.000000 0.000000 0.000000 0.905902 0.423487
1721.430000 -8.730420 -8.462480 0.000000 0.000000 0.000000 0.888447 0.458980
1722.540000 -8.768730 -8.409000 0.000000 0.000000 0.000000 0.888447 0.458980
1722.780000 -8.913420 -8.198560 0.000000 0.000000 0.000000 0.884180 0.467147
1722.910000 -8.976730 -8.105730 0.000000 0.000000 0.000000 0.882739 0.469864
1723.290000 -9.007720 -8.060990 0.000000 0.000000 0.000000 0.881292 0.472571
1723.350000 -9.041350 -8.009540 0.000000 0.000000 0.000000 0.882739 0.469864
1723.480000 -9.077440 -7.956380 0.000000 0.000000 0.000000 0.882739 0.469864
1724.260000 -9.110580 -7.907710 0.000000 0.000000 0.000000 0.882739 0.469864
1724.280000 -9.141820 -7.861590 0.000000 0.000000 0.000000 0.881292 0.472571
1724.520000 -9.220920 -7.740690 0.000000 0.000000 0.000000 0.878372 0.477978
1724.800000 -9.170360 -7.734300 0.000000 0.000000 0.000000 0.875391 0.483415
1725.000000 -9.191700 -7.702100 0.000000 0.000000 0.000000 0.878345 0.478026
1725.360000 -9.189820 -7.704650 0.000000 0.000000 0.000000 0.879811 0.475323
1725.900000 -9.190880 -7.702680 0.000000 0.000000 0.000000 0.878345 0.478026
1725.920000 -9.191700 -7.702100 0.000000 0.000000 0.000000 0.873903 0.486100
1726.110000 -9.190880 -7.702680 0.000000 0.000000 0.000000 0.858555 0.512721
1726.270000 -9.190880 -7.702680 0.000000 0.000000 0.000000 0.847329 0.531069
1726.660000 -9.190880 -7.702680 0.000000 0.000000 0.000000 0.835713 0.549166
1727.650000 -9.190880 -7.702680 0.000000 0.000000 0.000000 0.820208 0.572065
1728.450000 -9.191600 -7.698500 0.000000 0.000000 0.000000 0.739761 0.672870
1728.630000 -9.153560 -7.664730 0.000000 0.000000 0.000000 0.681061 0.732227
1728.930000 -9.153870 -7.663350 0.000000 0.000000 0.000000 0.655927 0.754824
1729.220000 -9.153340 -7.662500 0.000000 0.000000 0.000000 0.618038 0.786148
1729.420000 -9.153340 -7.662500 0.000000 0.000000 0.000000 0.576150 0.817344
1729.840000 -9.153340 -7.662500 0.000000 0.000000 0.000000 0.558437 0.829547
1729.860000 -9.100700 -7.673520 0.000000 0.000000 0.000000 0.546212 0.837647
1729.990000 -9.100700 -7.673520 0.000000 0.000000 0.000000 0.517593 0.855627
1730.870000 -9.100700 -7.673520 0.000000 0.000000 0.000000 0.504385 0.863479
1730.990000 -9.100700 -7.673520 0.000000 0.000000 0.000000 0.416065 0.909335
1731.320000 -9.100700 -7.673520 0.000000 0.000000 0.000000 0.393588 0.919287
1731.390000 -9.101210 -7.674380 0.000000 0.000000 0.000000 0.368018 0.929819
1731.770000 -9.101720 -7.675240 0.000000 0.000000 0.000000 0.345052 0.938583
1731.830000 -9.041920 -7.658360 0.000000 0.000000 0.000000 0.321782 0.946814
1732.020000 -9.041920 -7.658360 0.000000 0.000000 0.000000 0.310121 0.950697
1732.400000 -9.041920 -7.658360 0.000000 0.000000 0.000000 0.295478 0.955349
1732.640000 -9.040550 -7.658010 0.000000 0.000000 0.000000 0.239231 0.970963
1732.930000 -9.041060 -7.658870 0.000000 0.000000 0.000000 0.206281 0.978493
1732.990000 -9.041060 -7.658870 0.000000 0.000000 0.000000 0.188207 0.982129
1733.820000 -9.041920 -7.658360 0.000000 0.000000 0.000000 0.170069 0.985432
1733.990000 -9.007750 -7.694510 0.000000 0.000000 0.000000 0.055569 0.998455
1734.430000 -9.005530 -7.694690 0.000000 0.000000 0.000000 0.024868 0.999691
1734.590000 -9.004670 -7.695210 0.000000 0.000000 0.000000 -0.036577 0.999331
1734.980000 -9.004670 -7.695210 0.000000 0.000000 0.000000 -0.051925 0.998651
1735.030000 -9.005530 -7.694690 0.000000 0.000000 0.000000 -0.079519 0.996833
1735.220000 -9.004670 -7.695210 0.000000 0.000000 0.000000 -0.110107 0.993920
1735.590000 -9.005530 -7.694690 0.000000 0.000000 0.000000 -0.134505 0.990913
1735.600000 -9.004670 -7.695210 0.000000 0.000000 0.000000 -0.155785 0.987791
1735.900000 -9.003810 -7.695730 0.000000 0.000000 0.000000 -0.180018 0.983663
1736.290000 -8.984680 -7.751570 0.000000 0.000000 0.000000 -0.195687 0.980666
1736.390000 -8.982070 -7.753040 0.000000 0.000000 0.000000 -0.237679 0.971344
1737.220000 -8.981200 -7.753540 0.000000 0.000000 0.000000 -0.267409 0.963583
1737.400000 -8.965150 -7.763750 0.000000 0.000000 0.000000 -0.285128 0.958489
1738.380000 -8.927940 -7.789380 0.000000 0.000000 0.000000 -0.291013 0.956719
1738.440000 -8.720740 -7.932890 0.000000 0.000000 0.000000 -0.305677 0.952135
1738.830000 -8.681410 -7.960860 0.000000 0.000000 0.000000 -0.302750 0.953070
1739.060000 -8.568640 -8.041810 0.000000 0.000000 0.000000 -0.308602 0.951191
1739.330000 -8.521100 -8.075570 0.000000 0.000000 0.000000 -0.311523 0.950239
1739.400000 -8.483130 -8.103920 0.000000 0.000000 0.000000 -0.317356 0.948306
1740.180000 -8.441310 -8.135590 0.000000 0.000000 0.000000 -0.320269 0.947327
1740.200000 -8.390890 -8.174420 0.000000 0.000000 0.000000 -0.317356 0.948306
1740.390000 -8.252950 -8.279940 0.000000 0.000000 0.000000 -0.320269 0.947327
1741.290000 -8.209870 -8.313470 0.000000 0.000000 0.000000 -0.323178 0.946338
1741.470000 -8.132800 -8.386940 0.000000 0.000000 0.000000 -0.267742 0.963491
1741.830000 -8.081500 -8.416910 0.000000 0.000000 0.000000 -0.258850 0.965918
1742.110000 -7.977810 -8.471860 0.000000 0.000000 0.000000 -0.217070 0.976156
1742.470000 -7.932490 -8.490500 0.000000 0.000000 0.000000 -0.177914 0.984046
1742.590000 -7.901030 -8.500930 0.000000 0.000000 0.000000 -0.101870 0.994798
1743.380000 -7.906010 -8.499850 0.000000 0.000000 0.000000 -0.074324 0.997234
1743.390000 -7.850120 -8.464510 0.000000 0.000000 0.000000 0.034492 0.999405
1744.200000 -7.829070 -8.463100 0.000000 0.000000 0.000000 0.028349 0.999598
1744.210000 -7.688950 -8.456230 0.000000 0.000000 0.000000 0.028349 0.999598
1744.250000 -7.619980 -8.451650 0.000000 0.000000 0.000000 0.031420 0.999506
1744.460000 -7.571180 -8.448950 0.000000 0.000000 0.000000 0.025278 0.999680
1744.900000 -7.528660 -8.447480 0.000000 0.000000 0.000000 0.025278 0.999680
1745.030000 -7.400180 -8.441290 0.000000 0.000000 0.000000 0.019133 0.999817
1745.490000 -7.333490 -8.438920 0.000000 0.000000 0.000000 0.019133 0.999817
1745.590000 -7.235040 -8.436210 0.000000 0.000000 0.000000 0.016061 0.999871
1746.510000 -7.178640 -8.434100 0.000000 0.000000 0.000000 0.019133 0.999817
1746.520000 -7.113300 -8.432140 0.000000 0.000000 0.000000 0.019133 0.999817
1746.590000 -6.943230 -8.426260 0.000000 0.000000 0.000000 0.016061 0.999871
1747.050000 -6.885950 -8.424610 0.000000 0.000000 0.000000 0.022206 0.999753
1747.250000 -6.821370 -8.247710 0.000000 0.000000 0.000000 0.110939 0.993827
1747.820000 -6.767990 -8.235710 0.000000 0.000000 0.000000 0.113992 0.993482
1747.830000 -6.716830 -8.224030 0.000000 0.000000 0.000000 0.113992 0.993482
1748.360000 -6.625870 -8.203270 0.000000 0.000000 0.000000 0.120095 0.992762
1748.540000 -6.623350 -8.201990 0.000000 0.000000 0.000000 0.132288 0.991211
1748.940000 -6.623350 -8.201990 0.000000 0.000000 0.000000 0.141419 0.989950
1748.960000 -6.623350 -8.201990 0.000000 0.000000 0.000000 0.168739 0.985661
1749.100000 -6.623350 -8.201990 0.000000 0.000000 0.000000 0.207967 0.978136
1749.980000 -6.629660 -8.205190 0.000000 0.000000 0.000000 0.255785 0.966734
1750.010000 -6.637540 -8.209970 0.000000 0.000000 0.000000 0.279470 0.960154
1750.020000 -6.702700 -8.261260 0.000000 0.000000 0.000000 0.346573 0.938023
1750.220000 -6.706310 -8.203170 0.000000 0.000000 0.000000 0.343921 0.938999
1750.800000 -6.705980 -8.202220 0.000000 0.000000 0.000000 0.349685 0.936867
1750.930000 -6.705650 -8.201280 0.000000 0.000000 0.000000 0.364037 0.931385
1751.250000 -6.702430 -8.198180 0.000000 0.000000 0.000000 0.439968 0.898013
1751.340000 -6.700480 -8.195680 0.000000 0.000000 0.000000 0.512870 0.858466
1751.830000 -6.700480 -8.195680 0.000000 0.000000 0.000000 0.554440 0.832224
1751.960000 -6.736140 -8.139600 0.000000 0.000000 0.000000 0.595815 0.803122
1752.350000 -6.735760 -8.138670 0.000000 0.000000 0.000000 0.632185 0.774817
1752.460000 -6.736310 -8.137370 0.000000 0.000000 0.000000 0.662626 0.748950
1753.340000 -6.735550 -8.135520 0.000000 0.000000 0.000000 0.660320 0.750984
1753.460000 -6.721690 -8.033130 0.000000 0.000000 0.000000 0.658012 0.753008
1753.810000 -6.715360 -7.986010 0.000000 0.000000 0.000000 0.655693 0.755028
1753.870000 -6.705640 -7.912180 0.000000 0.000000 0.000000 0.655693 0.755028
1754.370000 -6.695920 -7.838360 0.000000 0.000000 0.000000 0.658012 0.753008
1754.500000 -6.682450 -7.736890 0.000000 0.000000 0.000000 0.646364 0.763029
1754.950000 -6.674800 -7.689230 0.000000 0.000000 0.000000 0.651041 0.759043
1755.130000 -6.654530 -7.552720 0.000000 0.000000 0.000000 0.651041 0.759043
1755.600000 -6.645710 -7.496900 0.000000 0.000000 0.000000 0.653368 0.757040
1755.660000 -6.632070 -7.397660 0.000000 0.000000 0.000000 0.655693 0.755028
1756.530000 -6.623530 -7.332000 0.000000 0.000000 0.000000 0.658012 0.753008
1756.550000 -6.615760 -7.268180 0.000000 0.000000 0.000000 0.660320 0.750984
1756.660000 -6.597490 -7.104910 0.000000 0.000000 0.000000 0.669500 0.742812
1757.160000 -6.705720 -7.035590 0.000000 0.000000 0.000000 0.713110 0.701052
1757.170000 -6.706840 -6.979280 0.000000 0.000000 0.000000 0.713110 0.701052
1757.310000 -6.707530 -6.925170 0.000000 0.000000 0.000000 0.710951 0.703241
1757.770000 -6.709180 -6.870790 0.000000 0.000000 0.000000 0.710951 0.703241
1757.860000 -6.712470 -6.750620 0.000000 0.000000 0.000000 0.715263 0.698856
1758.320000 -6.714030 -6.692120 0.000000 0.000000 0.000000 0.717405 0.696656
1758.360000 -6.716120 -6.635550 0.000000 0.000000 0.000000 0.717405 0.696656
1758.530000 -6.718200 -6.578970 0.000000 0.000000 0.000000 0.717405 0.696656
1758.950000 -6.720200 -6.518280 0.000000 0.000000 0.000000 0.715263 0.698856
1759.000000 -6.721590 -6.462930 0.000000 0.000000 0.000000 0.715263 0.698856
1759.080000 -6.723670 -6.406360 0.000000 0.000000 0.000000 0.713110 0.701052
1760.080000 -6.724970 -6.346890 0.000000 0.000000 0.000000 0.715263 0.698856
1760.140000 -6.727230 -6.287160 0.000000 0.000000 0.000000 0.717405 0.696656
1760.330000 -6.736710 -6.057440 0.000000 0.000000 0.000000 0.721672 0.692235
1760.610000 -6.743130 -6.029300 0.000000 0.000000 0.000000 0.748760 0.662841
1760.660000 -6.750940 -5.975790 0.000000 0.000000 0.000000 0.752823 0.658223
1761.240000 -6.758560 -5.921290 0.000000 0.000000 0.000000 0.754840 0.655909
1761.480000 -6.778360 -5.799170 0.000000 0.000000 0.000000 0.760855 0.648922
1761.870000 -6.787150 -5.745460 0.000000 0.000000 0.000000 0.760855 0.648922
1762.160000 -6.815540 -5.573750 0.000000 0.000000 0.000000 0.762844 0.646583
1762.550000 -6.825520 -5.515730 0.000000 0.000000 0.000000 0.764828 0.644234
1762.660000 -6.847440 -5.404410 0.000000 0.000000 0.000000 0.770733 0.637159
1763.520000 -6.858410 -5.346190 0.000000 0.000000 0.000000 0.772688 0.634786
1763.580000 -6.870550 -5.288770 0.000000 0.000000 0.000000 0.772688 0.634786
1763.760000 -6.903630 -5.120210 0.000000 0.000000 0.000000 0.772688 0.634786
1764.160000 -6.916360 -5.060630 0.000000 0.000000 0.000000 0.774636 0.632407
1764.310000 -6.908750 -4.987600 0.000000 0.000000 0.000000 0.792523 0.609842
1764.770000 -6.923830 -4.930880 0.000000 0.000000 0.000000 0.794391 0.607406
1764.860000 -6.956960 -4.817000 0.000000 0.000000 0.000000 0.796255 0.604961
1765.330000 -6.970620 -4.764520 0.000000 0.000000 0.000000 0.790644 0.612276
1765.350000 -6.984710 -4.707940 0.000000 0.000000 0.000000 0.779223 0.626747
1765.460000 -6.996390 -4.648670 0.000000 0.000000 0.000000 0.757598 0.652722
1765.970000 -7.004120 -4.589970 0.000000 0.000000 0.000000 0.739259 0.673421
1766.060000 -7.011080 -4.476830 0.000000 0.000000 0.000000 0.722482 0.691390
1767.040000 -7.013990 -4.419830 0.000000 0.000000 0.000000 0.724604 0.689165
1767.060000 -7.017760 -4.361710 0.000000 0.000000 0.000000 0.726717 0.686937
1767.310000 -7.032110 -4.131320 0.000000 0.000000 0.000000 0.724604 0.689165
1767.590000 -7.035730 -4.072200 0.000000 0.000000 0.000000 0.724604 0.689165
1767.660000 -7.037000 -4.040630 0.000000 0.000000 0.000000 0.747530 0.664229
1768.170000 -7.042920 -3.986040 0.000000 0.000000 0.000000 0.747530 0.664229
1768.260000 -7.058150 -3.868560 0.000000 0.000000 0.000000 0.747530 0.664229
1768.770000 -7.064920 -3.811890 0.000000 0.000000 0.000000 0.749565 0.661930
1768.860000 -7.080520 -3.699410 0.000000 0.000000 0.000000 0.749565 0.661930
1769.370000 -7.088060 -3.639670 0.000000 0.000000 0.000000 0.749565 0.661930
1769.490000 -7.103590 -3.526190 0.000000 0.000000 0.000000 0.755636 0.654991
1770.320000 -7.112350 -3.469370 0.000000 0.000000 0.000000 0.755636 0.654991
1770.370000 -7.121040 -3.411560 0.000000 0.000000 0.000000 0.755636 0.654991
1770.460000 -7.148250 -3.240030 0.000000 0.000000 0.000000 0.757644 0.652669
1770.810000 -7.156930 -3.182220 0.000000 0.000000 0.000000 0.753619 0.657312
1770.880000 -7.165620 -3.124400 0.000000 0.000000 0.000000 0.751597 0.659622
1771.340000 -7.173380 -3.067660 0.000000 0.000000 0.000000 0.751597 0.659622
1771.380000 -7.182950 -3.059230 0.000000 0.000000 0.000000 0.785591 0.618747
1771.550000 -7.196110 -3.001690 0.000000 0.000000 0.000000 0.783684 0.621159
1771.970000 -7.210190 -2.946170 0.000000 0.000000 0.000000 0.785591 0.618747
1772.050000 -7.238360 -2.835150 0.000000 0.000000 0.000000 0.789378 0.613908
1772.530000 -7.252410 -2.780640 0.000000 0.000000 0.000000 0.789378 0.613908
1772.600000 -7.283760 -2.664730 0.000000 0.000000 0.000000 0.791259 0.611481
1773.540000 -7.297810 -2.610210 0.000000 0.000000 0.000000 0.793135 0.609045
1774.640000 -7.368190 -2.360670 0.000000 0.000000 0.000000 0.800561 0.599252
1775.150000 -7.421840 -2.183550 0.000000 0.000000 0.000000 0.809673 0.586881
1775.230000 -7.421810 -2.184550 0.000000 0.000000 0.000000 0.827323 0.561727
1776.430000 -7.421810 -2.184550 0.000000 0.000000 0.000000 0.847467 0.530848
1776.440000 -7.422920 -2.181590 0.000000 0.000000 0.000000 0.869513 0.493910
1776.630000 -7.424990 -2.179670 0.000000 0.000000 0.000000 0.882838 0.469678
1777.460000 -7.423960 -2.180630 0.000000 0.000000 0.000000 0.906156 0.422944
1777.480000 -7.423960 -2.180630 0.000000 0.000000 0.000000 0.924682 0.380740
1777.490000 -7.462520 -2.180110 0.000000 0.000000 0.000000 0.939472 0.342627
1777.500000 -7.462520 -2.180110 0.000000 0.000000 0.000000 0.955175 0.296042
1777.510000 -7.462520 -2.180110 0.000000 0.000000 0.000000 0.966235 0.257662
1778.170000 -7.448250 -2.215010 0.000000 0.000000 0.000000 0.993565 0.113268
1778.340000 -7.449250 -2.215010 0.000000 0.000000 0.000000 0.997295 0.073500
1778.410000 -7.621240 -2.223280 0.000000 0.000000 0.000000 -0.999423 0.033975
1778.820000 -7.658230 -2.225340 0.000000 0.000000 0.000000 -0.999522 0.030906
1778.840000 -7.716230 -2.229440 0.000000 0.000000 0.000000 -0.999423 0.033975
1778.960000 -7.763220 -2.232510 0.000000 0.000000 0.000000 -0.999613 0.027833
1779.910000 -7.810220 -2.234590 0.000000 0.000000 0.000000 -0.999693 0.024764
1779.930000 -7.870210 -2.237680 0.000000 0.000000 0.000000 -0.999765 0.021690
1779.990000 -8.053200 -2.244970 0.000000 0.000000 0.000000 0.999982 0.005961
1780.360000 -8.103210 -2.243050 0.000000 0.000000 0.000000 0.999327 0.036683
1780.560000 -8.199490 -2.357290 0.000000 0.000000 0.000000 0.999671 0.025644
1781.040000 -8.260400 -2.354050 0.000000 0.000000 0.000000 0.999495 0.031786
1781.050000 -8.314250 -2.350910 0.000000 0.000000 0.000000 0.999588 0.028717
1781.160000 -8.366970 -2.348630 0.000000 0.000000 0.000000 0.999588 0.028717
1781.640000 -8.423790 -2.345870 0.000000 0.000000 0.000000 0.999588 0.028717
1781.660000 -8.486810 -2.341890 0.000000 0.000000 0.000000 0.999671 0.025644
1782.620000 -8.546610 -2.339510 0.000000 0.000000 0.000000 0.999671 0.025644
1783.400000 -8.775000 -2.327610 0.000000 0.000000 0.000000 0.999671 0.025644
1783.560000 -9.063930 -2.315430 0.000000 0.000000 0.000000 0.999671 0.025644
1783.890000 -9.120750 -2.312670 0.000000 0.000000 0.000000 0.999495 0.031786
1783.970000 -9.180670 -2.309300 0.000000 0.000000 0.000000 0.999392 0.034859
1784.450000 -9.187930 -2.305820 0.000000 0.000000 0.000000 0.999925 0.012221
1784.470000 -9.219500 -2.305260 0.000000 0.000000 0.000000 0.999958 0.009146
1784.560000 -9.225580 -2.305310 0.000000 0.000000 0.000000 0.999982 0.006076
1785.030000 -9.223440 -2.305950 0.000000 0.000000 0.000000 -0.999995 0.003141
1785.050000 -9.223440 -2.305950 0.000000 0.000000 0.000000 -0.999881 0.015436
1785.160000 -9.222450 -2.305780 0.000000 0.000000 0.000000 -0.999072 0.043078
1785.630000 -9.221470 -2.305610 0.000000 0.000000 0.000000 -0.996026 0.089063
1785.650000 -9.224420 -2.306120 0.000000 0.000000 0.000000 -0.989579 0.143989
1786.620000 -9.227210 -2.307630 0.000000 0.000000 0.000000 -0.980712 0.195460
1786.820000 -9.230160 -2.308140 0.000000 0.000000 0.000000 -0.972839 0.231483
1786.830000 -9.225680 -2.370370 0.000000 0.000000 0.000000 -0.961157 0.276001
1786.960000 -9.221000 -2.366000 0.000000 0.000000 0.000000 -0.916417 0.400224
1787.300000 -9.221920 -2.367080 0.000000 0.000000 0.000000 -0.897004 0.442022
1787.370000 -9.223690 -2.370220 0.000000 0.000000 0.000000 -0.871197 0.490934
1787.820000 -9.188060 -2.384970 0.000000 0.000000 0.000000 -0.844296 0.535877
1787.870000 -9.188790 -2.388040 0.000000 0.000000 0.000000 -0.825705 0.564103
1788.060000 -9.189520 -2.391120 0.000000 0.000000 0.000000 -0.800680 0.599092
1788.400000 -9.191170 -2.395280 0.000000 0.000000 0.000000 -0.772225 0.635350
1788.440000 -9.190990 -2.397270 0.000000 0.000000 0.000000 -0.742132 0.670254
1788.580000 -9.190820 -2.399260 0.000000 0.000000 0.000000 -0.714773 0.699356
1788.970000 -9.121170 -2.405410 0.000000 0.000000 0.000000 -0.681046 0.732241
1789.010000 -9.120090 -2.406330 0.000000 0.000000 0.000000 -0.641886 0.766800
1789.170000 -9.120090 -2.406330 0.000000 0.000000 0.000000 -0.608314 0.793696
1790.110000 -9.120090 -2.406330 0.000000 0.000000 0.000000 -0.576133 0.817356
1790.170000 -9.056440 -2.391900 0.000000 0.000000 0.000000 -0.427155 0.904179
1790.590000 -9.056440 -2.391900 0.000000 0.000000 0.000000 -0.390705 0.920516
1790.600000 -9.056440 -2.391900 0.000000 0.000000 0.000000 -0.347877 0.937540
1790.860000 -9.055380 -2.392830 0.000000 0.000000 0.000000 -0.295516 0.955338
1791.230000 -9.053330 -2.393710 0.000000 0.000000 0.000000 -0.254158 0.967163
1791.240000 -9.046940 -2.401390 0.000000 0.000000 0.000000 -0.224482 0.974478
1791.430000 -9.043860 -2.403270 0.000000 0.000000 0.000000 -0.182367 0.983231
1791.880000 -9.040820 -2.404140 0.000000 0.000000 0.000000 -0.136871 0.990589
1791.960000 -9.035780 -2.404940 0.000000 0.000000 0.000000 -0.051242 0.998686
1792.410000 -9.033790 -2.404850 0.000000 0.000000 0.000000 -0.005172 0.999987
1792.560000 -9.019030 -2.401180 0.000000 0.000000 0.000000 0.079115 0.996866
1793.460000 -9.018030 -2.401160 0.000000 0.000000 0.000000 0.134102 0.990967
1793.560000 -9.016930 -2.314110 0.000000 0.000000 0.000000 0.305127 0.952312
1793.910000 -9.015930 -2.314110 0.000000 0.000000 0.000000 0.345799 0.938309
1793.960000 -9.015930 -2.314110 0.000000 0.000000 0.000000 0.371613 0.928388
1794.500000 -9.015930 -2.314110 0.000000 0.000000 0.000000 0.413994 0.910280
1794.520000 -9.014930 -2.313100 0.000000 0.000000 0.000000 0.460958 0.887422
1794.600000 -9.014930 -2.313100 0.000000 0.000000 0.000000 0.498697 0.866776
1795.050000 -9.060370 -2.267450 0.000000 0.000000 0.000000 0.504511 0.863406
1795.070000 -9.060370 -2.267450 0.000000 0.000000 0.000000 0.504511 0.863406
1795.160000 -9.060370 -2.267450 0.000000 0.000000 0.000000 0.496529 0.868020
1795.560000 -9.059370 -2.267450 0.000000 0.000000 0.000000 0.485823 0.874057
1795.600000 -9.058370 -2.265450 0.000000 0.000000 0.000000 0.466911 0.884304
1795.790000 -9.057380 -2.263440 0.000000 0.000000 0.000000 0.447784 0.894142
1796.570000 -9.057380 -2.263440 0.000000 0.000000 0.000000 0.425671 0.904878
1796.610000 -9.058380 -2.264450 0.000000 0.000000 0.000000 0.397670 0.917529
1796.810000 -9.058380 -2.264450 0.000000 0.000000 0.000000 0.323176 0.946339
1797.200000 -9.057380 -2.263440 0.000000 0.000000 0.000000 0.299818 0.953997
1797.340000 -9.044300 -2.287910 0.000000 0.000000 0.000000 0.279671 0.960096
1798.020000 -9.038550 -2.284450 0.000000 0.000000 0.000000 0.196134 0.980577
1798.460000 -9.038550 -2.284450 0.000000 0.000000 0.000000 0.171973 0.985102
1798.480000 -9.036630 -2.283300 0.000000 0.000000 0.000000 0.141627 0.989920
1798.580000 -9.033640 -2.283060 0.000000 0.000000 0.000000 0.105037 0.994468
1799.060000 -9.029730 -2.281760 0.000000 0.000000 0.000000 0.074435 0.997226
1799.150000 -9.026740 -2.281520 0.000000 0.000000 0.000000 0.043762 0.999042
1800.020000 -8.975800 -2.339420 0.000000 0.000000 0.000000 0.022355 0.999750
1800.060000 -8.775270 -2.347390 0.000000 0.000000 0.000000 -0.026804 0.999641
1800.410000 -8.717690 -2.351220 0.000000 0.000000 0.000000 -0.026804 0.999641
1800.500000 -8.670250 -2.353960 0.000000 0.000000 0.000000 -0.036018 0.999351
1800.930000 -8.625800 -2.356970 0.000000 0.000000 0.000000 -0.036018 0.999351
1801.080000 -8.491360 -2.366900 0.000000 0.000000 0.000000 -0.039089 0.999236
1801.470000 -8.430700 -2.371450 0.000000 0.000000 0.000000 -0.039089 0.999236
1801.660000 -8.334650 -2.378830 0.000000 0.000000 0.000000 -0.042159 0.999111
1802.150000 -8.304230 -2.382110 0.000000 0.000000 0.000000 -0.042159 0.999111
1802.300000 -8.121170 -2.396680 0.000000 0.000000 0.000000 -0.045229 0.998977
1803.270000 -8.068480 -2.401950 0.000000 0.000000 0.000000 -0.051367 0.998680
1803.280000 -7.959080 -2.352500 0.000000 0.000000 0.000000 -0.040574 0.999177
1803.480000 -7.846700 -2.362320 0.000000 0.000000 0.000000 -0.049782 0.998760
1803.790000 -7.790440 -2.367720 0.000000 0.000000 0.000000 -0.055919 0.998435
1803.860000 -7.731930 -2.374830 0.000000 0.000000 0.000000 -0.055919 0.998435
1804.380000 -7.673420 -2.381940 0.000000 0.000000 0.000000 -0.062054 0.998073
1804.490000 -7.558390 -2.396430 0.000000 0.000000 0.000000 -0.065121 0.997877
1804.890000 -7.499880 -2.403540 0.000000 0.000000 0.000000 -0.065121 0.997877
1804.910000 -7.442220 -2.411780 0.000000 0.000000 0.000000 -0.065121 0.997877
1805.060000 -7.386680 -2.419300 0.000000 0.000000 0.000000 -0.065121 0.997877
1805.540000 -7.327050 -2.427270 0.000000 0.000000 0.000000 -0.068187 0.997673
1805.620000 -7.210880 -2.442620 0.000000 0.000000 0.000000 -0.065121 0.997877
1806.600000 -7.156470 -2.449280 0.000000 0.000000 0.000000 -0.065121 0.997877
1806.620000 -7.104040 -2.456220 0.000000 0.000000 0.000000 -0.065121 0.997877
1806.820000 -7.064900 -2.461950 0.000000 0.000000 0.000000 -0.040574 0.999177
1807.180000 -7.064900 -2.461950 0.000000 0.000000 0.000000 -0.025218 0.999682
1807.220000 -7.065890 -2.462080 0.000000 0.000000 0.000000 0.008579 0.999963
1808.610000 -7.064900 -2.461950 0.000000 0.000000 0.000000 0.054644 0.998506
1808.620000 -7.060080 -2.460280 0.000000 0.000000 0.000000 0.121967 0.992534
1808.770000 -7.062190 -2.395580 0.000000 0.000000 0.000000 0.196620 0.980480
1808.940000 -7.063040 -2.396700 0.000000 0.000000 0.000000 0.241587 0.970379
1809.020000 -7.063900 -2.397830 0.000000 0.000000 0.000000 0.423753 0.905778
1809.960000 -7.081330 -2.386280 0.000000 0.000000 0.000000 0.457472 0.889224
1810.040000 -7.081330 -2.386280 0.000000 0.000000 0.000000 0.605421 0.795905
1810.430000 -7.081330 -2.386280 0.000000 0.000000 0.000000 0.639090 0.769132
1810.440000 -7.118340 -2.392600 0.000000 0.000000 0.000000 0.672702 0.739913
1810.620000 -7.117920 -2.387520 0.000000 0.000000 0.000000 0.697322 0.716758
1811.070000 -7.117750 -2.371400 0.000000 0.000000 0.000000 0.697322 0.716758
1811.220000 -7.113470 -2.259180 0.000000 0.000000 0.000000 0.695119 0.718895
1811.640000 -7.111520 -2.179450 0.000000 0.000000 0.000000 0.699523 0.714610
1811.820000 -7.107320 -2.075290 0.000000 0.000000 0.000000 0.688461 0.725273
1812.330000 -7.105370 -2.030780 0.000000 0.000000 0.000000 0.692905 0.721029
1812.450000 -7.096630 -1.895920 0.000000 0.000000 0.000000 0.672702 0.739913
1813.300000 -7.089430 -1.835710 0.000000 0.000000 0.000000 0.651985 0.758231
1813.320000 -7.080750 -1.788420 0.000000 0.000000 0.000000 0.633153 0.774027
1813.420000 -7.041100 -1.615790 0.000000 0.000000 0.000000 0.621186 0.783663
1813.860000 -7.026710 -1.556780 0.000000 0.000000 0.000000 0.616359 0.787466
1814.020000 -7.001630 -1.459300 0.000000 0.000000 0.000000 0.611508 0.791238
1814.550000 -6.986130 -1.401160 0.000000 0.000000 0.000000 0.611508 0.791238
1814.560000 -7.118440 -1.356370 0.000000 0.000000 0.000000 0.674860 0.737946
1814.620000 -7.113020 -1.295520 0.000000 0.000000 0.000000 0.672588 0.740017
1815.120000 -7.108270 -1.243180 0.000000 0.000000 0.000000 0.672588 0.740017
1815.310000 -7.097550 -1.131900 0.000000 0.000000 0.000000 0.681631 0.731696
1815.780000 -7.094880 -1.068710 0.000000 0.000000 0.000000 0.699412 0.714718
1815.810000 -7.094540 -1.008270 0.000000 0.000000 0.000000 0.718908 0.695105
1815.820000 -7.097220 -0.951821 0.000000 0.000000 0.000000 0.731599 0.681735
1816.890000 -7.101130 -0.894685 0.000000 0.000000 0.000000 0.727396 0.686218
1816.900000 -7.111570 -0.662557 0.000000 0.000000 0.000000 0.718908 0.695105
1817.130000 -7.113840 -0.603906 0.000000 0.000000 0.000000 0.718908 0.695105
1817.420000 -7.114590 -0.546902 0.000000 0.000000 0.000000 0.716767 0.697313
1817.440000 -7.116310 -0.490175 0.000000 0.000000 0.000000 0.712469 0.701704
1817.620000 -7.116100 -0.432895 0.000000 0.000000 0.000000 0.710311 0.703888
1818.130000 -7.115890 -0.375615 0.000000 0.000000 0.000000 0.705972 0.708239
1818.150000 -7.202870 -0.329838 0.000000 0.000000 0.000000 0.722451 0.691423
1818.270000 -7.205120 -0.272314 0.000000 0.000000 0.000000 0.720324 0.693637
1819.020000 -7.207040 -0.215734 0.000000 0.000000 0.000000 0.720324 0.693637
1819.040000 -7.208680 -0.156935 0.000000 0.000000 0.000000 0.718188 0.695849
1819.330000 -7.212290 -0.038394 0.000000 0.000000 0.000000 0.718188 0.695849
1819.350000 -7.213210 0.015357 0.000000 0.000000 0.000000 0.718188 0.695849
1819.420000 -7.215130 0.071938 0.000000 0.000000 0.000000 0.716049 0.698051
1820.400000 -7.216760 0.130736 0.000000 0.000000 0.000000 0.718188 0.695849
1820.430000 -7.218130 0.191753 0.000000 0.000000 0.000000 0.722451 0.691423
1820.630000 -7.227790 0.423733 0.000000 0.000000 0.000000 0.720324 0.693637
1820.960000 -7.229760 0.483474 0.000000 0.000000 0.000000 0.718188 0.695849
1821.020000 -7.231680 0.540055 0.000000 0.000000 0.000000 0.718188 0.695849
1821.530000 -7.233270 0.595694 0.000000 0.000000 0.000000 0.716049 0.698051
1821.570000 -7.234900 0.654492 0.000000 0.000000 0.000000 0.716049 0.698051
1821.650000 -7.206020 0.680107 0.000000 0.000000 0.000000 0.737003 0.675890
1822.120000 -7.210500 0.737804 0.000000 0.000000 0.000000 0.739074 0.673624
1822.150000 -7.215510 0.794194 0.000000 0.000000 0.000000 0.737003 0.675890
1822.230000 -7.219610 0.850968 0.000000 0.000000 0.000000 0.732835 0.680406
1823.190000 -7.223550 0.909972 0.000000 0.000000 0.000000 0.728641 0.684896
1823.340000 -7.227100 0.968053 0.000000 0.000000 0.000000 0.726531 0.687134
1823.900000 -7.234760 1.140290 0.000000 0.000000 0.000000 0.722295 0.691585
1823.980000 -7.240390 1.341530 0.000000 0.000000 0.000000 0.715888 0.698215
1824.380000 -7.241560 1.401680 0.000000 0.000000 0.000000 0.715888 0.698215
1824.420000 -7.243270 1.460530 0.000000 0.000000 0.000000 0.715888 0.698215
1824.520000 -7.243820 1.516610 0.000000 0.000000 0.000000 0.713741 0.700410
1825.010000 -7.244380 1.572690 0.000000 0.000000 0.000000 0.713741 0.700410
1825.080000 -7.295500 1.664700 0.000000 0.000000 0.000000 0.726789 0.686861
1825.620000 -7.296970 1.693820 0.000000 0.000000 0.000000 0.724673 0.689093
1825.640000 -7.299070 1.750240 0.000000 0.000000 0.000000 0.722551 0.691318
1825.830000 -7.302800 1.864410 0.000000 0.000000 0.000000 0.718289 0.695745
1826.340000 -7.304360 1.924400 0.000000 0.000000 0.000000 0.716150 0.697947
1826.420000 -7.305640 2.012120 0.000000 0.000000 0.000000 0.709684 0.704520
1827.590000 -7.305030 2.069810 0.000000 0.000000 0.000000 0.705342 0.708868
1828.350000 -7.296810 2.418100 0.000000 0.000000 0.000000 0.694367 0.719621
1828.650000 -7.290290 2.564660 0.000000 0.000000 0.000000 0.692155 0.721749
1828.890000 -7.283950 2.719720 0.000000 0.000000 0.000000 0.714661 0.699471
1829.270000 -7.285040 2.777850 0.000000 0.000000 0.000000 0.712511 0.701661
1829.440000 -7.285830 2.891450 0.000000 0.000000 0.000000 0.710350 0.703849
1829.910000 -7.286500 2.950930 0.000000 0.000000 0.000000 0.708182 0.706030
1829.960000 -7.285780 3.007750 0.000000 0.000000 0.000000 0.708182 0.706030
1830.150000 -7.286400 3.041280 0.000000 0.000000 0.000000 0.712511 0.701661
1831.020000 -7.286230 3.056050 0.000000 0.000000 0.000000 0.706011 0.708201
1831.080000 -7.286610 3.076170 0.000000 0.000000 0.000000 0.703830 0.710368
1831.270000 -7.280760 3.312890 0.000000 0.000000 0.000000 0.695047 0.718964
1831.590000 -7.280300 3.312010 0.000000 0.000000 0.000000 0.697254 0.716824
1831.640000 -7.280300 3.312010 0.000000 0.000000 0.000000 0.699452 0.714680
1832.200000 -7.280720 3.310660 0.000000 0.000000 0.000000 0.703830 0.710368
1832.220000 -7.280300 3.312010 0.000000 0.000000 0.000000 0.714661 0.699471
1832.240000 -7.280720 3.310660 0.000000 0.000000 0.000000 0.737891 0.674920
1832.810000 -7.280760 3.312890 0.000000 0.000000 0.000000 0.766234 0.642561
1832.890000 -7.282200 3.317790 0.000000 0.000000 0.000000 0.839232 0.543773
1834.280000 -7.329640 3.331590 0.000000 0.000000 0.000000 0.841309 0.540555
1834.790000 -7.330060 3.332500 0.000000 0.000000 0.000000 0.860665 0.509171
1834.890000 -7.330060 3.332500 0.000000 0.000000 0.000000 0.886076 0.463540
1834.910000 -7.329640 3.331590 0.000000 0.000000 0.000000 0.907786 0.419434
1834.920000 -7.326710 3.239200 0.000000 0.000000 0.000000 0.975137 0.221601
1835.110000 -7.330750 3.240490 0.000000 0.000000 0.000000 0.997116 0.075888
1835.910000 -7.330750 3.240490 0.000000 0.000000 0.000000 0.999111 0.042149
1836.010000 -7.337010 3.218890 0.000000 0.000000 0.000000 -0.999985 0.005546
1836.070000 -7.337890 3.218420 0.000000 0.000000 0.000000 -0.997957 0.063883
1836.240000 -7.345020 3.216920 0.000000 0.000000 0.000000 -0.982597 0.185751
1837.010000 -7.345900 3.216460 0.000000 0.000000 0.000000 -0.982021 0.188772
1837.030000 -7.345900 3.216460 0.000000 0.000000 0.000000 -0.981436 0.191791
1838.410000 -7.345020 3.216920 0.000000 0.000000 0.000000 -0.972994 0.230831
1838.490000 -7.349040 3.078500 0.000000 0.000000 0.000000 -0.867587 0.497285
1838.960000 -7.349540 3.077180 0.000000 0.000000 0.000000 -0.842100 0.539322
1839.040000 -7.351050 3.073220 0.000000 0.000000 0.000000 -0.792642 0.609688
1839.560000 -7.351150 3.070980 0.000000 0.000000 0.000000 -0.757725 0.652574
1840.560000 -7.293690 3.043990 0.000000 0.000000 0.000000 -0.701040 0.713122
1841.050000 -7.292240 3.035870 0.000000 0.000000 0.000000 -0.581153 0.813794
1841.110000 -7.291830 3.034960 0.000000 0.000000 0.000000 -0.555875 0.831266
1841.240000 -7.221180 3.067070 0.000000 0.000000 0.000000 -0.398464 0.917184
1841.650000 -7.220790 3.066150 0.000000 0.000000 0.000000 -0.364382 0.931250
1841.660000 -7.217390 3.063240 0.000000 0.000000 0.000000 -0.312344 0.949969
1841.950000 -7.214770 3.062180 0.000000 0.000000 0.000000 -0.262317 0.964982
1842.370000 -7.183150 3.113030 0.000000 0.000000 0.000000 -0.223622 0.974676
1842.550000 -7.183150 3.113030 0.000000 0.000000 0.000000 -0.120759 0.992682
1842.980000 -7.180530 3.111950 0.000000 0.000000 0.000000 -0.084082 0.996459
1843.000000 -7.176070 3.111640 0.000000 0.000000 0.000000 -0.044221 0.999022
1843.060000 -7.176070 3.111640 0.000000 0.000000 0.000000 -0.010435 0.999946
1843.490000 -7.169080 3.142660 0.000000 0.000000 0.000000 0.001856 0.999998
1843.500000 -7.169080 3.142660 0.000000 0.000000 0.000000 0.017219 0.999852
1844.470000 -7.168160 3.143050 0.000000 0.000000 0.000000 0.029506 0.999565
1844.610000 -7.168160 3.143050 0.000000 0.000000 0.000000 0.035648 0.999364
1845.590000 -7.169080 3.142660 0.000000 0.000000 0.000000 0.004928 0.999988
1845.910000 -7.169080 3.142660 0.000000 0.000000 0.000000 -0.096323 0.995350
1846.150000 -7.167770 3.142120 0.000000 0.000000 0.000000 -0.172425 0.985023
1846.560000 -7.171200 3.100360 0.000000 0.000000 0.000000 -0.161179 0.986925
1846.640000 -7.166710 3.098160 0.000000 0.000000 0.000000 -0.218491 0.975839
1847.160000 -7.162670 3.096840 0.000000 0.000000 0.000000 -0.245391 0.969424
1847.170000 -7.162220 3.095950 0.000000 0.000000 0.000000 -0.269144 0.963100
1847.240000 -7.162220 3.095950 0.000000 0.000000 0.000000 -0.286854 0.957974
1848.250000 -7.162220 3.095950 0.000000 0.000000 0.000000 -0.310314 0.950634
1848.420000 -7.172930 3.089860 0.000000 0.000000 0.000000 -0.442449 0.896794
1848.930000 -7.172010 3.088090 0.000000 0.000000 0.000000 -0.464359 0.885647
1849.040000 -7.170620 3.085420 0.000000 0.000000 0.000000 -0.504670 0.863312
1849.500000 -7.170160 3.084540 0.000000 0.000000 0.000000 -0.530957 0.847399
1849.580000 -7.168770 3.081880 0.000000 0.000000 0.000000 -0.574477 0.818521
1850.110000 -7.168310 3.080990 0.000000 0.000000 0.000000 -0.604263 0.796785
1850.180000 -7.197580 3.034440 0.000000 0.000000 0.000000 -0.622768 0.782407
1850.640000 -7.197070 3.033570 0.000000 0.000000 0.000000 -0.639448 0.768834
1851.120000 -7.196930 3.031340 0.000000 0.000000 0.000000 -0.667358 0.744737
1852.110000 -7.196930 3.031340 0.000000 0.000000 0.000000 -0.669644 0.742682
1852.120000 -7.196930 3.031340 0.000000 0.000000 0.000000 -0.669644 0.742682
1852.130000 -7.196510 3.024640 0.000000 0.000000 0.000000 -0.671921 0.740622
1852.140000 -7.193470 2.997500 0.000000 0.000000 0.000000 -0.676460 0.736480
1852.150000 -7.189200 2.936380 0.000000 0.000000 0.000000 -0.680973 0.732309
1852.240000 -7.176740 2.787500 0.000000 0.000000 0.000000 -0.680973 0.732309
1852.380000 -7.171380 2.694630 0.000000 0.000000 0.000000 -0.687695 0.725999
1852.880000 -7.167750 2.636610 0.000000 0.000000 0.000000 -0.687695 0.725999
1852.960000 -7.162330 2.535680 0.000000 0.000000 0.000000 -0.689925 0.723881
1853.190000 -7.159920 2.475780 0.000000 0.000000 0.000000 -0.689925 0.723881
1853.560000 -7.156850 2.426690 0.000000 0.000000 0.000000 -0.692144 0.721760
1853.580000 -7.155370 2.374350 0.000000 0.000000 0.000000 -0.692144 0.721760
1854.460000 -7.151960 2.312730 0.000000 0.000000 0.000000 -0.692144 0.721760
1854.470000 -7.142850 2.109870 0.000000 0.000000 0.000000 -0.692144 0.721760
1855.510000 -7.140220 2.053570 0.000000 0.000000 0.000000 -0.692144 0.721760
1855.520000 -7.199250 1.993520 0.000000 0.000000 0.000000 -0.694360 0.719628
1856.640000 -7.195110 1.827090 0.000000 0.000000 0.000000 -0.700962 0.713199
1857.630000 -7.193470 1.593290 0.000000 0.000000 0.000000 -0.709677 0.704527
1857.940000 -7.202200 1.245930 0.000000 0.000000 0.000000 -0.720415 0.693544
1857.960000 -7.204760 1.186620 0.000000 0.000000 0.000000 -0.722544 0.691325
1858.030000 -7.206460 1.127810 0.000000 0.000000 0.000000 -0.724663 0.689104
1859.020000 -7.209660 1.071600 0.000000 0.000000 0.000000 -0.724663 0.689104
1859.070000 -7.211500 1.015030 0.000000 0.000000 0.000000 -0.724663 0.689104
1859.080000 -7.151990 0.933311 0.000000 0.000000 0.000000 -0.702849 0.711339
1859.230000 -7.150150 0.877261 0.000000 0.000000 0.000000 -0.702849 0.711339
1859.800000 -7.149750 0.817899 0.000000 0.000000 0.000000 -0.705033 0.709174
1859.820000 -7.149340 0.758537 0.000000 0.000000 0.000000 -0.707207 0.707006
1859.830000 -7.149180 0.701397 0.000000 0.000000 0.000000 -0.711538 0.702647
1860.350000 -7.150120 0.645935 0.000000 0.000000 0.000000 -0.713696 0.700456
1860.430000 -7.153450 0.528092 0.000000 0.000000 0.000000 -0.720120 0.693850
1860.950000 -7.155520 0.470702 0.000000 0.000000 0.000000 -0.722250 0.691632
1860.960000 -7.158130 0.414148 0.000000 0.000000 0.000000 -0.726486 0.687181
1861.030000 -7.161290 0.358434 0.000000 0.000000 0.000000 -0.728596 0.684944
1861.570000 -7.165330 0.298571 0.000000 0.000000 0.000000 -0.730695 0.682704
1861.630000 -7.173900 0.183286 0.000000 0.000000 0.000000 -0.734877 0.678201
1862.850000 -7.178440 0.127866 0.000000 0.000000 0.000000 -0.736959 0.675938
1862.870000 -7.183020 0.068840 0.000000 0.000000 0.000000 -0.736959 0.675938
1862.880000 -7.139150 0.025659 0.000000 0.000000 0.000000 -0.721959 0.691935
1862.890000 -7.141500 -0.029108 0.000000 0.000000 0.000000 -0.719832 0.694149
1862.900000 -7.143490 -0.086082 0.000000 0.000000 0.000000 -0.721959 0.691935
1863.290000 -7.147330 -0.203633 0.000000 0.000000 0.000000 -0.719832 0.694149
1863.430000 -7.150280 -0.293395 0.000000 0.000000 0.000000 -0.713401 0.700756
1863.890000 -7.150590 -0.299791 0.000000 0.000000 0.000000 -0.711247 0.702943
1863.910000 -7.149920 -0.295601 0.000000 0.000000 0.000000 -0.702550 0.711634
1864.060000 -7.149920 -0.295601 0.000000 0.000000 0.000000 -0.695963 0.718078
1864.540000 -7.150510 -0.294792 0.000000 0.000000 0.000000 -0.678100 0.734969
1864.630000 -7.149920 -0.295601 0.000000 0.000000 0.000000 -0.617283 0.786741
1865.150000 -7.148390 -0.299429 0.000000 0.000000 0.000000 -0.565265 0.824909
1865.160000 -7.148020 -0.301637 0.000000 0.000000 0.000000 -0.513535 0.858068
1865.230000 -7.135360 -0.396908 0.000000 0.000000 0.000000 -0.511255 0.859429
1866.280000 -7.135360 -0.396908 0.000000 0.000000 0.000000 -0.479227 0.877691
1866.430000 -7.137290 -0.395775 0.000000 0.000000 0.000000 -0.266072 0.963953
1866.770000 -7.118650 -0.329510 0.000000 0.000000 0.000000 -0.224422 0.974492
1866.830000 -7.116730 -0.330655 0.000000 0.000000 0.000000 -0.191362 0.981520
1867.290000 -7.114510 -0.330417 0.000000 0.000000 0.000000 -0.152012 0.988379
1867.530000 -7.109820 -0.332167 0.000000 0.000000 0.000000 -0.054248 0.998527
1867.960000 -7.106220 -0.332231 0.000000 0.000000 0.000000 -0.005111 0.999987
1868.010000 -7.067920 -0.265621 0.000000 0.000000 0.000000 0.027019 0.999635
1868.030000 -7.064840 -0.264893 0.000000 0.000000 0.000000 0.036233 0.999343
1868.550000 -7.050100 -0.264001 0.000000 0.000000 0.000000 0.027019 0.999635
1868.610000 -7.008970 -0.262059 0.000000 0.000000 0.000000 0.027019 0.999635
1868.630000 -6.933380 -0.258779 0.000000 0.000000 0.000000 0.020875 0.999782
1870.410000 -6.855560 -0.255300 0.000000 0.000000 0.000000 0.023948 0.999713
1870.420000 -6.799680 -0.252466 0.000000 0.000000 0.000000 0.020875 0.999782
1870.440000 -6.754940 -0.250645 0.000000 0.000000 0.000000 0.011659 0.999932
1870.450000 -6.640760 -0.247003 0.000000 0.000000 0.000000 0.020875 0.999782
1870.920000 -6.412000 -0.244173 0.000000 0.000000 0.000000 -0.074310 0.997235
1870.930000 -6.352890 -0.252271 0.000000 0.000000 0.000000 -0.058981 0.998259
1871.290000 -6.229440 -0.261707 0.000000 0.000000 0.000000 -0.040567 0.999177
1871.530000 -6.130500 -0.110061 0.000000 0.000000 0.000000 0.031913 0.999491
1871.900000 -6.074220 -0.106425 0.000000 0.000000 0.000000 0.028842 0.999584
1871.910000 -6.014460 -0.103754 0.000000 0.000000 0.000000 0.022698 0.999742
1872.030000 -5.952540 -0.100534 0.000000 0.000000 0.000000 0.019626 0.999807
1872.990000 -5.894300 -0.099169 0.000000 0.000000 0.000000 0.013481 0.999909
1873.010000 -5.840280 -0.097492 0.000000 0.000000 0.000000 0.010409 0.999946
1873.030000 -5.662840 -0.095016 0.000000 0.000000 0.000000 0.007336 0.999973
1873.430000 -5.604600 -0.093652 0.000000 0.000000 0.000000 0.007336 0.999973
1873.630000 -5.496030 -0.092463 0.000000 0.000000 0.000000 0.004264 0.999991
1873.980000 -5.433560 -0.091411 0.000000 0.000000 0.000000 0.007336 0.999973
1874.050000 -5.369670 -0.090464 0.000000 0.000000 0.000000 0.010409 0.999946
1874.550000 -5.315010 -0.089542 0.000000 0.000000 0.000000 0.010409 0.999946
1875.650000 -5.207740 -0.086840 0.000000 0.000000 0.000000 0.010409 0.999946
1876.130000 -5.051020 -0.050816 0.000000 0.000000 0.000000 0.027802 0.999613
1876.150000 -4.995810 -0.047370 0.000000 0.000000 0.000000 0.021658 0.999765
1876.160000 -4.818230 -0.042157 0.000000 0.000000 0.000000 0.006296 0.999980
1876.400000 -4.762370 -0.042257 0.000000 0.000000 0.000000 0.003224 0.999995
1876.660000 -4.702960 -0.041701 0.000000 0.000000 0.000000 -0.002922 0.999996
1877.460000 -4.640020 -0.041903 0.000000 0.000000 0.000000 -0.002922 0.999996
1878.420000 -4.440640 -0.044784 0.000000 0.000000 0.000000 -0.009068 0.999959
1878.430000 -4.379830 -0.045662 0.000000 0.000000 0.000000 -0.009068 0.999959
1878.440000 -4.154000 -0.040135 0.000000 0.000000 0.000000 0.024168 0.999708
1879.530000 -4.092580 -0.036607 0.000000 0.000000 0.000000 0.027240 0.999629
1879.540000 -3.982450 -0.030134 0.000000 0.000000 0.000000 0.030312 0.999540
1879.910000 -3.750760 -0.019496 0.000000 0.000000 0.000000 0.014952 0.999888
1879.970000 -3.694190 -0.018314 0.000000 0.000000 0.000000 0.008807 0.999961
1880.090000 -3.631970 -0.016873 0.000000 0.000000 0.000000 0.005734 0.999984
1880.550000 -3.571090 -0.016909 0.000000 0.000000 0.000000 0.002661 0.999996
1880.960000 -3.459220 -0.017436 0.000000 0.000000 0.000000 -0.009630 0.999954
1881.150000 -3.401110 -0.019014 0.000000 0.000000 0.000000 -0.015774 0.999876
1881.290000 -3.283400 -0.023519 0.000000 0.000000 0.000000 -0.021919 0.999760
1882.010000 -3.228780 -0.025967 0.000000 0.000000 0.000000 -0.021919 0.999760
1882.030000 -3.169920 -0.028219 0.000000 0.000000 0.000000 -0.028062 0.999606
1882.860000 -3.089020 -0.008746 0.000000 0.000000 0.000000 -0.007228 0.999974
1882.920000 -3.032810 -0.009509 0.000000 0.000000 0.000000 -0.007228 0.999974
1882.930000 -2.856200 -0.013136 0.000000 0.000000 0.000000 -0.004155 0.999991
1883.090000 -2.799350 -0.013125 0.000000 0.000000 0.000000 -0.004155 0.999991
1883.470000 -2.744540 -0.014030 0.000000 0.000000 0.000000 -0.007228 0.999974
1883.500000 -2.685510 -0.014512 0.000000 0.000000 0.000000 -0.010300 0.999947
1884.070000 -2.624930 -0.016260 0.000000 0.000000 0.000000 -0.013373 0.999911
1884.180000 -2.511580 -0.019827 0.000000 0.000000 0.000000 -0.022590 0.999745
1884.290000 -2.454450 -0.022631 0.000000 0.000000 0.000000 -0.025661 0.999671
1884.650000 -2.395770 -0.026701 0.000000 0.000000 0.000000 -0.028733 0.999587
1884.780000 -2.335050 -0.029857 0.000000 0.000000 0.000000 -0.034876 0.999392
1884.970000 -2.278410 -0.034842 0.000000 0.000000 0.000000 -0.044086 0.999028
1885.250000 -2.223950 -0.039335 0.000000 0.000000 0.000000 -0.050225 0.998738
1885.310000 -2.166530 -0.044953 0.000000 0.000000 0.000000 -0.053294 0.998579
1885.490000 -2.130120 0.028365 0.000000 0.000000 0.000000 -0.032956 0.999457
1886.550000 -2.071710 0.024847 0.000000 0.000000 0.000000 -0.032956 0.999457
1886.580000 -2.017490 0.020708 0.000000 0.000000 0.000000 -0.039097 0.999235
1886.590000 -1.841020 0.006757 0.000000 0.000000 0.000000 -0.042168 0.999111
1886.920000 -1.785990 0.002022 0.000000 0.000000 0.000000 -0.048307 0.998833
1887.040000 -1.729360 -0.003906 0.000000 0.000000 0.000000 -0.048307 0.998833
1887.090000 -1.671340 -0.009626 0.000000 0.000000 0.000000 -0.048307 0.998833
1887.590000 -1.611310 -0.014337 0.000000 0.000000 0.000000 -0.045237 0.998976
1887.600000 -1.554090 -0.019462 0.000000 0.000000 0.000000 -0.042168 0.999111
1888.270000 -1.496860 -0.024586 0.000000 0.000000 0.000000 -0.045237 0.998976
1888.290000 -1.324980 -0.041359 0.000000 0.000000 0.000000 -0.054444 0.998517
1888.800000 -1.287960 -0.045181 0.000000 0.000000 0.000000 -0.054444 0.998517
1888.900000 -1.280550 -0.046945 0.000000 0.000000 0.000000 -0.042168 0.999111
1889.970000 -1.281350 -0.046349 0.000000 0.000000 0.000000 -0.032956 0.999457
1889.990000 -1.282750 -0.046556 0.000000 0.000000 0.000000 -0.014525 0.999895
1890.000000 -1.277960 -0.045133 0.000000 0.000000 0.000000 0.138665 0.990339
1890.090000 -1.278560 -0.045936 0.000000 0.000000 0.000000 0.190184 0.981748
1890.420000 -1.303040 -0.005083 0.000000 0.000000 0.000000 0.195901 0.980624
1890.490000 -1.303040 -0.005083 0.000000 0.000000 0.000000 0.234906 0.972018
1891.010000 -1.304450 -0.005237 0.000000 0.000000 0.000000 0.291223 0.956655
1891.120000 -1.302410 -0.004303 0.000000 0.000000 0.000000 0.375202 0.926943
1891.590000 -1.302410 -0.004303 0.000000 0.000000 0.000000 0.406313 0.913734
1892.360000 -1.303160 0.038557 0.000000 0.000000 0.000000 0.480360 0.877071
1893.370000 -1.301300 0.042236 0.000000 0.000000 0.000000 0.623444 0.781868
1893.400000 -1.301300 0.042236 0.000000 0.000000 0.000000 0.658809 0.752310
1893.540000 -1.335000 0.230135 0.000000 0.000000 0.000000 0.734578 0.678524
1893.900000 -1.338420 0.295114 0.000000 0.000000 0.000000 0.719814 0.694167
1894.160000 -1.337110 0.391645 0.000000 0.000000 0.000000 0.693737 0.720228
1894.610000 -1.334260 0.448582 0.000000 0.000000 0.000000 0.691519 0.722358
1894.970000 -1.327870 0.581654 0.000000 0.000000 0.000000 0.684830 0.728703
1895.270000 -1.324050 0.635119 0.000000 0.000000 0.000000 0.682589 0.730802
1895.290000 -1.316310 0.740637 0.000000 0.000000 0.000000 0.678086 0.734983
1895.760000 -1.311070 0.803426 0.000000 0.000000 0.000000 0.678086 0.734983
1895.770000 -1.305820 0.866215 0.000000 0.000000 0.000000 0.678086 0.734983
1896.000000 -1.301350 0.920437 0.000000 0.000000 0.000000 0.673556 0.739136
1896.950000 -1.296020 0.972596 0.000000 0.000000 0.000000 0.673556 0.739136
1897.090000 -1.420800 1.200250 0.000000 0.000000 0.000000 0.729222 0.684277
1897.410000 -1.424120 1.256180 0.000000 0.000000 0.000000 0.727118 0.686512
1897.600000 -1.427920 1.317100 0.000000 0.000000 0.000000 0.725004 0.688745
1897.990000 -1.430000 1.376970 0.000000 0.000000 0.000000 0.722883 0.690971
1898.090000 -1.435270 1.489180 0.000000 0.000000 0.000000 0.720758 0.693187
1898.530000 -1.436360 1.544920 0.000000 0.000000 0.000000 0.718623 0.695400
1898.540000 -1.437930 1.605650 0.000000 0.000000 0.000000 0.714336 0.699803
1898.930000 -1.438970 1.667230 0.000000 0.000000 0.000000 0.712184 0.701992
1899.060000 -1.439870 1.725200 0.000000 0.000000 0.000000 0.710022 0.704179
1899.140000 -1.439260 1.779910 0.000000 0.000000 0.000000 0.705682 0.708529
1900.190000 -1.439310 1.837360 0.000000 0.000000 0.000000 0.705682 0.708529
1900.240000 -1.439400 1.867890 0.000000 0.000000 0.000000 0.705682 0.708529
1900.250000 -1.439360 2.042480 0.000000 0.000000 0.000000 0.710022 0.704179
1900.390000 -1.419590 2.186730 0.000000 0.000000 0.000000 0.731606 0.681728
1901.140000 -1.424350 2.242830 0.000000 0.000000 0.000000 0.735782 0.677219
1901.260000 -1.432000 2.331250 0.000000 0.000000 0.000000 0.737861 0.674953
1901.270000 -1.437080 2.390940 0.000000 0.000000 0.000000 0.739929 0.672685
1901.400000 -1.441830 2.447050 0.000000 0.000000 0.000000 0.739929 0.672685
1902.420000 -1.447070 2.502270 0.000000 0.000000 0.000000 0.739929 0.672685
1902.470000 -1.467950 2.762990 0.000000 0.000000 0.000000 0.733699 0.679475
1904.000000 -1.472230 2.819970 0.000000 0.000000 0.000000 0.731606 0.681728
1904.010000 -1.476030 2.877830 0.000000 0.000000 0.000000 0.725293 0.688440
1904.020000 -1.478950 2.935210 0.000000 0.000000 0.000000 0.725293 0.688440
1904.030000 -1.482270 2.993940 0.000000 0.000000 0.000000 0.725293 0.688440
1904.040000 -1.485110 3.053560 0.000000 0.000000 0.000000 0.723173 0.690667
1904.050000 -1.486760 3.109100 0.000000 0.000000 0.000000 0.721045 0.692888
1904.550000 -1.491100 3.064430 0.000000 0.000000 0.000000 0.737685 0.675145
1904.590000 -1.506860 3.234170 0.000000 0.000000 0.000000 0.741820 0.670599
1905.360000 -1.511010 3.276150 0.000000 0.000000 0.000000 0.743878 0.668315
1905.890000 -1.511480 3.277490 0.000000 0.000000 0.000000 0.752036 0.659122
1905.900000 -1.510580 3.277050 0.000000 0.000000 0.000000 0.760079 0.649830
1906.980000 -1.511050 3.278390 0.000000 0.000000 0.000000 0.804070 0.594534
1906.990000 -1.511980 3.281060 0.000000 0.000000 0.000000 0.834018 0.551738
1907.070000 -1.585690 3.291140 0.000000 0.000000 0.000000 0.917510 0.397712
1907.380000 -1.587930 3.293370 0.000000 0.000000 0.000000 0.937026 0.349260
1907.580000 -1.590170 3.295600 0.000000 0.000000 0.000000 0.953058 0.302788
1907.850000 -1.591960 3.296490 0.000000 0.000000 0.000000 0.962746 0.270408
1907.870000 -1.593760 3.297380 0.000000 0.000000 0.000000 0.972777 0.231745
1908.350000 -1.594650 3.297830 0.000000 0.000000 0.000000 0.982650 0.185471
1908.360000 -1.624620 3.204040 0.000000 0.000000 0.000000 0.990992 0.133918
1908.540000 -1.625960 3.203590 0.000000 0.000000 0.000000 0.995835 0.091175
1908.980000 -1.626850 3.204040 0.000000 0.000000 0.000000 0.998682 0.051334
1908.990000 -1.627750 3.204480 0.000000 0.000000 0.000000 0.999986 0.005266
1909.070000 -1.631330 3.204030 0.000000 0.000000 0.000000 -0.999167 0.040815
1910.230000 -1.632670 3.203580 0.000000 0.000000 0.000000 -0.996487 0.083748
1910.240000 -1.611020 3.141970 0.000000 0.000000 0.000000 -0.975421 0.220348
1910.310000 -1.611020 3.141970 0.000000 0.000000 0.000000 -0.954724 0.297494
1910.770000 -1.611460 3.141070 0.000000 0.000000 0.000000 -0.937889 0.346935
1910.870000 -1.590140 3.120420 0.000000 0.000000 0.000000 -0.901024 0.433769
1911.380000 -1.590590 3.119530 0.000000 0.000000 0.000000 -0.882983 0.469405
1911.470000 -1.590140 3.120420 0.000000 0.000000 0.000000 -0.839379 0.543546
1911.920000 -1.589690 3.121310 0.000000 0.000000 0.000000 -0.815229 0.579138
1911.950000 -1.575490 3.071320 0.000000 0.000000 0.000000 -0.785782 0.618503
1912.070000 -1.575490 3.071320 0.000000 0.000000 0.000000 -0.754436 0.656373
1912.590000 -1.575490 3.071320 0.000000 0.000000 0.000000 -0.729725 0.683741
1912.600000 -1.575490 3.071320 0.000000 0.000000 0.000000 -0.701838 0.712336
1913.460000 -1.575490 3.071320 0.000000 0.000000 0.000000 -0.659080 0.752073
1913.880000 -1.575490 3.071320 0.000000 0.000000 0.000000 -0.621323 0.783555
1913.900000 -1.514240 3.102230 0.000000 0.000000 0.000000 -0.593942 0.804508
1913.910000 -1.513360 3.101770 0.000000 0.000000 0.000000 -0.527844 0.849341
1914.160000 -1.513360 3.101770 0.000000 0.000000 0.000000 -0.402927 0.915232
1914.500000 -1.447050 3.115770 0.000000 0.000000 0.000000 -0.357506 0.933911
1914.770000 -1.446160 3.115300 0.000000 0.000000 0.000000 -0.278884 0.960325
1915.120000 -1.445280 3.114830 0.000000 0.000000 0.000000 -0.237327 0.971430
1915.130000 -1.440860 3.112500 0.000000 0.000000 0.000000 -0.186282 0.982496
1915.340000 -1.437740 3.111980 0.000000 0.000000 0.000000 -0.137772 0.990464
1915.780000 -1.403660 3.175170 0.000000 0.000000 0.000000 -0.098108 0.995176
1915.970000 -1.403660 3.175170 0.000000 0.000000 0.000000 -0.055219 0.998474
1916.380000 -1.404120 3.174290 0.000000 0.000000 0.000000 0.036927 0.999318
1916.500000 -1.404120 3.174290 0.000000 0.000000 0.000000 0.095173 0.995461
1918.000000 -1.404120 3.174290 0.000000 0.000000 0.000000 0.095173 0.995461
1918.010000 -1.404120 3.174290 0.000000 0.000000 0.000000 0.089054 0.996027
1918.020000 -1.404120 3.174290 0.000000 0.000000 0.000000 0.076805 0.997046
1918.030000 -1.402510 3.226850 0.000000 0.000000 0.000000 0.062233 0.998062
1918.040000 -1.402510 3.226850 0.000000 0.000000 0.000000 0.040753 0.999169
1918.050000 -1.403400 3.227290 0.000000 0.000000 0.000000 0.016181 0.999869
1918.180000 -1.404740 3.226840 0.000000 0.000000 0.000000 -0.042188 0.999110
1918.270000 -1.403400 3.227290 0.000000 0.000000 0.000000 -0.066733 0.997771
1918.790000 -1.402510 3.226850 0.000000 0.000000 0.000000 -0.082054 0.996628
1918.800000 -1.401610 3.226400 0.000000 0.000000 0.000000 -0.109581 0.993978
1918.870000 -1.399370 3.226410 0.000000 0.000000 0.000000 -0.143108 0.989707
1919.270000 -1.396690 3.225080 0.000000 0.000000 0.000000 -0.173448 0.984843
1919.280000 -1.402280 3.157240 0.000000 0.000000 0.000000 -0.175292 0.984516
1919.790000 -1.398610 3.155650 0.000000 0.000000 0.000000 -0.199439 0.979910
1919.900000 -1.394020 3.153660 0.000000 0.000000 0.000000 -0.241395 0.970427
1921.050000 -1.392590 3.151950 0.000000 0.000000 0.000000 -0.274052 0.961715
1921.060000 -1.392590 3.151950 0.000000 0.000000 0.000000 -0.303469 0.952841
1921.070000 -1.391670 3.151550 0.000000 0.000000 0.000000 -0.349930 0.936776
1921.510000 -1.421230 3.105860 0.000000 0.000000 0.000000 -0.416437 0.909164
1921.770000 -1.417350 3.102120 0.000000 0.000000 0.000000 -0.463340 0.886181
1922.180000 -1.416250 3.099520 0.000000 0.000000 0.000000 -0.487667 0.873030
1922.270000 -1.414610 3.095610 0.000000 0.000000 0.000000 -0.540364 0.841431
1922.830000 -1.414060 3.094300 0.000000 0.000000 0.000000 -0.563424 0.826168
1922.900000 -1.412040 3.091320 0.000000 0.000000 0.000000 -0.603346 0.797480
1923.480000 -1.412410 3.090390 0.000000 0.000000 0.000000 -0.622764 0.782410
1923.870000 -1.471460 3.066200 0.000000 0.000000 0.000000 -0.674040 0.738694
1924.870000 -1.470550 3.057300 0.000000 0.000000 0.000000 -0.689769 0.724029
1925.050000 -1.487910 2.729180 0.000000 0.000000 0.000000 -0.735023 0.678043
1925.380000 -1.492070 2.673010 0.000000 0.000000 0.000000 -0.737104 0.675779
1925.430000 -1.498620 2.604910 0.000000 0.000000 0.000000 -0.743300 0.668958
1925.850000 -1.505260 2.542200 0.000000 0.000000 0.000000 -0.743300 0.668958
1925.970000 -1.512900 2.462750 0.000000 0.000000 0.000000 -0.745354 0.666669
1926.470000 -1.519380 2.411750 0.000000 0.000000 0.000000 -0.749436 0.662077
1926.530000 -1.535830 2.286450 0.000000 0.000000 0.000000 -0.757516 0.652816
1927.020000 -1.543870 2.228540 0.000000 0.000000 0.000000 -0.759520 0.650484
1927.100000 -1.561770 2.121970 0.000000 0.000000 0.000000 -0.767457 0.641100
1928.280000 -1.572030 2.063840 0.000000 0.000000 0.000000 -0.769425 0.638738
1928.290000 -1.555450 2.094340 0.000000 0.000000 0.000000 -0.749055 0.662507
1928.470000 -1.586460 1.849870 0.000000 0.000000 0.000000 -0.747018 0.664804
1929.200000 -1.589000 1.827650 0.000000 0.000000 0.000000 -0.740857 0.671663
1929.270000 -1.588510 1.832730 0.000000 0.000000 0.000000 -0.730450 0.682967
1929.400000 -1.587840 1.831480 0.000000 0.000000 0.000000 -0.702593 0.711592
1929.820000 -1.587750 1.828320 0.000000 0.000000 0.000000 -0.666773 0.745261
1929.850000 -1.586230 1.819510 0.000000 0.000000 0.000000 -0.634105 0.773247
1930.010000 -1.580060 1.791520 0.000000 0.000000 0.000000 -0.610051 0.792362
1930.560000 -1.564350 1.739770 0.000000 0.000000 0.000000 -0.580425 0.814314
1931.360000 -1.444450 1.565030 0.000000 0.000000 0.000000 -0.582202 0.813044
1931.830000 -1.430210 1.520370 0.000000 0.000000 0.000000 -0.584700 0.811250
1931.840000 -1.392960 1.403580 0.000000 0.000000 0.000000 -0.594626 0.804003
1931.890000 -1.342290 1.239250 0.000000 0.000000 0.000000 -0.602013 0.798486
1932.230000 -1.327240 1.182920 0.000000 0.000000 0.000000 -0.609346 0.792905
1932.310000 -1.311090 1.123150 0.000000 0.000000 0.000000 -0.611781 0.791027
1932.820000 -1.294940 1.063380 0.000000 0.000000 0.000000 -0.611781 0.791027
1932.890000 -1.267570 0.955667 0.000000 0.000000 0.000000 -0.619048 0.785353
1933.320000 -1.254980 0.897963 0.000000 0.000000 0.000000 -0.623862 0.781534
1933.380000 -1.241440 0.839984 0.000000 0.000000 0.000000 -0.628653 0.777686
1933.580000 -1.230360 0.787914 0.000000 0.000000 0.000000 -0.631038 0.775752
1933.900000 -1.223250 0.754666 0.000000 0.000000 0.000000 -0.635796 0.771857
1933.950000 -1.220790 0.741477 0.000000 0.000000 0.000000 -0.633420 0.773808
1934.100000 -1.220110 0.740240 0.000000 0.000000 0.000000 -0.633420 0.773808
1935.240000 -1.220110 0.740240 0.000000 0.000000 0.000000 -0.633420 0.773808
1935.250000 -1.220790 0.741477 0.000000 0.000000 0.000000 -0.633420 0.773808
1935.260000 -1.222020 0.748071 0.000000 0.000000 0.000000 -0.628653 0.777686
1935.300000 -1.232820 0.801103 0.000000 0.000000 0.000000 -0.633420 0.773808
1935.650000 -1.237200 0.822123 0.000000 0.000000 0.000000 -0.635796 0.771857
1935.760000 -1.237340 0.818003 0.000000 0.000000 0.000000 -0.633420 0.773808
1936.070000 -1.236660 0.816766 0.000000 0.000000 0.000000 -0.633420 0.773808
1936.090000 -1.235970 0.815529 0.000000 0.000000 0.000000 -0.633420 0.773808
1936.580000 -1.235150 0.811132 0.000000 0.000000 0.000000 -0.635796 0.771857
1936.760000 -1.216410 0.728159 0.000000 0.000000 0.000000 -0.641686 0.766967
1937.070000 -1.201530 0.644951 0.000000 0.000000 0.000000 -0.644038 0.764994
1937.110000 -1.191510 0.584946 0.000000 0.000000 0.000000 -0.660343 0.750964
1937.290000 -1.187290 0.541137 0.000000 0.000000 0.000000 -0.683104 0.730321
1938.450000 -1.184730 0.498835 0.000000 0.000000 0.000000 -0.694241 0.719742
1938.480000 -1.183770 0.436201 0.000000 0.000000 0.000000 -0.705218 0.708991
1938.490000 -1.182380 0.301727 0.000000 0.000000 0.000000 -0.705218 0.708991
1938.930000 -1.193030 0.146761 0.000000 0.000000 0.000000 -0.759553 0.650446
1939.120000 -1.219130 0.017997 0.000000 0.000000 0.000000 -0.784922 0.619595
1939.380000 -1.232740 -0.037389 0.000000 0.000000 0.000000 -0.784922 0.619595
1939.490000 -1.244180 -0.085078 0.000000 0.000000 0.000000 -0.784922 0.619595
1939.970000 -1.256290 -0.138812 0.000000 0.000000 0.000000 -0.786820 0.617182
1940.090000 -1.274730 -0.163600 0.000000 0.000000 0.000000 -0.768021 0.640425
1940.620000 -1.284230 -0.217782 0.000000 0.000000 0.000000 -0.771942 0.635693
1941.470000 -1.305600 -0.322631 0.000000 0.000000 0.000000 -0.777770 0.628549
1941.860000 -1.318970 -0.386249 0.000000 0.000000 0.000000 -0.781618 0.623758
1941.870000 -1.332560 -0.445749 0.000000 0.000000 0.000000 -0.783529 0.621355
1941.880000 -1.357670 -0.548854 0.000000 0.000000 0.000000 -0.791106 0.611679
1941.950000 -1.389340 -0.670038 0.000000 0.000000 0.000000 -0.792983 0.609244
1942.260000 -1.403940 -0.724249 0.000000 0.000000 0.000000 -0.794853 0.606802
1942.300000 -1.411620 -0.753318 0.000000 0.000000 0.000000 -0.796712 0.604359
1942.500000 -1.412390 -0.757245 0.000000 0.000000 0.000000 -0.798567 0.601906
1942.980000 -1.412580 -0.758227 0.000000 0.000000 0.000000 -0.798567 0.601906
1943.130000 -1.412580 -0.758227 0.000000 0.000000 0.000000 -0.798567 0.601906
1943.640000 -1.412580 -0.758227 0.000000 0.000000 0.000000 -0.798567 0.601906
1944.080000 -1.412580 -0.758227 0.000000 0.000000 0.000000 -0.792983 0.609244
1944.130000 -1.412580 -0.758227 0.000000 0.000000 0.000000 -0.773890 0.633320
1944.290000 -1.412010 -0.755282 0.000000 0.000000 0.000000 -0.752045 0.659111
1944.580000 -1.412010 -0.755282 0.000000 0.000000 0.000000 -0.727238 0.686385
1945.470000 -1.412390 -0.757245 0.000000 0.000000 0.000000 -0.683710 0.729753
1945.880000 -1.411190 -0.761553 0.000000 0.000000 0.000000 -0.628081 0.778148
1945.930000 -1.379300 -0.769364 0.000000 0.000000 0.000000 -0.639486 0.768802
1945.940000 -1.378640 -0.770615 0.000000 0.000000 0.000000 -0.581100 0.813832
1946.140000 -1.378640 -0.770615 0.000000 0.000000 0.000000 -0.457927 0.888990
1946.590000 -1.381740 -0.758792 0.000000 0.000000 0.000000 -0.392335 0.919823
1946.980000 -1.380050 -0.760263 0.000000 0.000000 0.000000 -0.308921 0.951088
1947.170000 -1.379090 -0.760515 0.000000 0.000000 0.000000 -0.267734 0.963493
1947.330000 -1.375470 -0.762489 0.000000 0.000000 0.000000 -0.171854 0.985122
1947.810000 -1.285940 -0.710370 0.000000 0.000000 0.000000 -0.143982 0.989580
1947.890000 -1.278930 -0.711329 0.000000 0.000000 0.000000 -0.049209 0.998789
1948.430000 -1.276050 -0.712152 0.000000 0.000000 0.000000 0.003008 0.999995
1948.450000 -1.276050 -0.712152 0.000000 0.000000 0.000000 0.039871 0.999205
1948.510000 -1.277010 -0.711878 0.000000 0.000000 0.000000 0.085867 0.996307
1949.890000 -1.270740 -0.660265 0.000000 0.000000 0.000000 0.130035 0.991509
1949.900000 -1.270740 -0.660265 0.000000 0.000000 0.000000 0.172555 0.985000
1949.910000 -1.270740 -0.660265 0.000000 0.000000 0.000000 0.205744 0.978606
1950.080000 -1.312620 -0.619134 0.000000 0.000000 0.000000 0.406079 0.913838
1950.410000 -1.310790 -0.616555 0.000000 0.000000 0.000000 0.458709 0.888586
1950.510000 -1.310790 -0.616555 0.000000 0.000000 0.000000 0.501823 0.864970
1950.970000 -1.311090 -0.617512 0.000000 0.000000 0.000000 0.535965 0.844240
1951.090000 -1.310790 -0.616555 0.000000 0.000000 0.000000 0.611405 0.791318
1951.500000 -1.365320 -0.578227 0.000000 0.000000 0.000000 0.651887 0.758316
1951.830000 -1.365030 -0.577271 0.000000 0.000000 0.000000 0.714637 0.699496
1952.180000 -1.364740 -0.576314 0.000000 0.000000 0.000000 0.754236 0.656603
1952.240000 -1.365400 -0.575066 0.000000 0.000000 0.000000 0.783687 0.621156
1952.250000 -1.364740 -0.576314 0.000000 0.000000 0.000000 0.802402 0.596783
1952.470000 -1.369550 -0.580552 0.000000 0.000000 0.000000 0.817939 0.575304
1953.540000 -1.370230 -0.579311 0.000000 0.000000 0.000000 0.851728 0.523984
1953.610000 -1.370900 -0.578070 0.000000 0.000000 0.000000 0.877924 0.478799
1953.620000 -1.371580 -0.576829 0.000000 0.000000 0.000000 0.889429 0.457073
1953.780000 -1.433450 -0.593205 0.000000 0.000000 0.000000 0.945327 0.326125
1954.050000 -1.433450 -0.593205 0.000000 0.000000 0.000000 0.955809 0.293988
1954.240000 -1.436290 -0.592226 0.000000 0.000000 0.000000 0.982421 0.186680
1954.580000 -1.437230 -0.591900 0.000000 0.000000 0.000000 0.982421 0.186680
1954.600000 -1.444470 -0.588343 0.000000 0.000000 0.000000 0.980659 0.195725
1954.790000 -1.467770 -0.579236 0.000000 0.000000 0.000000 0.980052 0.198739
1955.220000 -1.524740 -0.554271 0.000000 0.000000 0.000000 0.980659 0.195725
1955.230000 -1.562840 -0.538996 0.000000 0.000000 0.000000 0.981255 0.192713
1955.460000 -1.632100 -0.509787 0.000000 0.000000 0.000000 0.981255 0.192713
1955.880000 -1.682780 -0.488051 0.000000 0.000000 0.000000 0.980052 0.198739
1955.900000 -1.725280 -0.470199 0.000000 0.000000 0.000000 0.978179 0.207762
1955.960000 -1.771860 -0.448825 0.000000 0.000000 0.000000 0.978813 0.204758
1957.180000 -1.831660 -0.422880 0.000000 0.000000 0.000000 0.978813 0.204758
1957.190000 -1.943720 -0.373601 0.000000 0.000000 0.000000 0.978179 0.207762
1957.340000 -2.132550 -0.436817 0.000000 0.000000 0.000000 0.986351 0.164658
1957.660000 -2.190590 -0.416398 0.000000 0.000000 0.000000 0.985841 0.167685
1958.380000 -2.220090 -0.406086 0.000000 0.000000 0.000000 0.985320 0.170716
1958.480000 -2.432250 -0.326581 0.000000 0.000000 0.000000 0.983148 0.182812
1958.900000 -2.488900 -0.304412 0.000000 0.000000 0.000000 0.983148 0.182812
1958.910000 -2.541630 -0.283068 0.000000 0.000000 0.000000 0.982581 0.185835
1959.080000 -2.592610 -0.263115 0.000000 0.000000 0.000000 0.982006 0.188850
1959.650000 -2.645340 -0.241771 0.000000 0.000000 0.000000 0.980827 0.194881
1959.800000 -2.757800 -0.193519 0.000000 0.000000 0.000000 0.978988 0.203916
1960.980000 -2.810110 -0.170218 0.000000 0.000000 0.000000 0.978358 0.206921
1960.990000 -3.039630 -0.038684 0.000000 0.000000 0.000000 0.983173 0.182675
1961.080000 -3.093930 -0.018158 0.000000 0.000000 0.000000 0.983730 0.179656
1961.470000 -3.150040 0.003693 0.000000 0.000000 0.000000 0.983730 0.179656
1961.480000 -3.205330 0.024389 0.000000 0.000000 0.000000 0.983730 0.179656
1961.790000 -3.259630 0.044915 0.000000 0.000000 0.000000 0.984277 0.176630
1962.180000 -3.312940 0.065271 0.000000 0.000000 0.000000 0.985864 0.167547
1962.280000 -3.426680 0.100104 0.000000 0.000000 0.000000 0.992537 0.121947
1962.830000 -3.483490 0.111931 0.000000 0.000000 0.000000 0.996357 0.085278
1962.890000 -3.599170 0.123759 0.000000 0.000000 0.000000 0.999491 0.031906
1963.400000 -3.656360 0.127532 0.000000 0.000000 0.000000 0.998883 0.047259
1963.580000 -3.774000 0.139701 0.000000 0.000000 0.000000 0.998573 0.053396
1964.910000 -3.832820 0.145785 0.000000 0.000000 0.000000 0.998405 0.056466
1964.920000 -4.123160 0.120130 0.000000 0.000000 0.000000 -0.999868 0.016241
1965.130000 -4.297930 0.107222 0.000000 0.000000 0.000000 -0.999288 0.037742
1965.340000 -4.355670 0.101201 0.000000 0.000000 0.000000 -0.998245 0.059227
1965.480000 -4.416750 0.091455 0.000000 0.000000 0.000000 -0.995954 0.089870
1966.000000 -4.473010 0.079284 0.000000 0.000000 0.000000 -0.992348 0.123475
1966.100000 -4.581600 0.042553 0.000000 0.000000 0.000000 -0.984004 0.178145
1966.500000 -4.638650 0.021415 0.000000 0.000000 0.000000 -0.986625 0.163006
1967.280000 -4.749400 -0.017135 0.000000 0.000000 0.000000 -0.984547 0.175119
1968.370000 -4.807530 -0.039183 0.000000 0.000000 0.000000 -0.984004 0.178145
1968.430000 -4.807530 -0.039183 0.000000 0.000000 0.000000 -0.983453 0.181165
1968.440000 -4.808530 -0.039096 0.000000 0.000000 0.000000 -0.981152 0.193238
1968.480000 -4.752890 -0.083684 0.000000 0.000000 0.000000 -0.956338 0.292262
1968.800000 -4.756060 -0.085402 0.000000 0.000000 0.000000 -0.931088 0.364794
1968.910000 -4.756060 -0.085402 0.000000 0.000000 0.000000 -0.915778 0.401685
1969.260000 -4.753880 -0.083593 0.000000 0.000000 0.000000 -0.906926 0.421289
1969.280000 -4.755060 -0.085493 0.000000 0.000000 0.000000 -0.885126 0.465351
1970.090000 -4.702500 -0.186611 0.000000 0.000000 0.000000 -0.875116 0.483914
1970.210000 -4.722700 -0.222117 0.000000 0.000000 0.000000 -0.861400 0.507927
1970.380000 -4.819920 -0.401202 0.000000 0.000000 0.000000 -0.862955 0.505280
1971.600000 -4.843940 -0.442226 0.000000 0.000000 0.000000 -0.867577 0.497302
1971.610000 -4.934940 -0.598964 0.000000 0.000000 0.000000 -0.870617 0.491962
1971.860000 -5.017750 -0.733636 0.000000 0.000000 0.000000 -0.879538 0.475829
1972.030000 -5.052370 -0.785271 0.000000 0.000000 0.000000 -0.882445 0.470415
1972.080000 -5.089540 -0.840585 0.000000 0.000000 0.000000 -0.883888 0.467700
1973.030000 -5.121760 -0.889532 0.000000 0.000000 0.000000 -0.882445 0.470415
1973.040000 -5.150030 -0.931971 0.000000 0.000000 0.000000 -0.882445 0.470415
1973.050000 -5.179700 -0.977240 0.000000 0.000000 0.000000 -0.880997 0.473122
1973.390000 -5.125260 -1.006090 0.000000 0.000000 0.000000 -0.848461 0.529258
1973.480000 -5.171370 -1.100560 0.000000 0.000000 0.000000 -0.851697 0.524035
1973.990000 -5.199000 -1.155240 0.000000 0.000000 0.000000 -0.853302 0.521418
1974.080000 -5.255270 -1.263600 0.000000 0.000000 0.000000 -0.861212 0.508246
1975.330000 -5.280810 -1.310300 0.000000 0.000000 0.000000 -0.862771 0.505595
1975.340000 -5.308380 -1.358980 0.000000 0.000000 0.000000 -0.865862 0.500284
1975.350000 -5.339010 -1.412630 0.000000 0.000000 0.000000 -0.867393 0.497623
1975.480000 -5.414480 -1.538760 0.000000 0.000000 0.000000 -0.871945 0.489605
1975.930000 -5.413470 -1.537770 0.000000 0.000000 0.000000 -0.871945 0.489605
1976.150000 -5.428770 -1.563600 0.000000 0.000000 0.000000 -0.877896 0.478852
1976.530000 -5.463370 -1.615200 0.000000 0.000000 0.000000 -0.880822 0.473448
1976.550000 -5.510220 -1.687660 0.000000 0.000000 0.000000 -0.880822 0.473448
1976.830000 -5.544840 -1.741260 0.000000 0.000000 0.000000 -0.880822 0.473448
1977.190000 -5.569280 -1.778980 0.000000 0.000000 0.000000 -0.883714 0.468027
1977.260000 -5.588440 -1.843370 0.000000 0.000000 0.000000 -0.866990 0.498326
1977.460000 -5.623410 -1.903250 0.000000 0.000000 0.000000 -0.866990 0.498326
1978.030000 -5.708190 -2.045800 0.000000 0.000000 0.000000 -0.876031 0.482254
1979.260000 -5.738730 -2.094430 0.000000 0.000000 0.000000 -0.877508 0.479563
1979.270000 -5.773060 -2.147270 0.000000 0.000000 0.000000 -0.880438 0.474161
1979.280000 -5.806490 -2.198050 0.000000 0.000000 0.000000 -0.883335 0.468742
1979.300000 -5.917310 -2.359970 0.000000 0.000000 0.000000 -0.889031 0.457846
1979.850000 -5.952740 -2.410860 0.000000 0.000000 0.000000 -0.890433 0.455115
1980.380000 -5.987330 -2.458700 0.000000 0.000000 0.000000 -0.891828 0.452375
1980.490000 -6.106190 -2.620020 0.000000 0.000000 0.000000 -0.891828 0.452375
1981.010000 -6.142620 -2.670960 0.000000 0.000000 0.000000 -0.891828 0.452375
1981.180000 -6.175370 -2.839800 0.000000 0.000000 0.000000 -0.879997 0.474980
1982.390000 -6.209050 -2.890760 0.000000 0.000000 0.000000 -0.881453 0.472272
1982.520000 -6.243610 -2.942810 0.000000 0.000000 0.000000 -0.882899 0.469564
1983.090000 -6.306640 -3.038200 0.000000 0.000000 0.000000 -0.882899 0.469564
1983.100000 -6.337770 -3.084850 0.000000 0.000000 0.000000 -0.882899 0.469564
1983.180000 -6.499380 -3.327800 0.000000 0.000000 0.000000 -0.884338 0.466846
1983.500000 -6.531390 -3.375550 0.000000 0.000000 0.000000 -0.884338 0.466846
1983.580000 -6.562520 -3.422200 0.000000 0.000000 0.000000 -0.885767 0.464129
1984.080000 -6.593870 -3.466860 0.000000 0.000000 0.000000 -0.887190 0.461403
1984.090000 -6.624220 -3.511420 0.000000 0.000000 0.000000 -0.888603 0.458677
1984.180000 -6.645150 -3.540860 0.000000 0.000000 0.000000 -0.888603 0.458677
1984.850000 -6.608880 -3.449910 0.000000 0.000000 0.000000 -0.884240 0.467032
1984.860000 -6.607160 -3.447660 0.000000 0.000000 0.000000 -0.882800 0.469749
1985.290000 -6.607160 -3.447660 0.000000 0.000000 0.000000 -0.878432 0.477868
1985.380000 -6.608020 -3.448790 0.000000 0.000000 0.000000 -0.853885 0.520461
1986.630000 -6.607890 -3.449780 0.000000 0.000000 0.000000 -0.834120 0.551583
1986.640000 -6.610190 -3.455130 0.000000 0.000000 0.000000 -0.798669 0.601771
1986.830000 -6.606500 -3.545510 0.000000 0.000000 0.000000 -0.678541 0.734562
1987.530000 -6.606420 -3.548510 0.000000 0.000000 0.000000 -0.678541 0.734562
1988.480000 -6.605070 -3.562480 0.000000 0.000000 0.000000 -0.683042 0.730379
1988.590000 -6.602990 -3.605440 0.000000 0.000000 0.000000 -0.685281 0.728278
1988.790000 -6.581630 -3.977030 0.000000 0.000000 0.000000 -0.696390 0.717663
1988.810000 -6.578940 -4.043980 0.000000 0.000000 0.000000 -0.698594 0.715519
1988.980000 -6.577530 -4.099960 0.000000 0.000000 0.000000 -0.698594 0.715519
1990.300000 -6.576300 -4.148950 0.000000 0.000000 0.000000 -0.698594 0.715519
1990.310000 -6.568950 -4.440850 0.000000 0.000000 0.000000 -0.700787 0.713371
1990.400000 -6.567590 -4.494840 0.000000 0.000000 0.000000 -0.698594 0.715519
1990.630000 -6.565160 -4.551790 0.000000 0.000000 0.000000 -0.696390 0.717663
1990.780000 -6.418050 -4.443330 0.000000 0.000000 0.000000 -0.628287 0.777981
1991.120000 -6.405280 -4.500940 0.000000 0.000000 0.000000 -0.628287 0.777981
1991.230000 -6.392720 -4.557580 0.000000 0.000000 0.000000 -0.628287 0.777981
1991.390000 -6.380760 -4.611270 0.000000 0.000000 0.000000 -0.628287 0.777981
1992.280000 -6.368400 -4.666920 0.000000 0.000000 0.000000 -0.630673 0.776049
1992.430000 -6.320310 -4.892870 0.000000 0.000000 0.000000 -0.633056 0.774106
1993.930000 -6.308730 -4.949700 0.000000 0.000000 0.000000 -0.635434 0.772155
1993.940000 -6.298130 -5.006730 0.000000 0.000000 0.000000 -0.637801 0.770201
1993.950000 -6.286350 -5.064540 0.000000 0.000000 0.000000 -0.642522 0.766267
1993.960000 -6.276530 -5.122760 0.000000 0.000000 0.000000 -0.644875 0.764288
1993.970000 -6.266720 -5.175870 0.000000 0.000000 0.000000 -0.647219 0.762305
1993.980000 -6.256900 -5.234080 0.000000 0.000000 0.000000 -0.647219 0.762305
1994.110000 -6.238040 -5.351680 0.000000 0.000000 0.000000 -0.649560 0.760311
1994.180000 -6.228820 -5.406950 0.000000 0.000000 0.000000 -0.649560 0.760311
1994.900000 -6.185350 -5.492770 0.000000 0.000000 0.000000 -0.632262 0.774754
1995.010000 -6.173530 -5.550650 0.000000 0.000000 0.000000 -0.637011 0.770854
1995.160000 -6.151100 -5.665690 0.000000 0.000000 0.000000 -0.634642 0.772806
1995.180000 -6.139530 -5.722610 0.000000 0.000000 0.000000 -0.634642 0.772806
1995.390000 -6.128460 -5.777580 0.000000 0.000000 0.000000 -0.632262 0.774754
1995.770000 -6.115920 -5.834250 0.000000 0.000000 0.000000 -0.629881 0.776692
1995.780000 -6.103600 -5.894060 0.000000 0.000000 0.000000 -0.632262 0.774754
1997.150000 -6.091780 -5.951950 0.000000 0.000000 0.000000 -0.634642 0.772806
1997.200000 -6.080710 -6.006920 0.000000 0.000000 0.000000 -0.639379 0.768892
1997.210000 -6.070610 -6.062150 0.000000 0.000000 0.000000 -0.644091 0.764948
1997.380000 -6.024870 -6.347770 0.000000 0.000000 0.000000 -0.658083 0.752945
1998.060000 -6.017420 -6.404720 0.000000 0.000000 0.000000 -0.658083 0.752945
1998.130000 -5.961780 -6.441560 0.000000 0.000000 0.000000 -0.626750 0.779221
1998.180000 -5.962470 -6.439680 0.000000 0.000000 0.000000 -0.636283 0.771456
1999.120000 -5.961870 -6.438400 0.000000 0.000000 0.000000 -0.648057 0.761592
1999.130000 -5.961870 -6.438400 0.000000 0.000000 0.000000 -0.659682 0.751545
1999.190000 -5.962220 -6.437460 0.000000 0.000000 0.000000 -0.695819 0.718217
1999.210000 -5.961870 -6.438400 0.000000 0.000000 0.000000 -0.717555 0.696502
1999.380000 -5.962710 -6.441910 0.000000 0.000000 0.000000 -0.732369 0.680908
2000.580000 -5.963860 -6.456180 0.000000 0.000000 0.000000 -0.742745 0.669575
2000.640000 -5.968230 -6.499340 0.000000 0.000000 0.000000 -0.752944 0.658084
2000.780000 -6.005220 -6.798500 0.000000 0.000000 0.000000 -0.750917 0.660396
2001.110000 -6.013010 -6.864230 0.000000 0.000000 0.000000 -0.748886 0.662698
2001.180000 -6.021640 -6.933470 0.000000 0.000000 0.000000 -0.748886 0.662698
2001.630000 -6.024860 -6.962360 0.000000 0.000000 0.000000 -0.748886 0.662698
2001.650000 -6.033640 -7.036980 0.000000 0.000000 0.000000 -0.748886 0.662698
2002.640000 -6.036970 -7.062710 0.000000 0.000000 0.000000 -0.746845 0.664998
2002.790000 -6.063510 -7.300490 0.000000 0.000000 0.000000 -0.746845 0.664998
2002.880000 -6.076610 -7.409720 0.000000 0.000000 0.000000 -0.746845 0.664998
2004.130000 -6.052420 -7.423510 0.000000 0.000000 0.000000 -0.732087 0.681212
2004.140000 -6.056110 -7.483770 0.000000 0.000000 0.000000 -0.734174 0.678961
2004.280000 -6.077080 -7.738330 0.000000 0.000000 0.000000 -0.740403 0.672163
2004.520000 -6.082340 -7.794910 0.000000 0.000000 0.000000 -0.740403 0.672163
2004.560000 -6.084900 -7.822080 0.000000 0.000000 0.000000 -0.740403 0.672163
2004.910000 -6.089100 -7.876040 0.000000 0.000000 0.000000 -0.738333 0.674437
2004.960000 -6.094890 -7.933930 0.000000 0.000000 0.000000 -0.740403 0.672163
2005.450000 -6.100030 -7.995890 0.000000 0.000000 0.000000 -0.740403 0.672163
2005.550000 -6.110010 -8.107740 0.000000 0.000000 0.000000 -0.742463 0.669887
2005.950000 -6.116190 -8.164720 0.000000 0.000000 0.000000 -0.746566 0.665312
2006.080000 -6.130010 -8.287980 0.000000 0.000000 0.000000 -0.746566 0.665312
2007.360000 -6.133100 -8.316470 0.000000 0.000000 0.000000 -0.746566 0.665312
2007.400000 -6.136620 -8.622220 0.000000 0.000000 0.000000 -0.735886 0.677105
2008.190000 -6.140760 -8.679520 0.000000 0.000000 0.000000 -0.735886 0.677105
2008.240000 -6.156350 -8.847460 0.000000 0.000000 0.000000 -0.744152 0.668010
2008.590000 -6.162230 -8.907920 0.000000 0.000000 0.000000 -0.744152 0.668010
2008.610000 -6.168150 -8.966140 0.000000 0.000000 0.000000 -0.746203 0.665719
2008.820000 -6.174150 -9.017660 0.000000 0.000000 0.000000 -0.748246 0.663421
2009.200000 -6.180980 -9.074110 0.000000 0.000000 0.000000 -0.750280 0.661121
2009.220000 -6.189130 -9.132360 0.000000 0.000000 0.000000 -0.754328 0.656498
2009.400000 -6.197250 -9.192850 0.000000 0.000000 0.000000 -0.756343 0.654175
2010.480000 -6.204510 -9.250650 0.000000 0.000000 0.000000 -0.754328 0.656498
2010.530000 -6.211400 -9.302620 0.000000 0.000000 0.000000 -0.758348 0.651850
2010.600000 -6.207080 -9.347630 0.000000 0.000000 0.000000 -0.743571 0.668657
2010.990000 -6.207010 -9.341800 0.000000 0.000000 0.000000 -0.735297 0.677745
2011.000000 -6.206500 -9.342670 0.000000 0.000000 0.000000 -0.731119 0.682250
2011.460000 -6.207010 -9.341800 0.000000 0.000000 0.000000 -0.718418 0.695612
2011.600000 -6.206650 -9.340440 0.000000 0.000000 0.000000 -0.667503 0.744607
2012.050000 -6.205500 -9.344390 0.000000 0.000000 0.000000 -0.620512 0.784197
2012.200000 -6.197860 -9.365410 0.000000 0.000000 0.000000 -0.558499 0.829505
2012.590000 -6.184540 -9.398160 0.000000 0.000000 0.000000 -0.553391 0.832922
2012.600000 -6.129080 -9.470260 0.000000 0.000000 0.000000 -0.552775 0.833331
2013.800000 -6.097380 -9.543170 0.000000 0.000000 0.000000 -0.550214 0.835024
2013.860000 -6.075440 -9.595170 0.000000 0.000000 0.000000 -0.555334 0.831627
2014.000000 -5.977760 -9.864400 0.000000 0.000000 0.000000 -0.583121 0.812385
2014.330000 -5.962420 -9.910970 0.000000 0.000000 0.000000 -0.590582 0.806978
2014.400000 -5.947820 -9.960270 0.000000 0.000000 0.000000 -0.605362 0.795951
2014.910000 -5.932040 -10.021600 0.000000 0.000000 0.000000 -0.627139 0.778907
2015.000000 -5.912780 -10.141000 0.000000 0.000000 0.000000 -0.671518 0.740989
2015.510000 -5.909210 -10.193200 0.000000 0.000000 0.000000 -0.687300 0.726374
2015.600000 -5.903110 -10.309700 0.000000 0.000000 0.000000 -0.687300 0.726374
2016.120000 -5.899130 -10.368600 0.000000 0.000000 0.000000 -0.689530 0.724257
2016.200000 -5.900850 -10.419300 0.000000 0.000000 0.000000 -0.678119 0.734952
2017.580000 -5.899620 -10.423200 0.000000 0.000000 0.000000 -0.678119 0.734952
2017.600000 -5.885120 -10.724900 0.000000 0.000000 0.000000 -0.700380 0.713770
2017.930000 -5.883880 -10.771100 0.000000 0.000000 0.000000 -0.700380 0.713770
2018.000000 -5.882640 -10.838300 0.000000 0.000000 0.000000 -0.704753 0.709453
2018.390000 -5.882730 -10.911000 0.000000 0.000000 0.000000 -0.709099 0.705109
2018.400000 -5.882240 -10.969300 0.000000 0.000000 0.000000 -0.711261 0.702928
2018.830000 -5.883040 -11.017800 0.000000 0.000000 0.000000 -0.713419 0.700738
2019.000000 -5.885730 -11.128500 0.000000 0.000000 0.000000 -0.719846 0.694134
2019.400000 -5.888420 -11.196900 0.000000 0.000000 0.000000 -0.724101 0.689694
2020.900000 -5.892670 -11.305000 0.000000 0.000000 0.000000 -0.721977 0.691917
2020.910000 -5.894990 -11.356800 0.000000 0.000000 0.000000 -0.724101 0.689694
2020.920000 -5.822790 -11.382700 0.000000 0.000000 0.000000 -0.699277 0.714851
2020.930000 -5.820130 -11.446200 0.000000 0.000000 0.000000 -0.701471 0.712698
2020.940000 -5.819360 -11.503600 0.000000 0.000000 0.000000 -0.701471 0.712698
2020.950000 -5.818730 -11.557400 0.000000 0.000000 0.000000 -0.701471 0.712698
2021.140000 -5.817200 -11.672300 0.000000 0.000000 0.000000 -0.705838 0.708374
2021.200000 -5.817100 -11.733900 0.000000 0.000000 0.000000 -0.708013 0.706200
2021.530000 -5.816200 -11.794900 0.000000 0.000000 0.000000 -0.710177 0.704023
2021.600000 -5.816970 -11.848500 0.000000 0.000000 0.000000 -0.712339 0.701836
2021.980000 -5.817960 -11.903500 0.000000 0.000000 0.000000 -0.716638 0.697445
2022.010000 -5.819390 -11.961300 0.000000 0.000000 0.000000 -0.720910 0.693028
2022.200000 -5.821510 -12.023300 0.000000 0.000000 0.000000 -0.723035 0.690812
2022.580000 -5.824570 -12.082200 0.000000 0.000000 0.000000 -0.727269 0.686352
2022.610000 -5.827180 -12.138400 0.000000 0.000000 0.000000 -0.731473 0.681870
2024.060000 -5.831770 -12.193500 0.000000 0.000000 0.000000 -0.735649 0.677362
2024.270000 -5.823950 -12.540000 0.000000 0.000000 0.000000 -0.715053 0.699070
2024.540000 -5.825630 -12.600100 0.000000 0.000000 0.000000 -0.717199 0.696868
2024.600000 -5.826550 -12.659600 0.000000 0.000000 0.000000 -0.717199 0.696868
2024.870000 -5.827870 -12.714100 0.000000 0.000000 0.000000 -0.717199 0.696868
2025.000000 -5.829370 -12.771300 0.000000 0.000000 0.000000 -0.719335 0.694663
2025.330000 -5.830960 -12.830100 0.000000 0.000000 0.000000 -0.721468 0.692448
2025.410000 -5.833210 -12.888000 0.000000 0.000000 0.000000 -0.725709 0.688001
2025.780000 -5.836120 -12.945200 0.000000 0.000000 0.000000 -0.725709 0.688001
2025.800000 -5.839030 -13.002400 0.000000 0.000000 0.000000 -0.727818 0.685770
2027.250000 -5.841940 -13.059600 0.000000 0.000000 0.000000 -0.725709 0.688001
2027.390000 -5.830210 -13.401300 0.000000 0.000000 0.000000 -0.737216 0.675658
2027.840000 -5.835570 -13.462000 0.000000 0.000000 0.000000 -0.741354 0.671115
2028.490000 -5.841480 -13.519100 0.000000 0.000000 0.000000 -0.747506 0.664255
2028.950000 -5.874230 -13.778800 0.000000 0.000000 0.000000 -0.753599 0.657335
2029.020000 -5.890240 -13.891400 0.000000 0.000000 0.000000 -0.759627 0.650359
2030.370000 -5.898130 -13.944900 0.000000 0.000000 0.000000 -0.761620 0.648023
2030.390000 -5.907670 -14.003900 0.000000 0.000000 0.000000 -0.761620 0.648023
2030.540000 -5.929560 -14.155900 0.000000 0.000000 0.000000 -0.741354 0.671115
2031.520000 -5.929560 -14.155900 0.000000 0.000000 0.000000 -0.739286 0.673391
2032.530000 -5.929620 -14.157300 0.000000 0.000000 0.000000 -0.680940 0.732340
2032.550000 -5.928380 -14.161600 0.000000 0.000000 0.000000 -0.629916 0.776663
2033.940000 -5.852860 -14.261400 0.000000 0.000000 0.000000 -0.579488 0.814981
2034.090000 -5.823410 -14.341600 0.000000 0.000000 0.000000 -0.576983 0.816756
2034.100000 -5.800500 -14.405100 0.000000 0.000000 0.000000 -0.574469 0.818526
2034.110000 -5.784020 -14.450200 0.000000 0.000000 0.000000 -0.579488 0.814981
2034.120000 -5.770710 -14.490200 0.000000 0.000000 0.000000 -0.584485 0.811405
2034.130000 -5.753250 -14.541200 0.000000 0.000000 0.000000 -0.584485 0.811405
2034.580000 -5.742230 -14.573900 0.000000 0.000000 0.000000 -0.584485 0.811405
2035.060000 -5.650010 -14.848100 0.000000 0.000000 0.000000 -0.589464 0.807795
2035.190000 -5.627960 -14.913600 0.000000 0.000000 0.000000 -0.589464 0.807795
2035.300000 -5.592910 -15.023300 0.000000 0.000000 0.000000 -0.589464 0.807795
2035.820000 -5.577960 -15.069800 0.000000 0.000000 0.000000 -0.591941 0.805981
2035.830000 -5.560060 -15.124300 0.000000 0.000000 0.000000 -0.591941 0.805981
2035.900000 -5.481500 -15.063100 0.000000 0.000000 0.000000 -0.548630 0.836065
2037.410000 -5.456760 -15.119700 0.000000 0.000000 0.000000 -0.548630 0.836065
2037.500000 -5.307810 -15.481000 0.000000 0.000000 0.000000 -0.563949 0.825810
2037.830000 -5.285900 -15.537800 0.000000 0.000000 0.000000 -0.561411 0.827537
2037.910000 -5.261780 -15.598000 0.000000 0.000000 0.000000 -0.563949 0.825810
2038.360000 -5.239910 -15.653400 0.000000 0.000000 0.000000 -0.566486 0.824072
2038.540000 -5.202090 -15.752900 0.000000 0.000000 0.000000 -0.571539 0.820575
2039.030000 -5.180180 -15.809600 0.000000 0.000000 0.000000 -0.571539 0.820575
2039.170000 -5.140630 -15.921800 0.000000 0.000000 0.000000 -0.579080 0.815271
2039.620000 -5.120930 -15.975100 0.000000 0.000000 0.000000 -0.576570 0.817047
2040.070000 -5.092130 -16.026600 0.000000 0.000000 0.000000 -0.558520 0.829491
2041.190000 -5.069580 -16.081600 0.000000 0.000000 0.000000 -0.563606 0.826044
2041.340000 -4.927440 -16.465200 0.000000 0.000000 0.000000 -0.583738 0.811942
2041.640000 -4.910090 -16.517100 0.000000 0.000000 0.000000 -0.583738 0.811942
2042.490000 -4.892840 -16.567600 0.000000 0.000000 0.000000 -0.586232 0.810143
2042.800000 -4.837350 -16.740700 0.000000 0.000000 0.000000 -0.593673 0.804707
2043.010000 -4.789320 -16.899500 0.000000 0.000000 0.000000 -0.603521 0.797347
2043.480000 -4.728940 -16.904900 0.000000 0.000000 0.000000 -0.579968 0.814639
2043.500000 -4.692670 -17.010600 0.000000 0.000000 0.000000 -0.589936 0.807450
2045.120000 -4.675540 -17.064000 0.000000 0.000000 0.000000 -0.589936 0.807450
2045.130000 -4.576110 -17.401700 0.000000 0.000000 0.000000 -0.612038 0.790828
2045.350000 -4.547510 -17.514100 0.000000 0.000000 0.000000 -0.619303 0.785152
2045.640000 -4.534390 -17.569400 0.000000 0.000000 0.000000 -0.621711 0.783247
2046.100000 -4.521090 -17.626200 0.000000 0.000000 0.000000 -0.626512 0.779412
2046.220000 -4.508210 -17.685100 0.000000 0.000000 0.000000 -0.628906 0.777482
2046.370000 -4.484600 -17.797500 0.000000 0.000000 0.000000 -0.636047 0.771650
2046.830000 -4.472710 -17.854400 0.000000 0.000000 0.000000 -0.638413 0.769694
2046.910000 -4.461370 -17.929200 0.000000 0.000000 0.000000 -0.634108 0.773244
2047.440000 -4.450230 -17.984000 0.000000 0.000000 0.000000 -0.638848 0.769333
2047.600000 -4.428550 -18.102900 0.000000 0.000000 0.000000 -0.643564 0.765393
2049.100000 -4.418580 -18.159400 0.000000 0.000000 0.000000 -0.648255 0.761424
2049.170000 -4.409650 -18.213800 0.000000 0.000000 0.000000 -0.650593 0.759427
2049.310000 -4.356240 -18.617800 0.000000 0.000000 0.000000 -0.671343 0.741146
2049.640000 -4.350450 -18.674800 0.000000 0.000000 0.000000 -0.673616 0.739082
2050.100000 -4.345130 -18.729100 0.000000 0.000000 0.000000 -0.673616 0.739082
2050.170000 -4.339570 -18.784800 0.000000 0.000000 0.000000 -0.675885 0.737007
2050.310000 -4.331640 -18.849300 0.000000 0.000000 0.000000 -0.661989 0.749513
2050.820000 -4.324630 -18.907000 0.000000 0.000000 0.000000 -0.664287 0.747477
2050.940000 -4.310600 -19.018800 0.000000 0.000000 0.000000 -0.668868 0.743381
2051.430000 -4.304140 -19.077400 0.000000 0.000000 0.000000 -0.668868 0.743381
2051.570000 -4.294480 -19.170600 0.000000 0.000000 0.000000 -0.671151 0.741321
2052.880000 -4.293390 -19.176200 0.000000 0.000000 0.000000 -0.671151 0.741321
2052.930000 -4.293670 -19.174800 0.000000 0.000000 0.000000 -0.671151 0.741321
2053.090000 -4.292290 -19.178100 0.000000 0.000000 0.000000 -0.552362 0.833604
2053.390000 -4.291190 -19.180000 0.000000 0.000000 0.000000 -0.523876 0.851795
2053.470000 -4.292020 -19.179500 0.000000 0.000000 0.000000 -0.478685 0.877987
2053.940000 -4.291190 -19.180000 0.000000 0.000000 0.000000 -0.454224 0.890888
2054.130000 -4.241020 -19.172400 0.000000 0.000000 0.000000 -0.360252 0.932855
2054.540000 -4.241860 -19.171800 0.000000 0.000000 0.000000 -0.313972 0.949432
2054.560000 -4.241020 -19.172400 0.000000 0.000000 0.000000 -0.278757 0.960362
2054.620000 -4.241020 -19.172400 0.000000 0.000000 0.000000 -0.240183 0.970728
2054.830000 -4.241020 -19.172400 0.000000 0.000000 0.000000 -0.216251 0.976338
2055.320000 -4.209990 -19.142800 0.000000 0.000000 0.000000 -0.171567 0.985172
2055.330000 -4.209990 -19.142800 0.000000 0.000000 0.000000 -0.086276 0.996271
2056.850000 -4.211380 -19.143100 0.000000 0.000000 0.000000 -0.049489 0.998775
2057.050000 -4.008980 -19.075100 0.000000 0.000000 0.000000 0.045311 0.998973
2057.360000 -3.953370 -19.069400 0.000000 0.000000 0.000000 0.045311 0.998973
2057.410000 -3.908960 -19.065300 0.000000 0.000000 0.000000 0.036101 0.999348
2058.630000 -3.861550 -19.062200 0.000000 0.000000 0.000000 0.045311 0.998973
2058.900000 -3.568700 -19.037400 0.000000 0.000000 0.000000 0.029959 0.999551
2058.980000 -3.477290 -19.032400 0.000000 0.000000 0.000000 0.017672 0.999844
2060.410000 -3.410290 -19.031600 0.000000 0.000000 0.000000 -0.003837 0.999993
2060.600000 -3.070560 -18.937900 0.000000 0.000000 0.000000 0.009810 0.999952
2060.820000 -3.013280 -18.936400 0.000000 0.000000 0.000000 0.003665 0.999993
2060.970000 -2.951990 -18.935800 0.000000 0.000000 0.000000 0.000592 1.000000
2061.420000 -2.891160 -18.936100 0.000000 0.000000 0.000000 0.000592 1.000000
2061.530000 -2.781100 -18.935100 0.000000 0.000000 0.000000 0.006738 0.999977
2062.100000 -2.723820 -18.933500 0.000000 0.000000 0.000000 0.012883 0.999917
2062.300000 -2.602540 -18.930500 0.000000 0.000000 0.000000 0.009810 0.999952
2062.800000 -2.545260 -18.928900 0.000000 0.000000 0.000000 0.003665 0.999993
2062.900000 -2.489790 -18.928700 0.000000 0.000000 0.000000 0.000592 1.000000
2063.590000 -2.432550 -18.929300 0.000000 0.000000 0.000000 -0.005553 0.999985
2064.210000 -2.373960 -18.929600 0.000000 0.000000 0.000000 -0.008626 0.999963
2064.230000 -2.316720 -18.930200 0.000000 0.000000 0.000000 -0.014771 0.999891
2064.350000 -1.997390 -18.896900 0.000000 0.000000 0.000000 -0.009564 0.999954
2064.600000 -1.936870 -18.898200 0.000000 0.000000 0.000000 -0.012636 0.999920
2065.310000 -1.880810 -18.899700 0.000000 0.000000 0.000000 -0.018781 0.999824
2065.330000 -1.708450 -18.907200 0.000000 0.000000 0.000000 -0.031068 0.999517
2065.780000 -1.650950 -18.910500 0.000000 0.000000 0.000000 -0.031068 0.999517
2065.930000 -1.536370 -18.917900 0.000000 0.000000 0.000000 -0.040280 0.999188
2066.270000 -1.477440 -18.922900 0.000000 0.000000 0.000000 -0.046420 0.998922
2066.330000 -1.418000 -18.929200 0.000000 0.000000 0.000000 -0.052558 0.998618
2068.610000 -1.362620 -18.934800 0.000000 0.000000 0.000000 -0.052558 0.998618
2068.930000 -0.866880 -18.982000 0.000000 0.000000 0.000000 -0.044492 0.999010
2069.130000 -0.770718 -18.990900 0.000000 0.000000 0.000000 -0.044492 0.999010
2069.470000 -0.704504 -18.996900 0.000000 0.000000 0.000000 -0.047562 0.998868
2069.630000 -0.636067 -19.002600 0.000000 0.000000 0.000000 -0.050631 0.998717
2070.900000 -0.580623 -19.008800 0.000000 0.000000 0.000000 -0.053700 0.998557
2070.960000 -0.532076 -19.013400 0.000000 0.000000 0.000000 -0.053700 0.998557
2071.160000 -0.203452 -19.050900 0.000000 0.000000 0.000000 -0.007206 0.999974
2071.420000 -0.144322 -19.050200 0.000000 0.000000 0.000000 0.017375 0.999849
2071.530000 -0.083312 -19.046900 0.000000 0.000000 0.000000 0.020448 0.999791
2071.850000 -0.023872 -19.045200 0.000000 0.000000 0.000000 0.014303 0.999898
2072.000000 0.033356 -19.043800 0.000000 0.000000 0.000000 0.008158 0.999967
2072.330000 0.087422 -19.042500 0.000000 0.000000 0.000000 0.005085 0.999987
2072.540000 0.203805 -19.043500 0.000000 0.000000 0.000000 -0.007206 0.999974
2072.860000 0.265788 -19.043700 0.000000 0.000000 0.000000 -0.013351 0.999911
2072.940000 0.322732 -19.046400 0.000000 0.000000 0.000000 -0.022568 0.999745
2074.400000 0.376822 -19.048200 0.000000 0.000000 0.000000 -0.025640 0.999671
2074.580000 0.785955 -19.080300 0.000000 0.000000 0.000000 -0.050204 0.998739
2074.850000 0.812412 -19.063500 0.000000 0.000000 0.000000 -0.018193 0.999835
2074.930000 0.866735 -19.065000 0.000000 0.000000 0.000000 -0.021265 0.999774
2075.250000 0.922746 -19.068000 0.000000 0.000000 0.000000 -0.021265 0.999774
2075.420000 0.985064 -19.070500 0.000000 0.000000 0.000000 -0.021265 0.999774
2076.420000 1.045450 -19.072500 0.000000 0.000000 0.000000 -0.027408 0.999624
2076.430000 1.099270 -19.075900 0.000000 0.000000 0.000000 -0.033551 0.999437
2076.510000 1.285460 -19.090500 0.000000 0.000000 0.000000 -0.048902 0.998804
2077.800000 1.280370 -19.090200 0.000000 0.000000 0.000000 -0.045832 0.998949
2077.830000 1.278440 -19.089700 0.000000 0.000000 0.000000 -0.042763 0.999085
2078.030000 1.279400 -19.090000 0.000000 0.000000 0.000000 0.095354 0.995443
2078.570000 1.284740 -19.089300 0.000000 0.000000 0.000000 0.159345 0.987223
2079.390000 1.293010 -19.085200 0.000000 0.000000 0.000000 0.186582 0.982439
2079.410000 1.295180 -19.035000 0.000000 0.000000 0.000000 0.144303 0.989534
2079.930000 1.562540 -18.958000 0.000000 0.000000 0.000000 0.119937 0.992781
2079.940000 1.671060 -18.930100 0.000000 0.000000 0.000000 0.126036 0.992026
2080.170000 1.736870 -18.913200 0.000000 0.000000 0.000000 0.122987 0.992408
2081.560000 1.766930 -18.905300 0.000000 0.000000 0.000000 0.122987 0.992408
2081.570000 1.817550 -18.892800 0.000000 0.000000 0.000000 0.119937 0.992781
2081.590000 1.867220 -18.879900 0.000000 0.000000 0.000000 0.116886 0.993145
2081.830000 2.206690 -18.798700 0.000000 0.000000 0.000000 0.107726 0.994181
2082.160000 2.234220 -18.792100 0.000000 0.000000 0.000000 0.104670 0.994507
2082.390000 2.293380 -18.779200 0.000000 0.000000 0.000000 0.098557 0.995131
2082.890000 2.350610 -18.745500 0.000000 0.000000 0.000000 0.138983 0.990295
2083.100000 2.405910 -18.728700 0.000000 0.000000 0.000000 0.142026 0.989863
2083.110000 2.457590 -18.714100 0.000000 0.000000 0.000000 0.132895 0.991130
2083.380000 2.540260 -18.694400 0.000000 0.000000 0.000000 0.096266 0.995356
2083.470000 2.659570 -18.676100 0.000000 0.000000 0.000000 0.053372 0.998575
2084.040000 2.715270 -18.670700 0.000000 0.000000 0.000000 0.050303 0.998734
2084.330000 2.889380 -18.650900 0.000000 0.000000 0.000000 0.056440 0.998406
2086.070000 2.948470 -18.644100 0.000000 0.000000 0.000000 0.056440 0.998406
2086.080000 3.003430 -18.637500 0.000000 0.000000 0.000000 0.059507 0.998228
2086.090000 3.057410 -18.630600 0.000000 0.000000 0.000000 0.056440 0.998406
2086.100000 3.116500 -18.623900 0.000000 0.000000 0.000000 0.053372 0.998575
2086.110000 3.175360 -18.618200 0.000000 0.000000 0.000000 0.041094 0.999155
2086.120000 3.233760 -18.614400 0.000000 0.000000 0.000000 0.016523 0.999863
2086.130000 3.289300 -18.614100 0.000000 0.000000 0.000000 -0.014204 0.999899
2086.170000 3.380930 -18.593800 0.000000 0.000000 0.000000 -0.021635 0.999766
2086.230000 3.436980 -18.597000 0.000000 0.000000 0.000000 -0.027778 0.999614
2086.770000 3.496140 -18.599600 0.000000 0.000000 0.000000 -0.024707 0.999695
2086.830000 3.612330 -18.605500 0.000000 0.000000 0.000000 -0.033921 0.999425
2087.480000 3.669250 -18.609800 0.000000 0.000000 0.000000 -0.040062 0.999197
2087.630000 3.841860 -18.624000 0.000000 0.000000 0.000000 -0.052340 0.998629
2088.150000 3.900500 -18.630500 0.000000 0.000000 0.000000 -0.061544 0.998104
2088.260000 4.012580 -18.644900 0.000000 0.000000 0.000000 -0.067676 0.997707
2090.380000 4.071960 -18.653600 0.000000 0.000000 0.000000 -0.076871 0.997041
2090.400000 4.131340 -18.662200 0.000000 0.000000 0.000000 -0.079934 0.996800
2090.410000 4.187620 -18.671500 0.000000 0.000000 0.000000 -0.076871 0.997041
2090.420000 4.242040 -18.679500 0.000000 0.000000 0.000000 -0.079934 0.996800
2090.430000 4.299300 -18.688900 0.000000 0.000000 0.000000 -0.079934 0.996800
2090.440000 4.303900 -18.737500 0.000000 0.000000 0.000000 -0.086656 0.996238
2090.450000 4.362090 -18.747400 0.000000 0.000000 0.000000 -0.086656 0.996238
2091.440000 4.590200 -18.769400 0.000000 0.000000 0.000000 0.008491 0.999964
2091.550000 4.650150 -18.766500 0.000000 0.000000 0.000000 0.039209 0.999231
2091.960000 4.938250 -18.748200 0.000000 0.000000 0.000000 0.029996 0.999550
2091.970000 4.995230 -18.744900 0.000000 0.000000 0.000000 0.036138 0.999347
2092.030000 5.050350 -18.740300 0.000000 0.000000 0.000000 0.036138 0.999347
2093.520000 5.106470 -18.735800 0.000000 0.000000 0.000000 0.039209 0.999231
2094.080000 5.487570 -18.654400 0.000000 0.000000 0.000000 0.053470 0.998569
2094.650000 5.654670 -18.638100 0.000000 0.000000 0.000000 0.050401 0.998729
2094.830000 5.832160 -18.617700 0.000000 0.000000 0.000000 0.053470 0.998569
2095.330000 5.885840 -18.612400 0.000000 0.000000 0.000000 0.044263 0.999020
2095.490000 6.002970 -18.604800 0.000000 0.000000 0.000000 0.019694 0.999806
2095.960000 6.063360 -18.603100 0.000000 0.000000 0.000000 0.004332 0.999991
2096.030000 6.174630 -18.604900 0.000000 0.000000 0.000000 -0.020249 0.999795
2097.550000 6.232670 -18.607100 0.000000 0.000000 0.000000 -0.023321 0.999728
2097.630000 6.584040 -18.627900 0.000000 0.000000 0.000000 -0.017179 0.999852
2097.950000 6.640010 -18.630000 0.000000 0.000000 0.000000 -0.020251 0.999795
2098.030000 6.699970 -18.632300 0.000000 0.000000 0.000000 -0.023323 0.999728
2098.580000 6.757940 -18.634500 0.000000 0.000000 0.000000 -0.026395 0.999652
2098.620000 6.815880 -18.637700 0.000000 0.000000 0.000000 -0.029466 0.999566
2098.630000 6.871830 -18.640900 0.000000 0.000000 0.000000 -0.029466 0.999566
2099.210000 6.929780 -18.644100 0.000000 0.000000 0.000000 -0.026395 0.999652
2099.290000 7.047690 -18.649500 0.000000 0.000000 0.000000 -0.029466 0.999566
2099.820000 7.102630 -18.652700 0.000000 0.000000 0.000000 -0.035609 0.999366
2099.830000 7.220460 -18.662100 0.000000 0.000000 0.000000 -0.044819 0.998995
2101.390000 7.280370 -18.667400 0.000000 0.000000 0.000000 -0.050957 0.998701
2101.410000 7.324920 -18.656700 0.000000 0.000000 0.000000 -0.038607 0.999254
2101.480000 7.666540 -18.692200 0.000000 0.000000 0.000000 -0.072354 0.997379
2102.160000 7.725680 -18.700200 0.000000 0.000000 0.000000 -0.072354 0.997379
2102.340000 7.842980 -18.718300 0.000000 0.000000 0.000000 -0.081545 0.996670
2102.410000 7.954310 -18.737500 0.000000 0.000000 0.000000 -0.087669 0.996150
2102.910000 8.015480 -18.747500 0.000000 0.000000 0.000000 -0.087669 0.996150
2102.960000 8.071650 -18.757600 0.000000 0.000000 0.000000 -0.090729 0.995876
2103.010000 8.125820 -18.767700 0.000000 0.000000 0.000000 -0.093789 0.995592
2103.640000 8.178990 -18.777900 0.000000 0.000000 0.000000 -0.093789 0.995592
2103.830000 8.321470 -18.805300 0.000000 0.000000 0.000000 -0.079973 0.996797
2105.170000 8.376230 -18.814500 0.000000 0.000000 0.000000 -0.086097 0.996287
2105.180000 8.432990 -18.823700 0.000000 0.000000 0.000000 -0.089158 0.996017
2105.190000 8.604750 -18.858000 0.000000 0.000000 0.000000 -0.107505 0.994205
2105.250000 8.744230 -18.889500 0.000000 0.000000 0.000000 -0.119717 0.992808
2105.570000 8.804390 -18.904500 0.000000 0.000000 0.000000 -0.122767 0.992436
2105.660000 8.859500 -18.918700 0.000000 0.000000 0.000000 -0.128863 0.991662
2106.120000 8.912540 -18.932100 0.000000 0.000000 0.000000 -0.128863 0.991662
2106.190000 8.997190 -18.953400 0.000000 0.000000 0.000000 -0.113613 0.993525
2107.620000 9.056080 -18.964400 0.000000 0.000000 0.000000 -0.089158 0.996017
2107.630000 9.114840 -18.973400 0.000000 0.000000 0.000000 -0.067716 0.997705
2107.640000 9.170460 -18.980600 0.000000 0.000000 0.000000 -0.064649 0.997908
2108.930000 9.419610 -18.979800 0.000000 0.000000 0.000000 -0.078312 0.996929
2108.940000 9.526810 -18.997600 0.000000 0.000000 0.000000 -0.087499 0.996165
2109.050000 9.783580 -19.045100 0.000000 0.000000 0.000000 -0.102793 0.994703
2109.350000 9.834890 -19.056200 0.000000 0.000000 0.000000 -0.105849 0.994382
2109.450000 9.892360 -19.068700 0.000000 0.000000 0.000000 -0.111958 0.993713
2109.940000 9.956100 -19.083600 0.000000 0.000000 0.000000 -0.111958 0.993713
2109.960000 10.016700 -19.096900 0.000000 0.000000 0.000000 -0.108904 0.994052
2110.050000 10.067000 -19.108100 0.000000 0.000000 0.000000 -0.111958 0.993713
2110.620000 10.119200 -19.118100 0.000000 0.000000 0.000000 -0.096678 0.995316
2111.100000 10.241400 -19.135400 0.000000 0.000000 0.000000 -0.050716 0.998713
2111.200000 10.291900 -19.086700 0.000000 0.000000 0.000000 -0.023202 0.999731
2111.210000 10.344000 -19.088900 0.000000 0.000000 0.000000 -0.029345 0.999569
2111.290000 10.400400 -19.092400 0.000000 0.000000 0.000000 -0.032416 0.999474
2112.800000 10.461900 -19.096100 0.000000 0.000000 0.000000 -0.038558 0.999256
2112.890000 10.863100 -19.139900 0.000000 0.000000 0.000000 -0.044698 0.999001
2113.150000 10.921500 -19.143000 0.000000 0.000000 0.000000 -0.017057 0.999855
2113.330000 10.980300 -19.143100 0.000000 0.000000 0.000000 0.007524 0.999972
2114.460000 11.038900 -19.141200 0.000000 0.000000 0.000000 0.013669 0.999907
2114.520000 11.210800 -19.138000 0.000000 0.000000 0.000000 0.010597 0.999944
2115.610000 11.367500 -19.069700 0.000000 0.000000 0.000000 0.044963 0.998989
2116.780000 11.599400 -19.050800 0.000000 0.000000 0.000000 0.026538 0.999648
2116.800000 11.657200 -19.047400 0.000000 0.000000 0.000000 0.020394 0.999792
2116.860000 12.007700 -19.039400 0.000000 0.000000 0.000000 -0.004186 0.999991
2117.180000 12.063300 -19.039600 0.000000 0.000000 0.000000 -0.004186 0.999991
2117.280000 12.119800 -19.039600 0.000000 0.000000 0.000000 -0.007259 0.999974
2117.770000 12.178700 -19.041000 0.000000 0.000000 0.000000 -0.010331 0.999947
2117.910000 12.295100 -19.042200 0.000000 0.000000 0.000000 -0.013404 0.999910
2118.480000 12.328200 -19.047500 0.000000 0.000000 0.000000 0.004940 0.999988
2118.490000 12.446400 -19.046300 0.000000 0.000000 0.000000 0.001867 0.999998
2119.140000 12.504600 -19.046500 0.000000 0.000000 0.000000 0.004940 0.999988
2119.180000 12.560400 -19.045300 0.000000 0.000000 0.000000 0.004940 0.999988
2119.250000 12.676600 -19.044700 0.000000 0.000000 0.000000 -0.004279 0.999991
2120.770000 12.735800 -19.044600 0.000000 0.000000 0.000000 -0.007351 0.999973
2120.890000 12.973500 -19.051200 0.000000 0.000000 0.000000 -0.019641 0.999807
2121.180000 12.973500 -19.051200 0.000000 0.000000 0.000000 -0.016569 0.999863
2121.250000 12.973500 -19.051200 0.000000 0.000000 0.000000 -0.010424 0.999946
2122.580000 12.973500 -19.051200 0.000000 0.000000 0.000000 0.008012 0.999968
2122.590000 12.973500 -19.051200 0.000000 0.000000 0.000000 0.035660 0.999364
2123.050000 12.976000 -18.975400 0.000000 0.000000 0.000000 0.250763 0.968048
2123.070000 12.976200 -18.976400 0.000000 0.000000 0.000000 0.295100 0.955466
2123.250000 12.976000 -18.975400 0.000000 0.000000 0.000000 0.398774 0.917049
2125.630000 12.976900 -18.975200 0.000000 0.000000 0.000000 0.423979 0.905672
2125.640000 12.933400 -18.932200 0.000000 0.000000 0.000000 0.466689 0.884422
2125.650000 12.935500 -18.928500 0.000000 0.000000 0.000000 0.517499 0.855684
2125.660000 12.935800 -18.929500 0.000000 0.000000 0.000000 0.558926 0.829218
2125.860000 12.901100 -18.924900 0.000000 0.000000 0.000000 0.768411 0.639956
2126.280000 12.901100 -18.924900 0.000000 0.000000 0.000000 0.768411 0.639956
2126.460000 12.901100 -18.924900 0.000000 0.000000 0.000000 0.766440 0.642316
2126.970000 12.901100 -18.924900 0.000000 0.000000 0.000000 0.766440 0.642316
2126.980000 12.901100 -18.924900 0.000000 0.000000 0.000000 0.764464 0.644666
2127.100000 12.901100 -18.924900 0.000000 0.000000 0.000000 0.764464 0.644666
2127.330000 12.901100 -18.924900 0.000000 0.000000 0.000000 0.764464 0.644666
2127.540000 12.901100 -18.924900 0.000000 0.000000 0.000000 0.764464 0.644666
2128.150000 12.901100 -18.924900 0.000000 0.000000 0.000000 0.764464 0.644666
2128.350000 12.901100 -18.924900 0.000000 0.000000 0.000000 0.764464 0.644666
2128.370000 12.901100 -18.924900 0.000000 0.000000 0.000000 0.764464 0.644666
2128.390000 12.901100 -18.924900 0.000000 0.000000 0.000000 0.764464 0.644666
2128.560000 12.901100 -18.924900 0.000000 0.000000 0.000000 0.764464 0.644666
2129.550000 12.901100 -18.924900 0.000000 0.000000 0.000000 0.764464 0.644666
2130.590000 12.901100 -18.924900 0.000000 0.000000 0.000000 0.764464 0.644666
2130.630000 12.895900 -18.892200 0.000000 0.000000 0.000000 0.756484 0.654012
2131.910000 12.887800 -18.832600 0.000000 0.000000 0.000000 0.754469 0.656335
2132.110000 12.830700 -18.430400 0.000000 0.000000 0.000000 0.748386 0.663264
2132.450000 12.824000 -18.372500 0.000000 0.000000 0.000000 0.746346 0.665558
2132.500000 12.820800 -18.348600 0.000000 0.000000 0.000000 0.744296 0.667850
2133.310000 12.815700 -18.302600 0.000000 0.000000 0.000000 0.746346 0.665558
2133.550000 12.787400 -18.063100 0.000000 0.000000 0.000000 0.746346 0.665558
2133.600000 12.781200 -18.012200 0.000000 0.000000 0.000000 0.740178 0.672411
2133.930000 12.776800 -17.954800 0.000000 0.000000 0.000000 0.729763 0.683700
2134.020000 12.697900 -17.968600 0.000000 0.000000 0.000000 0.751676 0.659532
2135.430000 12.694400 -17.938000 0.000000 0.000000 0.000000 0.741458 0.671000
2135.440000 12.693900 -17.649200 0.000000 0.000000 0.000000 0.694439 0.719552
2135.570000 12.698900 -17.535900 0.000000 0.000000 0.000000 0.687775 0.725924
2135.850000 12.701500 -17.480800 0.000000 0.000000 0.000000 0.685540 0.728035
2135.980000 12.705500 -17.420900 0.000000 0.000000 0.000000 0.683302 0.730136
2136.340000 12.709300 -17.363200 0.000000 0.000000 0.000000 0.678802 0.734321
2136.510000 12.719000 -17.248200 0.000000 0.000000 0.000000 0.672003 0.740549
2136.910000 12.724900 -17.187600 0.000000 0.000000 0.000000 0.672003 0.740549
2137.120000 12.736600 -17.075100 0.000000 0.000000 0.000000 0.669726 0.742608
2137.460000 12.742400 -17.019900 0.000000 0.000000 0.000000 0.669726 0.742608
2137.510000 12.765700 -17.018800 0.000000 0.000000 0.000000 0.684338 0.729165
2139.010000 12.770100 -16.957700 0.000000 0.000000 0.000000 0.684338 0.729165
2139.210000 12.794300 -16.553200 0.000000 0.000000 0.000000 0.682096 0.731263
2139.460000 12.797700 -16.500000 0.000000 0.000000 0.000000 0.684338 0.729165
2139.550000 12.801500 -16.440200 0.000000 0.000000 0.000000 0.682096 0.731263
2140.210000 12.805400 -16.380400 0.000000 0.000000 0.000000 0.682096 0.731263
2140.380000 12.816000 -16.209000 0.000000 0.000000 0.000000 0.684338 0.729165
2140.510000 12.818700 -16.151800 0.000000 0.000000 0.000000 0.684338 0.729165
2140.910000 12.822600 -16.092000 0.000000 0.000000 0.000000 0.684338 0.729165
2141.220000 12.813700 -16.045700 0.000000 0.000000 0.000000 0.707119 0.707095
2142.590000 12.814200 -15.991100 0.000000 0.000000 0.000000 0.704945 0.709262
2142.600000 12.814600 -15.934300 0.000000 0.000000 0.000000 0.700573 0.713581
2142.610000 12.817900 -15.816300 0.000000 0.000000 0.000000 0.693964 0.720010
2142.770000 12.829200 -15.585700 0.000000 0.000000 0.000000 0.682820 0.730587
2142.980000 12.834200 -15.524500 0.000000 0.000000 0.000000 0.680573 0.732680
2143.120000 12.838300 -15.466000 0.000000 0.000000 0.000000 0.680573 0.732680
2143.450000 12.841900 -15.413300 0.000000 0.000000 0.000000 0.678317 0.734769
2143.520000 12.846800 -15.356500 0.000000 0.000000 0.000000 0.676058 0.736848
2143.860000 12.852300 -15.296300 0.000000 0.000000 0.000000 0.673789 0.738924
2143.910000 12.857300 -15.235100 0.000000 0.000000 0.000000 0.676058 0.736848
2144.420000 12.862200 -15.178300 0.000000 0.000000 0.000000 0.676058 0.736848
2144.430000 12.866700 -15.125200 0.000000 0.000000 0.000000 0.676058 0.736848
2144.550000 12.871100 -15.069800 0.000000 0.000000 0.000000 0.676058 0.736848
2145.950000 12.856800 -14.974900 0.000000 0.000000 0.000000 0.702323 0.711859
2146.110000 12.861300 -14.567400 0.000000 0.000000 0.000000 0.702323 0.711859
2146.440000 12.862900 -14.512700 0.000000 0.000000 0.000000 0.700134 0.714012
2146.510000 12.863500 -14.454000 0.000000 0.000000 0.000000 0.700134 0.714012
2146.840000 12.864900 -14.394900 0.000000 0.000000 0.000000 0.697935 0.716161
2146.910000 12.866400 -14.337900 0.000000 0.000000 0.000000 0.695733 0.718300
2147.250000 12.867900 -14.281000 0.000000 0.000000 0.000000 0.693521 0.720436
2147.330000 12.870200 -14.221400 0.000000 0.000000 0.000000 0.691306 0.722562
2148.580000 12.873400 -14.161300 0.000000 0.000000 0.000000 0.689081 0.724684
2148.590000 12.876300 -14.104700 0.000000 0.000000 0.000000 0.686853 0.726796
2149.330000 12.882400 -13.990300 0.000000 0.000000 0.000000 0.684615 0.728905
2149.350000 12.869700 -13.962800 0.000000 0.000000 0.000000 0.705955 0.708257
2149.620000 12.870700 -13.615800 0.000000 0.000000 0.000000 0.705955 0.708257
2149.860000 12.870400 -13.560100 0.000000 0.000000 0.000000 0.708129 0.706083
2149.930000 12.869600 -13.503500 0.000000 0.000000 0.000000 0.710297 0.703902
2150.260000 12.869100 -13.441900 0.000000 0.000000 0.000000 0.710297 0.703902
2150.310000 12.868300 -13.381700 0.000000 0.000000 0.000000 0.708129 0.706083
2150.940000 12.867400 -13.328700 0.000000 0.000000 0.000000 0.708129 0.706083
2151.230000 12.867500 -13.210800 0.000000 0.000000 0.000000 0.705955 0.708257
2151.320000 12.867300 -13.094300 0.000000 0.000000 0.000000 0.703777 0.710421
2153.410000 12.867800 -13.038000 0.000000 0.000000 0.000000 0.703777 0.710421
2153.430000 12.868700 -12.980300 0.000000 0.000000 0.000000 0.701589 0.712582
2153.440000 12.877600 -12.946200 0.000000 0.000000 0.000000 0.720487 0.693468
2153.450000 12.873800 -12.831100 0.000000 0.000000 0.000000 0.718352 0.695680
2153.460000 12.871700 -12.774300 0.000000 0.000000 0.000000 0.718352 0.695680
2153.470000 12.869400 -12.715300 0.000000 0.000000 0.000000 0.718352 0.695680
2154.580000 12.861500 -12.486600 0.000000 0.000000 0.000000 0.718352 0.695680
2154.590000 12.859000 -12.424000 0.000000 0.000000 0.000000 0.720487 0.693468
2154.930000 12.846300 -12.161600 0.000000 0.000000 0.000000 0.724735 0.689028
2155.100000 12.840500 -12.050500 0.000000 0.000000 0.000000 0.720487 0.693468
2156.500000 12.839800 -12.022500 0.000000 0.000000 0.000000 0.720487 0.693468
2156.520000 12.837400 -11.963500 0.000000 0.000000 0.000000 0.720487 0.693468
2157.110000 12.771900 -11.525100 0.000000 0.000000 0.000000 0.728962 0.684554
2157.530000 12.762700 -11.384400 0.000000 0.000000 0.000000 0.731061 0.682313
2157.610000 12.754700 -11.270100 0.000000 0.000000 0.000000 0.728962 0.684554
2158.200000 12.750600 -11.213600 0.000000 0.000000 0.000000 0.728962 0.684554
2158.430000 12.740600 -11.065700 0.000000 0.000000 0.000000 0.731061 0.682313
2160.240000 12.737000 -11.011400 0.000000 0.000000 0.000000 0.733155 0.680061
2160.420000 12.732300 -10.954200 0.000000 0.000000 0.000000 0.735240 0.677807
2160.430000 12.671200 -10.617400 0.000000 0.000000 0.000000 0.752503 0.658588
2160.450000 12.661100 -10.537800 0.000000 0.000000 0.000000 0.748442 0.663200
2161.500000 12.654500 -10.481000 0.000000 0.000000 0.000000 0.748442 0.663200
2161.930000 12.615100 -10.193200 0.000000 0.000000 0.000000 0.754522 0.656275
2161.940000 12.606500 -10.134100 0.000000 0.000000 0.000000 0.756536 0.653952
2162.010000 12.597800 -10.076600 0.000000 0.000000 0.000000 0.758540 0.651626
2162.600000 12.589100 -10.019000 0.000000 0.000000 0.000000 0.760540 0.649291
2162.610000 12.589100 -9.964490 0.000000 0.000000 0.000000 0.774633 0.632411
2164.150000 12.577800 -9.907910 0.000000 0.000000 0.000000 0.774633 0.632411
2164.210000 12.566600 -9.852740 0.000000 0.000000 0.000000 0.774633 0.632411
2164.220000 12.503400 -9.510410 0.000000 0.000000 0.000000 0.762841 0.646587
2164.420000 12.494300 -9.453130 0.000000 0.000000 0.000000 0.760852 0.648925
2165.320000 12.484500 -9.395130 0.000000 0.000000 0.000000 0.758853 0.651262
2165.450000 12.452300 -9.164570 0.000000 0.000000 0.000000 0.750792 0.660539
2165.940000 12.445300 -9.109410 0.000000 0.000000 0.000000 0.750792 0.660539
2165.950000 12.438300 -9.052830 0.000000 0.000000 0.000000 0.750792 0.660539
2166.020000 12.429900 -8.993420 0.000000 0.000000 0.000000 0.750792 0.660539
2166.570000 12.406100 -8.956650 0.000000 0.000000 0.000000 0.765218 0.643771
2166.580000 12.396600 -8.900440 0.000000 0.000000 0.000000 0.763235 0.646121
2166.640000 12.387300 -8.847050 0.000000 0.000000 0.000000 0.761248 0.648461
2168.290000 12.378400 -8.788690 0.000000 0.000000 0.000000 0.757249 0.653127
2168.420000 12.316900 -8.329160 0.000000 0.000000 0.000000 0.745077 0.666979
2168.780000 12.310900 -8.272090 0.000000 0.000000 0.000000 0.743026 0.669263
2168.830000 12.304100 -8.211520 0.000000 0.000000 0.000000 0.743026 0.669263
2169.340000 12.298000 -8.153030 0.000000 0.000000 0.000000 0.745077 0.666979
2169.470000 12.283900 -8.039690 0.000000 0.000000 0.000000 0.747124 0.664684
2169.950000 12.277300 -7.983350 0.000000 0.000000 0.000000 0.749161 0.662388
2170.010000 12.255600 -7.946750 0.000000 0.000000 0.000000 0.779160 0.626825
2170.020000 12.243200 -7.889950 0.000000 0.000000 0.000000 0.775294 0.631601
2170.620000 12.232100 -7.832950 0.000000 0.000000 0.000000 0.773348 0.633982
2170.630000 12.220700 -7.778150 0.000000 0.000000 0.000000 0.771398 0.636353
2170.830000 12.198700 -7.664160 0.000000 0.000000 0.000000 0.769437 0.638722
2172.310000 12.187500 -7.605760 0.000000 0.000000 0.000000 0.767473 0.641081
2172.460000 12.121400 -7.208780 0.000000 0.000000 0.000000 0.759533 0.650469
2172.780000 12.112000 -7.152980 0.000000 0.000000 0.000000 0.757533 0.652797
2172.820000 12.104000 -7.096980 0.000000 0.000000 0.000000 0.755522 0.655124
2173.360000 12.095000 -7.038980 0.000000 0.000000 0.000000 0.755522 0.655124
2173.430000 12.046500 -6.961430 0.000000 0.000000 0.000000 0.768913 0.639353
2173.960000 12.035600 -6.904480 0.000000 0.000000 0.000000 0.768913 0.639353
2174.020000 12.013200 -6.791420 0.000000 0.000000 0.000000 0.772831 0.634612
2174.580000 12.001200 -6.732530 0.000000 0.000000 0.000000 0.772831 0.634612
2174.600000 11.990000 -6.674200 0.000000 0.000000 0.000000 0.770876 0.636985
2174.620000 11.979600 -6.620030 0.000000 0.000000 0.000000 0.770876 0.636985
2176.160000 11.968900 -6.564480 0.000000 0.000000 0.000000 0.768913 0.639353
2176.220000 11.958500 -6.506710 0.000000 0.000000 0.000000 0.766947 0.641710
2176.430000 11.896200 -6.103220 0.000000 0.000000 0.000000 0.750940 0.660370
2176.830000 11.889500 -6.045480 0.000000 0.000000 0.000000 0.750940 0.660370
2177.000000 11.859500 -5.987160 0.000000 0.000000 0.000000 0.770710 0.637186
2177.430000 11.854000 -5.957180 0.000000 0.000000 0.000000 0.768747 0.639553
2177.450000 11.842500 -5.898080 0.000000 0.000000 0.000000 0.768747 0.639553
2177.560000 11.831800 -5.841720 0.000000 0.000000 0.000000 0.768747 0.639553
2178.120000 11.821000 -5.785350 0.000000 0.000000 0.000000 0.768747 0.639553
2178.170000 11.810400 -5.726760 0.000000 0.000000 0.000000 0.768747 0.639553
2178.390000 11.788500 -5.612660 0.000000 0.000000 0.000000 0.768747 0.639553
2178.880000 11.777200 -5.557150 0.000000 0.000000 0.000000 0.768747 0.639553
2178.920000 11.756800 -5.440480 0.000000 0.000000 0.000000 0.762821 0.646609
2180.590000 11.747400 -5.383760 0.000000 0.000000 0.000000 0.760829 0.648952
2180.600000 11.695100 -5.011040 0.000000 0.000000 0.000000 0.750769 0.660565
2180.640000 11.647300 -4.983170 0.000000 0.000000 0.000000 0.773063 0.634330
2180.970000 11.635000 -4.924630 0.000000 0.000000 0.000000 0.773063 0.634330
2181.000000 11.623200 -4.867440 0.000000 0.000000 0.000000 0.773063 0.634330
2181.200000 11.612700 -4.812020 0.000000 0.000000 0.000000 0.773063 0.634330
2181.850000 11.600900 -4.757050 0.000000 0.000000 0.000000 0.773063 0.634330
2181.860000 11.595400 -4.727560 0.000000 0.000000 0.000000 0.775006 0.631954
2182.400000 11.570300 -4.611380 0.000000 0.000000 0.000000 0.776946 0.629567
2182.520000 11.533900 -4.441580 0.000000 0.000000 0.000000 0.773063 0.634330
2183.030000 11.528500 -4.414320 0.000000 0.000000 0.000000 0.773063 0.634330
2183.080000 11.506600 -4.303040 0.000000 0.000000 0.000000 0.769150 0.639068
2184.960000 11.495200 -4.244950 0.000000 0.000000 0.000000 0.769150 0.639068
2184.970000 11.484200 -4.185960 0.000000 0.000000 0.000000 0.769150 0.639068
2184.980000 11.474600 -4.130990 0.000000 0.000000 0.000000 0.767181 0.641430
2184.990000 11.464100 -4.075570 0.000000 0.000000 0.000000 0.767181 0.641430
2185.000000 11.453200 -4.018820 0.000000 0.000000 0.000000 0.767181 0.641430
2185.010000 11.473400 -3.991730 0.000000 0.000000 0.000000 0.792154 0.610321
2185.220000 11.458500 -3.936490 0.000000 0.000000 0.000000 0.792154 0.610321
2185.230000 11.443700 -3.881250 0.000000 0.000000 0.000000 0.792154 0.610321
2185.370000 11.390400 -3.683090 0.000000 0.000000 0.000000 0.792154 0.610321
2186.310000 11.376600 -3.630440 0.000000 0.000000 0.000000 0.790276 0.612750
2186.350000 11.347500 -3.515880 0.000000 0.000000 0.000000 0.786496 0.617595
2186.380000 11.333400 -3.458770 0.000000 0.000000 0.000000 0.784593 0.620011
2186.560000 11.307400 -3.349760 0.000000 0.000000 0.000000 0.780769 0.624820
2187.100000 11.294900 -3.291150 0.000000 0.000000 0.000000 0.776914 0.629606
2187.190000 11.271100 -3.176550 0.000000 0.000000 0.000000 0.771076 0.636743
2188.850000 11.261300 -3.122210 0.000000 0.000000 0.000000 0.769118 0.639107
2188.860000 11.218700 -2.787790 0.000000 0.000000 0.000000 0.778552 0.627580
2189.050000 11.194600 -2.675430 0.000000 0.000000 0.000000 0.780475 0.625187
2189.420000 11.185700 -2.637340 0.000000 0.000000 0.000000 0.782394 0.622784
2189.650000 11.183900 -2.630350 0.000000 0.000000 0.000000 0.782394 0.622784
2190.000000 11.183900 -2.630350 0.000000 0.000000 0.000000 0.782394 0.622784
2190.010000 11.183900 -2.630350 0.000000 0.000000 0.000000 0.784302 0.620379
2190.160000 11.183900 -2.630350 0.000000 0.000000 0.000000 0.786206 0.617965
2190.360000 11.184200 -2.632570 0.000000 0.000000 0.000000 0.793741 0.608256
2190.560000 11.184200 -2.632570 0.000000 0.000000 0.000000 0.804822 0.593517
2191.630000 11.184800 -2.633850 0.000000 0.000000 0.000000 0.824419 0.565980
2193.150000 11.141000 -2.660300 0.000000 0.000000 0.000000 0.927280 0.374369
2193.160000 10.874800 -2.491900 0.000000 0.000000 0.000000 0.960413 0.278581
2193.510000 10.836100 -2.467270 0.000000 0.000000 0.000000 0.962106 0.272674
2193.590000 10.782600 -2.433700 0.000000 0.000000 0.000000 0.960413 0.278581
2194.120000 10.719600 -2.394300 0.000000 0.000000 0.000000 0.960413 0.278581
2194.490000 10.668500 -2.362750 0.000000 0.000000 0.000000 0.960413 0.278581
2194.880000 10.627300 -2.336100 0.000000 0.000000 0.000000 0.960413 0.278581
2194.990000 10.424900 -2.205240 0.000000 0.000000 0.000000 0.957803 0.287424
2195.470000 10.385100 -2.178020 0.000000 0.000000 0.000000 0.955114 0.296238
2195.600000 10.297600 -2.113080 0.000000 0.000000 0.000000 0.939401 0.342819
2197.100000 10.266400 -2.192300 0.000000 0.000000 0.000000 0.955196 0.295975
2197.160000 9.962690 -1.921610 0.000000 0.000000 0.000000 0.928529 0.371261
2197.530000 9.922490 -1.883740 0.000000 0.000000 0.000000 0.929666 0.368404
2197.560000 9.881510 -1.844690 0.000000 0.000000 0.000000 0.929666 0.368404
2197.930000 9.839350 -1.806420 0.000000 0.000000 0.000000 0.930793 0.365548
2197.960000 9.795640 -1.765790 0.000000 0.000000 0.000000 0.931912 0.362684
2198.190000 9.753480 -1.727520 0.000000 0.000000 0.000000 0.931912 0.362684
2198.640000 9.714640 -1.692990 0.000000 0.000000 0.000000 0.933021 0.359821
2199.620000 9.628560 -1.615060 0.000000 0.000000 0.000000 0.933021 0.359821
2200.990000 9.483660 -1.484500 0.000000 0.000000 0.000000 0.937556 0.347835
2201.000000 9.212030 -1.176520 0.000000 0.000000 0.000000 0.900222 0.435430
2201.160000 9.176040 -1.131050 0.000000 0.000000 0.000000 0.901555 0.432665
2201.540000 9.142450 -1.089950 0.000000 0.000000 0.000000 0.900222 0.435430
2201.570000 9.107300 -1.045600 0.000000 0.000000 0.000000 0.900222 0.435430
2201.780000 9.068610 -0.997723 0.000000 0.000000 0.000000 0.900222 0.435430
2202.150000 9.032760 -0.951251 0.000000 0.000000 0.000000 0.900222 0.435430
2202.170000 8.995770 -0.905637 0.000000 0.000000 0.000000 0.900222 0.435430
2202.430000 8.960480 -0.862282 0.000000 0.000000 0.000000 0.901555 0.432665
2202.810000 8.924350 -0.817793 0.000000 0.000000 0.000000 0.901555 0.432665
2202.980000 8.866360 -0.706240 0.000000 0.000000 0.000000 0.921729 0.387835
2203.470000 8.825330 -0.664220 0.000000 0.000000 0.000000 0.921729 0.387835
2204.090000 8.744220 -0.581231 0.000000 0.000000 0.000000 0.921729 0.387835
2205.260000 8.704090 -0.541260 0.000000 0.000000 0.000000 0.921729 0.387835
2205.270000 8.465430 -0.299520 0.000000 0.000000 0.000000 0.924095 0.382163
2205.330000 8.401430 -0.235372 0.000000 0.000000 0.000000 0.922915 0.385003
2205.990000 8.357500 -0.191208 0.000000 0.000000 0.000000 0.922915 0.385003
2206.000000 8.317380 -0.151236 0.000000 0.000000 0.000000 0.922915 0.385003
2206.210000 8.239070 -0.072388 0.000000 0.000000 0.000000 0.922915 0.385003
2206.220000 8.197050 -0.030320 0.000000 0.000000 0.000000 0.924095 0.382163
2207.410000 8.162350 -0.021093 0.000000 0.000000 0.000000 0.941516 0.336970
2207.420000 8.139400 -0.002191 0.000000 0.000000 0.000000 0.941516 0.336970
2207.590000 7.915140 0.182080 0.000000 0.000000 0.000000 0.941516 0.336970
2209.070000 7.872380 0.217033 0.000000 0.000000 0.000000 0.941516 0.336970
2209.130000 7.829620 0.251990 0.000000 0.000000 0.000000 0.941516 0.336970
2209.230000 7.536800 0.486971 0.000000 0.000000 0.000000 0.945586 0.325373
2209.500000 7.513850 0.505874 0.000000 0.000000 0.000000 0.946582 0.322464
2209.580000 7.466050 0.541585 0.000000 0.000000 0.000000 0.946582 0.322464
2209.980000 7.419250 0.577341 0.000000 0.000000 0.000000 0.947567 0.319556
2210.010000 7.372270 0.545279 0.000000 0.000000 0.000000 0.963185 0.268838
2210.250000 7.324410 0.574507 0.000000 0.000000 0.000000 0.963185 0.268838
2210.660000 7.283370 0.598688 0.000000 0.000000 0.000000 0.963185 0.268838
2210.780000 7.265620 0.609167 0.000000 0.000000 0.000000 0.965622 0.259951
2211.280000 7.267750 0.608476 0.000000 0.000000 0.000000 0.967978 0.251037
2211.290000 7.267750 0.608476 0.000000 0.000000 0.000000 0.970990 0.239122
2211.340000 7.266610 0.609316 0.000000 0.000000 0.000000 0.977230 0.212181
2213.030000 7.266610 0.609316 0.000000 0.000000 0.000000 0.985451 0.169957
2213.040000 7.253030 0.561163 0.000000 0.000000 0.000000 -0.999997 0.002331
2213.140000 7.246060 0.560538 0.000000 0.000000 0.000000 0.999976 0.006886
2213.480000 7.221890 0.561380 0.000000 0.000000 0.000000 0.999950 0.009961
2213.540000 7.159510 0.562811 0.000000 0.000000 0.000000 0.999915 0.013031
2213.880000 7.072960 0.565090 0.000000 0.000000 0.000000 0.999870 0.016106
2214.120000 7.009590 0.566429 0.000000 0.000000 0.000000 0.999870 0.016106
2214.470000 6.963230 0.568294 0.000000 0.000000 0.000000 0.999752 0.022249
2214.550000 6.859310 0.574031 0.000000 0.000000 0.000000 0.999679 0.025319
2215.010000 6.789780 0.576829 0.000000 0.000000 0.000000 0.999752 0.022249
2215.140000 6.671910 0.581314 0.000000 0.000000 0.000000 0.999915 0.013031
2217.610000 6.625640 0.582184 0.000000 0.000000 0.000000 0.999950 0.009961
2217.630000 6.570330 0.583247 0.000000 0.000000 0.000000 0.999976 0.006886
2217.640000 6.502060 0.583147 0.000000 0.000000 0.000000 1.000000 0.000741
2217.650000 6.437780 0.583405 0.000000 0.000000 0.000000 1.000000 0.000741
2217.660000 6.385630 0.582744 0.000000 0.000000 0.000000 1.000000 0.000741
2218.630000 5.978180 0.434541 0.000000 0.000000 0.000000 -0.999977 0.006791
2219.310000 5.806380 0.431914 0.000000 0.000000 0.000000 -0.999993 0.003716
2219.420000 5.750290 0.431954 0.000000 0.000000 0.000000 0.999997 0.002426
2219.440000 5.689100 0.431993 0.000000 0.000000 0.000000 0.999985 0.005501
2220.330000 5.625760 0.432628 0.000000 0.000000 0.000000 0.999932 0.011646
2220.380000 5.568300 0.434429 0.000000 0.000000 0.000000 0.999932 0.011646
2220.390000 5.228820 0.434074 0.000000 0.000000 0.000000 -0.999916 0.012936
2220.570000 5.230600 0.403642 0.000000 0.000000 0.000000 -0.998631 0.052302
2220.800000 5.171330 0.396616 0.000000 0.000000 0.000000 -0.998291 0.058438
2221.000000 5.113990 0.390123 0.000000 0.000000 0.000000 -0.997913 0.064571
2221.280000 5.058150 0.381972 0.000000 0.000000 0.000000 -0.997497 0.070707
2221.340000 5.002310 0.373813 0.000000 0.000000 0.000000 -0.997275 0.073769
2221.780000 4.943570 0.364864 0.000000 0.000000 0.000000 -0.997275 0.073769
2221.950000 4.829960 0.348019 0.000000 0.000000 0.000000 -0.997275 0.073769
2222.410000 4.773150 0.339602 0.000000 0.000000 0.000000 -0.997275 0.073769
2222.540000 4.656640 0.321963 0.000000 0.000000 0.000000 -0.997275 0.073769
2224.120000 4.602720 0.314339 0.000000 0.000000 0.000000 -0.997710 0.067640
2224.130000 4.371570 0.302396 0.000000 0.000000 0.000000 0.999700 0.024489
2224.180000 4.333130 0.341080 0.000000 0.000000 0.000000 -0.999958 0.009141
2224.390000 4.275900 0.340120 0.000000 0.000000 0.000000 -0.999958 0.009141
2224.550000 4.220880 0.338926 0.000000 0.000000 0.000000 -0.999958 0.009141
2224.970000 4.163990 0.337027 0.000000 0.000000 0.000000 -0.999883 0.015286
2225.140000 4.044240 0.332091 0.000000 0.000000 0.000000 -0.999700 0.024499
2225.600000 3.987700 0.329253 0.000000 0.000000 0.000000 -0.999530 0.030647
2225.610000 3.932440 0.325833 0.000000 0.000000 0.000000 -0.999431 0.033715
2226.530000 3.874370 0.321366 0.000000 0.000000 0.000000 -0.999205 0.039856
2228.010000 3.644670 0.302326 0.000000 0.000000 0.000000 -0.999205 0.039856
2228.030000 3.469520 0.288578 0.000000 0.000000 0.000000 -0.999431 0.033715
2228.100000 3.208940 0.275150 0.000000 0.000000 0.000000 -0.999832 0.018355
2228.310000 3.186080 0.244741 0.000000 0.000000 0.000000 -0.998745 0.050090
2228.460000 3.126320 0.238564 0.000000 0.000000 0.000000 -0.998745 0.050090
2229.350000 3.068370 0.233213 0.000000 0.000000 0.000000 -0.998894 0.047024
2229.490000 2.837920 0.211311 0.000000 0.000000 0.000000 -0.998745 0.050090
2229.940000 2.780390 0.205049 0.000000 0.000000 0.000000 -0.998586 0.053161
2230.040000 2.665740 0.191614 0.000000 0.000000 0.000000 -0.998053 0.062366
2231.640000 2.608630 0.184439 0.000000 0.000000 0.000000 -0.997651 0.068498
2231.650000 2.290670 0.144907 0.000000 0.000000 0.000000 -0.999164 0.040885
2232.250000 2.292620 0.124897 0.000000 0.000000 0.000000 -0.999533 0.030572
2232.470000 2.142570 0.115110 0.000000 0.000000 0.000000 -0.999622 0.027498
2232.480000 2.087630 0.111864 0.000000 0.000000 0.000000 -0.999772 0.021355
2232.950000 2.033100 0.109973 0.000000 0.000000 0.000000 -0.999833 0.018285
2232.960000 1.974570 0.107082 0.000000 0.000000 0.000000 -0.999833 0.018285
2233.110000 1.912450 0.104544 0.000000 0.000000 0.000000 -0.999772 0.021355
2233.490000 1.853920 0.101654 0.000000 0.000000 0.000000 -0.999772 0.021355
2233.510000 1.799390 0.099761 0.000000 0.000000 0.000000 -0.999833 0.018285
2233.600000 1.743980 0.097399 0.000000 0.000000 0.000000 -0.999702 0.024429
2235.270000 1.715390 0.095752 0.000000 0.000000 0.000000 -0.999622 0.027498
2235.280000 1.653330 0.090975 0.000000 0.000000 0.000000 -0.999434 0.033645
2235.290000 1.333750 0.063281 0.000000 0.000000 0.000000 -0.998945 0.045925
2235.440000 1.244650 0.044494 0.000000 0.000000 0.000000 -0.997786 0.066512
2235.780000 1.186490 0.036602 0.000000 0.000000 0.000000 -0.997985 0.063444
2235.840000 1.129700 0.028368 0.000000 0.000000 0.000000 -0.998175 0.060380
2236.170000 1.074980 0.022522 0.000000 0.000000 0.000000 -0.998356 0.057310
2236.280000 1.017160 0.016004 0.000000 0.000000 0.000000 -0.998690 0.051174
2237.520000 0.955746 0.009667 0.000000 0.000000 0.000000 -0.998985 0.045036
2237.640000 0.896907 0.004867 0.000000 0.000000 0.000000 -0.999243 0.038897
2239.060000 0.609589 -0.015048 0.000000 0.000000 0.000000 -0.999358 0.035824
2239.070000 0.440623 -0.028444 0.000000 0.000000 0.000000 -0.999119 0.041964
2239.240000 0.238970 -0.044054 0.000000 0.000000 0.000000 -0.999226 0.039341
2239.520000 0.180474 -0.048548 0.000000 0.000000 0.000000 -0.999449 0.033200
2240.330000 0.124197 -0.052755 0.000000 0.000000 0.000000 -0.999342 0.036268
2240.470000 -0.049635 -0.065115 0.000000 0.000000 0.000000 -0.999546 0.030127
2240.600000 -0.123940 -0.069423 0.000000 0.000000 0.000000 -0.999449 0.033200
2241.130000 -0.120337 -0.069398 0.000000 0.000000 0.000000 -0.999449 0.033200
2241.200000 -0.120337 -0.069398 0.000000 0.000000 0.000000 -0.999449 0.033200
2242.800000 -0.120337 -0.069398 0.000000 0.000000 0.000000 -0.999449 0.033200
2242.860000 -0.120337 -0.069398 0.000000 0.000000 0.000000 -0.999449 0.033200
2242.870000 -0.120337 -0.069398 0.000000 0.000000 0.000000 -0.999449 0.033200
2243.000000 -0.120337 -0.069398 0.000000 0.000000 0.000000 -0.999100 0.042414
2243.280000 -0.119508 -0.068839 0.000000 0.000000 0.000000 -0.998331 0.057754
2243.480000 -0.117290 -0.068551 0.000000 0.000000 0.000000 -0.997096 0.076153
2243.810000 -0.117290 -0.068551 0.000000 0.000000 0.000000 -0.996352 0.085337
2244.110000 -0.117290 -0.068551 0.000000 0.000000 0.000000 -0.996352 0.085337
2244.410000 -0.117290 -0.068551 0.000000 0.000000 0.000000 -0.996352 0.085337
2244.610000 -0.131422 -0.070851 0.000000 0.000000 0.000000 -0.997756 0.066956
2244.810000 -0.174937 -0.076090 0.000000 0.000000 0.000000 -0.998667 0.051618
2245.130000 -0.255044 -0.084314 0.000000 0.000000 0.000000 -0.998821 0.048552
2245.220000 -0.332109 -0.091684 0.000000 0.000000 0.000000 -0.998821 0.048552
2245.520000 -0.385611 -0.096426 0.000000 0.000000 0.000000 -0.999100 0.042414
2245.600000 -0.431074 -0.100568 0.000000 0.000000 0.000000 -0.999342 0.036268
2247.190000 -0.478755 -0.104999 0.000000 0.000000 0.000000 -0.999100 0.042414
2247.250000 -0.543899 -0.110367 0.000000 0.000000 0.000000 -0.998965 0.045481
2247.260000 -0.850770 -0.198957 0.000000 0.000000 0.000000 -0.995746 0.092145
2247.440000 -0.910025 -0.210529 0.000000 0.000000 0.000000 -0.995161 0.098263
2248.260000 -0.962694 -0.220818 0.000000 0.000000 0.000000 -0.995161 0.098263
2248.280000 -1.136070 -0.254677 0.000000 0.000000 0.000000 -0.995746 0.092145
2248.630000 -1.195320 -0.266252 0.000000 0.000000 0.000000 -0.995746 0.092145
2248.660000 -1.250190 -0.276966 0.000000 0.000000 0.000000 -0.995746 0.092145
2248.850000 -1.302070 -0.286645 0.000000 0.000000 0.000000 -0.996293 0.086025
2249.340000 -1.362540 -0.296631 0.000000 0.000000 0.000000 -0.996553 0.082961
2249.400000 -1.481910 -0.315388 0.000000 0.000000 0.000000 -0.997275 0.073774
2251.140000 -1.524830 -0.321948 0.000000 0.000000 0.000000 -0.997275 0.073774
2251.170000 -1.542990 -0.324586 0.000000 0.000000 0.000000 -0.997044 0.076836
2251.180000 -1.541590 -0.324767 0.000000 0.000000 0.000000 -0.996024 0.089083
2251.200000 -1.540800 -0.324157 0.000000 0.000000 0.000000 -0.994854 0.101322
2251.530000 -1.539400 -0.324338 0.000000 0.000000 0.000000 -0.992063 0.125743
2251.600000 -1.538600 -0.323728 0.000000 0.000000 0.000000 -0.986250 0.165260
2252.010000 -1.543170 -0.325988 0.000000 0.000000 0.000000 -0.972834 0.231502
2252.210000 -1.550710 -0.325187 0.000000 0.000000 0.000000 -0.958535 0.284976
2252.620000 -1.551550 -0.325727 0.000000 0.000000 0.000000 -0.951240 0.308453
2252.640000 -1.551550 -0.325727 0.000000 0.000000 0.000000 -0.931622 0.363429
2252.800000 -1.550710 -0.325187 0.000000 0.000000 0.000000 -0.906247 0.422749
2253.210000 -1.550710 -0.325187 0.000000 0.000000 0.000000 -0.888642 0.458602
2253.240000 -1.491030 -0.367811 0.000000 0.000000 0.000000 -0.866746 0.498750
2253.400000 -1.491840 -0.368391 0.000000 0.000000 0.000000 -0.837848 0.545903
2255.100000 -1.492890 -0.370365 0.000000 0.000000 0.000000 -0.806389 0.591386
2255.110000 -1.467480 -0.372863 0.000000 0.000000 0.000000 -0.713216 0.700945
2255.220000 -1.468620 -0.406683 0.000000 0.000000 0.000000 -0.723897 0.689908
2255.550000 -1.472070 -0.466799 0.000000 0.000000 0.000000 -0.726016 0.687678
2255.590000 -1.476170 -0.552146 0.000000 0.000000 0.000000 -0.721776 0.692127
2256.060000 -1.477920 -0.588726 0.000000 0.000000 0.000000 -0.721776 0.692127
2256.140000 -1.483010 -0.691247 0.000000 0.000000 0.000000 -0.730228 0.683204
2257.030000 -1.485880 -0.739172 0.000000 0.000000 0.000000 -0.728123 0.685446
2257.230000 -1.490050 -0.805656 0.000000 0.000000 0.000000 -0.728123 0.685446
2257.240000 -1.494850 -0.874892 0.000000 0.000000 0.000000 -0.730228 0.683204
2257.350000 -1.500320 -0.959930 0.000000 0.000000 0.000000 -0.736496 0.676442
2257.360000 -1.504890 -1.008920 0.000000 0.000000 0.000000 -0.738569 0.674178
2257.420000 -1.510790 -1.067030 0.000000 0.000000 0.000000 -0.740638 0.671904
2259.310000 -1.516880 -1.132350 0.000000 0.000000 0.000000 -0.744753 0.667340
2259.320000 -1.403040 -1.467470 0.000000 0.000000 0.000000 -0.700241 0.713907
2259.530000 -1.398760 -1.690010 0.000000 0.000000 0.000000 -0.702433 0.711750
2259.810000 -1.398260 -1.721890 0.000000 0.000000 0.000000 -0.704615 0.709590
2259.880000 -1.398370 -1.779950 0.000000 0.000000 0.000000 -0.706793 0.707420
2260.190000 -1.398200 -1.832350 0.000000 0.000000 0.000000 -0.708962 0.705247
2260.270000 -1.398990 -1.889660 0.000000 0.000000 0.000000 -0.711127 0.703064
2260.520000 -1.399320 -1.951950 0.000000 0.000000 0.000000 -0.711127 0.703064
2260.620000 -1.400170 -2.010670 0.000000 0.000000 0.000000 -0.717579 0.696477
2261.010000 -1.401630 -2.067240 0.000000 0.000000 0.000000 -0.715434 0.698680
2261.030000 -1.402940 -2.120980 0.000000 0.000000 0.000000 -0.715434 0.698680
2262.800000 -1.404550 -2.180370 0.000000 0.000000 0.000000 -0.719714 0.694271
2262.850000 -1.407240 -2.247500 0.000000 0.000000 0.000000 -0.717579 0.696477
2262.860000 -1.396020 -2.469070 0.000000 0.000000 0.000000 -0.713054 0.701109
2263.020000 -1.400090 -2.644400 0.000000 0.000000 0.000000 -0.715207 0.698913
2263.350000 -1.401190 -2.700260 0.000000 0.000000 0.000000 -0.717353 0.696710
2263.520000 -1.403640 -2.746200 0.000000 0.000000 0.000000 -0.721620 0.692289
2264.350000 -1.405420 -2.797100 0.000000 0.000000 0.000000 -0.721620 0.692289
2264.800000 -1.418480 -3.044500 0.000000 0.000000 0.000000 -0.732168 0.681124
2264.810000 -1.423110 -3.099630 0.000000 0.000000 0.000000 -0.734259 0.678869
2264.850000 -1.427770 -3.158990 0.000000 0.000000 0.000000 -0.738417 0.674344
2266.530000 -1.433870 -3.221180 0.000000 0.000000 0.000000 -0.740487 0.672070
2266.540000 -1.445280 -3.334940 0.000000 0.000000 0.000000 -0.746649 0.665218
2266.640000 -1.367500 -3.624680 0.000000 0.000000 0.000000 -0.748412 0.663234
2266.890000 -1.372190 -3.663810 0.000000 0.000000 0.000000 -0.748412 0.663234
2267.120000 -1.373300 -3.670930 0.000000 0.000000 0.000000 -0.750448 0.660929
2267.360000 -1.373360 -3.669520 0.000000 0.000000 0.000000 -0.752474 0.658622
2267.420000 -1.372680 -3.668780 0.000000 0.000000 0.000000 -0.756507 0.653986
2268.180000 -1.372680 -3.668780 0.000000 0.000000 0.000000 -0.762504 0.646983
2268.270000 -1.372680 -3.668780 0.000000 0.000000 0.000000 -0.785838 0.618432
2268.290000 -1.372750 -3.667370 0.000000 0.000000 0.000000 -0.798958 0.601387
2268.430000 -1.372750 -3.667370 0.000000 0.000000 0.000000 -0.817055 0.576559
2270.070000 -1.372750 -3.667370 0.000000 0.000000 0.000000 -0.834384 0.551183
2270.130000 -1.372750 -3.667370 0.000000 0.000000 0.000000 -0.850923 0.525290
2270.140000 -1.404020 -3.692310 0.000000 0.000000 0.000000 -0.902864 0.429926
2270.330000 -1.405290 -3.693860 0.000000 0.000000 0.000000 -0.918098 0.396353
2270.570000 -1.406570 -3.695400 0.000000 0.000000 0.000000 -0.930970 0.365096
2270.660000 -1.407200 -3.696170 0.000000 0.000000 0.000000 -0.941746 0.336325
2270.950000 -1.407840 -3.696940 0.000000 0.000000 0.000000 -0.950686 0.310155
2271.030000 -1.409880 -3.697850 0.000000 0.000000 0.000000 -0.958022 0.286696
2271.350000 -1.410510 -3.698620 0.000000 0.000000 0.000000 -0.964780 0.263059
2271.430000 -1.461440 -3.691130 0.000000 0.000000 0.000000 -0.968668 0.248360
2272.000000 -1.461440 -3.691130 0.000000 0.000000 0.000000 -0.975841 0.218480
2272.030000 -1.461440 -3.691130 0.000000 0.000000 0.000000 -0.981510 0.191413
2272.230000 -1.460030 -3.690970 0.000000 0.000000 0.000000 -0.989731 0.142945
2273.980000 -1.459410 -3.690190 0.000000 0.000000 0.000000 -0.992945 0.118577
2273.990000 -1.456600 -3.689860 0.000000 0.000000 0.000000 -0.997573 0.069635
2274.000000 -1.481950 -3.645280 0.000000 0.000000 0.000000 0.998460 0.055473
2274.030000 -1.540560 -3.637180 0.000000 0.000000 0.000000 0.996795 0.080001
2274.310000 -1.621060 -3.624530 0.000000 0.000000 0.000000 0.997268 0.073874
2274.430000 -1.689840 -3.614770 0.000000 0.000000 0.000000 0.997268 0.073874
2274.920000 -1.738450 -3.606920 0.000000 0.000000 0.000000 0.996795 0.080001
2275.040000 -1.840970 -3.594710 0.000000 0.000000 0.000000 0.999522 0.030916
2275.550000 -1.910170 -3.593540 0.000000 0.000000 0.000000 -0.999996 0.002881
2276.400000 -2.029930 -3.598280 0.000000 0.000000 0.000000 -0.999885 0.015171
2277.870000 -2.262920 -3.602740 0.000000 0.000000 0.000000 1.000000 0.000196
2277.890000 -2.321330 -3.602450 0.000000 0.000000 0.000000 0.999980 0.006341
2278.110000 -2.673300 -3.620130 0.000000 0.000000 0.000000 0.999774 0.021260
2278.370000 -2.730960 -3.618340 0.000000 0.000000 0.000000 0.999704 0.024329
2278.570000 -2.792460 -3.615050 0.000000 0.000000 0.000000 0.999704 0.024329
2278.830000 -2.853150 -3.612340 0.000000 0.000000 0.000000 0.999704 0.024329
2278.910000 -2.911040 -3.609160 0.000000 0.000000 0.000000 0.999704 0.024329
2279.220000 -2.967310 -3.607140 0.000000 0.000000 0.000000 0.999704 0.024329
2279.310000 -3.025790 -3.604770 0.000000 0.000000 0.000000 0.999704 0.024329
2280.360000 -3.075660 -3.602400 0.000000 0.000000 0.000000 0.999774 0.021260
2280.370000 -3.100880 -3.601610 0.000000 0.000000 0.000000 0.999835 0.018185
2281.620000 -3.094490 -3.601260 0.000000 0.000000 0.000000 0.999886 0.015116
2282.430000 -3.094490 -3.601260 0.000000 0.000000 0.000000 0.999886 0.015116
2282.540000 -3.094490 -3.601260 0.000000 0.000000 0.000000 0.999996 0.002821
2282.630000 -3.094490 -3.601260 0.000000 0.000000 0.000000 -0.999980 0.006396
2282.940000 -3.080860 -3.629690 0.000000 0.000000 0.000000 -0.878790 0.477209
2283.020000 -3.050010 -3.648150 0.000000 0.000000 0.000000 -0.856435 0.516254
2283.520000 -3.050010 -3.648150 0.000000 0.000000 0.000000 -0.843486 0.537151
2283.570000 -3.050010 -3.648150 0.000000 0.000000 0.000000 -0.808904 0.587941
2285.430000 -3.050010 -3.648150 0.000000 0.000000 0.000000 -0.769310 0.638876
2285.490000 -3.050660 -3.648920 0.000000 0.000000 0.000000 -0.736982 0.675912
2285.500000 -3.011220 -3.667490 0.000000 0.000000 0.000000 -0.584383 0.811478
2285.620000 -2.969010 -3.675100 0.000000 0.000000 0.000000 -0.425704 0.904863
2285.880000 -2.969010 -3.675100 0.000000 0.000000 0.000000 -0.375030 0.927013
2285.970000 -2.969010 -3.675100 0.000000 0.000000 0.000000 -0.346373 0.938097
2286.310000 -2.969010 -3.675100 0.000000 0.000000 0.000000 -0.302782 0.953060
2286.420000 -2.956180 -3.627690 0.000000 0.000000 0.000000 -0.257711 0.966222
2286.780000 -2.953200 -3.628760 0.000000 0.000000 0.000000 -0.215919 0.976411
2286.800000 -2.950230 -3.629830 0.000000 0.000000 0.000000 -0.158578 0.987346
2286.950000 -2.948030 -3.630280 0.000000 0.000000 0.000000 -0.115970 0.993253
2287.480000 -2.945850 -3.630720 0.000000 0.000000 0.000000 -0.079276 0.996853
2287.490000 -2.947250 -3.630890 0.000000 0.000000 0.000000 -0.030190 0.999544
2287.530000 -2.917560 -3.600670 0.000000 0.000000 0.000000 0.008279 0.999966
2289.470000 -2.918320 -3.600030 0.000000 0.000000 0.000000 0.051275 0.998685
2289.490000 -2.931600 -3.542470 0.000000 0.000000 0.000000 0.278025 0.960574
2289.550000 -2.934870 -3.546250 0.000000 0.000000 0.000000 0.445011 0.895525
2289.920000 -2.935520 -3.547010 0.000000 0.000000 0.000000 0.483112 0.875559
2290.140000 -2.981140 -3.513020 0.000000 0.000000 0.000000 0.522653 0.852545
2290.330000 -2.982870 -3.518120 0.000000 0.000000 0.000000 0.603824 0.797118
2291.000000 -2.983940 -3.522460 0.000000 0.000000 0.000000 0.635175 0.772368
2291.640000 -2.984370 -3.526040 0.000000 0.000000 0.000000 0.667804 0.744337
2293.260000 -3.024490 -3.528930 0.000000 0.000000 0.000000 0.686118 0.727490
2293.310000 -3.024590 -3.526110 0.000000 0.000000 0.000000 0.670313 0.742079
2293.320000 -3.025220 -3.528250 0.000000 0.000000 0.000000 0.579296 0.815117
2293.330000 -3.027160 -3.533270 0.000000 0.000000 0.000000 0.535948 0.844251
2293.600000 -3.027790 -3.535420 0.000000 0.000000 0.000000 0.515032 0.857171
2294.310000 -3.029780 -3.539030 0.000000 0.000000 0.000000 0.491133 0.871085
2294.570000 -2.987240 -3.532680 0.000000 0.000000 0.000000 0.498346 0.866978
2295.320000 -2.987240 -3.532680 0.000000 0.000000 0.000000 0.454043 0.890980
2295.330000 -2.989450 -3.536010 0.000000 0.000000 0.000000 0.370098 0.928993
2297.090000 -2.990830 -3.536290 0.000000 0.000000 0.000000 0.355782 0.934569
2297.120000 -2.991380 -3.537130 0.000000 0.000000 0.000000 0.332704 0.943031
2297.130000 -2.969840 -3.569800 0.000000 0.000000 0.000000 0.197223 0.980359
2297.330000 -2.973170 -3.571180 0.000000 0.000000 0.000000 0.133595 0.991036
2297.600000 -2.974560 -3.571460 0.000000 0.000000 0.000000 0.106141 0.994351
2298.320000 -2.974560 -3.571460 0.000000 0.000000 0.000000 0.078605 0.996906
2298.630000 -2.904730 -3.623480 0.000000 0.000000 0.000000 -0.000889 1.000000
2299.540000 -2.752940 -3.624940 0.000000 0.000000 0.000000 0.002184 0.999998
2301.140000 -2.534670 -3.622350 0.000000 0.000000 0.000000 0.011402 0.999935
2301.150000 -2.244080 -3.615860 0.000000 0.000000 0.000000 0.011402 0.999935
2301.330000 -2.009700 -3.614010 0.000000 0.000000 0.000000 -0.003961 0.999992
2301.570000 -1.950870 -3.614580 0.000000 0.000000 0.000000 -0.003961 0.999992
2302.340000 -1.918160 -3.631380 0.000000 0.000000 0.000000 0.028805 0.999585
2302.480000 -1.750250 -3.619130 0.000000 0.000000 0.000000 0.041089 0.999156
2302.550000 -1.689650 -3.614940 0.000000 0.000000 0.000000 0.044159 0.999025
2303.040000 -1.626330 -3.609970 0.000000 0.000000 0.000000 0.041089 0.999156
2303.180000 -1.514450 -3.599870 0.000000 0.000000 0.000000 0.041089 0.999156
2304.950000 -1.456960 -3.595100 0.000000 0.000000 0.000000 0.044159 0.999025
2304.960000 -1.164360 -3.566120 0.000000 0.000000 0.000000 0.053366 0.998575
2305.200000 -0.930804 -3.546760 0.000000 0.000000 0.000000 0.010372 0.999946
2305.450000 -0.895683 -3.540270 0.000000 0.000000 0.000000 0.023196 0.999731
2305.530000 -0.838037 -3.537730 0.000000 0.000000 0.000000 0.026267 0.999655
2305.840000 -0.779957 -3.534280 0.000000 0.000000 0.000000 0.029339 0.999570
2305.910000 -0.722308 -3.531730 0.000000 0.000000 0.000000 0.029339 0.999570
2306.340000 -0.662895 -3.527810 0.000000 0.000000 0.000000 0.032410 0.999475
2306.580000 -0.548972 -3.520960 0.000000 0.000000 0.000000 0.026267 0.999655
2306.920000 -0.520386 -3.519020 0.000000 0.000000 0.000000 0.026267 0.999655
2307.070000 -0.399284 -3.513370 0.000000 0.000000 0.000000 0.026267 0.999655
2308.840000 -0.342539 -3.510390 0.000000 0.000000 0.000000 0.029339 0.999570
2308.850000 0.090792 -3.483460 0.000000 0.000000 0.000000 0.020123 0.999798
2309.170000 0.151231 -3.468760 0.000000 0.000000 0.000000 0.034477 0.999405
2309.410000 0.208359 -3.465130 0.000000 0.000000 0.000000 0.034477 0.999405
2309.470000 0.277966 -3.460350 0.000000 0.000000 0.000000 0.037548 0.999295
2309.790000 0.292677 -3.459080 0.000000 0.000000 0.000000 0.037548 0.999295
2309.870000 0.289528 -3.458810 0.000000 0.000000 0.000000 0.040618 0.999175
2310.260000 0.290446 -3.459210 0.000000 0.000000 0.000000 0.046758 0.998906
2310.430000 0.291363 -3.459600 0.000000 0.000000 0.000000 0.077425 0.996998
2310.810000 0.292677 -3.459080 0.000000 0.000000 0.000000 0.111073 0.993812
2310.990000 0.293991 -3.458560 0.000000 0.000000 0.000000 0.217107 0.976148
2312.820000 0.293991 -3.458560 0.000000 0.000000 0.000000 0.261852 0.965108
2312.830000 0.300985 -3.399970 0.000000 0.000000 0.000000 0.347414 0.937712
2313.060000 0.225172 -3.368390 0.000000 0.000000 0.000000 0.574031 0.818834
2313.270000 0.224728 -3.369280 0.000000 0.000000 0.000000 0.618420 0.785848
2313.420000 0.225172 -3.368390 0.000000 0.000000 0.000000 0.658606 0.752488
2313.830000 0.224728 -3.369280 0.000000 0.000000 0.000000 0.685900 0.727696
2314.090000 0.186186 -3.371560 0.000000 0.000000 0.000000 0.743888 0.668304
2314.150000 0.185720 -3.372450 0.000000 0.000000 0.000000 0.773890 0.633320
2314.620000 0.186137 -3.373800 0.000000 0.000000 0.000000 0.794850 0.606806
2314.640000 0.186971 -3.376500 0.000000 0.000000 0.000000 0.820211 0.572061
2315.560000 0.187389 -3.377850 0.000000 0.000000 0.000000 0.850581 0.525843
2316.570000 0.188693 -3.379670 0.000000 0.000000 0.000000 0.873906 0.486096
2316.580000 0.140334 -3.398540 0.000000 0.000000 0.000000 0.929474 0.368887
2317.570000 0.133225 -3.435510 0.000000 0.000000 0.000000 0.991994 0.126283
2317.630000 0.126312 -3.488540 0.000000 0.000000 0.000000 -0.997534 0.070179
2317.970000 0.128541 -3.488680 0.000000 0.000000 0.000000 -0.992880 0.119118
2318.150000 0.130416 -3.487460 0.000000 0.000000 0.000000 -0.976391 0.216010
2318.490000 0.132288 -3.486240 0.000000 0.000000 0.000000 -0.965401 0.260772
2318.560000 0.133651 -3.485880 0.000000 0.000000 0.000000 -0.952361 0.304974
2320.410000 0.152255 -3.474950 0.000000 0.000000 0.000000 -0.941034 0.338311
2320.440000 0.152255 -3.474950 0.000000 0.000000 0.000000 -0.924448 0.381309
2320.450000 0.151738 -3.475810 0.000000 0.000000 0.000000 -0.842208 0.539153
2320.550000 0.208230 -3.525720 0.000000 0.000000 0.000000 -0.736763 0.676151
2320.850000 0.208773 -3.524880 0.000000 0.000000 0.000000 -0.711338 0.702850
2320.950000 0.208773 -3.524880 0.000000 0.000000 0.000000 -0.711338 0.702850
2321.280000 0.208347 -3.532930 0.000000 0.000000 0.000000 -0.719922 0.694055
2321.390000 0.207354 -3.558460 0.000000 0.000000 0.000000 -0.726287 0.687391
2321.840000 0.203619 -3.621490 0.000000 0.000000 0.000000 -0.726287 0.687391
2321.950000 0.247542 -3.706830 0.000000 0.000000 0.000000 -0.700947 0.713213
2322.390000 0.248470 -3.754710 0.000000 0.000000 0.000000 -0.705320 0.708889
2322.460000 0.248591 -3.797650 0.000000 0.000000 0.000000 -0.705320 0.708889
2322.590000 0.248426 -3.856240 0.000000 0.000000 0.000000 -0.707493 0.706720
2324.320000 0.248026 -3.928250 0.000000 0.000000 0.000000 -0.711823 0.702359
2324.380000 0.246857 -3.993080 0.000000 0.000000 0.000000 -0.716125 0.697972
2324.390000 0.236502 -4.220120 0.000000 0.000000 0.000000 -0.730972 0.682408
2324.570000 0.218550 -4.446570 0.000000 0.000000 0.000000 -0.741370 0.671096
2324.770000 0.211560 -4.511740 0.000000 0.000000 0.000000 -0.745480 0.666528
2324.990000 0.205116 -4.571570 0.000000 0.000000 0.000000 -0.745480 0.666528
2325.330000 0.197866 -4.626450 0.000000 0.000000 0.000000 -0.745480 0.666528
2325.350000 0.192387 -4.682260 0.000000 0.000000 0.000000 -0.745480 0.666528
2326.570000 0.232421 -4.749220 0.000000 0.000000 0.000000 -0.726507 0.687159
2326.580000 0.228838 -4.807980 0.000000 0.000000 0.000000 -0.728617 0.684922
2328.120000 0.211779 -5.041800 0.000000 0.000000 0.000000 -0.741119 0.671374
2328.130000 0.200872 -5.143360 0.000000 0.000000 0.000000 -0.786678 0.617363
2328.190000 0.200459 -5.144270 0.000000 0.000000 0.000000 -0.803449 0.595374
2328.470000 0.199721 -5.148330 0.000000 0.000000 0.000000 -0.819604 0.572930
2328.660000 0.199308 -5.149240 0.000000 0.000000 0.000000 -0.836818 0.547481
2328.890000 0.198070 -5.151970 0.000000 0.000000 0.000000 -0.851637 0.524133
2329.240000 0.197244 -5.153790 0.000000 0.000000 0.000000 -0.867339 0.497719
2329.550000 0.194679 -5.157020 0.000000 0.000000 0.000000 -0.886523 0.462685
2329.560000 0.176702 -5.159610 0.000000 0.000000 0.000000 -0.892798 0.450456
2330.650000 0.176702 -5.159610 0.000000 0.000000 0.000000 -0.915102 0.403223
2331.960000 0.177106 -5.158700 0.000000 0.000000 0.000000 -0.942323 0.334704
2332.010000 0.177106 -5.158700 0.000000 0.000000 0.000000 -0.950265 0.311443
2332.020000 0.178428 -5.158190 0.000000 0.000000 0.000000 -0.979463 0.201625
2332.120000 0.142098 -5.114890 0.000000 0.000000 0.000000 -0.993948 0.109849
2332.400000 0.142098 -5.114890 0.000000 0.000000 0.000000 -0.996606 0.082323
2332.580000 0.142098 -5.114890 0.000000 0.000000 0.000000 -0.998146 0.060869
2332.850000 0.142098 -5.114890 0.000000 0.000000 0.000000 -0.998665 0.051663
2332.880000 0.136712 -5.114820 0.000000 0.000000 0.000000 -0.999340 0.036313
2333.090000 0.108097 -5.115940 0.000000 0.000000 0.000000 -0.999962 0.008666
2333.540000 0.047179 -5.116660 0.000000 0.000000 0.000000 0.999993 0.003621
2333.660000 -0.101589 -5.117740 0.000000 0.000000 0.000000 -0.999984 0.005596
2334.190000 -0.127591 -5.117780 0.000000 0.000000 0.000000 -0.999997 0.002521
2334.410000 -0.289740 -5.119810 0.000000 0.000000 0.000000 -0.999962 0.008666
2336.260000 -0.357353 -5.121000 0.000000 0.000000 0.000000 -0.999931 0.011741
2336.270000 -0.415502 -5.122860 0.000000 0.000000 0.000000 -0.999890 0.014811
2336.280000 -0.541712 -5.073930 0.000000 0.000000 0.000000 -0.998435 0.055927
2336.410000 -0.860974 -5.112180 0.000000 0.000000 0.000000 -0.998760 0.049791
2337.610000 -0.890769 -5.115380 0.000000 0.000000 0.000000 -0.998760 0.049791
2338.060000 -1.182880 -5.139940 0.000000 0.000000 0.000000 -0.999407 0.034445
2338.210000 -1.299110 -5.147440 0.000000 0.000000 0.000000 -0.999600 0.028298
2338.370000 -1.341210 -5.149450 0.000000 0.000000 0.000000 -0.999508 0.031371
2340.180000 -1.341210 -5.149450 0.000000 0.000000 0.000000 -0.999600 0.028298
2340.240000 -1.341210 -5.149450 0.000000 0.000000 0.000000 -0.999296 0.037513
2340.250000 -1.339330 -5.150120 0.000000 0.000000 0.000000 -0.988121 0.153675
2340.370000 -1.330670 -5.184440 0.000000 0.000000 0.000000 -0.968506 0.248989
2341.010000 -1.332330 -5.185930 0.000000 0.000000 0.000000 -0.961251 0.275675
2341.080000 -1.333630 -5.186500 0.000000 0.000000 0.000000 -0.927263 0.374411
2341.180000 -1.334000 -5.187430 0.000000 0.000000 0.000000 -0.909026 0.416740
2341.540000 -1.333630 -5.186500 0.000000 0.000000 0.000000 -0.894423 0.447221
2341.640000 -1.307580 -5.221250 0.000000 0.000000 0.000000 -0.873029 0.487668
2342.210000 -1.307950 -5.222180 0.000000 0.000000 0.000000 -0.843085 0.537780
2342.220000 -1.308310 -5.223110 0.000000 0.000000 0.000000 -0.834723 0.550670
2342.390000 -1.308310 -5.223110 0.000000 0.000000 0.000000 -0.834723 0.550670
2344.260000 -1.308310 -5.223110 0.000000 0.000000 0.000000 -0.834723 0.550670
2344.310000 -1.308310 -5.223110 0.000000 0.000000 0.000000 -0.833029 0.553230
2344.320000 -1.309050 -5.224970 0.000000 0.000000 0.000000 -0.778564 0.627565
2344.370000 -1.309410 -5.225900 0.000000 0.000000 0.000000 -0.776634 0.629952
2344.920000 -1.309410 -5.225900 0.000000 0.000000 0.000000 -0.784317 0.620360
2345.120000 -1.289530 -5.248420 0.000000 0.000000 0.000000 -0.796292 0.604913
2345.220000 -1.290170 -5.250310 0.000000 0.000000 0.000000 -0.809115 0.587650
2345.580000 -1.290800 -5.252210 0.000000 0.000000 0.000000 -0.825055 0.565052
2345.600000 -1.291120 -5.253160 0.000000 0.000000 0.000000 -0.838696 0.544599
2345.790000 -1.291120 -5.253160 0.000000 0.000000 0.000000 -0.850216 0.526434
2346.180000 -1.292380 -5.253790 0.000000 0.000000 0.000000 -0.862897 0.505379
2346.410000 -1.294600 -5.257270 0.000000 0.000000 0.000000 -0.889516 0.456904
2348.210000 -1.293650 -5.257590 0.000000 0.000000 0.000000 -0.901810 0.432133
2348.470000 -1.293020 -5.255690 0.000000 0.000000 0.000000 -0.910896 0.412636
2348.480000 -1.476600 -5.369770 0.000000 0.000000 0.000000 -0.938772 0.344538
2348.570000 -1.592710 -5.469660 0.000000 0.000000 0.000000 -0.937709 0.347423
2348.840000 -1.641280 -5.511050 0.000000 0.000000 0.000000 -0.939826 0.341654
2349.070000 -1.693610 -5.554410 0.000000 0.000000 0.000000 -0.942936 0.332974
2349.460000 -1.739730 -5.591320 0.000000 0.000000 0.000000 -0.941907 0.335872
2349.480000 -1.779290 -5.624000 0.000000 0.000000 0.000000 -0.943954 0.330078
2349.610000 -1.823570 -5.658350 0.000000 0.000000 0.000000 -0.946957 0.321361
2350.110000 -1.870940 -5.695920 0.000000 0.000000 0.000000 -0.946957 0.321361
2350.170000 -1.967300 -5.769510 0.000000 0.000000 0.000000 -0.946957 0.321361
2352.250000 -2.011580 -5.803860 0.000000 0.000000 0.000000 -0.946957 0.321361
2352.260000 -2.104830 -5.874230 0.000000 0.000000 0.000000 -0.946957 0.321361
2352.400000 -2.082530 -5.899780 0.000000 0.000000 0.000000 -0.977947 0.208852
2352.600000 -2.082530 -5.899780 0.000000 0.000000 0.000000 -0.983348 0.181731
2352.780000 -2.082530 -5.899780 0.000000 0.000000 0.000000 -0.988928 0.148396
2353.090000 -2.081280 -5.899130 0.000000 0.000000 0.000000 -0.992653 0.120994
2353.180000 -2.081280 -5.899130 0.000000 0.000000 0.000000 -0.995619 0.093500
2354.430000 -2.081280 -5.899130 0.000000 0.000000 0.000000 -0.998022 0.062865
2354.580000 -2.092550 -5.877360 0.000000 0.000000 0.000000 -0.997881 0.065070
2356.430000 -2.305620 -5.890410 0.000000 0.000000 0.000000 -0.999510 0.031311
2356.490000 -2.363680 -5.894160 0.000000 0.000000 0.000000 -0.999510 0.031311
2356.500000 -2.590870 -5.909560 0.000000 0.000000 0.000000 -0.999601 0.028238
2356.570000 -2.878220 -5.925020 0.000000 0.000000 0.000000 -0.999819 0.019025
2356.830000 -2.940140 -5.927720 0.000000 0.000000 0.000000 -0.999873 0.015951
2356.970000 -2.997680 -5.929540 0.000000 0.000000 0.000000 -0.999873 0.015951
2357.240000 -3.053030 -5.930940 0.000000 0.000000 0.000000 -0.999917 0.012881
2357.400000 -3.110570 -5.932770 0.000000 0.000000 0.000000 -0.999952 0.009806
2358.270000 -3.080620 -5.859030 0.000000 0.000000 0.000000 -0.998964 0.045516
2358.280000 -3.141800 -5.864180 0.000000 0.000000 0.000000 -0.998819 0.048587
2358.400000 -3.264760 -5.877420 0.000000 0.000000 0.000000 -0.998329 0.057789
2360.380000 -3.264760 -5.877420 0.000000 0.000000 0.000000 -0.998146 0.060859
2360.390000 -3.263780 -5.877620 0.000000 0.000000 0.000000 -0.996855 0.079248
2360.480000 -3.255440 -5.951520 0.000000 0.000000 0.000000 -0.943491 0.331399
2361.000000 -3.255440 -5.951520 0.000000 0.000000 0.000000 -0.922547 0.385884
2361.060000 -3.255440 -5.951520 0.000000 0.000000 0.000000 -0.887396 0.461008
2361.200000 -3.255440 -5.951520 0.000000 0.000000 0.000000 -0.869797 0.493410
2361.590000 -3.203660 -5.979000 0.000000 0.000000 0.000000 -0.843212 0.537582
2362.560000 -3.203660 -5.979000 0.000000 0.000000 0.000000 -0.821068 0.570830
2364.320000 -3.261220 -6.184170 0.000000 0.000000 0.000000 -0.792023 0.610492
2364.350000 -3.275290 -6.239480 0.000000 0.000000 0.000000 -0.792023 0.610492
2364.360000 -3.337240 -6.462130 0.000000 0.000000 0.000000 -0.799469 0.600708
2364.610000 -3.423470 -6.735870 0.000000 0.000000 0.000000 -0.810406 0.585868
2364.850000 -3.441360 -6.790000 0.000000 0.000000 0.000000 -0.812204 0.583374
2364.960000 -3.458960 -6.843170 0.000000 0.000000 0.000000 -0.812204 0.583374
2365.270000 -3.477510 -6.896050 0.000000 0.000000 0.000000 -0.813991 0.580878
2365.370000 -3.496880 -6.954960 0.000000 0.000000 0.000000 -0.812204 0.583374
2365.630000 -3.397150 -6.964390 0.000000 0.000000 0.000000 -0.777540 0.628833
2365.780000 -3.408940 -7.021190 0.000000 0.000000 0.000000 -0.777540 0.628833
2366.090000 -3.420720 -7.077990 0.000000 0.000000 0.000000 -0.775603 0.631221
2366.160000 -3.430270 -7.123000 0.000000 0.000000 0.000000 -0.775603 0.631221
2366.360000 -3.433990 -7.142650 0.000000 0.000000 0.000000 -0.773662 0.633599
2368.370000 -3.433620 -7.140690 0.000000 0.000000 0.000000 -0.779470 0.626439
2368.380000 -3.433990 -7.142650 0.000000 0.000000 0.000000 -0.873731 0.486410
2368.560000 -3.433810 -7.141670 0.000000 0.000000 0.000000 -0.909762 0.415131
2368.770000 -3.473720 -7.135290 0.000000 0.000000 0.000000 -0.899608 0.436699
2369.080000 -3.478310 -7.140850 0.000000 0.000000 0.000000 -0.903596 0.428386
2369.400000 -3.496590 -7.162080 0.000000 0.000000 0.000000 -0.913851 0.406049
2369.560000 -3.596030 -7.268440 0.000000 0.000000 0.000000 -0.917556 0.397606
2369.880000 -3.640160 -7.316170 0.000000 0.000000 0.000000 -0.915096 0.403237
2369.950000 -3.674100 -7.352880 0.000000 0.000000 0.000000 -0.917556 0.397606
2370.230000 -3.703450 -7.384030 0.000000 0.000000 0.000000 -0.919982 0.391960
2370.380000 -3.741790 -7.424310 0.000000 0.000000 0.000000 -0.918773 0.394787
2372.310000 -3.790410 -7.476600 0.000000 0.000000 0.000000 -0.917556 0.397606
2372.330000 -3.837830 -7.527000 0.000000 0.000000 0.000000 -0.917556 0.397606
2372.340000 -3.944260 -7.642690 0.000000 0.000000 0.000000 -0.917556 0.397606
2372.380000 -3.992880 -7.694970 0.000000 0.000000 0.000000 -0.904907 0.425610
2372.580000 -3.991790 -7.694080 0.000000 0.000000 0.000000 -0.891405 0.453208
2372.820000 -3.990480 -7.691200 0.000000 0.000000 0.000000 -0.871089 0.491125
2373.120000 -3.990590 -7.692200 0.000000 0.000000 0.000000 -0.847536 0.530738
2373.160000 -3.991690 -7.693090 0.000000 0.000000 0.000000 -0.813340 0.581789
2374.120000 -3.928600 -7.659300 0.000000 0.000000 0.000000 -0.801871 0.597497
2374.140000 -3.928440 -7.658310 0.000000 0.000000 0.000000 -0.779298 0.626653
2374.600000 -3.928440 -7.658310 0.000000 0.000000 0.000000 -0.751630 0.659585
2376.390000 -3.885520 -7.623950 0.000000 0.000000 0.000000 -0.613701 0.789538
2376.450000 -3.886220 -7.621830 0.000000 0.000000 0.000000 -0.569116 0.822257
2376.460000 -3.889310 -7.615310 0.000000 0.000000 0.000000 -0.464012 0.885829
2376.660000 -3.836790 -7.613800 0.000000 0.000000 0.000000 -0.220495 0.975388
2376.890000 -3.835800 -7.613960 0.000000 0.000000 0.000000 -0.175319 0.984512
2376.960000 -3.798770 -7.578680 0.000000 0.000000 0.000000 -0.114881 0.993379
2377.270000 -3.797780 -7.578820 0.000000 0.000000 0.000000 -0.068989 0.997617
2377.360000 -3.795800 -7.579090 0.000000 0.000000 0.000000 -0.019879 0.999802
2377.840000 -3.793820 -7.579360 0.000000 0.000000 0.000000 0.023137 0.999732
2378.600000 -3.791830 -7.579630 0.000000 0.000000 0.000000 0.059976 0.998200
2380.370000 -3.798050 -7.531100 0.000000 0.000000 0.000000 0.231642 0.972801
2380.390000 -3.795920 -7.530410 0.000000 0.000000 0.000000 0.282119 0.959379
2380.400000 -3.815680 -7.471940 0.000000 0.000000 0.000000 0.431194 0.902259
2380.580000 -3.693940 -7.265420 0.000000 0.000000 0.000000 0.501823 0.864970
2380.880000 -3.667360 -7.219000 0.000000 0.000000 0.000000 0.496498 0.868038
2380.970000 -3.642710 -7.178350 0.000000 0.000000 0.000000 0.491155 0.871072
2381.270000 -3.614160 -7.132240 0.000000 0.000000 0.000000 0.491155 0.871072
2381.340000 -3.579780 -7.074910 0.000000 0.000000 0.000000 0.488478 0.872576
2381.830000 -3.544730 -7.019710 0.000000 0.000000 0.000000 0.488478 0.872576
2382.250000 -3.487790 -6.928480 0.000000 0.000000 0.000000 0.477716 0.878514
2382.430000 -3.423830 -6.831270 0.000000 0.000000 0.000000 0.472308 0.881434
2384.440000 -3.387120 -6.778360 0.000000 0.000000 0.000000 0.466882 0.884319
2384.450000 -3.261750 -6.328740 0.000000 0.000000 0.000000 0.518226 0.855244
2384.650000 -3.219590 -6.247340 0.000000 0.000000 0.000000 0.518226 0.855244
2384.890000 -3.191840 -6.194720 0.000000 0.000000 0.000000 0.515593 0.856833
2384.970000 -3.166160 -6.147080 0.000000 0.000000 0.000000 0.512960 0.858412
2385.230000 -3.139470 -6.098460 0.000000 0.000000 0.000000 0.510318 0.859986
2385.340000 -3.109720 -6.045870 0.000000 0.000000 0.000000 0.505024 0.863105
2386.000000 -3.081010 -5.996280 0.000000 0.000000 0.000000 0.502372 0.864652
2386.020000 -3.054360 -5.950650 0.000000 0.000000 0.000000 0.497045 0.867725
2386.300000 -3.011310 -5.877250 0.000000 0.000000 0.000000 0.494379 0.869247
2386.320000 -2.991860 -5.845530 0.000000 0.000000 0.000000 0.499711 0.866192
2386.520000 -2.987760 -5.838580 0.000000 0.000000 0.000000 0.497045 0.867725
2388.550000 -2.989810 -5.841550 0.000000 0.000000 0.000000 0.497045 0.867725
2388.560000 -2.987760 -5.838580 0.000000 0.000000 0.000000 0.332449 0.943121
2389.560000 -2.987760 -5.838580 0.000000 0.000000 0.000000 0.317921 0.948117
2389.580000 -2.997930 -5.861050 0.000000 0.000000 0.000000 0.251783 0.967784
2389.910000 -2.997930 -5.861050 0.000000 0.000000 0.000000 0.224926 0.974376
2389.970000 -2.997930 -5.861050 0.000000 0.000000 0.000000 0.197897 0.980223
2390.520000 -2.997930 -5.861050 0.000000 0.000000 0.000000 0.170717 0.985320
2390.540000 -2.995010 -5.859850 0.000000 0.000000 0.000000 0.152523 0.988300
2391.410000 -2.938830 -5.845940 0.000000 0.000000 0.000000 0.109880 0.993945
2392.880000 -2.865770 -5.829860 0.000000 0.000000 0.000000 0.106825 0.994278
2392.890000 -2.534160 -5.811220 0.000000 0.000000 0.000000 0.111901 0.993719
2392.940000 -2.316650 -5.764790 0.000000 0.000000 0.000000 0.102736 0.994709
2393.250000 -2.253640 -5.751580 0.000000 0.000000 0.000000 0.102736 0.994709
2393.380000 -2.197590 -5.739050 0.000000 0.000000 0.000000 0.105792 0.994388
2393.640000 -2.145430 -5.727910 0.000000 0.000000 0.000000 0.105792 0.994388
2394.410000 -2.088300 -5.716280 0.000000 0.000000 0.000000 0.105792 0.994388
2394.810000 -1.855860 -5.668390 0.000000 0.000000 0.000000 0.093562 0.995613
2394.970000 -1.743280 -5.648320 0.000000 0.000000 0.000000 0.081318 0.996688
2396.960000 -1.686840 -5.639770 0.000000 0.000000 0.000000 0.078255 0.996933
2396.970000 -1.355410 -5.592980 0.000000 0.000000 0.000000 0.071092 0.997470
2397.160000 -1.294160 -5.583190 0.000000 0.000000 0.000000 0.055760 0.998444
2397.430000 -1.296140 -5.583440 0.000000 0.000000 0.000000 0.040414 0.999183
2397.600000 -1.296140 -5.583440 0.000000 0.000000 0.000000 0.021987 0.999758
2397.920000 -1.296140 -5.583440 0.000000 0.000000 0.000000 0.000479 1.000000
2397.940000 -1.297130 -5.583570 0.000000 0.000000 0.000000 -0.021029 0.999779
2398.330000 -1.296140 -5.583440 0.000000 0.000000 0.000000 -0.054803 0.998497
2398.340000 -1.293040 -5.584050 0.000000 0.000000 0.000000 -0.097693 0.995217
2398.880000 -1.290920 -5.584790 0.000000 0.000000 0.000000 -0.122126 0.992515
2398.940000 -1.286710 -5.586270 0.000000 0.000000 0.000000 -0.161665 0.986846
2401.060000 -1.266790 -5.597250 0.000000 0.000000 0.000000 -0.167303 0.985906
2401.070000 -1.250900 -5.606610 0.000000 0.000000 0.000000 -0.376726 0.926325
2401.160000 -1.279190 -5.731840 0.000000 0.000000 0.000000 -0.416471 0.909149
2401.430000 -1.277820 -5.733610 0.000000 0.000000 0.000000 -0.438691 0.898638
2401.540000 -1.278020 -5.732630 0.000000 0.000000 0.000000 -0.460647 0.887583
2401.850000 -1.277820 -5.733610 0.000000 0.000000 0.000000 -0.479632 0.877470
2401.960000 -1.276650 -5.734400 0.000000 0.000000 0.000000 -0.501053 0.865417
2402.230000 -1.276650 -5.734400 0.000000 0.000000 0.000000 -0.524791 0.851231
2402.420000 -1.276270 -5.736360 0.000000 0.000000 0.000000 -0.548128 0.836394
2403.550000 -1.274900 -5.738130 0.000000 0.000000 0.000000 -0.571046 0.820918
2403.560000 -1.274510 -5.740090 0.000000 0.000000 0.000000 -0.596000 0.802985
2405.060000 -1.307270 -5.748200 0.000000 0.000000 0.000000 -0.631825 0.775111
2405.070000 -1.307270 -5.748200 0.000000 0.000000 0.000000 -0.648350 0.761343
2405.170000 -1.314990 -6.021680 0.000000 0.000000 0.000000 -0.722091 0.691798
2405.390000 -1.317080 -6.065050 0.000000 0.000000 0.000000 -0.726328 0.687348
2405.640000 -1.319690 -6.115680 0.000000 0.000000 0.000000 -0.728435 0.685115
2405.890000 -1.324660 -6.184180 0.000000 0.000000 0.000000 -0.730538 0.682872
2405.940000 -1.329220 -6.254630 0.000000 0.000000 0.000000 -0.734721 0.678370
2406.380000 -1.334080 -6.313920 0.000000 0.000000 0.000000 -0.736800 0.676111
2406.540000 -1.343210 -6.416000 0.000000 0.000000 0.000000 -0.743002 0.669289
2406.960000 -1.349820 -6.476670 0.000000 0.000000 0.000000 -0.747101 0.664711
2406.970000 -1.357580 -6.541670 0.000000 0.000000 0.000000 -0.749141 0.662410
2407.160000 -1.365020 -6.598430 0.000000 0.000000 0.000000 -0.753198 0.657794
2409.130000 -1.372320 -6.651070 0.000000 0.000000 0.000000 -0.753198 0.657794
2409.150000 -1.379760 -6.707830 0.000000 0.000000 0.000000 -0.755214 0.655479
2409.160000 -1.411600 -6.724920 0.000000 0.000000 0.000000 -0.752049 0.659107
2409.370000 -1.440820 -6.924830 0.000000 0.000000 0.000000 -0.764071 0.645132
2410.010000 -1.450910 -6.982650 0.000000 0.000000 0.000000 -0.768024 0.640421
2410.030000 -1.462270 -7.043850 0.000000 0.000000 0.000000 -0.771945 0.635689
2410.040000 -1.485550 -7.155070 0.000000 0.000000 0.000000 -0.779699 0.626154
2410.190000 -1.498850 -7.216720 0.000000 0.000000 0.000000 -0.783532 0.621351
2410.380000 -1.501380 -7.223480 0.000000 0.000000 0.000000 -0.779699 0.626154
2410.640000 -1.500870 -7.221300 0.000000 0.000000 0.000000 -0.777770 0.628549
2411.270000 -1.499890 -7.221070 0.000000 0.000000 0.000000 -0.773893 0.633317
2411.280000 -1.500050 -7.215980 0.000000 0.000000 0.000000 -0.745943 0.666010
2413.110000 -1.500050 -7.215980 0.000000 0.000000 0.000000 -0.718748 0.695271
2413.130000 -1.498920 -7.220850 0.000000 0.000000 0.000000 -0.635233 0.772321
2413.140000 -1.467170 -7.332010 0.000000 0.000000 0.000000 -0.588587 0.808434
2413.160000 -1.395080 -7.531170 0.000000 0.000000 0.000000 -0.593544 0.804802
2413.440000 -1.393940 -7.532000 0.000000 0.000000 0.000000 -0.591066 0.806623
2413.580000 -1.395080 -7.531170 0.000000 0.000000 0.000000 -0.593544 0.804802
2413.860000 -1.395080 -7.531170 0.000000 0.000000 0.000000 -0.596016 0.802973
2414.060000 -1.395240 -7.530190 0.000000 0.000000 0.000000 -0.596016 0.802973
2414.330000 -1.393940 -7.532000 0.000000 0.000000 0.000000 -0.608279 0.793724
2414.360000 -1.393940 -7.532000 0.000000 0.000000 0.000000 -0.615571 0.788082
2415.540000 -1.393940 -7.532000 0.000000 0.000000 0.000000 -0.632379 0.774659
2416.920000 -1.399320 -7.485350 0.000000 0.000000 0.000000 -0.631441 0.775424
2416.960000 -1.401550 -7.731060 0.000000 0.000000 0.000000 -0.717478 0.696581
2417.220000 -1.403720 -7.774670 0.000000 0.000000 0.000000 -0.723870 0.689937
2417.410000 -1.405230 -7.817020 0.000000 0.000000 0.000000 -0.719613 0.694375
2417.800000 -1.407190 -7.881500 0.000000 0.000000 0.000000 -0.719613 0.694375
2417.970000 -1.410660 -8.018700 0.000000 0.000000 0.000000 -0.719613 0.694375
2418.420000 -1.413250 -8.067680 0.000000 0.000000 0.000000 -0.721745 0.692159
2418.560000 -1.417810 -8.181130 0.000000 0.000000 0.000000 -0.723870 0.689937
2419.000000 -1.420800 -8.249070 0.000000 0.000000 0.000000 -0.725985 0.687711
2419.160000 -1.427210 -8.359960 0.000000 0.000000 0.000000 -0.728096 0.685475
2421.420000 -1.430230 -8.414300 0.000000 0.000000 0.000000 -0.730197 0.683237
2421.430000 -1.459330 -8.593630 0.000000 0.000000 0.000000 -0.728980 0.684536
2421.560000 -1.495180 -9.002160 0.000000 0.000000 0.000000 -0.745587 0.666408
2421.820000 -1.501700 -9.060400 0.000000 0.000000 0.000000 -0.747629 0.664116
2421.970000 -1.507900 -9.119580 0.000000 0.000000 0.000000 -0.747629 0.664116
2422.180000 -1.515390 -9.174980 0.000000 0.000000 0.000000 -0.749668 0.661814
2422.430000 -1.521610 -9.231000 0.000000 0.000000 0.000000 -0.749668 0.661814
2422.650000 -1.529700 -9.290830 0.000000 0.000000 0.000000 -0.751699 0.659506
2423.650000 -1.537470 -9.351600 0.000000 0.000000 0.000000 -0.751699 0.659506
2425.200000 -1.560870 -9.521280 0.000000 0.000000 0.000000 -0.757745 0.652551
2425.210000 -1.565900 -9.544310 0.000000 0.000000 0.000000 -0.741196 0.671289
2425.220000 -1.571920 -9.604840 0.000000 0.000000 0.000000 -0.743257 0.669007
2425.360000 -1.594650 -9.804430 0.000000 0.000000 0.000000 -0.745307 0.666722
2426.040000 -1.594650 -9.804430 0.000000 0.000000 0.000000 -0.745307 0.666722
2426.650000 -1.594650 -9.804430 0.000000 0.000000 0.000000 -0.743257 0.669007
2426.910000 -1.594280 -9.805360 0.000000 0.000000 0.000000 -0.669437 0.742869
2426.960000 -1.594470 -9.807590 0.000000 0.000000 0.000000 -0.657944 0.753067
2428.860000 -1.592810 -9.814460 0.000000 0.000000 0.000000 -0.653304 0.757096
2428.890000 -1.589130 -9.839910 0.000000 0.000000 0.000000 -0.648639 0.761096
2428.900000 -1.563320 -9.985710 0.000000 0.000000 0.000000 -0.641594 0.767044
2428.970000 -1.516510 -10.270600 0.000000 0.000000 0.000000 -0.653304 0.757096
2429.290000 -1.507120 -10.334700 0.000000 0.000000 0.000000 -0.660256 0.751040
2429.360000 -1.498520 -10.434600 0.000000 0.000000 0.000000 -0.694158 0.719822
2429.600000 -1.497310 -10.494400 0.000000 0.000000 0.000000 -0.707310 0.706904
2429.870000 -1.485030 -10.531100 0.000000 0.000000 0.000000 -0.679631 0.733554
2430.140000 -1.479590 -10.590600 0.000000 0.000000 0.000000 -0.681884 0.731460
2430.160000 -1.476730 -10.642500 0.000000 0.000000 0.000000 -0.684126 0.729364
2430.590000 -1.473430 -10.695400 0.000000 0.000000 0.000000 -0.686366 0.727257
2430.770000 -1.467530 -10.820200 0.000000 0.000000 0.000000 -0.695252 0.718766
2432.810000 -1.465170 -10.875700 0.000000 0.000000 0.000000 -0.697459 0.716625
2432.820000 -1.464100 -10.928500 0.000000 0.000000 0.000000 -0.699655 0.714481
2432.990000 -1.466840 -11.454000 0.000000 0.000000 0.000000 -0.723401 0.690429
2433.200000 -1.469470 -11.515200 0.000000 0.000000 0.000000 -0.725520 0.688201
2433.350000 -1.451210 -11.552700 0.000000 0.000000 0.000000 -0.705292 0.708917
2433.610000 -1.451100 -11.581300 0.000000 0.000000 0.000000 -0.709635 0.704570
2433.770000 -1.452380 -11.636000 0.000000 0.000000 0.000000 -0.722502 0.691368
2433.910000 -1.454010 -11.639200 0.000000 0.000000 0.000000 -0.755607 0.655025
2434.030000 -1.465580 -11.694000 0.000000 0.000000 0.000000 -0.788776 0.614681
2434.410000 -1.479530 -11.754700 0.000000 0.000000 0.000000 -0.779242 0.626723
2434.440000 -1.492130 -11.815800 0.000000 0.000000 0.000000 -0.773430 0.633881
2436.600000 -1.497860 -11.844300 0.000000 0.000000 0.000000 -0.771477 0.636257
2436.610000 -1.537750 -12.074700 0.000000 0.000000 0.000000 -0.757614 0.652703
2436.660000 -1.577150 -12.621100 0.000000 0.000000 0.000000 -0.682571 0.730819
2436.960000 -1.571320 -12.677600 0.000000 0.000000 0.000000 -0.648175 0.761492
2437.020000 -1.558910 -12.737000 0.000000 0.000000 0.000000 -0.622071 0.782961
2437.270000 -1.544070 -12.798500 0.000000 0.000000 0.000000 -0.622071 0.782961
2437.530000 -1.537500 -12.829800 0.000000 0.000000 0.000000 -0.629263 0.777192
2437.620000 -1.525830 -12.886200 0.000000 0.000000 0.000000 -0.634027 0.773311
2437.830000 -1.514380 -12.940400 0.000000 0.000000 0.000000 -0.636398 0.771361
2437.980000 -1.504100 -12.996400 0.000000 0.000000 0.000000 -0.641126 0.767435
2438.260000 -1.493070 -13.055600 0.000000 0.000000 0.000000 -0.641126 0.767435
2438.340000 -1.481830 -13.116900 0.000000 0.000000 0.000000 -0.636398 0.771361
2440.450000 -1.470170 -13.173300 0.000000 0.000000 0.000000 -0.634027 0.773311
2440.460000 -1.437720 -13.344100 0.000000 0.000000 0.000000 -0.650513 0.759495
2440.500000 -1.352790 -13.655200 0.000000 0.000000 0.000000 -0.665288 0.746586
2441.650000 -1.346660 -13.712200 0.000000 0.000000 0.000000 -0.667581 0.744537
2442.120000 -1.313520 -14.033300 0.000000 0.000000 0.000000 -0.669864 0.742484
2442.150000 -1.306800 -14.091100 0.000000 0.000000 0.000000 -0.667581 0.744537
2442.350000 -1.300090 -14.148900 0.000000 0.000000 0.000000 -0.667581 0.744537
2444.440000 -1.294190 -14.207300 0.000000 0.000000 0.000000 -0.667581 0.744537
2444.450000 -1.250420 -14.661000 0.000000 0.000000 0.000000 -0.662855 0.748748
2444.510000 -1.234590 -14.764800 0.000000 0.000000 0.000000 -0.646597 0.762832
2444.780000 -1.221230 -14.842000 0.000000 0.000000 0.000000 -0.646597 0.762832
2444.860000 -1.213320 -14.893900 0.000000 0.000000 0.000000 -0.651272 0.758844
2445.060000 -1.206790 -14.937800 0.000000 0.000000 0.000000 -0.658241 0.752807
2445.390000 -1.199510 -14.989000 0.000000 0.000000 0.000000 -0.653603 0.756838
2445.550000 -1.189570 -15.049600 0.000000 0.000000 0.000000 -0.651272 0.758844
2445.950000 -1.179890 -15.113000 0.000000 0.000000 0.000000 -0.648940 0.760840
2445.980000 -1.170460 -15.171400 0.000000 0.000000 0.000000 -0.648940 0.760840
2446.170000 -1.162540 -15.223200 0.000000 0.000000 0.000000 -0.651272 0.758844
2448.170000 -1.153350 -15.276700 0.000000 0.000000 0.000000 -0.653603 0.756838
2448.180000 -1.131650 -15.431400 0.000000 0.000000 0.000000 -0.655923 0.754828
2448.310000 -1.130770 -15.437200 0.000000 0.000000 0.000000 -0.685547 0.728028
2448.530000 -1.130770 -15.437200 0.000000 0.000000 0.000000 -0.703233 0.710959
2448.970000 -1.130500 -15.434300 0.000000 0.000000 0.000000 -0.718362 0.695669
2449.060000 -1.130500 -15.434300 0.000000 0.000000 0.000000 -0.763713 0.645556
2449.390000 -1.130640 -15.435800 0.000000 0.000000 0.000000 -0.785092 0.619379
2449.460000 -1.135300 -15.406000 0.000000 0.000000 0.000000 -0.769134 0.639088
2449.840000 -1.136010 -15.406800 0.000000 0.000000 0.000000 -0.780784 0.624801
2449.900000 -1.136000 -15.408200 0.000000 0.000000 0.000000 -0.799610 0.600520
2450.080000 -1.136710 -15.410300 0.000000 0.000000 0.000000 -0.821205 0.570633
2452.040000 -1.136000 -15.409600 0.000000 0.000000 0.000000 -0.831585 0.555398
2452.050000 -1.136000 -15.409600 0.000000 0.000000 0.000000 -0.843338 0.537383
2452.060000 -1.136000 -15.408200 0.000000 0.000000 0.000000 -0.868729 0.495288
2452.340000 -1.179030 -15.389900 0.000000 0.000000 0.000000 -0.928675 0.370894
2452.460000 -1.179030 -15.389900 0.000000 0.000000 0.000000 -0.937512 0.347953
2453.090000 -1.179030 -15.389900 0.000000 0.000000 0.000000 -0.944778 0.327712
2453.200000 -1.179030 -15.389900 0.000000 0.000000 0.000000 -0.953478 0.301463
2453.260000 -1.191700 -15.398500 0.000000 0.000000 0.000000 -0.958875 0.283830
2453.470000 -1.230440 -15.422100 0.000000 0.000000 0.000000 -0.963944 0.266106
2453.860000 -1.297350 -15.462800 0.000000 0.000000 0.000000 -0.963944 0.266106
2453.910000 -1.362850 -15.503600 0.000000 0.000000 0.000000 -0.961449 0.274982
2454.080000 -1.407930 -15.530700 0.000000 0.000000 0.000000 -0.963122 0.269064
2456.230000 -1.446670 -15.554300 0.000000 0.000000 0.000000 -0.965561 0.260178
2456.240000 -1.751720 -15.728100 0.000000 0.000000 0.000000 -0.970193 0.242334
2456.300000 -1.867230 -15.760500 0.000000 0.000000 0.000000 -0.973297 0.229551
2456.560000 -1.863040 -15.757600 0.000000 0.000000 0.000000 -0.973297 0.229551
2457.370000 -1.863740 -15.758300 0.000000 0.000000 0.000000 -0.973297 0.229551
2457.560000 -1.865150 -15.758400 0.000000 0.000000 0.000000 -0.978008 0.208569
2458.370000 -1.865150 -15.758400 0.000000 0.000000 0.000000 -0.986073 0.166315
2458.440000 -1.865150 -15.758400 0.000000 0.000000 0.000000 -0.998228 0.059506
2460.430000 -1.865840 -15.759100 0.000000 0.000000 0.000000 -0.999585 0.028812
2460.480000 -1.865150 -15.758400 0.000000 0.000000 0.000000 0.999988 0.004986
2460.490000 -1.865150 -15.758400 0.000000 0.000000 0.000000 0.999851 0.017275
2460.640000 -2.182680 -15.672400 0.000000 0.000000 0.000000 0.996569 0.082767
2460.970000 -2.227060 -15.665300 0.000000 0.000000 0.000000 0.996569 0.082767
2461.070000 -2.282170 -15.656800 0.000000 0.000000 0.000000 0.996819 0.079702
2461.340000 -2.353070 -15.645100 0.000000 0.000000 0.000000 0.996819 0.079702
2461.420000 -2.418900 -15.635100 0.000000 0.000000 0.000000 0.997059 0.076641
2461.840000 -2.473250 -15.627300 0.000000 0.000000 0.000000 0.997059 0.076641
2461.850000 -2.496850 -15.623900 0.000000 0.000000 0.000000 0.997290 0.073575
2462.050000 -2.546130 -15.617800 0.000000 0.000000 0.000000 0.997723 0.067445
2462.440000 -2.608290 -15.609800 0.000000 0.000000 0.000000 0.998119 0.061313
2462.520000 -2.733100 -15.597200 0.000000 0.000000 0.000000 0.998641 0.052113
2464.640000 -2.784450 -15.592000 0.000000 0.000000 0.000000 0.998641 0.052113
2464.650000 -3.246790 -15.614800 0.000000 0.000000 0.000000 -0.999979 0.006441
2464.800000 -3.364940 -15.615700 0.000000 0.000000 0.000000 0.999996 0.002776
2465.090000 -3.424010 -15.616100 0.000000 0.000000 0.000000 -1.000000 0.000296
2465.200000 -3.480870 -15.616800 0.000000 0.000000 0.000000 -1.000000 0.000296
2465.470000 -3.538560 -15.616900 0.000000 0.000000 0.000000 -1.000000 0.000296
2465.600000 -3.600400 -15.617900 0.000000 0.000000 0.000000 -0.999994 0.003366
2465.990000 -3.659480 -15.618300 0.000000 0.000000 0.000000 -0.999994 0.003366
2466.010000 -3.708290 -15.619500 0.000000 0.000000 0.000000 -1.000000 0.000296
2466.270000 -3.724930 -15.619300 0.000000 0.000000 0.000000 -0.999979 0.006441
2466.360000 -3.739350 -15.619300 0.000000 0.000000 0.000000 -0.999955 0.009511
2468.390000 -3.738520 -15.619800 0.000000 0.000000 0.000000 -0.999955 0.009511
2468.400000 -3.703230 -15.624800 0.000000 0.000000 0.000000 -0.957154 0.289578
2468.560000 -3.702380 -15.625400 0.000000 0.000000 0.000000 -0.940730 0.339158
2468.880000 -3.701330 -15.623700 0.000000 0.000000 0.000000 -0.922925 0.384980
2468.990000 -3.702380 -15.625400 0.000000 0.000000 0.000000 -0.905514 0.424316
2469.250000 -3.701850 -15.624500 0.000000 0.000000 0.000000 -0.885003 0.465586
2469.470000 -3.701850 -15.624500 0.000000 0.000000 0.000000 -0.865701 0.500561
2470.060000 -3.701210 -15.587000 0.000000 0.000000 0.000000 -0.837895 0.545832
2470.230000 -3.701720 -15.587900 0.000000 0.000000 0.000000 -0.784091 0.620646
2470.240000 -3.701720 -15.587900 0.000000 0.000000 0.000000 -0.752645 0.658427
2470.470000 -3.701720 -15.587900 0.000000 0.000000 0.000000 -0.723632 0.690186
2472.640000 -3.701210 -15.587000 0.000000 0.000000 0.000000 -0.691064 0.722794
2472.650000 -3.604750 -15.680600 0.000000 0.000000 0.000000 -0.684648 0.728874
2472.660000 -3.605010 -15.679300 0.000000 0.000000 0.000000 -0.650339 0.759645
2472.760000 -3.556140 -15.689800 0.000000 0.000000 0.000000 -0.306613 0.951834
2473.020000 -3.554500 -15.690900 0.000000 0.000000 0.000000 -0.256497 0.966545
2473.260000 -3.497480 -15.639900 0.000000 0.000000 0.000000 -0.222329 0.974972
2473.470000 -3.495270 -15.640300 0.000000 0.000000 0.000000 -0.180195 0.983631
2473.590000 -3.493640 -15.641400 0.000000 0.000000 0.000000 -0.134682 0.990889
2473.880000 -3.493640 -15.641400 0.000000 0.000000 0.000000 -0.085823 0.996310
2473.970000 -3.492250 -15.641200 0.000000 0.000000 0.000000 -0.039827 0.999207
2474.480000 -3.492250 -15.641200 0.000000 0.000000 0.000000 0.003181 0.999995
2474.570000 -3.499450 -15.597800 0.000000 0.000000 0.000000 0.076841 0.997043
2476.790000 -3.491890 -15.595800 0.000000 0.000000 0.000000 0.064581 0.997912
2476.850000 -3.469330 -15.593500 0.000000 0.000000 0.000000 0.058447 0.998291
2476.860000 -3.408870 -15.586400 0.000000 0.000000 0.000000 0.058447 0.998291
2476.970000 -2.870100 -15.533200 0.000000 0.000000 0.000000 0.030820 0.999525
2477.300000 -2.813720 -15.531800 0.000000 0.000000 0.000000 0.012388 0.999923
2477.370000 -2.750710 -15.531400 0.000000 0.000000 0.000000 -0.012193 0.999926
2478.080000 -2.550570 -15.554300 0.000000 0.000000 0.000000 -0.101131 0.994873
2478.330000 -2.578240 -15.450000 0.000000 0.000000 0.000000 -0.036770 0.999324
2478.490000 -2.514990 -15.456400 0.000000 0.000000 0.000000 -0.064389 0.997925
2479.090000 -2.453010 -15.465500 0.000000 0.000000 0.000000 -0.088898 0.996041
2480.960000 -2.345500 -15.488200 0.000000 0.000000 0.000000 -0.110300 0.993898
2480.970000 -2.116030 -15.538100 0.000000 0.000000 0.000000 -0.104190 0.994557
2481.050000 -1.775300 -15.616800 0.000000 0.000000 0.000000 -0.125557 0.992086
2481.290000 -1.716290 -15.632200 0.000000 0.000000 0.000000 -0.131651 0.991296
2481.440000 -1.659510 -15.647700 0.000000 0.000000 0.000000 -0.137740 0.990468
2481.650000 -1.604550 -15.662400 0.000000 0.000000 0.000000 -0.137740 0.990468
2481.830000 -1.562460 -15.621700 0.000000 0.000000 0.000000 -0.131369 0.991334
2482.210000 -1.533890 -15.628800 0.000000 0.000000 0.000000 -0.134414 0.990925
2482.390000 -1.418840 -15.662700 0.000000 0.000000 0.000000 -0.146583 0.989198
2482.770000 -1.362900 -15.679500 0.000000 0.000000 0.000000 -0.146583 0.989198
2482.820000 -1.306550 -15.695400 0.000000 0.000000 0.000000 -0.143543 0.989644
2484.940000 -1.249690 -15.712600 0.000000 0.000000 0.000000 -0.146583 0.989198
2484.950000 -0.806070 -15.848800 0.000000 0.000000 0.000000 -0.149623 0.988743
2484.990000 -0.801490 -15.850800 0.000000 0.000000 0.000000 -0.158730 0.987322
2485.310000 -0.802407 -15.850400 0.000000 0.000000 0.000000 -0.167825 0.985817
2485.350000 -0.800575 -15.851200 0.000000 0.000000 0.000000 -0.179929 0.983680
2485.600000 -0.801490 -15.850800 0.000000 0.000000 0.000000 -0.192005 0.981394
2485.830000 -0.802407 -15.850400 0.000000 0.000000 0.000000 -0.216069 0.976378
2486.120000 -0.803322 -15.850000 0.000000 0.000000 0.000000 -0.242985 0.970030
2486.130000 -0.803322 -15.850000 0.000000 0.000000 0.000000 -0.275628 0.961265
2486.310000 -0.800575 -15.851200 0.000000 0.000000 0.000000 -0.313796 0.949490
2486.850000 -0.800057 -15.852500 0.000000 0.000000 0.000000 -0.331247 0.943544
2486.860000 -0.797308 -15.853700 0.000000 0.000000 0.000000 -0.354339 0.935117
2486.870000 -0.806100 -15.870600 0.000000 0.000000 0.000000 -0.332824 0.942989
2489.170000 -0.806100 -15.870600 0.000000 0.000000 0.000000 -0.353028 0.935613
2489.220000 -0.806100 -15.870600 0.000000 0.000000 0.000000 -0.381606 0.924325
2489.230000 -0.806100 -15.870600 0.000000 0.000000 0.000000 -0.407019 0.913420
2489.370000 -0.823921 -15.894500 0.000000 0.000000 0.000000 -0.620194 0.784448
2490.170000 -0.824242 -15.895400 0.000000 0.000000 0.000000 -0.644004 0.765023
2490.450000 -0.824262 -15.992500 0.000000 0.000000 0.000000 -0.728743 0.684787
2490.510000 -0.828312 -16.067100 0.000000 0.000000 0.000000 -0.724518 0.689256
2491.100000 -0.830326 -16.101300 0.000000 0.000000 0.000000 -0.726634 0.687025
2491.110000 -0.829327 -16.085800 0.000000 0.000000 0.000000 -0.728743 0.684787
2491.360000 -0.828005 -16.069300 0.000000 0.000000 0.000000 -0.730842 0.682546
2493.480000 -0.828333 -16.073500 0.000000 0.000000 0.000000 -0.732938 0.680296
2493.490000 -0.892173 -16.475400 0.000000 0.000000 0.000000 -0.746822 0.665024
2493.510000 -0.905727 -16.599200 0.000000 0.000000 0.000000 -0.748863 0.662725
2493.810000 -0.911856 -16.647600 0.000000 0.000000 0.000000 -0.750894 0.660423
2493.970000 -0.918869 -16.702100 0.000000 0.000000 0.000000 -0.752921 0.658110
2494.260000 -0.927040 -16.766700 0.000000 0.000000 0.000000 -0.754938 0.655796
2494.330000 -0.936164 -16.831000 0.000000 0.000000 0.000000 -0.754938 0.655796
2494.550000 -0.943789 -16.887400 0.000000 0.000000 0.000000 -0.756951 0.653471
2495.110000 -0.952708 -16.941200 0.000000 0.000000 0.000000 -0.760953 0.648808
2495.140000 -0.971085 -17.057200 0.000000 0.000000 0.000000 -0.762941 0.646468
2497.170000 -0.981195 -17.118000 0.000000 0.000000 0.000000 -0.762941 0.646468
2497.180000 -0.962682 -17.134600 0.000000 0.000000 0.000000 -0.745554 0.666446
2497.190000 -0.968654 -17.189800 0.000000 0.000000 0.000000 -0.745554 0.666446
2497.310000 -0.982615 -17.312200 0.000000 0.000000 0.000000 -0.807378 0.590034
2497.550000 -0.982615 -17.312200 0.000000 0.000000 0.000000 -0.826856 0.562413
2498.110000 -0.982615 -17.312200 0.000000 0.000000 0.000000 -0.843746 0.536742
2498.160000 -0.982615 -17.312200 0.000000 0.000000 0.000000 -0.867580 0.497298
2498.410000 -0.982615 -17.312200 0.000000 0.000000 0.000000 -0.885324 0.464975
2498.510000 -0.982367 -17.311200 0.000000 0.000000 0.000000 -0.897843 0.440317
2498.860000 -1.018760 -17.315500 0.000000 0.000000 0.000000 -0.900963 0.433895
2498.970000 -1.018760 -17.315500 0.000000 0.000000 0.000000 -0.912617 0.408816
2501.240000 -1.019960 -17.316200 0.000000 0.000000 0.000000 -0.924747 0.380583
2501.250000 -1.021150 -17.317000 0.000000 0.000000 0.000000 -0.957642 0.287960
2501.320000 -1.088550 -17.277600 0.000000 0.000000 0.000000 -0.994047 0.108955
2501.530000 -1.087570 -17.277800 0.000000 0.000000 0.000000 -0.996160 0.087549
2502.120000 -1.094840 -17.278300 0.000000 0.000000 0.000000 -0.998200 0.059970
2502.560000 -1.265210 -17.285200 0.000000 0.000000 0.000000 -0.999970 0.007771
2502.780000 -1.381580 -17.288500 0.000000 0.000000 0.000000 -0.999999 0.001626
2503.200000 -1.427680 -17.288700 0.000000 0.000000 0.000000 -0.999999 0.001626
2503.350000 -1.554240 -17.291900 0.000000 0.000000 0.000000 -0.999941 0.010841
2505.640000 -1.619200 -17.294100 0.000000 0.000000 0.000000 -0.999856 0.016991
2505.650000 -1.788360 -17.242500 0.000000 0.000000 0.000000 -0.999717 0.023779
2506.140000 -2.175820 -17.260000 0.000000 0.000000 0.000000 -0.999934 0.011491
2506.430000 -2.347070 -17.261800 0.000000 0.000000 0.000000 0.999993 0.003871
2506.510000 -2.406300 -17.261300 0.000000 0.000000 0.000000 0.999976 0.006941
2506.830000 -2.442200 -17.261700 0.000000 0.000000 0.000000 0.999950 0.010016
2506.890000 -2.505340 -17.260300 0.000000 0.000000 0.000000 0.999950 0.010016
2507.110000 -2.559460 -17.259900 0.000000 0.000000 0.000000 0.999914 0.013091
2507.480000 -2.611210 -17.257900 0.000000 0.000000 0.000000 0.999815 0.019235
2507.490000 -2.670230 -17.256400 0.000000 0.000000 0.000000 0.999751 0.022304
2507.880000 -2.550590 -17.274700 0.000000 0.000000 0.000000 -0.999768 0.021555
2510.440000 -2.608350 -17.278200 0.000000 0.000000 0.000000 -0.999829 0.018485
2510.450000 -3.386910 -17.283500 0.000000 0.000000 0.000000 0.999770 0.021460
2510.790000 -3.445100 -17.281900 0.000000 0.000000 0.000000 0.999770 0.021460
2510.840000 -3.499210 -17.279800 0.000000 0.000000 0.000000 0.999831 0.018390
2511.010000 -3.604120 -17.288900 0.000000 0.000000 0.000000 -0.999988 0.004856
2511.280000 -3.634250 -17.289900 0.000000 0.000000 0.000000 -0.999969 0.007931
2511.370000 -3.696440 -17.290800 0.000000 0.000000 0.000000 -0.999939 0.011001
2511.640000 -3.753720 -17.293000 0.000000 0.000000 0.000000 -0.999901 0.014076
2511.780000 -3.809000 -17.295300 0.000000 0.000000 0.000000 -0.999853 0.017150
2513.850000 -3.868260 -17.297400 0.000000 0.000000 0.000000 -0.999652 0.026363
2513.860000 -3.927660 -17.301400 0.000000 0.000000 0.000000 -0.999472 0.032506
2513.970000 -4.451370 -17.339700 0.000000 0.000000 0.000000 -0.999796 0.020220
2514.360000 -4.512700 -17.342600 0.000000 0.000000 0.000000 -0.999853 0.017150
2514.370000 -4.570900 -17.343800 0.000000 0.000000 0.000000 -0.999939 0.011001
2514.940000 -4.578850 -17.359800 0.000000 0.000000 0.000000 -0.999161 0.040955
2515.060000 -4.695850 -17.371700 0.000000 0.000000 0.000000 -0.998890 0.047094
2515.210000 -4.753850 -17.376700 0.000000 0.000000 0.000000 -0.998890 0.047094
2515.490000 -4.809860 -17.382700 0.000000 0.000000 0.000000 -0.998741 0.050165
2515.570000 -4.866860 -17.388700 0.000000 0.000000 0.000000 -0.998741 0.050165
2517.810000 -4.924860 -17.395600 0.000000 0.000000 0.000000 -0.998582 0.053231
2517.820000 -4.989860 -17.403600 0.000000 0.000000 0.000000 -0.997646 0.068567
2517.930000 -4.959600 -17.431800 0.000000 0.000000 0.000000 -0.952733 0.303807
2518.270000 -4.958560 -17.430900 0.000000 0.000000 0.000000 -0.940885 0.338725
2518.330000 -4.957520 -17.429900 0.000000 0.000000 0.000000 -0.919519 0.393046
2518.660000 -4.957520 -17.429900 0.000000 0.000000 0.000000 -0.900433 0.434994
2519.380000 -4.957520 -17.429900 0.000000 0.000000 0.000000 -0.882342 0.470609
2519.540000 -4.922390 -17.461500 0.000000 0.000000 0.000000 -0.812338 0.583187
2519.550000 -4.921390 -17.461500 0.000000 0.000000 0.000000 -0.784603 0.619999
2520.380000 -4.921310 -17.459500 0.000000 0.000000 0.000000 -0.751162 0.660118
2522.070000 -4.921270 -17.458500 0.000000 0.000000 0.000000 -0.722077 0.691813
2522.080000 -4.872180 -17.469500 0.000000 0.000000 0.000000 -0.517272 0.855821
2522.090000 -4.871230 -17.470600 0.000000 0.000000 0.000000 -0.485373 0.874307
2522.140000 -4.843060 -17.477500 0.000000 0.000000 0.000000 -0.330324 0.943868
2522.420000 -4.842130 -17.478600 0.000000 0.000000 0.000000 -0.277640 0.960685
2522.530000 -4.842130 -17.478600 0.000000 0.000000 0.000000 -0.227101 0.973871
2522.800000 -4.784830 -17.439400 0.000000 0.000000 0.000000 -0.181764 0.983342
2522.930000 -4.785780 -17.438300 0.000000 0.000000 0.000000 -0.139307 0.990249
2523.370000 -4.784830 -17.439400 0.000000 0.000000 0.000000 -0.096592 0.995324
2523.610000 -4.782840 -17.439500 0.000000 0.000000 0.000000 0.004658 0.999989
2524.060000 -4.779790 -17.438700 0.000000 0.000000 0.000000 0.050728 0.998713
2524.130000 -4.765970 -17.363500 0.000000 0.000000 0.000000 0.130180 0.991490
2526.520000 -4.762900 -17.362800 0.000000 0.000000 0.000000 0.178749 0.983895
2526.530000 -4.775040 -17.330100 0.000000 0.000000 0.000000 0.460109 0.887862
2527.340000 -4.803350 -17.273500 0.000000 0.000000 0.000000 0.654234 0.756292
2527.460000 -4.804350 -17.273400 0.000000 0.000000 0.000000 0.744076 0.668096
2527.530000 -4.863270 -17.258400 0.000000 0.000000 0.000000 0.776010 0.630720
2527.840000 -4.864740 -17.252300 0.000000 0.000000 0.000000 0.798735 0.601683
2528.040000 -4.869510 -17.237800 0.000000 0.000000 0.000000 0.791277 0.611458
2528.280000 -4.878430 -17.201900 0.000000 0.000000 0.000000 0.793154 0.609022
2528.370000 -4.897280 -17.130000 0.000000 0.000000 0.000000 0.795023 0.606580
2531.310000 -4.919590 -17.051800 0.000000 0.000000 0.000000 0.798735 0.601683
2531.330000 -5.086820 -16.273400 0.000000 0.000000 0.000000 0.756268 0.654262
2531.610000 -5.237090 -16.290400 0.000000 0.000000 0.000000 0.808162 0.588960
2532.340000 -5.254870 -16.235700 0.000000 0.000000 0.000000 0.809969 0.586472
2532.570000 -5.297650 -16.100900 0.000000 0.000000 0.000000 0.806350 0.591438
2533.630000 -5.333730 -15.985600 0.000000 0.000000 0.000000 0.808162 0.588960
2534.920000 -5.351510 -15.930900 0.000000 0.000000 0.000000 0.806350 0.591438
2534.930000 -5.465670 -15.574400 0.000000 0.000000 0.000000 0.813558 0.581484
2535.070000 -5.508070 -15.431300 0.000000 0.000000 0.000000 0.841614 0.540079
2535.330000 -5.530900 -15.380400 0.000000 0.000000 0.000000 0.841614 0.540079
2535.560000 -5.555380 -15.325700 0.000000 0.000000 0.000000 0.839952 0.542661
2535.810000 -5.578880 -15.270900 0.000000 0.000000 0.000000 0.834913 0.550382
2535.830000 -5.600720 -15.219800 0.000000 0.000000 0.000000 0.824626 0.565679
2536.190000 -5.619780 -15.167300 0.000000 0.000000 0.000000 0.810471 0.585779
2536.210000 -5.628730 -15.138300 0.000000 0.000000 0.000000 0.803210 0.595696
2536.470000 -5.644680 -15.080200 0.000000 0.000000 0.000000 0.793963 0.607966
2536.880000 -5.660460 -15.023000 0.000000 0.000000 0.000000 0.793963 0.607966
2536.950000 -5.688700 -14.916200 0.000000 0.000000 0.000000 0.792093 0.610401
2539.320000 -5.703660 -14.857900 0.000000 0.000000 0.000000 0.792093 0.610401
2539.330000 -5.817970 -14.443000 0.000000 0.000000 0.000000 0.782375 0.622808
2539.430000 -5.856260 -14.274300 0.000000 0.000000 0.000000 0.780456 0.625211
2540.050000 -5.868540 -14.218600 0.000000 0.000000 0.000000 0.778530 0.627608
2540.150000 -5.893070 -14.103100 0.000000 0.000000 0.000000 0.772714 0.634755
2540.230000 -5.903410 -14.047000 0.000000 0.000000 0.000000 0.760878 0.648895
2540.570000 -5.911570 -13.991400 0.000000 0.000000 0.000000 0.758882 0.651228
2540.630000 -5.920710 -13.936000 0.000000 0.000000 0.000000 0.758882 0.651228
2541.140000 -5.930030 -13.875500 0.000000 0.000000 0.000000 0.760878 0.648895
2541.230000 -5.947250 -13.756200 0.000000 0.000000 0.000000 0.748787 0.662811
2543.480000 -5.953000 -13.702100 0.000000 0.000000 0.000000 0.730173 0.683262
2543.490000 -5.934010 -13.484900 0.000000 0.000000 0.000000 0.714403 0.699735
2543.640000 -5.938650 -13.083000 0.000000 0.000000 0.000000 0.705749 0.708462
2543.960000 -5.938370 -13.021900 0.000000 0.000000 0.000000 0.703567 0.710629
2544.040000 -5.938130 -12.964000 0.000000 0.000000 0.000000 0.703567 0.710629
2544.290000 -5.937580 -12.907100 0.000000 0.000000 0.000000 0.703567 0.710629
2544.430000 -5.936720 -12.851200 0.000000 0.000000 0.000000 0.703567 0.710629
2544.780000 -5.935520 -12.793000 0.000000 0.000000 0.000000 0.703567 0.710629
2544.830000 -5.934930 -12.732900 0.000000 0.000000 0.000000 0.703567 0.710629
2545.180000 -5.934690 -12.675000 0.000000 0.000000 0.000000 0.703567 0.710629
2545.260000 -5.934140 -12.618100 0.000000 0.000000 0.000000 0.703567 0.710629
2547.560000 -5.933890 -12.560200 0.000000 0.000000 0.000000 0.707924 0.706288
2547.570000 -5.984830 -12.038400 0.000000 0.000000 0.000000 0.725592 0.688125
2547.640000 -5.989490 -11.922800 0.000000 0.000000 0.000000 0.719217 0.694785
2547.970000 -5.991580 -11.862700 0.000000 0.000000 0.000000 0.717077 0.696994
2548.040000 -5.992970 -11.804600 0.000000 0.000000 0.000000 0.717077 0.696994
2548.360000 -5.995070 -11.744500 0.000000 0.000000 0.000000 0.714934 0.699192
2548.430000 -5.996460 -11.686300 0.000000 0.000000 0.000000 0.714934 0.699192
2549.540000 -5.997500 -11.629100 0.000000 0.000000 0.000000 0.714934 0.699192
2551.520000 -6.010860 -11.411900 0.000000 0.000000 0.000000 0.742865 0.669441
2551.530000 -6.036920 -11.177700 0.000000 0.000000 0.000000 0.746965 0.664864
2551.630000 -6.085710 -10.774900 0.000000 0.000000 0.000000 0.746965 0.664864
2551.880000 -6.091630 -10.718300 0.000000 0.000000 0.000000 0.742865 0.669441
2552.030000 -6.097550 -10.661700 0.000000 0.000000 0.000000 0.742865 0.669441
2552.310000 -6.101980 -10.613200 0.000000 0.000000 0.000000 0.744920 0.667154
2552.490000 -6.105200 -10.591600 0.000000 0.000000 0.000000 0.744920 0.667154
2553.200000 -6.104870 -10.594700 0.000000 0.000000 0.000000 0.742865 0.669441
2553.420000 -6.104870 -10.594700 0.000000 0.000000 0.000000 0.742865 0.669441
2553.510000 -6.104870 -10.594700 0.000000 0.000000 0.000000 0.744920 0.667154
2555.850000 -6.104870 -10.594700 0.000000 0.000000 0.000000 0.744920 0.667154
2555.860000 -6.106520 -10.591100 0.000000 0.000000 0.000000 0.853002 0.521908
2555.910000 -6.153240 -10.570000 0.000000 0.000000 0.000000 0.943348 0.331805
2556.250000 -6.153240 -10.570000 0.000000 0.000000 0.000000 0.954022 0.299736
2556.310000 -6.153240 -10.570000 0.000000 0.000000 0.000000 0.966030 0.258430
2556.620000 -6.178310 -10.647000 0.000000 0.000000 0.000000 0.974866 0.222791
2557.410000 -6.178310 -10.647000 0.000000 0.000000 0.000000 0.984096 0.177639
2557.580000 -6.180870 -10.645800 0.000000 0.000000 0.000000 0.998921 0.046440
2558.190000 -6.186440 -10.656600 0.000000 0.000000 0.000000 -0.999662 0.026003
2560.110000 -6.187380 -10.657000 0.000000 0.000000 0.000000 -0.997402 0.072039
2560.130000 -6.188310 -10.657300 0.000000 0.000000 0.000000 -0.992657 0.120964
2560.150000 -6.186340 -10.746500 0.000000 0.000000 0.000000 -0.833675 0.552255
2560.370000 -6.133070 -10.743500 0.000000 0.000000 0.000000 -0.804136 0.594446
2560.630000 -6.133070 -10.743500 0.000000 0.000000 0.000000 -0.791164 0.611604
2560.980000 -6.133070 -10.743500 0.000000 0.000000 0.000000 -0.770044 0.637991
2561.050000 -6.133240 -10.748900 0.000000 0.000000 0.000000 -0.703692 0.710506
2561.450000 -6.133070 -10.755200 0.000000 0.000000 0.000000 -0.677023 0.735962
2561.610000 -6.129130 -10.807000 0.000000 0.000000 0.000000 -0.681533 0.731788
2561.950000 -6.123310 -10.881500 0.000000 0.000000 0.000000 -0.677023 0.735962
2562.030000 -6.050430 -10.919000 0.000000 0.000000 0.000000 -0.648365 0.761330
2564.370000 -6.044710 -10.951500 0.000000 0.000000 0.000000 -0.650699 0.759336
2564.380000 -5.969870 -11.544400 0.000000 0.000000 0.000000 -0.666881 0.745164
2564.450000 -5.964030 -11.594300 0.000000 0.000000 0.000000 -0.669169 0.743110
2564.820000 -5.957880 -11.647400 0.000000 0.000000 0.000000 -0.669169 0.743110
2564.850000 -5.951120 -11.706800 0.000000 0.000000 0.000000 -0.666881 0.745164
2565.160000 -5.943230 -11.771200 0.000000 0.000000 0.000000 -0.664590 0.747208
2565.210000 -5.936370 -11.828400 0.000000 0.000000 0.000000 -0.666881 0.745164
2565.490000 -5.930220 -11.881400 0.000000 0.000000 0.000000 -0.666881 0.745164
2565.610000 -5.917940 -11.932500 0.000000 0.000000 0.000000 -0.652641 0.757667
2566.000000 -5.909550 -11.991000 0.000000 0.000000 0.000000 -0.652641 0.757667
2566.010000 -5.900270 -12.049100 0.000000 0.000000 0.000000 -0.654968 0.755657
2568.300000 -5.896070 -12.079500 0.000000 0.000000 0.000000 -0.657285 0.753642
2568.340000 -5.888130 -12.137100 0.000000 0.000000 0.000000 -0.657285 0.753642
2568.350000 -5.857740 -12.365100 0.000000 0.000000 0.000000 -0.668786 0.743455
2568.370000 -5.825310 -12.711900 0.000000 0.000000 0.000000 -0.677873 0.735179
2568.940000 -5.820970 -12.766900 0.000000 0.000000 0.000000 -0.675612 0.737257
2569.080000 -5.809550 -12.884400 0.000000 0.000000 0.000000 -0.677873 0.735179
2569.180000 -5.762750 -12.910100 0.000000 0.000000 0.000000 -0.670925 0.741526
2569.450000 -5.757850 -12.967700 0.000000 0.000000 0.000000 -0.673198 0.739462
2569.570000 -5.751590 -13.025700 0.000000 0.000000 0.000000 -0.675469 0.737389
2569.850000 -5.746680 -13.083200 0.000000 0.000000 0.000000 -0.677729 0.735312
2569.980000 -5.741780 -13.140800 0.000000 0.000000 0.000000 -0.679987 0.733224
2572.320000 -5.738300 -13.195700 0.000000 0.000000 0.000000 -0.684480 0.729032
2572.340000 -5.734680 -13.255100 0.000000 0.000000 0.000000 -0.688947 0.724812
2572.380000 -5.731480 -13.838500 0.000000 0.000000 0.000000 -0.717342 0.696721
2572.900000 -5.733280 -13.896200 0.000000 0.000000 0.000000 -0.721610 0.692300
2573.050000 -5.669220 -13.972300 0.000000 0.000000 0.000000 -0.699548 0.714585
2573.200000 -5.668670 -14.032500 0.000000 0.000000 0.000000 -0.703926 0.710273
2573.460000 -5.668370 -14.090400 0.000000 0.000000 0.000000 -0.708277 0.705934
2573.570000 -5.668290 -14.146200 0.000000 0.000000 0.000000 -0.710445 0.703753
2573.910000 -5.668280 -14.205600 0.000000 0.000000 0.000000 -0.712602 0.701569
2573.980000 -5.669350 -14.263200 0.000000 0.000000 0.000000 -0.712602 0.701569
2576.260000 -5.669890 -14.321800 0.000000 0.000000 0.000000 -0.714756 0.699374
2576.380000 -5.678400 -14.917200 0.000000 0.000000 0.000000 -0.718366 0.695666
2576.640000 -5.680670 -14.976200 0.000000 0.000000 0.000000 -0.722627 0.691238
2576.800000 -5.682540 -15.037400 0.000000 0.000000 0.000000 -0.724749 0.689013
2577.000000 -5.684990 -15.092700 0.000000 0.000000 0.000000 -0.724749 0.689013
2577.260000 -5.687450 -15.148100 0.000000 0.000000 0.000000 -0.724749 0.689013
2577.520000 -5.690100 -15.204900 0.000000 0.000000 0.000000 -0.724749 0.689013
2577.600000 -5.692370 -15.263900 0.000000 0.000000 0.000000 -0.724749 0.689013
2577.890000 -5.695640 -15.324900 0.000000 0.000000 0.000000 -0.726861 0.686785
2577.980000 -5.698090 -15.380300 0.000000 0.000000 0.000000 -0.728969 0.684546
2580.320000 -5.702150 -15.436900 0.000000 0.000000 0.000000 -0.731067 0.682305
2580.330000 -5.705610 -15.494300 0.000000 0.000000 0.000000 -0.731067 0.682305
2580.380000 -5.720870 -16.029600 0.000000 0.000000 0.000000 -0.738117 0.674673
2581.120000 -5.725800 -16.086000 0.000000 0.000000 0.000000 -0.742249 0.670124
2581.200000 -5.743910 -16.260400 0.000000 0.000000 0.000000 -0.746353 0.665551
2581.420000 -5.749610 -16.317400 0.000000 0.000000 0.000000 -0.746353 0.665551
2581.580000 -5.756590 -16.372900 0.000000 0.000000 0.000000 -0.748392 0.663256
2581.860000 -5.763060 -16.430500 0.000000 0.000000 0.000000 -0.748392 0.663256
2581.980000 -5.769640 -16.489600 0.000000 0.000000 0.000000 -0.750428 0.660952
2584.240000 -5.776870 -16.547900 0.000000 0.000000 0.000000 -0.750428 0.660952
2584.250000 -5.790200 -16.659600 0.000000 0.000000 0.000000 -0.746353 0.665551
2584.320000 -5.790930 -17.093600 0.000000 0.000000 0.000000 -0.733852 0.679310
2584.650000 -5.791890 -17.101300 0.000000 0.000000 0.000000 -0.735934 0.677053
2584.990000 -5.791840 -17.099900 0.000000 0.000000 0.000000 -0.735934 0.677053
2585.140000 -5.791890 -17.101300 0.000000 0.000000 0.000000 -0.733852 0.679310
2585.410000 -5.791890 -17.101300 0.000000 0.000000 0.000000 -0.731760 0.681563
2585.500000 -5.791890 -17.101300 0.000000 0.000000 0.000000 -0.723328 0.690505
2585.660000 -5.791890 -17.101300 0.000000 0.000000 0.000000 -0.708309 0.705902
2585.800000 -5.791890 -17.101300 0.000000 0.000000 0.000000 -0.684050 0.729435
2586.070000 -5.791930 -17.102700 0.000000 0.000000 0.000000 -0.649715 0.760178
2586.160000 -5.791980 -17.104100 0.000000 0.000000 0.000000 -0.628447 0.777852
2588.310000 -5.790700 -17.108400 0.000000 0.000000 0.000000 -0.579488 0.814981
2588.320000 -5.725370 -17.120500 0.000000 0.000000 0.000000 -0.356154 0.934427
2588.400000 -5.713750 -17.088800 0.000000 0.000000 0.000000 -0.199580 0.979881
2589.460000 -5.713750 -17.088800 0.000000 0.000000 0.000000 -0.154221 0.988036
2589.500000 -5.667790 -17.041200 0.000000 0.000000 0.000000 -0.079256 0.996854
2589.520000 -5.627220 -17.047300 0.000000 0.000000 0.000000 -0.088442 0.996081
2590.200000 -5.550440 -17.060500 0.000000 0.000000 0.000000 -0.079256 0.996854
2592.430000 -5.373640 -17.088900 0.000000 0.000000 0.000000 -0.094562 0.995519
2592.440000 -5.262080 -17.109000 0.000000 0.000000 0.000000 -0.091502 0.995805
2592.480000 -4.775270 -17.201800 0.000000 0.000000 0.000000 -0.091502 0.995805
2592.820000 -4.720190 -17.211800 0.000000 0.000000 0.000000 -0.091502 0.995805
2592.880000 -4.660270 -17.223000 0.000000 0.000000 0.000000 -0.088442 0.996081
2593.160000 -4.659650 -17.116600 0.000000 0.000000 0.000000 -0.013695 0.999906
2593.320000 -4.602340 -17.117100 0.000000 0.000000 0.000000 -0.010623 0.999944
2593.580000 -4.547850 -17.117700 0.000000 0.000000 0.000000 -0.007550 0.999972
2593.810000 -4.491230 -17.119000 0.000000 0.000000 0.000000 -0.010623 0.999944
2594.010000 -4.431050 -17.120800 0.000000 0.000000 0.000000 -0.013695 0.999906
2594.080000 -4.370180 -17.121900 0.000000 0.000000 0.000000 -0.016768 0.999859
2596.240000 -4.312830 -17.123900 0.000000 0.000000 0.000000 -0.016768 0.999859
2596.250000 -3.967100 -17.142500 0.000000 0.000000 0.000000 -0.041339 0.999145
2596.280000 -3.738800 -17.161600 0.000000 0.000000 0.000000 -0.041339 0.999145
2596.590000 -3.679950 -17.166300 0.000000 0.000000 0.000000 -0.041339 0.999145
2596.820000 -3.624530 -17.155500 0.000000 0.000000 0.000000 -0.016663 0.999861
2596.890000 -3.568340 -17.157500 0.000000 0.000000 0.000000 -0.016663 0.999861
2597.140000 -3.510100 -17.158700 0.000000 0.000000 0.000000 -0.010518 0.999945
2597.340000 -3.449030 -17.159600 0.000000 0.000000 0.000000 -0.007445 0.999972
2597.480000 -3.392950 -17.160200 0.000000 0.000000 0.000000 -0.001299 0.999999
2597.790000 -3.336230 -17.160100 0.000000 0.000000 0.000000 0.004846 0.999988
2597.880000 -3.280260 -17.159300 0.000000 0.000000 0.000000 0.001773 0.999998
2600.100000 -3.220710 -17.158900 0.000000 0.000000 0.000000 -0.001299 0.999999
2600.110000 -2.987830 -17.162200 0.000000 0.000000 0.000000 -0.013590 0.999908
2600.280000 -2.574950 -17.208200 0.000000 0.000000 0.000000 -0.009770 0.999952
2600.580000 -2.512160 -17.209400 0.000000 0.000000 0.000000 -0.009770 0.999952
2600.810000 -2.456560 -17.210100 0.000000 0.000000 0.000000 -0.003624 0.999993
2600.890000 -2.405960 -17.210600 0.000000 0.000000 0.000000 -0.006697 0.999978
2601.140000 -2.344740 -17.210600 0.000000 0.000000 0.000000 -0.003624 0.999993
2601.340000 -2.281330 -17.211100 0.000000 0.000000 0.000000 -0.003624 0.999993
2601.480000 -2.222140 -17.212000 0.000000 0.000000 0.000000 -0.006697 0.999978
2601.870000 -2.170120 -17.212400 0.000000 0.000000 0.000000 -0.006697 0.999978
2601.880000 -2.111720 -17.212700 0.000000 0.000000 0.000000 -0.009770 0.999952
2604.100000 -2.051730 -17.214300 0.000000 0.000000 0.000000 -0.009770 0.999952
2604.110000 -1.814630 -17.220900 0.000000 0.000000 0.000000 -0.015915 0.999873
2604.280000 -1.441610 -17.161600 0.000000 0.000000 0.000000 -0.006387 0.999980
2604.660000 -1.367200 -17.161600 0.000000 0.000000 0.000000 -0.000242 1.000000
2604.820000 -1.305800 -17.160700 0.000000 0.000000 0.000000 -0.000242 1.000000
2604.990000 -1.256400 -17.160900 0.000000 0.000000 0.000000 0.002831 0.999996
2605.120000 -1.207800 -17.160600 0.000000 0.000000 0.000000 -0.000242 1.000000
2605.370000 -1.149790 -17.160900 0.000000 0.000000 0.000000 -0.003314 0.999995
2605.590000 -1.083990 -17.160800 0.000000 0.000000 0.000000 -0.003314 0.999995
2605.830000 -1.019590 -17.160900 0.000000 0.000000 0.000000 -0.003314 0.999995
2605.880000 -0.976578 -17.161400 0.000000 0.000000 0.000000 -0.003314 0.999995
2608.160000 -0.951579 -17.161100 0.000000 0.000000 0.000000 -0.006387 0.999980
2608.170000 -0.959372 -17.161600 0.000000 0.000000 0.000000 0.137595 0.990489
2608.280000 -0.954181 -17.099800 0.000000 0.000000 0.000000 0.260004 0.965608
2608.610000 -0.954181 -17.099800 0.000000 0.000000 0.000000 0.307144 0.951663
2608.660000 -0.954971 -17.099200 0.000000 0.000000 0.000000 0.362149 0.932120
2608.860000 -0.954971 -17.099200 0.000000 0.000000 0.000000 0.407520 0.913196
2609.120000 -0.954971 -17.099200 0.000000 0.000000 0.000000 0.440908 0.897552
2609.340000 -0.987351 -17.063600 0.000000 0.000000 0.000000 0.472966 0.881080
2609.420000 -0.987351 -17.063600 0.000000 0.000000 0.000000 0.510422 0.859924
2609.790000 -0.987351 -17.063600 0.000000 0.000000 0.000000 0.531402 0.847120
2609.990000 -0.987351 -17.063600 0.000000 0.000000 0.000000 0.602233 0.798321
2612.410000 -0.987351 -17.063600 0.000000 0.000000 0.000000 0.638375 0.769726
2612.420000 -1.031000 -16.944500 0.000000 0.000000 0.000000 0.736195 0.676770
2612.430000 -1.042590 -16.800700 0.000000 0.000000 0.000000 0.732022 0.681281
2613.050000 -1.057110 -16.549900 0.000000 0.000000 0.000000 0.721468 0.692448
2613.260000 -1.054770 -16.389000 0.000000 0.000000 0.000000 0.675314 0.737531
2613.380000 -1.048390 -16.332200 0.000000 0.000000 0.000000 0.663906 0.747816
2613.660000 -1.041100 -16.263300 0.000000 0.000000 0.000000 0.666199 0.745774
2614.030000 -1.033730 -16.202100 0.000000 0.000000 0.000000 0.668489 0.743722
2614.130000 -1.028970 -16.150500 0.000000 0.000000 0.000000 0.670769 0.741666
2614.330000 -1.021400 -16.070100 0.000000 0.000000 0.000000 0.673046 0.739600
2616.580000 -1.015440 -16.009100 0.000000 0.000000 0.000000 0.675314 0.737531
2616.640000 -1.148040 -16.060700 0.000000 0.000000 0.000000 0.737182 0.675694
2616.650000 -1.189780 -15.574300 0.000000 0.000000 0.000000 0.739256 0.673424
2617.500000 -1.199980 -15.457500 0.000000 0.000000 0.000000 0.735104 0.677954
2617.650000 -1.219730 -15.228700 0.000000 0.000000 0.000000 0.739256 0.673424
2617.880000 -1.225470 -15.169300 0.000000 0.000000 0.000000 0.739256 0.673424
2617.940000 -1.231580 -15.108600 0.000000 0.000000 0.000000 0.739256 0.673424
2618.280000 -1.266640 -15.076700 0.000000 0.000000 0.000000 0.759910 0.650028
2618.350000 -1.274760 -15.022700 0.000000 0.000000 0.000000 0.759910 0.650028
2621.510000 -1.283820 -14.963700 0.000000 0.000000 0.000000 0.761902 0.647692
2621.520000 -1.294240 -14.903000 0.000000 0.000000 0.000000 0.759910 0.650028
2621.530000 -1.302380 -14.846700 0.000000 0.000000 0.000000 0.751864 0.659318
2621.540000 -1.308250 -14.794900 0.000000 0.000000 0.000000 0.737509 0.675337
2621.550000 -1.312360 -14.739500 0.000000 0.000000 0.000000 0.720685 0.693263
2621.560000 -1.312930 -14.679100 0.000000 0.000000 0.000000 0.701240 0.712926
2621.570000 -1.311270 -14.618700 0.000000 0.000000 0.000000 0.694640 0.719357
2621.580000 -1.309140 -14.561900 0.000000 0.000000 0.000000 0.696846 0.717221
2621.590000 -1.308310 -14.507800 0.000000 0.000000 0.000000 0.696846 0.717221
2621.600000 -1.306190 -14.448700 0.000000 0.000000 0.000000 0.690207 0.723612
2621.610000 -1.301980 -14.374000 0.000000 0.000000 0.000000 0.694640 0.719357
2621.620000 -1.300260 -14.320300 0.000000 0.000000 0.000000 0.690207 0.723612
2621.780000 -1.275200 -14.027800 0.000000 0.000000 0.000000 0.699273 0.714855
2622.000000 -1.273770 -13.972700 0.000000 0.000000 0.000000 0.697075 0.716998
2622.140000 -1.271840 -13.909000 0.000000 0.000000 0.000000 0.694867 0.719138
2622.440000 -1.269000 -13.845700 0.000000 0.000000 0.000000 0.692656 0.721268
2622.570000 -1.267160 -13.789700 0.000000 0.000000 0.000000 0.692656 0.721268
2624.880000 -1.265520 -13.739000 0.000000 0.000000 0.000000 0.694867 0.719138
2624.890000 -1.299570 -13.225300 0.000000 0.000000 0.000000 0.758117 0.652119
2624.940000 -1.316930 -13.103900 0.000000 0.000000 0.000000 0.754095 0.656765
2625.200000 -1.324950 -13.047900 0.000000 0.000000 0.000000 0.750045 0.661387
2625.340000 -1.391890 -13.040500 0.000000 0.000000 0.000000 0.766372 0.642397
2625.550000 -1.400810 -12.984800 0.000000 0.000000 0.000000 0.760417 0.649435
2625.800000 -1.409850 -12.923700 0.000000 0.000000 0.000000 0.748316 0.663342
2626.070000 -1.415950 -12.860500 0.000000 0.000000 0.000000 0.731787 0.681534
2626.140000 -1.417970 -12.806300 0.000000 0.000000 0.000000 0.712662 0.701508
2626.470000 -1.417770 -12.751900 0.000000 0.000000 0.000000 0.703983 0.710217
2626.630000 -1.418380 -12.693900 0.000000 0.000000 0.000000 0.708337 0.705874
2628.980000 -1.418520 -12.631900 0.000000 0.000000 0.000000 0.708337 0.705874
2628.990000 -1.422190 -12.284300 0.000000 0.000000 0.000000 0.712662 0.701508
2629.000000 -1.424340 -12.168100 0.000000 0.000000 0.000000 0.714812 0.699317
2629.140000 -1.439310 -11.964900 0.000000 0.000000 0.000000 0.729968 0.683481
2629.450000 -1.442860 -11.903900 0.000000 0.000000 0.000000 0.729968 0.683481
2629.540000 -1.447960 -11.844500 0.000000 0.000000 0.000000 0.734154 0.678983
2629.810000 -1.452080 -11.788600 0.000000 0.000000 0.000000 0.736238 0.676722
2629.970000 -1.456500 -11.733600 0.000000 0.000000 0.000000 0.736238 0.676722
2630.170000 -1.460960 -11.675500 0.000000 0.000000 0.000000 0.734154 0.678983
2630.340000 -1.466060 -11.616100 0.000000 0.000000 0.000000 0.734154 0.678983
2630.660000 -1.470820 -11.558900 0.000000 0.000000 0.000000 0.734154 0.678983
2630.800000 -1.474940 -11.502900 0.000000 0.000000 0.000000 0.734154 0.678983
2633.020000 -1.479700 -11.445800 0.000000 0.000000 0.000000 0.734154 0.678983
2633.030000 -1.532710 -10.985400 0.000000 0.000000 0.000000 0.757049 0.653358
2633.140000 -1.558750 -10.815200 0.000000 0.000000 0.000000 0.763041 0.646350
2633.450000 -1.568650 -10.755100 0.000000 0.000000 0.000000 0.763041 0.646350
2633.540000 -1.578790 -10.700100 0.000000 0.000000 0.000000 0.766998 0.641649
2633.890000 -1.588420 -10.647300 0.000000 0.000000 0.000000 0.768965 0.639291
2634.160000 -1.598550 -10.592200 0.000000 0.000000 0.000000 0.770927 0.636924
2634.170000 -1.610640 -10.532600 0.000000 0.000000 0.000000 0.770927 0.636924
2634.320000 -1.621510 -10.472300 0.000000 0.000000 0.000000 0.766998 0.641649
2634.590000 -1.631160 -10.415300 0.000000 0.000000 0.000000 0.757049 0.653358
2634.850000 -1.635130 -10.389600 0.000000 0.000000 0.000000 0.748963 0.662612
2637.050000 -1.640160 -10.334800 0.000000 0.000000 0.000000 0.730354 0.683069
2637.060000 -1.636630 -10.157500 0.000000 0.000000 0.000000 0.671236 0.741244
2637.120000 -1.566490 -9.704150 0.000000 0.000000 0.000000 0.673856 0.738863
2637.450000 -1.561640 -9.651140 0.000000 0.000000 0.000000 0.673856 0.738863
2637.480000 -1.558450 -9.623250 0.000000 0.000000 0.000000 0.673856 0.738863
2637.800000 -1.554270 -9.562990 0.000000 0.000000 0.000000 0.678383 0.734708
2637.880000 -1.548550 -9.499960 0.000000 0.000000 0.000000 0.678383 0.734708
2638.200000 -1.543570 -9.440870 0.000000 0.000000 0.000000 0.676121 0.736791
2638.250000 -1.539520 -9.386690 0.000000 0.000000 0.000000 0.676121 0.736791
2638.820000 -1.534660 -9.333670 0.000000 0.000000 0.000000 0.676121 0.736791
2639.000000 -1.519180 -9.153440 0.000000 0.000000 0.000000 0.676121 0.736791
2641.530000 -1.517150 -9.126350 0.000000 0.000000 0.000000 0.676121 0.736791
2641.540000 -1.513090 -9.072170 0.000000 0.000000 0.000000 0.678383 0.734708
2641.550000 -1.521060 -8.438020 0.000000 0.000000 0.000000 0.682089 0.731270
2642.410000 -1.516510 -8.381120 0.000000 0.000000 0.000000 0.663906 0.747816
2642.440000 -1.484530 -8.148310 0.000000 0.000000 0.000000 0.656987 0.753902
2642.830000 -1.477010 -8.091800 0.000000 0.000000 0.000000 0.656987 0.753902
2642.850000 -1.469100 -8.032330 0.000000 0.000000 0.000000 0.659298 0.751882
2643.390000 -1.511910 -8.012450 0.000000 0.000000 0.000000 0.680145 0.733078
2643.410000 -1.507390 -7.957640 0.000000 0.000000 0.000000 0.680145 0.733078
2643.440000 -1.503950 -7.903740 0.000000 0.000000 0.000000 0.680145 0.733078
2646.060000 -1.499190 -7.845940 0.000000 0.000000 0.000000 0.680145 0.733078
2646.080000 -1.495010 -7.783070 0.000000 0.000000 0.000000 0.682392 0.730986
2646.090000 -1.470140 -7.262350 0.000000 0.000000 0.000000 0.695755 0.718280
2646.350000 -1.465780 -7.124240 0.000000 0.000000 0.000000 0.689103 0.724664
2646.620000 -1.461780 -7.039280 0.000000 0.000000 0.000000 0.691324 0.722545
2646.640000 -1.466760 -7.026210 0.000000 0.000000 0.000000 0.715706 0.698401
2646.930000 -1.466770 -6.976200 0.000000 0.000000 0.000000 0.702710 0.711476
2647.040000 -1.465840 -6.929210 0.000000 0.000000 0.000000 0.693914 0.720058
2647.490000 -1.463770 -6.875240 0.000000 0.000000 0.000000 0.698325 0.715781
2648.120000 -1.461200 -6.745260 0.000000 0.000000 0.000000 0.702710 0.711476
2648.170000 -1.461080 -6.688250 0.000000 0.000000 0.000000 0.707069 0.707144
2648.250000 -1.461980 -6.582220 0.000000 0.000000 0.000000 0.713559 0.700595
2651.560000 -1.463810 -6.523170 0.000000 0.000000 0.000000 0.715706 0.698401
2651.570000 -1.465600 -6.462120 0.000000 0.000000 0.000000 0.717851 0.696197
2651.580000 -1.467420 -6.402070 0.000000 0.000000 0.000000 0.722115 0.691773
2651.590000 -1.470270 -6.344000 0.000000 0.000000 0.000000 0.724239 0.689549
2651.600000 -1.473200 -6.289930 0.000000 0.000000 0.000000 0.724239 0.689549
2651.610000 -1.476110 -6.234870 0.000000 0.000000 0.000000 0.722115 0.691773
2651.620000 -1.477910 -6.173820 0.000000 0.000000 0.000000 0.715706 0.698401
2651.630000 -1.476620 -6.057820 0.000000 0.000000 0.000000 0.689476 0.724309
2651.640000 -1.412330 -5.997470 0.000000 0.000000 0.000000 0.700398 0.713752
2651.650000 -1.409340 -5.941230 0.000000 0.000000 0.000000 0.678141 0.734932
2651.660000 -1.404570 -5.880880 0.000000 0.000000 0.000000 0.675878 0.737014
2652.090000 -1.378130 -5.533970 0.000000 0.000000 0.000000 0.678141 0.734932
2652.100000 -1.374140 -5.477670 0.000000 0.000000 0.000000 0.680394 0.732847
2652.240000 -1.369320 -5.418330 0.000000 0.000000 0.000000 0.678141 0.734932
2653.620000 -1.364440 -5.359980 0.000000 0.000000 0.000000 0.678141 0.734932
2655.490000 -1.349690 -5.186940 0.000000 0.000000 0.000000 0.673612 0.739085
2655.500000 -1.348870 -4.925070 0.000000 0.000000 0.000000 0.705072 0.709135
2655.640000 -1.353860 -4.519410 0.000000 0.000000 0.000000 0.713738 0.700413
2655.920000 -1.354990 -4.460200 0.000000 0.000000 0.000000 0.711580 0.702605
2656.040000 -1.355810 -4.403990 0.000000 0.000000 0.000000 0.711580 0.702605
2656.420000 -1.356430 -4.349760 0.000000 0.000000 0.000000 0.711580 0.702605
2656.460000 -1.358350 -4.292650 0.000000 0.000000 0.000000 0.713738 0.700413
2656.820000 -1.359690 -4.231460 0.000000 0.000000 0.000000 0.715884 0.698219
2656.870000 -1.362020 -4.170380 0.000000 0.000000 0.000000 0.720161 0.693807
2657.070000 -1.364140 -4.111280 0.000000 0.000000 0.000000 0.722292 0.691589
2657.520000 -1.366750 -4.057260 0.000000 0.000000 0.000000 0.724411 0.689368
2658.200000 -1.415410 -3.806140 0.000000 0.000000 0.000000 0.723211 0.690627
2660.910000 -1.416690 -3.748600 0.000000 0.000000 0.000000 0.703837 0.710361
2660.920000 -1.414840 -3.691560 0.000000 0.000000 0.000000 0.683926 0.729552
2660.930000 -1.409720 -3.636010 0.000000 0.000000 0.000000 0.665788 0.746141
2660.940000 -1.401790 -3.578990 0.000000 0.000000 0.000000 0.649586 0.760288
2660.950000 -1.397250 -3.550900 0.000000 0.000000 0.000000 0.644902 0.764265
2660.960000 -1.387510 -3.492570 0.000000 0.000000 0.000000 0.642549 0.766245
2660.970000 -1.377770 -3.434240 0.000000 0.000000 0.000000 0.642549 0.766245
2660.980000 -1.367540 -3.378880 0.000000 0.000000 0.000000 0.642549 0.766245
2660.990000 -1.347420 -3.266170 0.000000 0.000000 0.000000 0.642549 0.766245
2661.000000 -1.342210 -3.235940 0.000000 0.000000 0.000000 0.640193 0.768214
2661.010000 -1.331490 -3.177450 0.000000 0.000000 0.000000 0.640193 0.768214
2661.020000 -1.321580 -3.120110 0.000000 0.000000 0.000000 0.640193 0.768214
2661.470000 -1.312020 -3.066880 0.000000 0.000000 0.000000 0.640193 0.768214
2661.500000 -1.316930 -2.825460 0.000000 0.000000 0.000000 0.683093 0.730331
2661.920000 -1.314470 -2.769470 0.000000 0.000000 0.000000 0.696440 0.717615
2662.060000 -1.315300 -2.681400 0.000000 0.000000 0.000000 0.724546 0.689227
2662.660000 -1.319580 -2.622860 0.000000 0.000000 0.000000 0.732961 0.680270
2663.290000 -1.327920 -2.506760 0.000000 0.000000 0.000000 0.735046 0.678017
2665.410000 -1.335800 -2.419290 0.000000 0.000000 0.000000 0.735046 0.678017
2665.420000 -1.349170 -2.245850 0.000000 0.000000 0.000000 0.724546 0.689227
2666.170000 -1.425320 -1.753190 0.000000 0.000000 0.000000 0.730415 0.683003
2666.290000 -1.435160 -1.599240 0.000000 0.000000 0.000000 0.726201 0.687482
2666.380000 -1.438000 -1.542560 0.000000 0.000000 0.000000 0.726201 0.687482
2667.470000 -1.441050 -1.495360 0.000000 0.000000 0.000000 0.726201 0.687482
2667.560000 -1.448140 -1.204520 0.000000 0.000000 0.000000 0.682608 0.730785
2670.160000 -1.443410 -1.148640 0.000000 0.000000 0.000000 0.680361 0.732877
2670.170000 -1.488080 -0.809014 0.000000 0.000000 0.000000 0.737580 0.675259
2670.340000 -1.521160 -0.471092 0.000000 0.000000 0.000000 0.743771 0.668434
2670.960000 -1.526560 -0.419175 0.000000 0.000000 0.000000 0.745823 0.666144
2671.610000 -1.534130 -0.360524 0.000000 0.000000 0.000000 0.745823 0.666144
2672.060000 -1.654290 -0.083227 0.000000 0.000000 0.000000 0.773018 0.634384
2672.190000 -1.656560 -0.068534 0.000000 0.000000 0.000000 0.761193 0.648526
2675.200000 -1.656490 -0.070771 0.000000 0.000000 0.000000 0.751138 0.660145
2675.220000 -1.657440 -0.069010 0.000000 0.000000 0.000000 0.742969 0.669326
2675.230000 -1.657440 -0.069010 0.000000 0.000000 0.000000 0.730504 0.682908
2675.240000 -1.657440 -0.069010 0.000000 0.000000 0.000000 0.711341 0.702847
2675.250000 -1.656560 -0.068534 0.000000 0.000000 0.000000 0.666832 0.745208
2675.260000 -1.656560 -0.068534 0.000000 0.000000 0.000000 0.648312 0.761375
2675.270000 -1.656560 -0.068534 0.000000 0.000000 0.000000 0.631790 0.775140
2675.280000 -1.657040 -0.067656 0.000000 0.000000 0.000000 0.607675 0.794186
2675.290000 -1.656630 -0.066302 0.000000 0.000000 0.000000 0.582987 0.812482
2675.300000 -1.578890 -0.033021 0.000000 0.000000 0.000000 0.592026 0.805919
2675.310000 -1.578890 -0.033021 0.000000 0.000000 0.000000 0.577069 0.816696
2675.490000 -1.578890 -0.033021 0.000000 0.000000 0.000000 0.556818 0.830635
2675.560000 -1.574600 -0.026728 0.000000 0.000000 0.000000 0.453523 0.891245
2675.970000 -1.574300 -0.025344 0.000000 0.000000 0.000000 0.439777 0.898107
2676.180000 -1.571460 -0.022355 0.000000 0.000000 0.000000 0.378106 0.925762
2676.610000 -1.526490 -0.060957 0.000000 0.000000 0.000000 0.367445 0.930045
2676.800000 -1.526490 -0.060957 0.000000 0.000000 0.000000 0.321295 0.946979
2679.380000 -1.525660 -0.060403 0.000000 0.000000 0.000000 0.292049 0.956403
2679.390000 -1.459950 -0.085015 0.000000 0.000000 0.000000 0.083326 0.996522
2679.550000 -1.218740 -0.073214 0.000000 0.000000 0.000000 0.018894 0.999821
2679.970000 -1.170740 -0.071960 0.000000 0.000000 0.000000 0.012749 0.999919
2680.240000 -1.125500 -0.070112 0.000000 0.000000 0.000000 0.009676 0.999953
2680.350000 -0.998430 -0.067774 0.000000 0.000000 0.000000 0.003531 0.999994
2680.770000 -0.931854 -0.067616 0.000000 0.000000 0.000000 0.000459 1.000000
2681.490000 -0.878864 -0.066711 0.000000 0.000000 0.000000 -0.002614 0.999997
2684.640000 -0.711889 -0.067161 0.000000 0.000000 0.000000 -0.005687 0.999984
2684.650000 -0.646156 -0.067547 0.000000 0.000000 0.000000 -0.005687 0.999984
2685.210000 -0.322783 -0.096767 0.000000 0.000000 0.000000 0.002892 0.999996
2685.290000 -0.322783 -0.096767 0.000000 0.000000 0.000000 0.002892 0.999996
2685.490000 -0.322783 -0.096767 0.000000 0.000000 0.000000 0.002892 0.999996
2685.890000 -0.322783 -0.096767 0.000000 0.000000 0.000000 0.002892 0.999996
2686.100000 -0.322783 -0.096767 0.000000 0.000000 0.000000 0.002892 0.999996
2686.250000 -0.322783 -0.096767 0.000000 0.000000 0.000000 0.002892 0.999996
2686.410000 -0.322783 -0.096767 0.000000 0.000000 0.000000 0.002892 0.999996
2686.610000 -0.322783 -0.096767 0.000000 0.000000 0.000000 0.002892 0.999996
2686.810000 -0.322783 -0.096767 0.000000 0.000000 0.000000 0.002892 0.999996
2686.970000 -0.322783 -0.096767 0.000000 0.000000 0.000000 0.002892 0.999996
2687.170000 -0.322783 -0.096767 0.000000 0.000000 0.000000 0.002892 0.999996
2687.370000 -0.322783 -0.096767 0.000000 0.000000 0.000000 0.002892 0.999996
2687.530000 -0.322783 -0.096767 0.000000 0.000000 0.000000 0.002892 0.999996
2688.290000 -0.322783 -0.096767 0.000000 0.000000 0.000000 0.002892 0.999996
2688.490000 -0.322783 -0.096767 0.000000 0.000000 0.000000 0.002892 0.999996
2688.650000 -0.322783 -0.096767 0.000000 0.000000 0.000000 0.002892 0.999996
2688.850000 -0.322783 -0.096767 0.000000 0.000000 0.000000 0.002892 0.999996
2689.050000 -0.322783 -0.096767 0.000000 0.000000 0.000000 0.002892 0.999996
2689.210000 -0.322783 -0.096767 0.000000 0.000000 0.000000 0.002892 0.999996
2689.410000 -0.322783 -0.096767 0.000000 0.000000 0.000000 0.002892 0.999996
2689.610000 -0.322783 -0.096767 0.000000 0.000000 0.000000 0.002892 0.999996
2689.770000 -0.322783 -0.096767 0.000000 0.000000 0.000000 0.002892 0.999996
2689.970000 -0.322783 -0.096767 0.000000 0.000000 0.000000 0.002892 0.999996
2690.170000 -0.322783 -0.096767 0.000000 0.000000 0.000000 0.002892 0.999996
2690.330000 -0.322783 -0.096767 0.000000 0.000000 0.000000 0.002892 0.999996
2690.530000 -0.322783 -0.096767 0.000000 0.000000 0.000000 0.002892 0.999996
2691.300000 -0.322783 -0.096767 0.000000 0.000000 0.000000 0.002892 0.999996
