# corrected_gt.txt shifted from the CLF logger clock to the acquisition clock
# offset added to every stamp: 976052857.337284 s (acquisition - logger, constant across the recording)
976052857.337530 0.000000 0.000000 0.000000 0.000000 0.000000 0.000000 1.000000
976052857.348896 0.000000 0.000000 0.000000 0.000000 0.000000 0.000000 1.000000
976052857.542231 0.000000 0.000000 0.000000 0.000000 0.000000 0.000000 1.000000
976052857.742123 0.000000 0.000000 0.000000 0.000000 0.000000 0.000000 1.000000
976052857.902242 0.000000 0.000000 0.000000 0.000000 0.000000 0.000000 1.000000
976052858.109126 0.000000 0.000000 0.000000 0.000000 0.000000 0.000000 1.000000
976052858.304357 0.000000 0.000000 0.000000 0.000000 0.000000 0.000000 1.000000
976052858.462014 0.000000 0.000000 0.000000 0.000000 0.000000 0.000000 1.000000
976052858.661874 0.000000 0.000000 0.000000 0.000000 0.000000 0.000000 1.000000
976052858.861784 0.000000 0.000000 0.000000 0.000000 0.000000 0.000000 1.000000
976052859.220494 0.000000 0.000000 0.000000 0.000000 0.000000 0.000000 1.000000
976052859.221844 0.000000 0.000000 0.000000 0.000000 0.000000 0.000000 1.000000
976052859.421764 0.000000 0.000000 0.000000 0.000000 0.000000 0.000000 1.000000
976052859.583754 0.000000 0.000000 0.000000 0.000000 0.000000 0.000000 1.000000
976052859.781624 0.000000 0.000000 0.000000 0.000000 0.000000 0.000000 1.000000
976052859.981664 0.000000 0.000000 0.000000 0.000000 0.000000 0.000000 1.000000
976052860.143744 0.000000 0.000000 0.000000 0.000000 0.000000 0.000000 1.000000
976052860.343594 0.000000 0.000000 0.000000 0.000000 0.000000 0.000000 1.000000
976052860.544894 0.000000 0.000000 0.000000 0.000000 0.000000 0.000000 1.000000
976052860.701914 0.000000 0.000000 0.000000 0.000000 0.000000 0.000000 1.000000
976052860.901774 0.000000 0.000000 0.000000 0.000000 0.000000 0.000000 1.000000
976052861.103854 0.000000 0.000000 0.000000 0.000000 0.000000 0.000000 1.000000
976052861.261904 0.000000 0.000000 0.000000 0.000000 0.000000 0.000000 1.000000
976052861.462754 0.000000 0.000000 0.000000 0.000000 0.000000 0.000000 1.000000
976052861.662254 0.000000 0.000000 0.000000 0.000000 0.000000 0.000000 1.000000
976052861.821894 0.000000 0.000000 0.000000 0.000000 0.000000 0.000000 1.000000
976052862.228184 0.000000 0.000000 0.000000 0.000000 0.000000 0.000000 1.000000
976052862.424744 0.000000 0.000000 0.000000 0.000000 0.000000 0.000000 1.000000
976052862.622634 0.000000 0.000000 0.000000 0.000000 0.000000 0.000000 1.000000
976052862.782544 0.000000 0.000000 0.000000 0.000000 0.000000 0.000000 1.000000
976052862.982384 0.000000 0.000000 0.000000 0.000000 0.000000 0.000000 1.000000
976052863.182604 0.000000 0.000000 0.000000 0.000000 0.000000 0.000000 1.000000
976052863.382084 0.000000 0.000000 0.000000 0.000000 0.000000 0.000000 1.000000
976052863.582764 0.000000 0.000000 0.000000 0.000000 0.000000 0.000000 1.000000
976052863.784204 0.000000 0.000000 0.000000 0.000000 0.000000 0.000000 1.000000
976052863.982624 0.000000 0.000000 0.000000 0.000000 0.000000 0.000000 1.000000
976052864.182494 0.000000 0.000000 0.000000 0.000000 0.000000 0.000000 1.000000
976052864.382324 0.000000 0.000000 0.000000 0.000000 0.000000 0.000000 1.000000
976052864.582184 0.000000 0.000000 0.000000 0.000000 0.000000 0.000000 1.000000
976052864.783024 0.000000 0.000000 0.000000 0.000000 0.000000 0.000000 1.000000
976052864.982854 0.000000 0.000000 0.000000 0.000000 0.000000 0.000000 1.000000
976052865.182724 0.000000 0.000000 0.000000 0.000000 0.000000 0.000000 1.000000
976052865.384524 0.000000 0.000000 0.000000 0.000000 0.000000 0.000000 1.000000
976052865.582454 0.000000 0.000000 0.000000 0.000000 0.000000 0.000000 1.000000
976052865.782254 0.000000 0.000000 0.000000 0.000000 0.000000 0.000000 1.000000
976052865.996444 0.000000 0.000000 0.000000 0.000000 0.000000 0.000000 1.000000
976052866.182974 0.000000 0.000000 0.000000 0.000000 0.000000 0.000000 1.000000
976052866.385284 0.000000 0.000000 0.000000 0.000000 0.000000 0.000000 1.000000
976052866.582674 0.000000 0.000000 0.000000 0.000000 0.000000 0.000000 1.000000
976052866.782614 0.000000 0.000000 0.000000 0.000000 0.000000 0.000000 1.000000
976052866.984754 0.000000 0.000000 0.000000 0.000000 0.000000 0.000000 1.000000
976052867.182534 0.000000 0.000000 0.000000 0.000000 0.000000 0.000000 1.000000
976052867.383084 0.000000 0.000000 0.000000 0.000000 0.000000 0.000000 1.000000
976052867.582484 0.000000 0.000000 0.000000 0.000000 0.000000 0.000000 1.000000
976052867.784584 0.000000 0.000000 0.000000 0.000000 0.000000 0.000000 1.000000
976052867.983684 0.000000 0.000000 0.000000 0.000000 0.000000 0.000000 1.000000
976052868.182484 0.000000 0.000000 0.000000 0.000000 0.000000 0.000000 1.000000
976052868.382984 0.000000 0.000000 0.000000 0.000000 0.000000 0.000000 1.000000
976052868.583184 0.000000 0.000000 0.000000 0.000000 0.000000 0.000000 1.000000
976052868.793284 0.000000 0.000000 0.000000 0.000000 0.000000 0.000000 1.000000
976052868.985184 0.000000 0.000000 0.000000 0.000000 0.000000 0.000000 1.000000
976052869.182584 0.000000 0.000000 0.000000 0.000000 0.000000 0.000000 1.000000
976052869.382584 0.000000 0.000000 0.000000 0.000000 0.000000 0.000000 1.000000
976052869.582584 0.000000 0.000000 0.000000 0.000000 0.000000 0.000000 1.000000
976052869.785084 0.000000 0.000000 0.000000 0.000000 0.000000 0.000000 1.000000
976052869.991384 0.000000 0.000000 0.000000 0.000000 0.000000 0.000000 1.000000
976052870.182984 0.000000 0.000000 0.000000 0.000000 0.000000 0.000000 1.000000
976052870.384584 0.000000 0.000000 0.000000 0.000000 0.000000 0.000000 1.000000
976052870.582684 0.000000 0.000000 0.000000 0.000000 0.000000 0.000000 1.000000
976052870.783284 0.000000 0.000000 0.000000 0.000000 0.000000 0.000000 1.000000
976052870.983384 0.000000 0.000000 0.000000 0.000000 0.000000 0.000000 1.000000
976052871.183184 0.000000 0.000000 0.000000 0.000000 0.000000 0.000000 1.000000
976052871.383084 0.000000 0.000000 0.000000 0.000000 0.000000 0.000000 1.000000
976052871.585684 0.000000 0.000000 0.000000 0.000000 0.000000 0.000000 1.000000
976052871.783584 0.000000 0.000000 0.000000 0.000000 0.000000 0.000000 1.000000
976052871.984984 0.000000 0.000000 0.000000 0.000000 0.000000 0.000000 1.000000
976052872.185484 0.000000 0.000000 0.000000 0.000000 0.000000 0.000000 1.000000
976052872.383284 0.000000 0.000000 0.000000 0.000000 0.000000 0.000000 1.000000
976052872.583184 0.000000 0.000000 0.000000 0.000000 0.000000 0.000000 1.000000
976052872.782984 0.000000 0.000000 0.000000 0.000000 0.000000 0.000000 1.000000
976052872.985584 0.000000 0.000000 0.000000 0.000000 0.000000 0.000000 1.000000
976052873.183584 0.000000 0.000000 0.000000 0.000000 0.000000 0.000000 1.000000
976052873.383484 0.000000 0.000000 0.000000 0.000000 0.000000 0.000000 1.000000
976052873.583384 0.000000 0.000000 0.000000 0.000000 0.000000 0.000000 1.000000
976052873.783284 0.000000 0.000000 0.000000 0.000000 0.000000 0.000000 1.000000
976052873.985084 0.000000 0.000000 0.000000 0.000000 0.000000 0.000000 1.000000
976052874.183684 0.000000 0.000000 0.000000 0.000000 0.000000 0.000000 1.000000
976052874.391084 0.000000 0.000000 0.000000 0.000000 0.000000 0.000000 1.000000
976052874.583084 0.000000 0.000000 0.000000 0.000000 0.000000 0.000000 1.000000
976052874.783484 0.000000 0.000000 0.000000 0.000000 0.000000 0.000000 1.000000
976052874.983384 0.000000 0.000000 0.000000 0.000000 0.000000 0.000000 1.000000
976052875.183284 0.000000 0.000000 0.000000 0.000000 0.000000 0.000000 1.000000
976052875.383784 0.000000 0.000000 0.000000 0.000000 0.000000 0.000000 1.000000
976052875.583284 0.000000 0.000000 0.000000 0.000000 0.000000 0.000000 1.000000
976052875.785084 0.000000 0.000000 0.000000 0.000000 0.000000 0.000000 1.000000
976052875.984884 0.000000 0.000000 0.000000 0.000000 0.000000 0.000000 1.000000
976052876.183484 0.000000 0.000000 0.000000 0.000000 0.000000 0.000000 1.000000
976052876.383284 0.000000 0.000000 0.000000 0.000000 0.000000 0.000000 1.000000
976052876.583784 0.000000 0.000000 0.000000 0.000000 0.000000 0.000000 1.000000
976052876.785784 0.000000 0.000000 0.000000 0.000000 0.000000 0.000000 1.000000
976052876.984884 0.000000 0.000000 0.000000 0.000000 0.000000 0.000000 1.000000
976052877.185584 0.000000 0.000000 0.000000 0.000000 0.000000 0.000000 1.000000
976052877.383484 0.000000 0.000000 0.000000 0.000000 0.000000 0.000000 1.000000
976052877.593284 0.000000 0.000000 0.000000 0.000000 0.000000 0.000000 1.000000
976052877.783884 0.000000 0.000000 0.000000 0.000000 0.000000 0.000000 1.000000
976052877.983784 0.000000 0.000000 0.000000 0.000000 0.000000 0.000000 1.000000
976052878.183784 0.000000 0.000000 0.000000 0.000000 0.000000 0.000000 1.000000
976052878.385384 0.000000 0.000000 0.000000 0.000000 0.000000 0.000000 1.000000
976052878.583584 0.000000 0.000000 0.000000 0.000000 0.000000 0.000000 1.000000
976052878.783484 0.000000 0.000000 0.000000 0.000000 0.000000 0.000000 1.000000
976052878.985184 0.000000 0.000000 0.000000 0.000000 0.000000 0.000000 1.000000
976052879.186084 0.000000 0.000000 0.000000 0.000000 0.000000 0.000000 1.000000
976052879.383784 0.000000 0.000000 0.000000 0.000000 0.000000 0.000000 1.000000
976052879.583584 0.000000 0.000000 0.000000 0.000000 0.000000 0.000000 1.000000
976052879.783684 0.000000 0.000000 0.000000 0.000000 0.000000 0.000000 1.000000
976052879.983584 0.000000 0.000000 0.000000 0.000000 0.000000 0.000000 1.000000
976052880.184084 0.000000 0.000000 0.000000 0.000000 0.000000 0.000000 1.000000
976052880.383984 0.000000 0.000000 0.000000 0.000000 0.000000 0.000000 1.000000
976052880.583884 0.000000 0.000000 0.000000 0.000000 0.000000 0.000000 1.000000
976052880.783784 0.000000 0.000000 0.000000 0.000000 0.000000 0.000000 1.000000
976052880.983784 0.000000 0.000000 0.000000 0.000000 0.000000 0.000000 1.000000
976052881.185984 0.000000 0.000000 0.000000 0.000000 0.000000 0.000000 1.000000
976052881.385384 0.000000 0.000000 0.000000 0.000000 0.000000 0.000000 1.000000
976052881.568884 0.000000 0.000000 0.000000 0.000000 0.000000 0.000000 1.000000
976052881.763984 0.000000 0.000000 0.000000 0.000000 0.000000 0.000000 1.000000
976052881.963884 0.000000 0.000000 0.000000 0.000000 0.000000 0.000000 1.000000
976052882.124184 0.000000 0.000000 0.000000 0.000000 0.000000 0.000000 1.000000
976052882.323984 0.000000 0.000000 0.000000 0.000000 0.000000 0.000000 1.000000
976052882.525984 0.000000 0.000000 0.000000 0.000000 0.000000 0.000000 1.000000
976052882.683884 0.000000 0.000000 0.000000 0.000000 0.000000 0.000000 1.000000
976052882.883884 0.000000 0.000000 0.000000 0.000000 0.000000 0.000000 1.000000
976052883.845384 0.000000 0.000000 0.000000 0.000000 0.000000 0.000000 1.000000
976052884.681884 0.000000 0.000000 0.000000 0.000000 0.000000 0.000000 1.000000
976052884.766884 0.000000 0.000000 0.000000 0.000000 0.000000 0.000000 1.000000
976052884.924984 0.000000 0.000000 0.000000 0.000000 0.000000 0.000000 1.000000
976052885.127484 0.000002 -0.001000 0.000000 0.000000 0.000000 0.000000 1.000000
976052885.326484 0.011002 -0.000973 0.000000 0.000000 0.000000 -0.003073 0.999995
976052885.484484 0.050002 -0.000877 0.000000 0.000000 0.000000 -0.009218 0.999958
976052885.684384 0.132009 -0.003676 0.000000 0.000000 0.000000 -0.012291 0.999924
976052886.316184 0.219012 -0.004462 0.000000 0.000000 0.000000 -0.000000 1.000000
976052886.542584 0.254012 -0.004376 0.000000 0.000000 0.000000 -0.000000 1.000000
976052886.581884 0.341016 -0.006162 0.000000 0.000000 0.000000 -0.009218 0.999958
976052886.634084 0.397016 -0.006024 0.000000 0.000000 0.000000 -0.003073 0.999995
976052886.983984 0.473018 -0.006837 0.000000 0.000000 0.000000 -0.006145 0.999981
976052887.512684 0.541023 -0.008670 0.000000 0.000000 0.000000 -0.009218 0.999958
976052888.842984 0.683032 -0.012321 0.000000 0.000000 0.000000 -0.018435 0.999830
976052888.964684 0.698035 -0.013284 0.000000 0.000000 0.000000 -0.018435 0.999830
976052889.165184 0.698035 -0.013284 0.000000 0.000000 0.000000 -0.027651 0.999618
976052889.365284 0.698035 -0.013284 0.000000 0.000000 0.000000 -0.052213 0.998636
976052889.803284 0.696032 -0.012289 0.000000 0.000000 0.000000 -0.079807 0.996810
976052889.985584 0.697032 -0.012287 0.000000 0.000000 0.000000 -0.116500 0.993191
976052890.445784 0.697032 -0.012287 0.000000 0.000000 0.000000 -0.171227 0.985232
976052890.515584 0.600266 -0.032033 0.000000 0.000000 0.000000 -0.206562 0.978433
976052890.565484 0.600266 -0.032033 0.000000 0.000000 0.000000 -0.233538 0.972348
976052890.843684 0.600266 -0.032033 0.000000 0.000000 0.000000 -0.263301 0.964714
976052890.965084 0.600266 -0.032033 0.000000 0.000000 0.000000 -0.298686 0.954351
976052891.204284 0.600266 -0.032033 0.000000 0.000000 0.000000 -0.333665 0.942692
976052891.416784 0.600266 -0.032033 0.000000 0.000000 0.000000 -0.359604 0.933105
976052891.565784 0.601477 -0.033912 0.000000 0.000000 0.000000 -0.385268 0.922805
976052891.777484 0.602580 -0.034798 0.000000 0.000000 0.000000 -0.413437 0.910533
976052892.442384 0.602580 -0.034798 0.000000 0.000000 0.000000 -0.443972 0.896041
976052892.729584 0.679869 -0.095286 0.000000 0.000000 0.000000 -0.514200 0.857670
976052892.765084 0.678693 -0.093384 0.000000 0.000000 0.000000 -0.542890 0.839804
976052893.241984 0.677518 -0.091482 0.000000 0.000000 0.000000 -0.570960 0.820978
976052893.243184 0.677248 -0.088494 0.000000 0.000000 0.000000 -0.595915 0.803047
976052893.394284 0.675983 -0.085596 0.000000 0.000000 0.000000 -0.625112 0.780535
976052893.796184 0.675713 -0.082608 0.000000 0.000000 0.000000 -0.648799 0.760960
976052893.797284 0.675533 -0.080616 0.000000 0.000000 0.000000 -0.660414 0.750902
976052893.965284 0.697411 -0.094649 0.000000 0.000000 0.000000 -0.675295 0.737547
976052894.319984 0.697237 -0.092657 0.000000 0.000000 0.000000 -0.693222 0.720724
976052894.374384 0.697064 -0.090664 0.000000 0.000000 0.000000 -0.719318 0.694681
976052894.779284 0.696891 -0.088672 0.000000 0.000000 0.000000 -0.738252 0.674525
976052894.780484 0.697713 -0.086593 0.000000 0.000000 0.000000 -0.754610 0.656173
976052894.968584 0.697540 -0.084600 0.000000 0.000000 0.000000 -0.770509 0.637429
976052895.306584 0.698363 -0.082521 0.000000 0.000000 0.000000 -0.791610 0.611026
976052895.374384 0.699099 -0.079446 0.000000 0.000000 0.000000 -0.811807 0.583926
976052895.777984 0.699835 -0.076370 0.000000 0.000000 0.000000 -0.827643 0.561255
976052895.779084 0.680133 -0.068762 0.000000 0.000000 0.000000 -0.834709 0.550691
976052895.965384 0.681017 -0.067658 0.000000 0.000000 0.000000 -0.851233 0.524788
976052896.334584 0.681790 -0.065560 0.000000 0.000000 0.000000 -0.868481 0.495722
976052896.365784 0.683447 -0.062357 0.000000 0.000000 0.000000 -0.886166 0.463367
976052896.707484 0.684330 -0.061253 0.000000 0.000000 0.000000 -0.897287 0.441448
976052896.784484 0.686097 -0.059044 0.000000 0.000000 0.000000 -0.907868 0.419257
976052897.156284 0.686981 -0.057940 0.000000 0.000000 0.000000 -0.920319 0.391169
976052897.165584 0.687975 -0.057830 0.000000 0.000000 0.000000 -0.934114 0.356974
976052897.556884 0.689742 -0.055621 0.000000 0.000000 0.000000 -0.946638 0.322298
976052897.566084 0.672657 -0.035172 0.000000 0.000000 0.000000 -0.948420 0.317016
976052898.748484 0.674495 -0.033898 0.000000 0.000000 0.000000 -0.955925 0.293610
976052898.759084 0.676333 -0.032625 0.000000 0.000000 0.000000 -0.963678 0.267065
976052898.794384 0.683968 -0.029509 0.000000 0.000000 0.000000 -0.987754 0.156016
976052899.159584 0.683968 -0.029509 0.000000 0.000000 0.000000 -0.991291 0.131688
976052899.165784 0.685947 -0.029225 0.000000 0.000000 0.000000 -0.994869 0.101173
976052899.529584 0.687785 -0.027951 0.000000 0.000000 0.000000 -0.997286 0.073625
976052899.624384 0.661420 0.045790 0.000000 0.000000 0.000000 -0.998539 0.054045
976052900.224184 0.661420 0.045790 0.000000 0.000000 0.000000 -0.999852 0.017195
976052900.236184 0.664388 0.046227 0.000000 0.000000 0.000000 0.999862 0.016606
976052900.494184 0.664388 0.046227 0.000000 0.000000 0.000000 0.998570 0.053451
976052900.566084 0.664388 0.046227 0.000000 0.000000 0.000000 0.995921 0.090228
976052900.966184 0.664388 0.046227 0.000000 0.000000 0.000000 0.991523 0.129928
976052900.967484 0.665377 0.046373 0.000000 0.000000 0.000000 0.987552 0.157295
976052901.264384 0.665523 0.045384 0.000000 0.000000 0.000000 0.983387 0.181519
976052901.514984 0.657154 0.081422 0.000000 0.000000 0.000000 0.977679 0.210104
976052901.614384 0.657154 0.081422 0.000000 0.000000 0.000000 0.970762 0.240044
976052901.967384 0.657154 0.081422 0.000000 0.000000 0.000000 0.962928 0.269758
976052901.968584 0.658291 0.080582 0.000000 0.000000 0.000000 0.954187 0.299212
976052902.174684 0.659429 0.079742 0.000000 0.000000 0.000000 0.944543 0.328388
976052902.388884 0.659429 0.079742 0.000000 0.000000 0.000000 0.936187 0.351503
976052902.568484 0.659429 0.079742 0.000000 0.000000 0.000000 0.926109 0.377256
976052902.916284 0.659429 0.079742 0.000000 0.000000 0.000000 0.914081 0.405533
976052902.966784 0.659429 0.079742 0.000000 0.000000 0.000000 0.902520 0.430649
976052903.409784 0.684231 0.113783 0.000000 0.000000 0.000000 0.892442 0.451161
976052903.410984 0.684231 0.113783 0.000000 0.000000 0.000000 0.878161 0.478364
976052903.644584 0.685216 0.113953 0.000000 0.000000 0.000000 0.866139 0.499803
976052903.915484 0.685216 0.113953 0.000000 0.000000 0.000000 0.848752 0.528792
976052903.966884 0.685387 0.112968 0.000000 0.000000 0.000000 0.828683 0.559719
976052904.391284 0.685387 0.112968 0.000000 0.000000 0.000000 0.812889 0.582419
976052904.444884 0.685387 0.112968 0.000000 0.000000 0.000000 0.796473 0.604674
976052904.644384 0.685557 0.111983 0.000000 0.000000 0.000000 0.775584 0.631244
976052905.623784 0.685728 0.110997 0.000000 0.000000 0.000000 0.761030 0.648716
976052905.739084 0.703441 0.131476 0.000000 0.000000 0.000000 0.743578 0.668650
976052906.181084 0.703979 0.139705 0.000000 0.000000 0.000000 0.658309 0.752748
976052906.197584 0.704605 0.141852 0.000000 0.000000 0.000000 0.630110 0.776506
976052906.274784 0.704248 0.143819 0.000000 0.000000 0.000000 0.608398 0.793632
976052906.526184 0.705053 0.144982 0.000000 0.000000 0.000000 0.591187 0.806534
976052906.624484 0.704874 0.145966 0.000000 0.000000 0.000000 0.566131 0.824315
976052906.969684 0.752970 0.169949 0.000000 0.000000 0.000000 0.547179 0.837016
976052906.994884 0.753743 0.171134 0.000000 0.000000 0.000000 0.521207 0.853430
976052907.167784 0.753743 0.171134 0.000000 0.000000 0.000000 0.500070 0.865985
976052907.505484 0.754308 0.173297 0.000000 0.000000 0.000000 0.475935 0.879480
976052907.932484 0.755852 0.175667 0.000000 0.000000 0.000000 0.443190 0.896428
976052908.321884 0.758375 0.178243 0.000000 0.000000 0.000000 0.415440 0.909621
976052908.322984 0.759353 0.178449 0.000000 0.000000 0.000000 0.401416 0.915896
976052908.323884 0.760898 0.180819 0.000000 0.000000 0.000000 0.373088 0.927796
976052908.347484 0.763627 0.182416 0.000000 0.000000 0.000000 0.341521 0.939874
976052908.683984 0.715279 0.154077 0.000000 0.000000 0.000000 0.306491 0.951874
976052908.707584 0.716074 0.155247 0.000000 0.000000 0.000000 0.285947 0.958245
976052909.108784 0.717850 0.156605 0.000000 0.000000 0.000000 0.262308 0.964984
976052909.124884 0.720608 0.158151 0.000000 0.000000 0.000000 0.235524 0.971868
976052909.274884 0.722573 0.158528 0.000000 0.000000 0.000000 0.208561 0.978009
976052909.674784 0.723555 0.158716 0.000000 0.000000 0.000000 0.172365 0.985033
976052909.675784 0.725331 0.160074 0.000000 0.000000 0.000000 0.154176 0.988043
976052909.827284 0.727296 0.160450 0.000000 0.000000 0.000000 0.126796 0.991929
976052910.171784 0.728278 0.160638 0.000000 0.000000 0.000000 0.096262 0.995356
976052910.195084 0.729260 0.160826 0.000000 0.000000 0.000000 0.065636 0.997844
976052910.434884 0.703554 0.098989 0.000000 0.000000 0.000000 0.045299 0.998973
976052910.733084 0.703554 0.098989 0.000000 0.000000 0.000000 0.020731 0.999785
976052910.754984 0.703554 0.098989 0.000000 0.000000 0.000000 0.011514 0.999934
976052910.984784 0.703554 0.098989 0.000000 0.000000 0.000000 -0.006923 0.999976
976052911.329084 0.704736 0.098212 0.000000 0.000000 0.000000 -0.019213 0.999815
976052911.344984 0.704736 0.098212 0.000000 0.000000 0.000000 -0.019213 0.999815
976052911.604584 0.704736 0.098212 0.000000 0.000000 0.000000 -0.019213 0.999815
976052911.885484 0.704736 0.098212 0.000000 0.000000 0.000000 -0.016140 0.999870
976052911.886684 0.704736 0.098212 0.000000 0.000000 0.000000 -0.016140 0.999870
976052912.685584 0.704736 0.098212 0.000000 0.000000 0.000000 -0.016140 0.999870
976052912.842084 0.795941 0.096631 0.000000 0.000000 0.000000 -0.013068 0.999915
976052913.223184 0.886370 0.093867 0.000000 0.000000 0.000000 -0.016140 0.999870
976052913.224384 0.957180 0.092157 0.000000 0.000000 0.000000 -0.016140 0.999870
976052913.387884 1.004660 0.089711 0.000000 0.000000 0.000000 -0.025357 0.999678
976052913.712684 1.027210 0.089265 0.000000 0.000000 0.000000 -0.031500 0.999504
976052913.774584 1.073910 0.085637 0.000000 0.000000 0.000000 -0.028428 0.999596
976052914.908984 1.141010 0.082138 0.000000 0.000000 0.000000 -0.031500 0.999504
976052914.947784 1.438490 0.055774 0.000000 0.000000 0.000000 -0.049921 0.998753
976052915.317284 1.505220 0.049135 0.000000 0.000000 0.000000 -0.049921 0.998753
976052915.348284 1.567820 0.042666 0.000000 0.000000 0.000000 -0.056058 0.998428
976052915.685884 1.621200 0.036334 0.000000 0.000000 0.000000 -0.059125 0.998251
976052915.764684 1.673610 0.029801 0.000000 0.000000 0.000000 -0.062192 0.998064
976052916.119084 1.732290 0.022523 0.000000 0.000000 0.000000 -0.065259 0.997868
976052916.148684 1.781740 -0.018996 0.000000 0.000000 0.000000 -0.058188 0.998306
976052916.548984 1.845880 -0.025920 0.000000 0.000000 0.000000 -0.058188 0.998306
976052916.564984 1.900800 -0.032893 0.000000 0.000000 0.000000 -0.058188 0.998306
976052916.824584 1.951380 -0.038805 0.000000 0.000000 0.000000 -0.055120 0.998480
976052917.910684 2.012370 -0.045421 0.000000 0.000000 0.000000 -0.058188 0.998306
976052918.178784 2.308620 -0.089717 0.000000 0.000000 0.000000 -0.091891 0.995769
976052918.179884 2.371920 -0.101960 0.000000 0.000000 0.000000 -0.094950 0.995482
976052918.409184 2.428700 -0.112611 0.000000 0.000000 0.000000 -0.098009 0.995186
976052918.704584 2.483540 -0.123707 0.000000 0.000000 0.000000 -0.098009 0.995186
976052918.784684 2.540540 -0.135333 0.000000 0.000000 0.000000 -0.104123 0.994564
976052919.984884 2.600920 -0.148243 0.000000 0.000000 0.000000 -0.107179 0.994240
976052920.804484 2.867180 -0.160039 0.000000 0.000000 0.000000 -0.091521 0.995803
976052920.814784 3.098610 -0.202310 0.000000 0.000000 0.000000 -0.097639 0.995222
976052921.108584 3.153710 -0.214154 0.000000 0.000000 0.000000 -0.100697 0.994917
976052921.184684 3.210740 -0.225468 0.000000 0.000000 0.000000 -0.106809 0.994280
976052921.535084 3.270490 -0.239146 0.000000 0.000000 0.000000 -0.109864 0.993947
976052921.595084 3.328040 -0.252390 0.000000 0.000000 0.000000 -0.115970 0.993253
976052921.749484 3.383400 -0.265198 0.000000 0.000000 0.000000 -0.115970 0.993253
976052922.121984 3.437800 -0.278270 0.000000 0.000000 0.000000 -0.119021 0.992892
976052922.165084 3.497810 -0.292913 0.000000 0.000000 0.000000 -0.119021 0.992892
976052922.394684 3.555630 -0.307121 0.000000 0.000000 0.000000 -0.125121 0.992142
976052922.753884 3.610300 -0.321157 0.000000 0.000000 0.000000 -0.125121 0.992142
976052922.755084 3.665220 -0.336159 0.000000 0.000000 0.000000 -0.128169 0.991752
976052922.949484 3.724270 -0.351066 0.000000 0.000000 0.000000 -0.125121 0.992142
976052923.292984 3.779720 -0.310035 0.000000 0.000000 0.000000 -0.064676 0.997906
976052923.349184 3.837930 -0.316715 0.000000 0.000000 0.000000 -0.046268 0.998929
976052923.798884 3.891910 -0.320728 0.000000 0.000000 0.000000 -0.027845 0.999612
976052923.800184 3.948700 -0.323671 0.000000 0.000000 0.000000 -0.024773 0.999693
976052923.994884 4.009570 -0.326121 0.000000 0.000000 0.000000 -0.027845 0.999612
976052924.303984 4.069870 -0.329863 0.000000 0.000000 0.000000 -0.033987 0.999422
976052924.349484 4.128300 -0.334318 0.000000 0.000000 0.000000 -0.037058 0.999313
976052924.809284 4.183580 -0.338908 0.000000 0.000000 0.000000 -0.043199 0.999067
976052924.810484 4.240140 -0.344076 0.000000 0.000000 0.000000 -0.046268 0.998929
976052925.496684 4.300220 -0.350043 0.000000 0.000000 0.000000 -0.055475 0.998460
976052925.549584 4.475560 -0.371951 0.000000 0.000000 0.000000 -0.070807 0.997490
976052925.965484 4.533550 -0.380856 0.000000 0.000000 0.000000 -0.070807 0.997490
976052925.966584 4.591180 -0.388827 0.000000 0.000000 0.000000 -0.073872 0.997268
976052926.149184 4.650100 -0.397375 0.000000 0.000000 0.000000 -0.067742 0.997703
976052926.516384 4.707380 -0.404412 0.000000 0.000000 0.000000 -0.049338 0.998782
976052926.565184 4.765810 -0.408866 0.000000 0.000000 0.000000 -0.027845 0.999612
976052926.749784 4.773200 -0.355711 0.000000 0.000000 0.000000 0.005955 0.999982
976052927.757484 4.832290 -0.353490 0.000000 0.000000 0.000000 0.021317 0.999773
976052928.893084 5.065150 -0.343808 0.000000 0.000000 0.000000 0.018245 0.999834
976052928.904584 5.124240 -0.341587 0.000000 0.000000 0.000000 0.015172 0.999885
976052928.964384 5.358660 -0.338801 0.000000 0.000000 0.000000 -0.003263 0.999995
976052928.965584 5.414380 -0.338941 0.000000 0.000000 0.000000 -0.006336 0.999980
976052929.149484 5.473960 -0.340814 0.000000 0.000000 0.000000 -0.012481 0.999922
976052929.618584 5.536710 -0.342551 0.000000 0.000000 0.000000 -0.018626 0.999827
976052929.619784 5.592200 -0.344916 0.000000 0.000000 0.000000 -0.024770 0.999693
976052929.844984 5.648980 -0.347859 0.000000 0.000000 0.000000 -0.030913 0.999522
976052930.150084 5.708350 -0.351956 0.000000 0.000000 0.000000 -0.033984 0.999422
976052930.151884 5.767710 -0.356054 0.000000 0.000000 0.000000 -0.037056 0.999313
976052930.349684 5.802640 -0.305475 0.000000 0.000000 0.000000 0.006738 0.999977
976052930.676184 5.859890 -0.303986 0.000000 0.000000 0.000000 0.006738 0.999977
976052930.749684 5.915790 -0.304278 0.000000 0.000000 0.000000 0.003666 0.999993
976052931.131284 5.976620 -0.303255 0.000000 0.000000 0.000000 0.003666 0.999993
976052931.155284 6.037890 -0.303128 0.000000 0.000000 0.000000 0.000593 1.000000
976052931.350284 6.094680 -0.302979 0.000000 0.000000 0.000000 0.000593 1.000000
976052931.686084 6.151480 -0.302829 0.000000 0.000000 0.000000 0.003666 0.999993
976052931.749984 6.212310 -0.301805 0.000000 0.000000 0.000000 0.009811 0.999952
976052932.161584 6.272240 -0.301225 0.000000 0.000000 0.000000 0.009811 0.999952
976052932.162784 6.331730 -0.299747 0.000000 0.000000 0.000000 0.003666 0.999993
976052932.350284 6.387630 -0.300040 0.000000 0.000000 0.000000 0.000593 1.000000
976052932.736884 6.445770 -0.300344 0.000000 0.000000 0.000000 -0.005552 0.999985
976052932.752684 6.506140 -0.300660 0.000000 0.000000 0.000000 -0.008625 0.999963
976052933.136584 6.564720 -0.301861 0.000000 0.000000 0.000000 -0.014770 0.999891
976052933.155384 6.622400 -0.303505 0.000000 0.000000 0.000000 -0.017843 0.999841
976052933.394984 6.679630 -0.306488 0.000000 0.000000 0.000000 -0.023987 0.999712
976052933.693584 6.738200 -0.309925 0.000000 0.000000 0.000000 -0.033201 0.999449
976052933.730084 6.798100 -0.313816 0.000000 0.000000 0.000000 -0.033201 0.999449
976052934.138484 6.819180 -0.294962 0.000000 0.000000 0.000000 -0.004925 0.999988
976052934.155384 6.876120 -0.295018 0.000000 0.000000 0.000000 -0.004925 0.999988
976052934.334984 6.933570 -0.295935 0.000000 0.000000 0.000000 -0.004925 0.999988
976052934.733184 6.993250 -0.296696 0.000000 0.000000 0.000000 -0.001853 0.999998
976052934.734184 7.022400 -0.296901 0.000000 0.000000 0.000000 -0.004925 0.999988
976052934.849784 7.080710 -0.297309 0.000000 0.000000 0.000000 -0.007998 0.999968
976052935.210084 7.139520 -0.298579 0.000000 0.000000 0.000000 -0.011071 0.999939
976052935.211284 7.196970 -0.299496 0.000000 0.000000 0.000000 -0.014143 0.999900
976052935.415084 7.256300 -0.301627 0.000000 0.000000 0.000000 -0.014143 0.999900
976052935.781984 7.318200 -0.302232 0.000000 0.000000 0.000000 -0.011071 0.999939
976052935.783184 7.377020 -0.303501 0.000000 0.000000 0.000000 -0.004925 0.999988
976052935.995284 7.433100 -0.304066 0.000000 0.000000 0.000000 -0.001853 0.999998
976052936.344084 7.490040 -0.304122 0.000000 0.000000 0.000000 0.001220 0.999999
976052936.345184 7.521420 -0.304170 0.000000 0.000000 0.000000 0.001220 0.999999
976052936.557284 7.580590 -0.304070 0.000000 0.000000 0.000000 -0.001853 0.999998
976052936.960284 7.638900 -0.304479 0.000000 0.000000 0.000000 -0.007998 0.999968
976052936.961484 7.696350 -0.305396 0.000000 0.000000 0.000000 -0.011071 0.999939
976052937.145084 7.755670 -0.307526 0.000000 0.000000 0.000000 -0.014143 0.999900
976052937.507084 7.815000 -0.309657 0.000000 0.000000 0.000000 -0.017216 0.999852
976052937.525284 7.823950 -0.264309 0.000000 0.000000 0.000000 0.003962 0.999992
976052937.665084 7.882480 -0.264111 0.000000 0.000000 0.000000 -0.002184 0.999998
976052937.998984 7.939330 -0.265012 0.000000 0.000000 0.000000 -0.008329 0.999965
976052938.154784 7.998400 -0.265649 0.000000 0.000000 0.000000 -0.014474 0.999895
976052938.275084 8.057190 -0.267671 0.000000 0.000000 0.000000 -0.017547 0.999846
976052938.656284 8.115140 -0.270242 0.000000 0.000000 0.000000 -0.020619 0.999787
976052938.657484 8.173930 -0.272264 0.000000 0.000000 0.000000 -0.023691 0.999719
976052938.770884 8.233270 -0.275122 0.000000 0.000000 0.000000 -0.023691 0.999719
976052939.166984 8.291770 -0.278529 0.000000 0.000000 0.000000 -0.023691 0.999719
976052939.168084 8.321160 -0.279540 0.000000 0.000000 0.000000 -0.026763 0.999642
976052939.330884 8.379660 -0.282947 0.000000 0.000000 0.000000 -0.026763 0.999642
976052939.762384 8.436780 -0.286068 0.000000 0.000000 0.000000 -0.029834 0.999555
976052939.763584 8.497500 -0.289211 0.000000 0.000000 0.000000 -0.023691 0.999719
976052939.955184 8.556840 -0.292068 0.000000 0.000000 0.000000 -0.020619 0.999787
976052940.266184 8.614790 -0.294640 0.000000 0.000000 0.000000 -0.020619 0.999787
976052940.290784 8.671350 -0.296925 0.000000 0.000000 0.000000 -0.020619 0.999787
976052940.635684 8.725150 -0.298640 0.000000 0.000000 0.000000 -0.017547 0.999846
976052940.691484 8.760920 -0.300244 0.000000 0.000000 0.000000 -0.014474 0.999895
976052941.862084 8.765360 -0.299717 0.000000 0.000000 0.000000 -0.017547 0.999846
976052941.958484 8.755930 -0.299937 0.000000 0.000000 0.000000 -0.014474 0.999895
976052942.176984 8.762300 -0.300530 0.000000 0.000000 0.000000 -0.039047 0.999237
976052942.177884 8.762300 -0.300530 0.000000 0.000000 0.000000 -0.057462 0.998348
976052942.389784 8.761750 -0.299695 0.000000 0.000000 0.000000 -0.081983 0.996634
976052942.712884 8.760920 -0.300244 0.000000 0.000000 0.000000 -0.109510 0.993986
976052942.714084 8.763140 -0.299981 0.000000 0.000000 0.000000 -0.146079 0.989273
976052942.905584 8.767010 -0.302223 0.000000 0.000000 0.000000 -0.191505 0.981492
976052943.271484 8.766460 -0.301388 0.000000 0.000000 0.000000 -0.215571 0.976488
976052943.291284 8.744240 -0.320146 0.000000 0.000000 0.000000 -0.190736 0.981641
976052943.653584 8.744240 -0.320146 0.000000 0.000000 0.000000 -0.226794 0.973943
976052943.735184 8.742830 -0.319991 0.000000 0.000000 0.000000 -0.259578 0.965722
976052944.137984 8.742830 -0.319991 0.000000 0.000000 0.000000 -0.286182 0.958175
976052944.139184 8.742830 -0.319991 0.000000 0.000000 0.000000 -0.318399 0.947957
976052944.335184 8.742830 -0.319991 0.000000 0.000000 0.000000 -0.347373 0.937727
976052944.799984 8.742830 -0.319991 0.000000 0.000000 0.000000 -0.361738 0.932280
976052944.801084 8.742830 -0.319991 0.000000 0.000000 0.000000 -0.370317 0.928906
976052944.890684 8.742830 -0.319991 0.000000 0.000000 0.000000 -0.378864 0.925453
976052945.316084 8.743460 -0.320772 0.000000 0.000000 0.000000 -0.381706 0.924284
976052945.335584 8.747370 -0.324048 0.000000 0.000000 0.000000 -0.378864 0.925453
976052945.599984 8.765970 -0.342459 0.000000 0.000000 0.000000 -0.376018 0.926612
976052945.725284 8.810360 -0.385053 0.000000 0.000000 0.000000 -0.378864 0.925453
976052946.302584 8.870540 -0.445749 0.000000 0.000000 0.000000 -0.384544 0.923107
976052946.910984 8.917440 -0.491465 0.000000 0.000000 0.000000 -0.384544 0.923107
976052947.130684 9.072510 -0.652961 0.000000 0.000000 0.000000 -0.393037 0.919523
976052947.155584 9.094010 -0.722218 0.000000 0.000000 0.000000 -0.387186 0.922002
976052947.290884 9.131110 -0.761562 0.000000 0.000000 0.000000 -0.390017 0.920808
976052947.738484 9.167700 -0.798732 0.000000 0.000000 0.000000 -0.390017 0.920808
976052947.755584 9.207500 -0.839725 0.000000 0.000000 0.000000 -0.390017 0.920808
976052947.975384 9.251940 -0.884659 0.000000 0.000000 0.000000 -0.390017 0.920808
976052948.379084 9.294970 -0.929474 0.000000 0.000000 0.000000 -0.392845 0.919605
976052948.380284 9.336070 -0.971995 0.000000 0.000000 0.000000 -0.390017 0.920808
976052948.595184 9.372540 -1.010570 0.000000 0.000000 0.000000 -0.392845 0.919605
976052948.963384 9.411700 -1.050800 0.000000 0.000000 0.000000 -0.395668 0.918393
976052948.964584 9.452670 -1.094730 0.000000 0.000000 0.000000 -0.398489 0.917173
976052949.957884 9.494300 -1.139430 0.000000 0.000000 0.000000 -0.401305 0.915945
976052950.170084 9.651400 -1.311730 0.000000 0.000000 0.000000 -0.406927 0.913461
976052950.215684 9.692900 -1.357840 0.000000 0.000000 0.000000 -0.404118 0.914707
976052950.295684 9.731180 -1.400120 0.000000 0.000000 0.000000 -0.406927 0.913461
976052950.724584 9.770100 -1.443170 0.000000 0.000000 0.000000 -0.409731 0.912206
976052950.785684 9.820690 -1.394900 0.000000 0.000000 0.000000 -0.369395 0.929273
976052950.905684 9.862770 -1.434830 0.000000 0.000000 0.000000 -0.369395 0.929273
976052951.336684 9.905570 -1.475460 0.000000 0.000000 0.000000 -0.372248 0.928133
976052951.337884 9.949080 -1.516780 0.000000 0.000000 0.000000 -0.372248 0.928133
976052951.525584 9.991160 -1.556710 0.000000 0.000000 0.000000 -0.375098 0.926985
976052951.952284 10.033300 -1.598050 0.000000 0.000000 0.000000 -0.377945 0.925828
976052951.953584 10.074600 -1.638690 0.000000 0.000000 0.000000 -0.377945 0.925828
976052952.910484 10.116700 -1.680030 0.000000 0.000000 0.000000 -0.380788 0.924662
976052953.199884 10.279400 -1.845450 0.000000 0.000000 0.000000 -0.389295 0.921113
976052953.200984 10.321500 -1.888210 0.000000 0.000000 0.000000 -0.392124 0.919912
976052953.291184 10.363700 -1.932380 0.000000 0.000000 0.000000 -0.392124 0.919912
976052953.803884 10.404400 -1.975150 0.000000 0.000000 0.000000 -0.394949 0.918703
976052953.805184 10.442900 -2.015810 0.000000 0.000000 0.000000 -0.394949 0.918703
976052953.891584 10.482200 -2.055760 0.000000 0.000000 0.000000 -0.392124 0.919912
976052954.433284 10.523600 -2.099230 0.000000 0.000000 0.000000 -0.394949 0.918703
976052954.434584 10.608300 -2.067190 0.000000 0.000000 0.000000 -0.348539 0.937294
976052954.515584 10.651500 -2.104430 0.000000 0.000000 0.000000 -0.351418 0.936219
976052955.110984 10.693100 -2.140420 0.000000 0.000000 0.000000 -0.351418 0.936219
976052955.123184 10.736500 -2.179070 0.000000 0.000000 0.000000 -0.357165 0.934041
976052955.611184 10.827200 -2.260890 0.000000 0.000000 0.000000 -0.362898 0.931829
976052955.615784 10.870000 -2.300320 0.000000 0.000000 0.000000 -0.362898 0.931829
976052955.691484 10.911100 -2.338500 0.000000 0.000000 0.000000 -0.365759 0.930709
976052956.636084 10.953800 -2.377920 0.000000 0.000000 0.000000 -0.371472 0.928444
976052956.655784 10.996900 -2.420160 0.000000 0.000000 0.000000 -0.374323 0.927298
976052956.656784 11.039800 -2.460990 0.000000 0.000000 0.000000 -0.377171 0.926144
976052956.657684 11.082000 -2.502600 0.000000 0.000000 0.000000 -0.377171 0.926144
976052956.715484 11.123500 -2.543590 0.000000 0.000000 0.000000 -0.380015 0.924980
976052957.296884 11.164800 -2.583170 0.000000 0.000000 0.000000 -0.377171 0.926144
976052957.297984 11.206300 -2.624150 0.000000 0.000000 0.000000 -0.377171 0.926144
976052957.299084 11.248400 -2.664360 0.000000 0.000000 0.000000 -0.377171 0.926144
976052957.492284 11.290600 -2.705970 0.000000 0.000000 0.000000 -0.380015 0.924980
976052957.954284 11.332100 -2.746960 0.000000 0.000000 0.000000 -0.382856 0.923808
976052957.976284 11.347300 -2.721480 0.000000 0.000000 0.000000 -0.344971 0.938613
976052958.105284 11.390500 -2.757570 0.000000 0.000000 0.000000 -0.344971 0.938613
976052958.611284 11.430500 -2.791440 0.000000 0.000000 0.000000 -0.347854 0.937549
976052958.612284 11.451500 -2.810320 0.000000 0.000000 0.000000 -0.342086 0.939669
976052958.795284 11.447100 -2.806160 0.000000 0.000000 0.000000 -0.344971 0.938613
976052959.242284 11.445400 -2.805040 0.000000 0.000000 0.000000 -0.344971 0.938613
976052959.243284 11.445400 -2.805040 0.000000 0.000000 0.000000 -0.344971 0.938613
976052959.325284 11.445400 -2.805040 0.000000 0.000000 0.000000 -0.344971 0.938613
976052959.774284 11.445400 -2.805040 0.000000 0.000000 0.000000 -0.344971 0.938613
976052959.775284 11.445400 -2.805040 0.000000 0.000000 0.000000 -0.347854 0.937549
976052959.872284 11.445400 -2.805040 0.000000 0.000000 0.000000 -0.353609 0.935393
976052960.721284 11.447900 -2.806710 0.000000 0.000000 0.000000 -0.367938 0.929850
976052960.843284 11.446800 -2.804770 0.000000 0.000000 0.000000 -0.421567 0.906797
976052960.844284 11.446000 -2.804210 0.000000 0.000000 0.000000 -0.446480 0.894794
976052961.384284 11.447100 -2.806160 0.000000 0.000000 0.000000 -0.481859 0.876249
976052961.625284 11.449300 -2.810040 0.000000 0.000000 0.000000 -0.539948 0.841699
976052962.102284 11.448500 -2.809490 0.000000 0.000000 0.000000 -0.560471 0.828174
976052962.113284 11.438700 -2.825270 0.000000 0.000000 0.000000 -0.563391 0.826190
976052962.115284 11.438700 -2.825270 0.000000 0.000000 0.000000 -0.565929 0.824454
976052962.555284 11.438700 -2.825270 0.000000 0.000000 0.000000 -0.565929 0.824454
976052962.557284 11.438700 -2.825270 0.000000 0.000000 0.000000 -0.565929 0.824454
976052962.673284 11.438700 -2.825270 0.000000 0.000000 0.000000 -0.563391 0.826190
976052963.191284 11.439900 -2.827170 0.000000 0.000000 0.000000 -0.560852 0.827916
976052963.192284 11.441400 -2.830450 0.000000 0.000000 0.000000 -0.558304 0.829637
976052963.265284 11.450900 -2.855100 0.000000 0.000000 0.000000 -0.553195 0.833052
976052963.432284 11.473900 -2.909240 0.000000 0.000000 0.000000 -0.555750 0.831349
976052963.918284 11.507800 -2.991300 0.000000 0.000000 0.000000 -0.560852 0.827916
976052963.919284 11.534000 -3.055600 0.000000 0.000000 0.000000 -0.560852 0.827916
976052964.584284 11.551600 -3.099390 0.000000 0.000000 0.000000 -0.565929 0.824454
976052965.229284 11.623900 -3.294440 0.000000 0.000000 0.000000 -0.576019 0.817436
976052965.240284 11.644500 -3.350610 0.000000 0.000000 0.000000 -0.578526 0.815664
976052965.518284 11.676300 -3.441910 0.000000 0.000000 0.000000 -0.583531 0.812091
976052965.576284 11.697300 -3.503060 0.000000 0.000000 0.000000 -0.588510 0.808490
976052965.775284 11.718200 -3.570040 0.000000 0.000000 0.000000 -0.590990 0.806679
976052966.155284 11.736900 -3.627390 0.000000 0.000000 0.000000 -0.590990 0.806679
976052966.156284 11.751300 -3.672680 0.000000 0.000000 0.000000 -0.593467 0.804858
976052966.273284 11.767200 -3.724840 0.000000 0.000000 0.000000 -0.595935 0.803032
976052966.730284 11.785200 -3.785270 0.000000 0.000000 0.000000 -0.598402 0.801196
976052966.731284 11.856000 -3.776240 0.000000 0.000000 0.000000 -0.555014 0.831841
976052966.875284 11.878400 -3.829080 0.000000 0.000000 0.000000 -0.557565 0.830133
976052967.336284 11.897600 -3.877060 0.000000 0.000000 0.000000 -0.560115 0.828415
976052967.337284 11.918100 -3.929050 0.000000 0.000000 0.000000 -0.565195 0.824957
976052967.666284 11.941000 -3.987700 0.000000 0.000000 0.000000 -0.565195 0.824957
976052967.962284 11.963500 -4.045020 0.000000 0.000000 0.000000 -0.565195 0.824957
976052968.656284 11.994300 -4.124110 0.000000 0.000000 0.000000 -0.567729 0.823215
976052969.539284 12.074100 -4.344160 0.000000 0.000000 0.000000 -0.580307 0.814398
976052969.760284 12.093800 -4.400180 0.000000 0.000000 0.000000 -0.580307 0.814398
976052969.833284 12.170100 -4.620730 0.000000 0.000000 0.000000 -0.585300 0.810817
976052970.666284 12.188500 -4.679460 0.000000 0.000000 0.000000 -0.587790 0.809013
976052970.667284 12.242100 -4.702650 0.000000 0.000000 0.000000 -0.582637 0.812732
976052970.668284 12.260900 -4.756030 0.000000 0.000000 0.000000 -0.585134 0.810937
976052970.669284 12.278400 -4.809900 0.000000 0.000000 0.000000 -0.590106 0.807326
976052970.845284 12.296500 -4.867330 0.000000 0.000000 0.000000 -0.595056 0.803684
976052971.290284 12.314100 -4.925670 0.000000 0.000000 0.000000 -0.597520 0.801854
976052971.291284 12.331200 -4.980460 0.000000 0.000000 0.000000 -0.602440 0.798164
976052971.505284 12.345500 -5.034020 0.000000 0.000000 0.000000 -0.607334 0.794447
976052971.862284 12.360900 -5.090220 0.000000 0.000000 0.000000 -0.612204 0.790700
976052971.863284 12.376800 -5.149970 0.000000 0.000000 0.000000 -0.617051 0.786923
976052972.331284 12.390400 -5.207590 0.000000 0.000000 0.000000 -0.619464 0.785025
976052972.457284 12.403900 -5.262980 0.000000 0.000000 0.000000 -0.626676 0.779280
976052972.459284 12.416100 -5.318860 0.000000 0.000000 0.000000 -0.626676 0.779280
976052972.633284 12.428800 -5.376070 0.000000 0.000000 0.000000 -0.629069 0.777349
976052973.531284 12.441600 -5.435510 0.000000 0.000000 0.000000 -0.629069 0.777349
976052973.761284 12.454300 -5.492720 0.000000 0.000000 0.000000 -0.629069 0.777349
976052974.135284 12.538900 -5.700860 0.000000 0.000000 0.000000 -0.604223 0.796815
976052974.156284 12.554700 -5.757780 0.000000 0.000000 0.000000 -0.606666 0.794957
976052974.233284 12.569900 -5.813430 0.000000 0.000000 0.000000 -0.609108 0.793088
976052974.700284 12.585400 -5.871300 0.000000 0.000000 0.000000 -0.613970 0.789330
976052974.701284 12.599600 -5.926640 0.000000 0.000000 0.000000 -0.613970 0.789330
976052974.833284 12.613900 -5.981980 0.000000 0.000000 0.000000 -0.616394 0.787438
976052975.195284 12.627500 -6.039220 0.000000 0.000000 0.000000 -0.621221 0.783635
976052975.255284 12.640800 -6.097400 0.000000 0.000000 0.000000 -0.626025 0.779803
976052975.663284 12.654400 -6.154640 0.000000 0.000000 0.000000 -0.628416 0.777878
976052975.686284 12.666100 -6.211240 0.000000 0.000000 0.000000 -0.630805 0.775942
976052975.941284 12.678100 -6.270060 0.000000 0.000000 0.000000 -0.635561 0.772051
976052976.292284 12.688800 -6.326350 0.000000 0.000000 0.000000 -0.637932 0.770093
976052976.316284 12.700200 -6.383900 0.000000 0.000000 0.000000 -0.640293 0.768131
976052976.433284 12.709700 -6.440820 0.000000 0.000000 0.000000 -0.642652 0.766158
976052976.831284 12.719800 -6.499000 0.000000 0.000000 0.000000 -0.645001 0.764181
976052976.833284 12.729300 -6.555920 0.000000 0.000000 0.000000 -0.649685 0.760204
976052977.333284 12.739500 -6.614110 0.000000 0.000000 0.000000 -0.652020 0.758202
976052977.446284 12.748300 -6.672930 0.000000 0.000000 0.000000 -0.654348 0.756194
976052977.447284 12.780500 -6.641680 0.000000 0.000000 0.000000 -0.630359 0.776304
976052977.656284 12.792600 -6.698540 0.000000 0.000000 0.000000 -0.630359 0.776304
976052978.378284 12.804800 -6.755390 0.000000 0.000000 0.000000 -0.635117 0.772416
976052978.379284 12.816500 -6.814180 0.000000 0.000000 0.000000 -0.635117 0.772416
976052978.380284 12.827700 -6.870780 0.000000 0.000000 0.000000 -0.637489 0.770459
976052978.446284 12.838900 -6.927380 0.000000 0.000000 0.000000 -0.637489 0.770459
976052978.953284 12.849100 -6.983730 0.000000 0.000000 0.000000 -0.642212 0.766527
976052978.954284 12.859800 -7.042270 0.000000 0.000000 0.000000 -0.644562 0.764552
976052979.338284 12.868800 -7.099340 0.000000 0.000000 0.000000 -0.649248 0.760577
976052979.423284 12.878500 -7.157620 0.000000 0.000000 0.000000 -0.651583 0.758577
976052979.446284 12.888000 -7.216880 0.000000 0.000000 0.000000 -0.651583 0.758577
976052979.633284 12.896500 -7.275890 0.000000 0.000000 0.000000 -0.653913 0.756570
976052979.993284 12.905700 -7.331990 0.000000 0.000000 0.000000 -0.653913 0.756570
976052980.460284 12.913800 -7.388810 0.000000 0.000000 0.000000 -0.656233 0.754559
976052980.736284 12.939100 -7.562670 0.000000 0.000000 0.000000 -0.660857 0.750512
976052981.790284 12.946100 -7.619240 0.000000 0.000000 0.000000 -0.660857 0.750512
976052981.802284 12.994800 -7.666790 0.000000 0.000000 0.000000 -0.651386 0.758746
976052982.238284 13.028800 -7.897920 0.000000 0.000000 0.000000 -0.658350 0.752712
976052982.357284 13.037700 -7.958370 0.000000 0.000000 0.000000 -0.658350 0.752712
976052982.488284 13.044800 -8.013270 0.000000 0.000000 0.000000 -0.660662 0.750684
976052982.489284 13.052400 -8.070350 0.000000 0.000000 0.000000 -0.665262 0.746610
976052982.636284 13.058700 -8.129150 0.000000 0.000000 0.000000 -0.667555 0.744561
976052983.140284 13.065400 -8.190130 0.000000 0.000000 0.000000 -0.672118 0.740444
976052983.458284 13.070700 -8.248720 0.000000 0.000000 0.000000 -0.676655 0.736300
976052983.494284 13.075400 -8.305140 0.000000 0.000000 0.000000 -0.678912 0.734219
976052983.495284 13.079900 -8.362530 0.000000 0.000000 0.000000 -0.681167 0.732128
976052983.634284 13.084400 -8.419920 0.000000 0.000000 0.000000 -0.681167 0.732128
976052983.985284 13.089400 -8.479480 0.000000 0.000000 0.000000 -0.681167 0.732128
976052984.560284 13.093200 -8.539800 0.000000 0.000000 0.000000 -0.683415 0.730030
976052984.916284 13.146300 -8.628420 0.000000 0.000000 0.000000 -0.654265 0.756266
976052984.917284 13.155100 -8.686970 0.000000 0.000000 0.000000 -0.658900 0.752231
976052985.461284 13.162000 -8.744280 0.000000 0.000000 0.000000 -0.661206 0.750205
976052985.849284 13.169000 -8.801580 0.000000 0.000000 0.000000 -0.665807 0.746124
976052985.850284 13.175800 -8.859880 0.000000 0.000000 0.000000 -0.668095 0.744076
976052985.851284 13.182400 -8.919180 0.000000 0.000000 0.000000 -0.670379 0.742018
976052985.852284 13.188600 -8.974370 0.000000 0.000000 0.000000 -0.674926 0.737885
976052986.260284 13.193300 -9.033420 0.000000 0.000000 0.000000 -0.679448 0.733724
976052986.405284 13.197900 -9.093450 0.000000 0.000000 0.000000 -0.683944 0.729535
976052986.407284 13.201300 -9.154350 0.000000 0.000000 0.000000 -0.686180 0.727432
976052986.586284 13.204400 -9.210170 0.000000 0.000000 0.000000 -0.690641 0.723198
976052986.994284 13.207500 -9.265990 0.000000 0.000000 0.000000 -0.692858 0.721074
976052986.995284 13.208800 -9.295380 0.000000 0.000000 0.000000 -0.695072 0.718940
976052987.156284 13.211300 -9.356160 0.000000 0.000000 0.000000 -0.695072 0.718940
976052987.442284 13.212700 -9.416820 0.000000 0.000000 0.000000 -0.697276 0.716803
976052987.494284 13.214800 -9.472510 0.000000 0.000000 0.000000 -0.699477 0.714655
976052987.943284 13.216500 -9.531180 0.000000 0.000000 0.000000 -0.701667 0.712505
976052987.944284 13.234500 -9.575400 0.000000 0.000000 0.000000 -0.684170 0.729323
976052988.542284 13.238400 -9.634810 0.000000 0.000000 0.000000 -0.684170 0.729323
976052988.615284 13.247200 -9.779790 0.000000 0.000000 0.000000 -0.690865 0.722984
976052988.968284 13.250100 -9.838140 0.000000 0.000000 0.000000 -0.693081 0.720859
976052989.261284 13.252000 -9.897410 0.000000 0.000000 0.000000 -0.695295 0.718725
976052989.470284 13.253900 -9.955690 0.000000 0.000000 0.000000 -0.697498 0.716587
976052989.471284 13.255900 -10.013000 0.000000 0.000000 0.000000 -0.701888 0.712287
976052989.574284 13.256800 -10.071200 0.000000 0.000000 0.000000 -0.706256 0.707957
976052989.966284 13.256700 -10.101200 0.000000 0.000000 0.000000 -0.708426 0.705785
976052989.967284 13.256400 -10.163400 0.000000 0.000000 0.000000 -0.710593 0.703604
976052990.156284 13.255500 -10.218400 0.000000 0.000000 0.000000 -0.714903 0.699224
976052990.428284 13.254600 -10.274500 0.000000 0.000000 0.000000 -0.719186 0.694818
976052990.496284 13.252300 -10.335500 0.000000 0.000000 0.000000 -0.721316 0.692606
976052990.942284 13.251000 -10.397600 0.000000 0.000000 0.000000 -0.721316 0.692606
976052990.943284 13.247900 -10.455500 0.000000 0.000000 0.000000 -0.723442 0.690385
976052991.549284 13.245000 -10.510400 0.000000 0.000000 0.000000 -0.727671 0.685927
976052991.785284 13.240500 -10.641800 0.000000 0.000000 0.000000 -0.720706 0.693241
976052991.824284 13.239800 -10.670800 0.000000 0.000000 0.000000 -0.720706 0.693241
976052992.256284 13.237700 -10.726800 0.000000 0.000000 0.000000 -0.720706 0.693241
976052992.258284 13.235400 -10.784800 0.000000 0.000000 0.000000 -0.720706 0.693241
976052992.375284 13.234100 -10.844800 0.000000 0.000000 0.000000 -0.718574 0.695450
976052993.139284 13.231800 -10.903800 0.000000 0.000000 0.000000 -0.716432 0.697657
976052993.140284 13.230500 -10.961800 0.000000 0.000000 0.000000 -0.716432 0.697657
976052993.141284 13.230000 -10.989800 0.000000 0.000000 0.000000 -0.716432 0.697657
976052993.142284 13.228600 -11.048800 0.000000 0.000000 0.000000 -0.718574 0.695450
976052993.396284 13.227300 -11.108800 0.000000 0.000000 0.000000 -0.722834 0.691022
976052993.710284 13.224000 -11.167700 0.000000 0.000000 0.000000 -0.724952 0.688799
976052993.736284 13.221800 -11.224700 0.000000 0.000000 0.000000 -0.729175 0.684328
976052993.986284 13.217500 -11.282600 0.000000 0.000000 0.000000 -0.731272 0.682086
976052994.217284 13.213200 -11.342400 0.000000 0.000000 0.000000 -0.733366 0.679834
976052994.336284 13.208900 -11.401300 0.000000 0.000000 0.000000 -0.735450 0.677579
976052994.739284 13.204700 -11.458100 0.000000 0.000000 0.000000 -0.737530 0.675315
976052994.740284 13.199500 -11.513900 0.000000 0.000000 0.000000 -0.741666 0.670770
976052994.895284 13.193200 -11.573600 0.000000 0.000000 0.000000 -0.745773 0.666200
976052995.211284 13.206900 -11.580500 0.000000 0.000000 0.000000 -0.739495 0.673162
976052995.295284 13.203600 -11.613400 0.000000 0.000000 0.000000 -0.735345 0.677693
976052995.705284 13.204900 -11.607400 0.000000 0.000000 0.000000 -0.737422 0.675433
976052995.707284 13.205200 -11.598400 0.000000 0.000000 0.000000 -0.737422 0.675433
976052995.936284 13.205200 -11.599400 0.000000 0.000000 0.000000 -0.737422 0.675433
976052996.208284 13.205200 -11.599400 0.000000 0.000000 0.000000 -0.737422 0.675433
976052996.396284 13.205200 -11.599400 0.000000 0.000000 0.000000 -0.737422 0.675433
976052996.733284 13.205200 -11.599400 0.000000 0.000000 0.000000 -0.737422 0.675433
976052996.956284 13.205200 -11.599400 0.000000 0.000000 0.000000 -0.737422 0.675433
976052997.954284 13.205200 -11.599400 0.000000 0.000000 0.000000 -0.737422 0.675433
976052998.953284 13.205200 -11.599400 0.000000 0.000000 0.000000 -0.737422 0.675433
976052999.953284 13.205200 -11.599400 0.000000 0.000000 0.000000 -0.737422 0.675433
976053000.108284 13.195800 -11.688100 0.000000 0.000000 0.000000 -0.747712 0.664023
976053000.445284 13.185500 -11.776800 0.000000 0.000000 0.000000 -0.747712 0.664023
976053000.495284 13.177900 -11.846600 0.000000 0.000000 0.000000 -0.745667 0.666319
976053000.726284 13.173200 -11.893400 0.000000 0.000000 0.000000 -0.749747 0.661724
976053000.976284 13.167700 -11.932300 0.000000 0.000000 0.000000 -0.751778 0.659416
976053001.234284 13.159600 -11.990000 0.000000 0.000000 0.000000 -0.753803 0.657101
976053001.296284 13.149800 -12.064700 0.000000 0.000000 0.000000 -0.753803 0.657101
976053001.607284 13.141200 -12.132400 0.000000 0.000000 0.000000 -0.755816 0.654784
976053001.695284 13.133300 -12.185100 0.000000 0.000000 0.000000 -0.757826 0.652456
976053002.440284 13.126600 -12.229900 0.000000 0.000000 0.000000 -0.761821 0.647787
976053002.456284 13.107000 -12.353300 0.000000 0.000000 0.000000 -0.761821 0.647787
976053002.498284 13.097500 -12.418000 0.000000 0.000000 0.000000 -0.759826 0.650127
976053002.873284 13.089600 -12.470700 0.000000 0.000000 0.000000 -0.761821 0.647787
976053002.897284 13.081700 -12.520500 0.000000 0.000000 0.000000 -0.761821 0.647787
976053003.136284 13.115900 -12.560600 0.000000 0.000000 0.000000 -0.742778 0.669538
976053003.436284 13.109200 -12.625700 0.000000 0.000000 0.000000 -0.740719 0.671815
976053003.497284 13.103500 -12.686800 0.000000 0.000000 0.000000 -0.742778 0.669538
976053003.945284 13.097600 -12.742000 0.000000 0.000000 0.000000 -0.742778 0.669538
976053003.946284 13.092700 -12.797100 0.000000 0.000000 0.000000 -0.740719 0.671815
976053004.964284 13.086900 -12.854200 0.000000 0.000000 0.000000 -0.740719 0.671815
976053005.186284 13.055800 -13.143900 0.000000 0.000000 0.000000 -0.750954 0.660355
976053005.862284 13.048100 -13.204100 0.000000 0.000000 0.000000 -0.754997 0.655728
976053005.877284 13.039300 -13.264300 0.000000 0.000000 0.000000 -0.757007 0.653407
976053005.878284 13.030500 -13.323500 0.000000 0.000000 0.000000 -0.759012 0.651076
976053005.896284 13.021600 -13.378700 0.000000 0.000000 0.000000 -0.761008 0.648743
976053006.401284 13.013800 -13.434800 0.000000 0.000000 0.000000 -0.761008 0.648743
976053006.403284 13.004000 -13.494100 0.000000 0.000000 0.000000 -0.764983 0.644050
976053006.526284 12.994200 -13.553300 0.000000 0.000000 0.000000 -0.766957 0.641699
976053006.820284 13.047700 -13.560700 0.000000 0.000000 0.000000 -0.738120 0.674669
976053006.896284 13.043200 -13.617600 0.000000 0.000000 0.000000 -0.738120 0.674669
976053007.282284 13.038500 -13.673500 0.000000 0.000000 0.000000 -0.740191 0.672396
976053007.296284 13.032200 -13.732600 0.000000 0.000000 0.000000 -0.742252 0.670121
976053007.766284 13.027100 -13.793600 0.000000 0.000000 0.000000 -0.742252 0.670121
976053007.767284 13.021600 -13.850600 0.000000 0.000000 0.000000 -0.740191 0.672396
976053007.996284 13.016700 -13.904500 0.000000 0.000000 0.000000 -0.740191 0.672396
976053008.313284 13.010300 -13.962600 0.000000 0.000000 0.000000 -0.742252 0.670121
976053008.315284 13.004400 -14.025700 0.000000 0.000000 0.000000 -0.742252 0.670121
976053008.546284 12.999100 -14.084600 0.000000 0.000000 0.000000 -0.742252 0.670121
976053008.818284 12.993500 -14.140700 0.000000 0.000000 0.000000 -0.744309 0.667835
976053008.976284 12.987100 -14.198800 0.000000 0.000000 0.000000 -0.746356 0.665547
976053009.240284 12.980500 -14.255900 0.000000 0.000000 0.000000 -0.748399 0.663249
976053009.296284 12.974000 -14.313000 0.000000 0.000000 0.000000 -0.750432 0.660948
976053009.681284 12.966600 -14.371200 0.000000 0.000000 0.000000 -0.752461 0.658637
976053009.707284 12.958300 -14.430600 0.000000 0.000000 0.000000 -0.756494 0.654001
976053010.464284 12.949800 -14.487900 0.000000 0.000000 0.000000 -0.758501 0.651672
976053010.586284 12.974900 -14.620800 0.000000 0.000000 0.000000 -0.747500 0.664262
976053010.840284 12.968500 -14.679000 0.000000 0.000000 0.000000 -0.751567 0.659656
976053010.936284 12.960900 -14.736300 0.000000 0.000000 0.000000 -0.751567 0.659656
976053011.260284 12.953900 -14.791500 0.000000 0.000000 0.000000 -0.751567 0.659656
976053011.346284 12.946500 -14.849900 0.000000 0.000000 0.000000 -0.749535 0.661964
976053011.735284 12.939100 -14.908200 0.000000 0.000000 0.000000 -0.751567 0.659656
976053011.736284 12.931800 -14.967600 0.000000 0.000000 0.000000 -0.753589 0.657346
976053011.966284 12.924200 -15.025000 0.000000 0.000000 0.000000 -0.753589 0.657346
976053012.661284 12.916300 -15.080400 0.000000 0.000000 0.000000 -0.755607 0.655025
976053012.717284 12.908900 -15.138700 0.000000 0.000000 0.000000 -0.753589 0.657346
976053012.718284 12.901000 -15.200200 0.000000 0.000000 0.000000 -0.753589 0.657346
976053012.719284 12.892600 -15.258700 0.000000 0.000000 0.000000 -0.751567 0.659656
976053012.837284 12.889700 -15.286700 0.000000 0.000000 0.000000 -0.751567 0.659656
976053013.201284 12.882700 -15.342000 0.000000 0.000000 0.000000 -0.751567 0.659656
976053013.237284 12.875300 -15.400300 0.000000 0.000000 0.000000 -0.753589 0.657346
976053013.708284 12.866300 -15.461000 0.000000 0.000000 0.000000 -0.755607 0.655025
976053013.710284 12.858700 -15.518400 0.000000 0.000000 0.000000 -0.757614 0.652703
976053013.836284 12.879700 -15.561600 0.000000 0.000000 0.000000 -0.742075 0.670317
976053014.219284 12.874000 -15.618600 0.000000 0.000000 0.000000 -0.742075 0.670317
976053014.220284 12.868200 -15.679600 0.000000 0.000000 0.000000 -0.744132 0.668032
976053014.357284 12.860800 -15.738000 0.000000 0.000000 0.000000 -0.750260 0.661143
976053014.740284 12.857400 -15.766600 0.000000 0.000000 0.000000 -0.750260 0.661143
976053014.742284 12.851400 -15.822600 0.000000 0.000000 0.000000 -0.752286 0.658837
976053014.917284 12.843000 -15.881200 0.000000 0.000000 0.000000 -0.754308 0.656520
976053015.240284 12.834800 -15.940900 0.000000 0.000000 0.000000 -0.756320 0.654201
976053015.326284 12.826400 -15.999500 0.000000 0.000000 0.000000 -0.758328 0.651873
976053015.726284 12.819200 -16.054700 0.000000 0.000000 0.000000 -0.758328 0.651873
976053015.728284 12.814800 -16.083600 0.000000 0.000000 0.000000 -0.758328 0.651873
976053015.846284 12.806400 -16.142200 0.000000 0.000000 0.000000 -0.756320 0.654201
976053016.173284 12.798200 -16.201800 0.000000 0.000000 0.000000 -0.756320 0.654201
976053016.227284 12.789800 -16.260400 0.000000 0.000000 0.000000 -0.756320 0.654201
976053016.593284 12.782300 -16.314700 0.000000 0.000000 0.000000 -0.756320 0.654201
976053016.637284 12.773400 -16.371400 0.000000 0.000000 0.000000 -0.756320 0.654201
976053016.757284 12.765500 -16.432000 0.000000 0.000000 0.000000 -0.754308 0.656520
976053017.152284 12.757000 -16.494700 0.000000 0.000000 0.000000 -0.754308 0.656520
976053017.177284 12.749800 -16.550000 0.000000 0.000000 0.000000 -0.754308 0.656520
976053017.358284 12.809700 -16.544200 0.000000 0.000000 0.000000 -0.724876 0.688879
976053017.684284 12.806100 -16.602400 0.000000 0.000000 0.000000 -0.726988 0.686650
976053017.757284 12.802500 -16.663700 0.000000 0.000000 0.000000 -0.731194 0.682170
976053018.210284 12.798600 -16.721000 0.000000 0.000000 0.000000 -0.733288 0.679918
976053018.211284 12.794400 -16.777300 0.000000 0.000000 0.000000 -0.735375 0.677660
976053018.357284 12.789800 -16.835800 0.000000 0.000000 0.000000 -0.735375 0.677660
976053018.684284 12.787400 -16.866200 0.000000 0.000000 0.000000 -0.737452 0.675400
976053018.776284 12.782500 -16.923800 0.000000 0.000000 0.000000 -0.741588 0.670855
976053019.164284 12.775800 -16.982000 0.000000 0.000000 0.000000 -0.743648 0.668572
976053019.165284 12.770000 -17.039900 0.000000 0.000000 0.000000 -0.745697 0.666285
976053019.396284 12.763500 -17.099000 0.000000 0.000000 0.000000 -0.745697 0.666285
976053019.667284 12.757700 -17.156900 0.000000 0.000000 0.000000 -0.747742 0.663989
976053019.717284 12.750600 -17.214200 0.000000 0.000000 0.000000 -0.751808 0.659382
976053020.597284 12.743600 -17.271400 0.000000 0.000000 0.000000 -0.755846 0.654750
976053020.598284 12.734900 -17.330300 0.000000 0.000000 0.000000 -0.757856 0.652422
976053020.599284 12.716700 -17.445100 0.000000 0.000000 0.000000 -0.763835 0.645411
976053020.826284 12.707000 -17.501100 0.000000 0.000000 0.000000 -0.765816 0.643059
976053021.189284 12.719400 -17.532200 0.000000 0.000000 0.000000 -0.750260 0.661143
976053021.190284 12.711200 -17.596200 0.000000 0.000000 0.000000 -0.750260 0.661143
976053021.406284 12.704500 -17.658500 0.000000 0.000000 0.000000 -0.750260 0.661143
976053021.668284 12.697600 -17.710000 0.000000 0.000000 0.000000 -0.752289 0.658833
976053021.718284 12.690600 -17.763800 0.000000 0.000000 0.000000 -0.754308 0.656520
976053022.168284 12.683000 -17.824200 0.000000 0.000000 0.000000 -0.752289 0.658833
976053022.169284 12.674400 -17.887200 0.000000 0.000000 0.000000 -0.752289 0.658833
976053022.396284 12.667100 -17.945500 0.000000 0.000000 0.000000 -0.754308 0.656520
976053022.666284 12.660000 -17.999200 0.000000 0.000000 0.000000 -0.754308 0.656520
976053022.736284 12.651900 -18.055600 0.000000 0.000000 0.000000 -0.756324 0.654198
976053023.137284 12.644000 -18.115100 0.000000 0.000000 0.000000 -0.756324 0.654198
976053023.139284 12.634700 -18.176300 0.000000 0.000000 0.000000 -0.758328 0.651873
976053023.327284 12.626900 -18.233500 0.000000 0.000000 0.000000 -0.760329 0.649538
976053023.624284 12.617900 -18.290300 0.000000 0.000000 0.000000 -0.760329 0.649538
976053023.757284 12.609200 -18.347900 0.000000 0.000000 0.000000 -0.758328 0.651873
976053024.153284 12.600900 -18.406500 0.000000 0.000000 0.000000 -0.758328 0.651873
976053024.155284 12.593400 -18.461600 0.000000 0.000000 0.000000 -0.760329 0.649538
976053024.324284 12.583600 -18.521900 0.000000 0.000000 0.000000 -0.760329 0.649538
976053024.716284 12.586800 -18.526000 0.000000 0.000000 0.000000 -0.747941 0.663765
976053024.719284 12.580100 -18.582200 0.000000 0.000000 0.000000 -0.749975 0.661466
976053025.178284 12.573900 -18.639300 0.000000 0.000000 0.000000 -0.752006 0.659156
976053025.180284 12.565900 -18.697300 0.000000 0.000000 0.000000 -0.756042 0.654523
976053025.319284 12.558500 -18.751700 0.000000 0.000000 0.000000 -0.758048 0.652199
976053025.714284 12.553700 -18.786000 0.000000 0.000000 0.000000 -0.754026 0.656845
976053025.721284 12.554700 -18.778900 0.000000 0.000000 0.000000 -0.756042 0.654523
976053026.192284 12.555800 -18.769500 0.000000 0.000000 0.000000 -0.754026 0.656845
976053026.193284 12.555400 -18.770800 0.000000 0.000000 0.000000 -0.754026 0.656845
976053026.406284 12.555400 -18.770800 0.000000 0.000000 0.000000 -0.754026 0.656845
976053026.747284 12.555400 -18.770800 0.000000 0.000000 0.000000 -0.754026 0.656845
976053026.748284 12.555400 -18.770800 0.000000 0.000000 0.000000 -0.754026 0.656845
976053026.918284 12.555800 -18.771800 0.000000 0.000000 0.000000 -0.756042 0.654523
976053027.137284 12.555800 -18.771800 0.000000 0.000000 0.000000 -0.758048 0.652199
976053027.318284 12.555700 -18.774000 0.000000 0.000000 0.000000 -0.766009 0.642829
976053027.557284 12.554400 -18.775700 0.000000 0.000000 0.000000 -0.773852 0.633367
976053027.718284 12.554300 -18.778000 0.000000 0.000000 0.000000 -0.789184 0.614156
976053027.979284 12.554300 -18.778000 0.000000 0.000000 0.000000 -0.805865 0.592099
976053028.227284 12.553800 -18.779300 0.000000 0.000000 0.000000 -0.823677 0.567059
976053028.503284 12.552900 -18.782000 0.000000 0.000000 0.000000 -0.845665 0.533714
976053028.519284 12.550500 -18.786400 0.000000 0.000000 0.000000 -0.866304 0.499517
976053028.793284 12.550100 -18.787700 0.000000 0.000000 0.000000 -0.878322 0.478070
976053028.918284 12.489100 -18.801900 0.000000 0.000000 0.000000 -0.873621 0.486607
976053029.199284 12.488200 -18.802400 0.000000 0.000000 0.000000 -0.889569 0.456802
976053029.336284 12.489100 -18.801900 0.000000 0.000000 0.000000 -0.908389 0.418126
976053029.648284 12.489500 -18.800500 0.000000 0.000000 0.000000 -0.919604 0.392848
976053029.718284 12.489500 -18.800500 0.000000 0.000000 0.000000 -0.925531 0.378672
976053030.238284 12.489500 -18.800500 0.000000 0.000000 0.000000 -0.937799 0.347179
976053030.239284 12.489500 -18.800500 0.000000 0.000000 0.000000 -0.948996 0.315289
976053030.357284 12.489500 -18.800500 0.000000 0.000000 0.000000 -0.956459 0.291865
976053030.754284 12.489500 -18.800500 0.000000 0.000000 0.000000 -0.964164 0.265306
976053030.756284 12.453000 -18.778700 0.000000 0.000000 0.000000 -0.969800 0.243901
976053030.987284 12.453000 -18.778700 0.000000 0.000000 0.000000 -0.978133 0.207982
976053031.379284 12.454700 -18.777700 0.000000 0.000000 0.000000 -0.984060 0.177835
976053031.381284 12.456100 -18.778100 0.000000 0.000000 0.000000 -0.988601 0.150557
976053031.527284 12.457800 -18.777100 0.000000 0.000000 0.000000 -0.992386 0.123163
976053032.398284 12.457800 -18.777100 0.000000 0.000000 0.000000 -0.995114 0.098730
976053032.515284 12.459200 -18.777400 0.000000 0.000000 0.000000 -0.997008 0.077304
976053032.609284 12.459200 -18.777400 0.000000 0.000000 0.000000 -0.999952 0.009781
976053032.610284 12.493000 -18.733100 0.000000 0.000000 0.000000 0.999974 0.007196
976053032.718284 12.493000 -18.733100 0.000000 0.000000 0.000000 0.999911 0.013341
976053033.138284 12.493000 -18.733100 0.000000 0.000000 0.000000 0.999810 0.019485
976053033.197284 12.493000 -18.733100 0.000000 0.000000 0.000000 0.999810 0.019485
976053033.407284 12.493000 -18.733100 0.000000 0.000000 0.000000 0.999865 0.016411
976053033.683284 12.493000 -18.733100 0.000000 0.000000 0.000000 0.999911 0.013341
976053033.718284 12.493000 -18.733100 0.000000 0.000000 0.000000 0.999911 0.013341
976053034.193284 12.493000 -18.733100 0.000000 0.000000 0.000000 0.999911 0.013341
976053034.327284 12.493000 -18.733100 0.000000 0.000000 0.000000 0.999911 0.013341
976053034.537284 12.493000 -18.733100 0.000000 0.000000 0.000000 0.999911 0.013341
976053035.198284 12.493000 -18.733100 0.000000 0.000000 0.000000 0.999992 0.004121
976053035.399284 12.491600 -18.732700 0.000000 0.000000 0.000000 -0.999987 0.005096
976053035.599284 12.491600 -18.732700 0.000000 0.000000 0.000000 -0.999723 0.023529
976053035.799284 12.491600 -18.732700 0.000000 0.000000 0.000000 -0.999560 0.029672
976053036.199284 12.491600 -18.732700 0.000000 0.000000 0.000000 -0.999464 0.032745
976053036.201284 12.491600 -18.732700 0.000000 0.000000 0.000000 -0.999464 0.032745
976053036.399284 12.491600 -18.732700 0.000000 0.000000 0.000000 -0.999464 0.032745
976053036.721284 12.491600 -18.732700 0.000000 0.000000 0.000000 -0.999723 0.023529
976053036.870284 12.491600 -18.732700 0.000000 0.000000 0.000000 -0.999898 0.014311
976053037.987284 12.489400 -18.732800 0.000000 0.000000 0.000000 0.999974 0.007196
976053038.727284 12.488000 -18.732400 0.000000 0.000000 0.000000 0.987094 0.160139
976053039.687284 12.480300 -18.723500 0.000000 0.000000 0.000000 0.966029 0.258435
976053039.790284 12.479800 -18.722600 0.000000 0.000000 0.000000 0.932708 0.360633
976053039.791284 12.479300 -18.721800 0.000000 0.000000 0.000000 0.919988 0.391946
976053039.860284 12.477900 -18.721400 0.000000 0.000000 0.000000 0.907511 0.420028
976053040.347284 12.463800 -18.704600 0.000000 0.000000 0.000000 0.905155 0.425081
976053040.348284 12.463800 -18.704600 0.000000 0.000000 0.000000 0.893057 0.449943
976053040.420284 12.464300 -18.705500 0.000000 0.000000 0.000000 0.880274 0.474465
976053040.962284 12.464300 -18.705500 0.000000 0.000000 0.000000 0.872881 0.487934
976053040.963284 12.464300 -18.705500 0.000000 0.000000 0.000000 0.868345 0.495961
976053040.980284 12.464300 -18.705500 0.000000 0.000000 0.000000 0.866818 0.498625
976053041.461284 12.464300 -18.705500 0.000000 0.000000 0.000000 0.866818 0.498625
976053041.462284 12.464300 -18.705500 0.000000 0.000000 0.000000 0.866818 0.498625
976053041.607284 12.464300 -18.705500 0.000000 0.000000 0.000000 0.868345 0.495961
976053041.700284 12.464300 -18.705500 0.000000 0.000000 0.000000 0.874374 0.485252
976053041.961284 12.464300 -18.705500 0.000000 0.000000 0.000000 0.884609 0.466333
976053042.188284 12.464800 -18.706300 0.000000 0.000000 0.000000 0.899863 0.436173
976053042.465284 12.464800 -18.706300 0.000000 0.000000 0.000000 0.917789 0.397069
976053042.487284 12.463300 -18.703700 0.000000 0.000000 0.000000 0.938336 0.345725
976053042.672284 12.491600 -18.657000 0.000000 0.000000 0.000000 0.927094 0.374828
976053042.951284 12.490800 -18.655200 0.000000 0.000000 0.000000 0.933846 0.357674
976053043.211284 12.487800 -18.653200 0.000000 0.000000 0.000000 0.947387 0.320092
976053043.436284 12.486500 -18.652600 0.000000 0.000000 0.000000 0.961128 0.276102
976053043.437284 12.486500 -18.652600 0.000000 0.000000 0.000000 0.971388 0.237500
976053043.677284 12.483500 -18.650600 0.000000 0.000000 0.000000 0.980097 0.198519
976053044.801284 12.480000 -18.649900 0.000000 0.000000 0.000000 0.986246 0.165284
976053044.813284 12.455500 -18.722100 0.000000 0.000000 0.000000 0.990121 0.140218
976053045.205284 12.449700 -18.721300 0.000000 0.000000 0.000000 0.994294 0.106678
976053045.227284 12.449700 -18.721300 0.000000 0.000000 0.000000 0.994294 0.106678
976053045.487284 12.449700 -18.721300 0.000000 0.000000 0.000000 0.994294 0.106678
976053045.580284 12.449700 -18.721300 0.000000 0.000000 0.000000 0.994294 0.106678
976053045.797284 12.449400 -18.720300 0.000000 0.000000 0.000000 0.994930 0.100566
976053046.274284 12.448400 -18.720700 0.000000 0.000000 0.000000 0.996091 0.088331
976053046.461284 12.442700 -18.719800 0.000000 0.000000 0.000000 0.999451 0.033130
976053046.687284 12.444000 -18.720400 0.000000 0.000000 0.000000 0.999997 0.002406
976053046.927284 12.443600 -18.719500 0.000000 0.000000 0.000000 -0.999818 0.019100
976053046.998284 12.436400 -18.720300 0.000000 0.000000 0.000000 -0.999599 0.028318
976053047.335284 12.408900 -18.721800 0.000000 0.000000 0.000000 -0.999046 0.043672
976053047.387284 12.351000 -18.728200 0.000000 0.000000 0.000000 -0.998257 0.059012
976053047.711284 12.267300 -18.737600 0.000000 0.000000 0.000000 -0.998434 0.055947
976053047.780284 12.200000 -18.744600 0.000000 0.000000 0.000000 -0.998434 0.055947
976053048.176284 12.152500 -18.750000 0.000000 0.000000 0.000000 -0.998601 0.052877
976053048.181284 12.107800 -18.754300 0.000000 0.000000 0.000000 -0.998759 0.049811
976053048.576284 12.050400 -18.759400 0.000000 0.000000 0.000000 -0.998601 0.052877
976053048.580284 11.977100 -18.767800 0.000000 0.000000 0.000000 -0.998434 0.055947
976053049.272284 11.911100 -18.775300 0.000000 0.000000 0.000000 -0.998257 0.059012
976053049.283284 11.861400 -18.780600 0.000000 0.000000 0.000000 -0.998601 0.052877
976053049.542284 11.764000 -18.819200 0.000000 0.000000 0.000000 -0.995615 0.093544
976053049.597284 11.697600 -18.830700 0.000000 0.000000 0.000000 -0.996171 0.087425
976053050.140284 11.639200 -18.840200 0.000000 0.000000 0.000000 -0.996690 0.081301
976053050.152284 11.587100 -18.848600 0.000000 0.000000 0.000000 -0.997170 0.075175
976053050.287284 11.533200 -18.855800 0.000000 0.000000 0.000000 -0.997613 0.069046
976053050.535284 11.473000 -18.864000 0.000000 0.000000 0.000000 -0.998019 0.062915
976053050.580284 11.408700 -18.871000 0.000000 0.000000 0.000000 -0.998387 0.056781
976053050.974284 11.351200 -18.877800 0.000000 0.000000 0.000000 -0.998717 0.050645
976053050.998284 11.297200 -18.882700 0.000000 0.000000 0.000000 -0.999009 0.044502
976053051.180284 11.239600 -18.887300 0.000000 0.000000 0.000000 -0.999141 0.041434
976053051.520284 11.179800 -18.891900 0.000000 0.000000 0.000000 -0.999377 0.035294
976053051.597284 11.119500 -18.895600 0.000000 0.000000 0.000000 -0.999481 0.032221
976053052.122284 11.062300 -18.898800 0.000000 0.000000 0.000000 -0.999575 0.029152
976053052.134284 11.005100 -18.902000 0.000000 0.000000 0.000000 -0.999660 0.026078
976053052.180284 10.947400 -18.904400 0.000000 0.000000 0.000000 -0.999735 0.023009
976053052.575284 10.887600 -18.906700 0.000000 0.000000 0.000000 -0.999735 0.023009
976053052.580284 10.831300 -18.909500 0.000000 0.000000 0.000000 -0.999801 0.019935
976053052.926284 10.772300 -18.911400 0.000000 0.000000 0.000000 -0.999858 0.016861
976053052.997284 10.809100 -18.910200 0.000000 0.000000 0.000000 -0.999182 0.040445
976053053.399284 10.751100 -18.914400 0.000000 0.000000 0.000000 -0.999182 0.040445
976053053.401284 10.694500 -18.919000 0.000000 0.000000 0.000000 -0.999301 0.037373
976053053.637284 10.636000 -18.922300 0.000000 0.000000 0.000000 -0.999512 0.031231
976053053.973284 10.576600 -18.926100 0.000000 0.000000 0.000000 -0.999603 0.028163
976053053.981284 10.517600 -18.928600 0.000000 0.000000 0.000000 -0.999758 0.022020
976053054.327284 10.459500 -18.930500 0.000000 0.000000 0.000000 -0.999874 0.015871
976053054.381284 10.403000 -18.931500 0.000000 0.000000 0.000000 -0.999953 0.009726
976053054.859284 10.344400 -18.932600 0.000000 0.000000 0.000000 -0.999994 0.003581
976053054.860284 10.286600 -18.933100 0.000000 0.000000 0.000000 -1.000000 0.000511
976053055.274284 10.226900 -18.932500 0.000000 0.000000 0.000000 0.999997 0.002561
976053055.329284 10.170800 -18.932100 0.000000 0.000000 0.000000 0.999931 0.011781
976053055.418284 10.112400 -18.929600 0.000000 0.000000 0.000000 0.999839 0.017925
976053055.727284 10.050800 -18.927700 0.000000 0.000000 0.000000 0.999779 0.021000
976053055.781284 9.989590 -18.924500 0.000000 0.000000 0.000000 0.999710 0.024069
976053056.204284 9.934720 -18.922200 0.000000 0.000000 0.000000 0.999710 0.024069
976053056.205284 9.880720 -18.919400 0.000000 0.000000 0.000000 0.999632 0.027143
976053056.381284 9.821740 -18.916000 0.000000 0.000000 0.000000 0.999544 0.030212
976053056.776284 9.848060 -18.960100 0.000000 0.000000 0.000000 0.999990 0.004416
976053056.782284 9.788430 -18.958900 0.000000 0.000000 0.000000 0.999972 0.007486
976053057.166284 9.732960 -18.958600 0.000000 0.000000 0.000000 0.999972 0.007486
976053057.181284 9.674170 -18.956900 0.000000 0.000000 0.000000 0.999944 0.010561
976053057.572284 9.612320 -18.956000 0.000000 0.000000 0.000000 0.999944 0.010561
976053057.598284 9.553520 -18.954300 0.000000 0.000000 0.000000 0.999944 0.010561
976053057.781284 9.498330 -18.952600 0.000000 0.000000 0.000000 0.999860 0.016706
976053058.127284 9.440360 -18.950300 0.000000 0.000000 0.000000 0.999739 0.022849
976053058.187284 9.379910 -18.946100 0.000000 0.000000 0.000000 0.999580 0.028992
976053058.520284 9.319170 -18.943300 0.000000 0.000000 0.000000 0.999383 0.035134
976053058.581284 9.264530 -18.938800 0.000000 0.000000 0.000000 0.999270 0.038207
976053059.252284 9.209900 -18.934400 0.000000 0.000000 0.000000 0.999016 0.044347
976053059.278284 9.149160 -18.927900 0.000000 0.000000 0.000000 0.998725 0.050485
976053059.464284 9.029360 -18.914000 0.000000 0.000000 0.000000 0.998029 0.062755
976053059.582284 8.975280 -18.906700 0.000000 0.000000 0.000000 0.997624 0.068892
976053060.223284 8.917870 -18.898100 0.000000 0.000000 0.000000 0.997182 0.075021
976053060.235284 8.859080 -18.889200 0.000000 0.000000 0.000000 0.996947 0.078082
976053060.506284 8.824590 -18.899800 0.000000 0.000000 0.000000 0.999236 0.039091
976053060.587284 8.766680 -18.895700 0.000000 0.000000 0.000000 0.999236 0.039091
976053060.922284 8.707540 -18.890000 0.000000 0.000000 0.000000 0.999111 0.042159
976053060.981284 8.647620 -18.884900 0.000000 0.000000 0.000000 0.999111 0.042159
976053061.430284 8.590500 -18.880100 0.000000 0.000000 0.000000 0.998977 0.045231
976053061.431284 8.534170 -18.874800 0.000000 0.000000 0.000000 0.998833 0.048298
976053061.581284 8.474410 -18.868300 0.000000 0.000000 0.000000 0.998517 0.054434
976053062.266284 8.414040 -18.861000 0.000000 0.000000 0.000000 0.998345 0.057505
976053062.279284 8.356470 -18.854100 0.000000 0.000000 0.000000 0.998345 0.057505
976053062.529284 8.245550 -18.840700 0.000000 0.000000 0.000000 0.997973 0.063638
976053062.581284 8.184560 -18.832600 0.000000 0.000000 0.000000 0.997773 0.066707
976053063.221284 8.124980 -18.824700 0.000000 0.000000 0.000000 0.997773 0.066707
976053063.234284 8.067580 -18.816400 0.000000 0.000000 0.000000 0.997563 0.069770
976053063.290284 8.011590 -18.808200 0.000000 0.000000 0.000000 0.997563 0.069770
976053063.536284 7.952790 -18.799700 0.000000 0.000000 0.000000 0.997344 0.072837
976053063.562284 7.895390 -18.791300 0.000000 0.000000 0.000000 0.997344 0.072837
976053064.211284 7.865570 -18.791700 0.000000 0.000000 0.000000 0.998998 0.044761
976053064.228284 7.835930 -18.789800 0.000000 0.000000 0.000000 0.999130 0.041694
976053064.552284 7.722540 -18.779000 0.000000 0.000000 0.000000 0.998998 0.044761
976053064.554284 7.664770 -18.773900 0.000000 0.000000 0.000000 0.998855 0.047833
976053065.162284 7.460090 -18.750200 0.000000 0.000000 0.000000 0.997804 0.066238
976053065.401284 7.404660 -18.741700 0.000000 0.000000 0.000000 0.997378 0.072368
976053065.576284 7.375860 -18.737700 0.000000 0.000000 0.000000 0.997378 0.072368
976053065.889284 7.316200 -18.729000 0.000000 0.000000 0.000000 0.996914 0.078495
976053065.977284 7.257370 -18.718100 0.000000 0.000000 0.000000 0.996413 0.084620
976053066.310284 7.200620 -18.708100 0.000000 0.000000 0.000000 0.995874 0.090746
976053066.322284 7.143200 -18.697400 0.000000 0.000000 0.000000 0.995298 0.096864
976053066.786284 7.085880 -18.685200 0.000000 0.000000 0.000000 0.994684 0.102978
976053066.787284 7.027140 -18.672900 0.000000 0.000000 0.000000 0.994363 0.106032
976053066.882284 6.970570 -18.660100 0.000000 0.000000 0.000000 0.994032 0.109089
976053067.257284 6.942610 -18.654100 0.000000 0.000000 0.000000 0.994032 0.109089
976053067.278284 6.887450 -18.641400 0.000000 0.000000 0.000000 0.993343 0.115195
976053067.530284 6.846370 -18.609100 0.000000 0.000000 0.000000 0.994705 0.102770
976053067.816284 6.788140 -18.596300 0.000000 0.000000 0.000000 0.994384 0.105828
976053067.838284 6.731310 -18.583400 0.000000 0.000000 0.000000 0.994055 0.108880
976053068.941284 6.674490 -18.570600 0.000000 0.000000 0.000000 0.993715 0.111936
976053068.949284 6.474680 -18.522500 0.000000 0.000000 0.000000 0.993009 0.118040
976053068.950284 6.420000 -18.509100 0.000000 0.000000 0.000000 0.992642 0.121088
976053069.130284 6.366740 -18.495700 0.000000 0.000000 0.000000 0.992265 0.124140
976053069.595284 6.325410 -18.484900 0.000000 0.000000 0.000000 0.992265 0.124140
976053069.596284 6.317670 -18.483900 0.000000 0.000000 0.000000 0.991879 0.127186
976053070.167284 6.321170 -18.484700 0.000000 0.000000 0.000000 0.992265 0.124140
976053070.382284 6.321170 -18.484700 0.000000 0.000000 0.000000 0.992642 0.121088
976053070.562284 6.321170 -18.484700 0.000000 0.000000 0.000000 0.993367 0.114986
976053070.828284 6.321170 -18.484700 0.000000 0.000000 0.000000 0.995017 0.099710
976053070.962284 6.321910 -18.484100 0.000000 0.000000 0.000000 0.997393 0.072159
976053071.294284 6.321170 -18.484700 0.000000 0.000000 0.000000 0.999574 0.029202
976053071.363284 6.319760 -18.484700 0.000000 0.000000 0.000000 -0.999574 0.029172
976053071.872284 6.315520 -18.484500 0.000000 0.000000 0.000000 -0.997395 0.072134
976053071.873284 6.314780 -18.485200 0.000000 0.000000 0.000000 -0.996933 0.078261
976053071.963284 6.314780 -18.485200 0.000000 0.000000 0.000000 -0.996688 0.081326
976053072.366284 6.314780 -18.485200 0.000000 0.000000 0.000000 -0.996433 0.084386
976053072.388284 6.314780 -18.485200 0.000000 0.000000 0.000000 -0.996433 0.084386
976053072.638284 6.312640 -18.485800 0.000000 0.000000 0.000000 -0.996933 0.078261
976053072.918284 6.297720 -18.487400 0.000000 0.000000 0.000000 -0.997819 0.066003
976053072.963284 6.268460 -18.514300 0.000000 0.000000 0.000000 -0.996538 0.083140
976053073.378284 6.191330 -18.527400 0.000000 0.000000 0.000000 -0.996538 0.083140
976053073.379284 6.109250 -18.541200 0.000000 0.000000 0.000000 -0.996277 0.086204
976053073.670284 6.052630 -18.550900 0.000000 0.000000 0.000000 -0.996788 0.080080
976053073.949284 6.009470 -18.557100 0.000000 0.000000 0.000000 -0.997697 0.067824
976053073.968284 5.964190 -18.563900 0.000000 0.000000 0.000000 -0.997484 0.070887
976053074.163284 5.897680 -18.572100 0.000000 0.000000 0.000000 -0.997901 0.064756
976053074.475284 5.824810 -18.581000 0.000000 0.000000 0.000000 -0.998280 0.058623
976053074.568284 5.768210 -18.587800 0.000000 0.000000 0.000000 -0.998456 0.055553
976053074.931284 5.720820 -18.592600 0.000000 0.000000 0.000000 -0.998778 0.049416
976053074.962284 5.668470 -18.598000 0.000000 0.000000 0.000000 -0.998778 0.049416
976053075.428284 5.605510 -18.604100 0.000000 0.000000 0.000000 -0.998925 0.046350
976053075.429284 5.538300 -18.610100 0.000000 0.000000 0.000000 -0.998925 0.046350
976053075.563284 5.481010 -18.614800 0.000000 0.000000 0.000000 -0.999063 0.043278
976053075.888284 5.430080 -18.618900 0.000000 0.000000 0.000000 -0.999191 0.040210
976053075.963284 5.372780 -18.623600 0.000000 0.000000 0.000000 -0.999063 0.043278
976053076.410284 5.310530 -18.629000 0.000000 0.000000 0.000000 -0.998778 0.049416
976053076.411284 5.300280 -18.615400 0.000000 0.000000 0.000000 -0.996685 0.081356
976053076.638284 5.244840 -18.624700 0.000000 0.000000 0.000000 -0.996166 0.087479
976053076.854284 5.190140 -18.634700 0.000000 0.000000 0.000000 -0.996166 0.087479
976053076.962284 5.129790 -18.645100 0.000000 0.000000 0.000000 -0.996166 0.087479
976053077.371284 5.069450 -18.655400 0.000000 0.000000 0.000000 -0.996431 0.084416
976053077.398284 5.015420 -18.664600 0.000000 0.000000 0.000000 -0.996685 0.081356
976053077.563284 4.959230 -18.673300 0.000000 0.000000 0.000000 -0.997166 0.075230
976053077.908284 4.900220 -18.682100 0.000000 0.000000 0.000000 -0.997393 0.072164
976053077.977284 4.841880 -18.690200 0.000000 0.000000 0.000000 -0.997817 0.066033
976053078.314284 4.787030 -18.697400 0.000000 0.000000 0.000000 -0.998016 0.062965
976053078.364284 4.726540 -18.704900 0.000000 0.000000 0.000000 -0.997817 0.066033
976053078.838284 4.665370 -18.713100 0.000000 0.000000 0.000000 -0.997610 0.069101
976053078.839284 4.608440 -18.721100 0.000000 0.000000 0.000000 -0.997817 0.066033
976053079.277284 4.551440 -18.727700 0.000000 0.000000 0.000000 -0.998714 0.050695
976053079.357284 4.496440 -18.732100 0.000000 0.000000 0.000000 -0.999574 0.029202
976053079.363284 4.437050 -18.733800 0.000000 0.000000 0.000000 -0.999989 0.004626
976053079.834284 4.377510 -18.732800 0.000000 0.000000 0.000000 0.999942 0.010736
976053079.835284 4.318640 -18.731000 0.000000 0.000000 0.000000 0.999942 0.010736
976053079.963284 4.364750 -18.779200 0.000000 0.000000 0.000000 -0.999937 0.011191
976053080.294284 4.306640 -18.781000 0.000000 0.000000 0.000000 -0.999987 0.005046
976053080.407284 4.244020 -18.780400 0.000000 0.000000 0.000000 0.999991 0.004176
976053080.793284 4.183580 -18.780200 0.000000 0.000000 0.000000 0.999991 0.004176
976053080.794284 4.127360 -18.779700 0.000000 0.000000 0.000000 0.999974 0.007246
976053081.819284 4.071770 -18.778300 0.000000 0.000000 0.000000 0.999910 0.013391
976053082.211284 3.781060 -18.765200 0.000000 0.000000 0.000000 0.999587 0.028752
976053082.212284 3.720950 -18.761500 0.000000 0.000000 0.000000 0.999493 0.031826
976053082.428284 3.660080 -18.757100 0.000000 0.000000 0.000000 0.999279 0.037967
976053082.696284 3.604820 -18.752200 0.000000 0.000000 0.000000 0.998887 0.047174
976053082.858284 3.548020 -18.746000 0.000000 0.000000 0.000000 0.998737 0.050245
976053083.191284 3.488400 -18.740100 0.000000 0.000000 0.000000 0.998578 0.053311
976053083.218284 3.430820 -18.733300 0.000000 0.000000 0.000000 0.998409 0.056381
976053083.428284 3.372460 -18.725900 0.000000 0.000000 0.000000 0.998231 0.059451
976053083.749284 3.346680 -18.767700 0.000000 0.000000 0.000000 0.999432 0.033690
976053083.763284 3.288010 -18.763200 0.000000 0.000000 0.000000 0.999620 0.027548
976053084.144284 3.228980 -18.761000 0.000000 0.000000 0.000000 0.999926 0.012186
976053084.164284 3.170970 -18.760800 0.000000 0.000000 0.000000 -0.999980 0.006251
976053084.683284 3.113180 -18.761900 0.000000 0.000000 0.000000 -0.999957 0.009321
976053084.684284 3.055980 -18.762300 0.000000 0.000000 0.000000 -0.999957 0.009321
976053084.798284 2.994590 -18.763300 0.000000 0.000000 0.000000 -0.999923 0.012396
976053085.964284 2.934000 -18.764900 0.000000 0.000000 0.000000 -0.999880 0.015466
976053086.741284 2.700920 -18.775600 0.000000 0.000000 0.000000 -0.999695 0.024684
976053086.879284 2.641960 -18.778400 0.000000 0.000000 0.000000 -0.999695 0.024684
976053087.108284 2.409840 -18.786000 0.000000 0.000000 0.000000 -0.999923 0.012396
976053087.121284 2.353440 -18.787000 0.000000 0.000000 0.000000 -0.999923 0.012396
976053087.228284 2.379540 -18.818400 0.000000 0.000000 0.000000 -0.999388 0.034994
976053087.466284 2.319890 -18.822900 0.000000 0.000000 0.000000 -0.999388 0.034994
976053087.565284 2.260800 -18.826600 0.000000 0.000000 0.000000 -0.999275 0.038062
976053087.999284 2.201990 -18.831600 0.000000 0.000000 0.000000 -0.999275 0.038062
976053088.765284 2.145120 -18.835600 0.000000 0.000000 0.000000 -0.999388 0.034994
976053088.973284 1.913770 -18.846500 0.000000 0.000000 0.000000 -0.999909 0.013491
976053088.974284 1.856360 -18.847700 0.000000 0.000000 0.000000 -0.999973 0.007346
976053089.164284 1.795060 -18.847500 0.000000 0.000000 0.000000 -0.999999 0.001201
976053089.479284 1.734600 -18.847900 0.000000 0.000000 0.000000 -0.999999 0.001201
976053089.578284 1.676910 -18.847700 0.000000 0.000000 0.000000 0.999988 0.004946
976053089.893284 1.649450 -18.847300 0.000000 0.000000 0.000000 0.999968 0.008016
976053090.816284 1.592880 -18.845500 0.000000 0.000000 0.000000 0.999900 0.014166
976053091.167284 1.330850 -18.869300 0.000000 0.000000 0.000000 0.999980 0.006366
976053091.168284 1.270830 -18.868000 0.000000 0.000000 0.000000 0.999922 0.012511
976053091.264284 1.213560 -18.866000 0.000000 0.000000 0.000000 0.999764 0.021730
976053091.722284 1.184070 -18.864500 0.000000 0.000000 0.000000 0.999692 0.024799
976053091.724284 1.125600 -18.860700 0.000000 0.000000 0.000000 0.999611 0.027873
976053091.825284 1.065760 -18.857100 0.000000 0.000000 0.000000 0.999421 0.034015
976053092.135284 1.008670 -18.852900 0.000000 0.000000 0.000000 0.999312 0.037088
976053092.278284 0.950209 -18.849100 0.000000 0.000000 0.000000 0.999193 0.040156
976053092.608284 0.892263 -18.844400 0.000000 0.000000 0.000000 0.999193 0.040156
976053092.609284 0.863808 -18.841100 0.000000 0.000000 0.000000 0.999193 0.040156
976053092.828284 0.806718 -18.836900 0.000000 0.000000 0.000000 0.999065 0.043228
976053093.101284 0.718089 -18.828800 0.000000 0.000000 0.000000 0.999065 0.043228
976053093.618284 0.572369 -18.816500 0.000000 0.000000 0.000000 0.999193 0.040156
976053093.867284 0.515278 -18.812300 0.000000 0.000000 0.000000 0.999312 0.037088
976053093.970284 0.455959 -18.807900 0.000000 0.000000 0.000000 0.999521 0.030941
976053094.205284 0.397495 -18.804000 0.000000 0.000000 0.000000 0.999611 0.027873
976053094.358284 0.342903 -18.819100 0.000000 0.000000 0.000000 0.999995 0.003266
976053094.635284 0.283844 -18.819000 0.000000 0.000000 0.000000 0.999980 0.006341
976053094.708284 0.225260 -18.818000 0.000000 0.000000 0.000000 0.999956 0.009411
976053095.360284 0.167152 -18.816100 0.000000 0.000000 0.000000 0.999879 0.015556
976053095.371284 0.137219 -18.814700 0.000000 0.000000 0.000000 0.999826 0.018630
976053095.638284 0.020599 -18.809600 0.000000 0.000000 0.000000 0.999612 0.027848
976053095.640284 -0.037437 -18.805500 0.000000 0.000000 0.000000 0.999422 0.033990
976053095.825284 -0.095473 -18.801400 0.000000 0.000000 0.000000 0.999194 0.040131
976053096.141284 -0.153913 -18.796000 0.000000 0.000000 0.000000 0.998929 0.046270
976053096.228284 -0.213233 -18.790000 0.000000 0.000000 0.000000 0.998626 0.052407
976053096.542284 -0.272077 -18.783200 0.000000 0.000000 0.000000 0.998460 0.055478
976053096.568284 -0.301059 -18.780100 0.000000 0.000000 0.000000 0.998285 0.058543
976053096.746284 -0.359903 -18.773300 0.000000 0.000000 0.000000 0.998460 0.055478
976053097.719284 -0.416988 -18.767400 0.000000 0.000000 0.000000 0.998782 0.049341
976053097.912284 -0.651726 -18.762100 0.000000 0.000000 0.000000 -0.999959 0.009021
976053097.978284 -0.634791 -18.793600 0.000000 0.000000 0.000000 -0.999420 0.034065
976053098.365284 -0.691527 -18.796700 0.000000 0.000000 0.000000 -0.999610 0.027923
976053098.366284 -0.753639 -18.799600 0.000000 0.000000 0.000000 -0.999691 0.024849
976053098.545284 -0.814846 -18.802800 0.000000 0.000000 0.000000 -0.999763 0.021780
976053098.905284 -0.872487 -18.805600 0.000000 0.000000 0.000000 -0.999825 0.018705
976053098.945284 -0.927468 -18.807400 0.000000 0.000000 0.000000 -0.999878 0.015636
976053099.273284 -0.985589 -18.808800 0.000000 0.000000 0.000000 -0.999955 0.009486
976053099.346284 -1.046420 -18.808900 0.000000 0.000000 0.000000 -0.999994 0.003341
976053099.689284 -1.104120 -18.809400 0.000000 0.000000 0.000000 0.999996 0.002801
976053099.758284 -1.161390 -18.809000 0.000000 0.000000 0.000000 0.999960 0.008946
976053100.962284 -1.219140 -18.807200 0.000000 0.000000 0.000000 0.999928 0.012021
976053100.998284 -1.452430 -18.798100 0.000000 0.000000 0.000000 0.999625 0.027383
976053100.999284 -1.512890 -18.795100 0.000000 0.000000 0.000000 0.999438 0.033525
976053101.218284 -1.573410 -18.789900 0.000000 0.000000 0.000000 0.999213 0.039666
976053101.472284 -1.632120 -18.785500 0.000000 0.000000 0.000000 0.999087 0.042733
976053101.588284 -1.633150 -18.781100 0.000000 0.000000 0.000000 0.999284 0.037837
976053101.974284 -1.691130 -18.776200 0.000000 0.000000 0.000000 0.999033 0.043977
976053101.976284 -1.753170 -18.770600 0.000000 0.000000 0.000000 0.998893 0.047044
976053102.208284 -1.812980 -18.764800 0.000000 0.000000 0.000000 0.998585 0.053181
976053102.466284 -1.868320 -18.758900 0.000000 0.000000 0.000000 0.998239 0.059316
976053102.578284 -1.923260 -18.752000 0.000000 0.000000 0.000000 0.998585 0.053181
976053102.873284 -1.984390 -18.746800 0.000000 0.000000 0.000000 0.999498 0.031691
976053103.843284 -2.044500 -18.744200 0.000000 0.000000 0.000000 0.999975 0.007116
976053103.968284 -2.336010 -18.742900 0.000000 0.000000 0.000000 0.999948 0.010191
976053104.276284 -2.394290 -18.741200 0.000000 0.000000 0.000000 0.999912 0.013261
976053104.398284 -2.452570 -18.739400 0.000000 0.000000 0.000000 0.999812 0.019405
976053105.284284 -2.511770 -18.737200 0.000000 0.000000 0.000000 0.999747 0.022479
976053105.285284 -2.571880 -18.734600 0.000000 0.000000 0.000000 0.999590 0.028622
976053105.286284 -2.628950 -18.730100 0.000000 0.000000 0.000000 0.999396 0.034764
976053105.287284 -2.659510 -18.750500 0.000000 0.000000 0.000000 0.999980 0.006261
976053105.558284 -2.719910 -18.749500 0.000000 0.000000 0.000000 0.999956 0.009336
976053105.913284 -2.779370 -18.748800 0.000000 0.000000 0.000000 0.999980 0.006261
976053105.914284 -2.835670 -18.748200 0.000000 0.000000 0.000000 1.000000 0.000116
976053105.978284 -2.891970 -18.747700 0.000000 0.000000 0.000000 -0.999996 0.002956
976053106.310284 -2.951780 -18.748000 0.000000 0.000000 0.000000 -0.999982 0.006026
976053106.346284 -3.014150 -18.749400 0.000000 0.000000 0.000000 -0.999982 0.006026
976053106.760284 -3.070800 -18.749800 0.000000 0.000000 0.000000 -0.999959 0.009101
976053106.788284 -3.125570 -18.750900 0.000000 0.000000 0.000000 -0.999982 0.006026
976053106.946284 -3.186320 -18.750800 0.000000 0.000000 0.000000 -0.999982 0.006026
976053107.292284 -3.250570 -18.751500 0.000000 0.000000 0.000000 -0.999959 0.009101
976053107.378284 -3.309790 -18.753100 0.000000 0.000000 0.000000 -0.999959 0.009101
976053107.726284 -3.363620 -18.754500 0.000000 0.000000 0.000000 -0.999959 0.009101
976053107.746284 -3.418980 -18.754300 0.000000 0.000000 0.000000 -0.999996 0.002956
976053108.153284 -3.481010 -18.754800 0.000000 0.000000 0.000000 1.000000 0.000116
976053108.154284 -3.542690 -18.754400 0.000000 0.000000 0.000000 0.999995 0.003191
976053108.358284 -3.599930 -18.753500 0.000000 0.000000 0.000000 0.999956 0.009336
976053108.671284 -3.652720 -18.752100 0.000000 0.000000 0.000000 0.999880 0.015481
976053108.747284 -3.669180 -18.732200 0.000000 0.000000 0.000000 -0.999848 0.017435
976053109.509284 -3.731130 -18.734400 0.000000 0.000000 0.000000 -0.999848 0.017435
976053109.546284 -3.905700 -18.737900 0.000000 0.000000 0.000000 -0.999998 0.002071
976053109.897284 -3.964910 -18.737800 0.000000 0.000000 0.000000 -0.999998 0.002071
976053109.947284 -4.019990 -18.737700 0.000000 0.000000 0.000000 -0.999998 0.002071
976053110.373284 -4.071910 -18.737600 0.000000 0.000000 0.000000 -0.999998 0.002071
976053110.398284 -4.130150 -18.737700 0.000000 0.000000 0.000000 -0.999998 0.002071
976053110.546284 -4.194710 -18.738100 0.000000 0.000000 0.000000 -0.999998 0.002071
976053110.999284 -4.257070 -18.738100 0.000000 0.000000 0.000000 0.999999 0.001001
976053111.574284 -4.312150 -18.738100 0.000000 0.000000 0.000000 0.999992 0.004071
976053111.890284 -4.547060 -18.730800 0.000000 0.000000 0.000000 0.999747 0.022509
976053111.968284 -4.601320 -18.727900 0.000000 0.000000 0.000000 0.999747 0.022509
976053112.872284 -4.659020 -18.726100 0.000000 0.000000 0.000000 0.999811 0.019435
976053112.908284 -4.697780 -18.770600 0.000000 0.000000 0.000000 -0.999985 0.005561
976053112.909284 -4.757440 -18.771300 0.000000 0.000000 0.000000 -0.999985 0.005561
976053112.910284 -4.814930 -18.771400 0.000000 0.000000 0.000000 -0.999963 0.008636
976053112.946284 -4.872640 -18.772500 0.000000 0.000000 0.000000 -0.999931 0.011706
976053113.305284 -4.929600 -18.774800 0.000000 0.000000 0.000000 -0.999891 0.014781
976053113.347284 -4.989490 -18.776400 0.000000 0.000000 0.000000 -0.999841 0.017855
976053113.788284 -5.048400 -18.778200 0.000000 0.000000 0.000000 -0.999781 0.020925
976053113.809284 -5.096150 -18.780600 0.000000 0.000000 0.000000 -0.999781 0.020925
976053113.968284 -5.121100 -18.782000 0.000000 0.000000 0.000000 -0.999634 0.027068
976053114.285284 -5.118930 -18.781500 0.000000 0.000000 0.000000 -0.999712 0.023999
976053114.398284 -5.116760 -18.781000 0.000000 0.000000 0.000000 -0.999634 0.027068
976053114.746284 -5.116760 -18.781000 0.000000 0.000000 0.000000 -0.999634 0.027068
976053114.748284 -5.116760 -18.781000 0.000000 0.000000 0.000000 -0.999634 0.027068
976053114.926284 -5.116760 -18.781000 0.000000 0.000000 0.000000 -0.999712 0.023999
976053115.181284 -5.119910 -18.781300 0.000000 0.000000 0.000000 -0.999931 0.011706
976053115.349284 -5.120880 -18.781000 0.000000 0.000000 0.000000 1.000000 0.000581
976053115.547284 -5.120880 -18.781000 0.000000 0.000000 0.000000 0.999683 0.025164
976053115.857284 -5.120880 -18.781000 0.000000 0.000000 0.000000 0.998438 0.055862
976053116.460284 -5.121860 -18.780800 0.000000 0.000000 0.000000 0.996512 0.083449
976053116.686284 -5.128680 -18.779200 0.000000 0.000000 0.000000 0.981209 0.192949
976053116.768284 -5.129650 -18.779000 0.000000 0.000000 0.000000 0.976170 0.217006
976053117.110284 -5.086890 -18.786700 0.000000 0.000000 0.000000 0.976955 0.213446
976053117.139284 -5.087720 -18.785500 0.000000 0.000000 0.000000 0.969937 0.243358
976053117.299284 -5.090530 -18.784100 0.000000 0.000000 0.000000 0.962001 0.273044
976053117.611284 -5.093330 -18.782600 0.000000 0.000000 0.000000 0.953159 0.302468
976053117.718284 -5.093330 -18.782600 0.000000 0.000000 0.000000 0.947420 0.319992
976053118.120284 -5.094160 -18.781500 0.000000 0.000000 0.000000 0.939269 0.343181
976053118.121284 -5.094990 -18.780300 0.000000 0.000000 0.000000 0.931671 0.363304
976053118.207284 -5.094990 -18.780300 0.000000 0.000000 0.000000 0.918861 0.394581
976053118.681284 -5.096810 -18.779000 0.000000 0.000000 0.000000 0.906304 0.422626
976053118.682284 -5.084320 -18.696200 0.000000 0.000000 0.000000 0.898405 0.439167
976053118.808284 -5.085160 -18.695100 0.000000 0.000000 0.000000 0.883051 0.469277
976053119.197284 -5.086010 -18.694000 0.000000 0.000000 0.000000 0.866688 0.498850
976053119.199284 -5.087550 -18.690700 0.000000 0.000000 0.000000 0.854163 0.520005
976053119.338284 -5.087550 -18.690700 0.000000 0.000000 0.000000 0.849335 0.527854
976053119.742284 -5.088260 -18.688600 0.000000 0.000000 0.000000 0.834415 0.551137
976053119.743284 -5.089950 -18.686300 0.000000 0.000000 0.000000 0.817087 0.576514
976053119.918284 -5.090650 -18.684200 0.000000 0.000000 0.000000 0.800833 0.598888
976053120.250284 -5.091350 -18.682100 0.000000 0.000000 0.000000 0.787767 0.615974
976053120.288284 -5.091900 -18.678900 0.000000 0.000000 0.000000 0.776278 0.630391
976053120.765284 -5.078390 -18.666500 0.000000 0.000000 0.000000 0.770433 0.637521
976053120.766284 -5.082700 -18.640600 0.000000 0.000000 0.000000 0.758550 0.651615
976053120.888284 -5.090450 -18.582900 0.000000 0.000000 0.000000 0.752510 0.658581
976053121.184284 -5.101800 -18.501400 0.000000 0.000000 0.000000 0.754532 0.656264
976053121.209284 -5.111920 -18.432200 0.000000 0.000000 0.000000 0.756543 0.653944
976053121.407284 -5.118850 -18.382700 0.000000 0.000000 0.000000 0.750485 0.660888
976053121.749284 -5.123530 -18.338500 0.000000 0.000000 0.000000 0.750485 0.660888
976053121.779284 -5.131420 -18.281800 0.000000 0.000000 0.000000 0.750485 0.660888
976053122.904284 -5.140550 -18.212700 0.000000 0.000000 0.000000 0.750485 0.660888
976053123.173284 -5.179590 -17.926100 0.000000 0.000000 0.000000 0.758550 0.651615
976053123.174284 -5.190430 -17.861900 0.000000 0.000000 0.000000 0.760550 0.649279
976053123.379284 -5.199170 -17.804000 0.000000 0.000000 0.000000 0.762540 0.646941
976053123.692284 -5.207640 -17.751200 0.000000 0.000000 0.000000 0.760550 0.649279
976053123.774284 -5.216260 -17.699400 0.000000 0.000000 0.000000 0.760550 0.649279
976053124.942284 -5.225410 -17.637500 0.000000 0.000000 0.000000 0.758550 0.651615
976053124.968284 -5.207280 -17.405800 0.000000 0.000000 0.000000 0.774602 0.632449
976053125.440284 -5.219610 -17.345300 0.000000 0.000000 0.000000 0.772653 0.634828
976053125.725284 -5.230240 -17.288100 0.000000 0.000000 0.000000 0.768738 0.639564
976053126.474284 -5.241240 -17.234800 0.000000 0.000000 0.000000 0.770701 0.637197
976053126.487284 -5.251960 -17.178500 0.000000 0.000000 0.000000 0.770701 0.637197
976053126.690284 -5.263200 -17.117200 0.000000 0.000000 0.000000 0.770701 0.637197
976053126.919284 -5.304800 -16.889200 0.000000 0.000000 0.000000 0.766771 0.641921
976053127.902284 -5.316950 -16.826800 0.000000 0.000000 0.000000 0.768738 0.639564
976053128.210284 -5.385920 -16.601500 0.000000 0.000000 0.000000 0.792050 0.610456
976053128.239284 -5.400480 -16.546800 0.000000 0.000000 0.000000 0.792050 0.610456
976053128.369284 -5.414090 -16.493100 0.000000 0.000000 0.000000 0.790169 0.612889
976053128.650284 -5.428480 -16.434400 0.000000 0.000000 0.000000 0.786388 0.617733
976053128.799284 -5.442860 -16.375700 0.000000 0.000000 0.000000 0.784485 0.620148
976053129.147284 -5.456290 -16.318100 0.000000 0.000000 0.000000 0.782577 0.622553
976053129.169284 -5.468850 -16.263400 0.000000 0.000000 0.000000 0.784485 0.620148
976053129.523284 -5.482280 -16.205800 0.000000 0.000000 0.000000 0.786388 0.617733
976053129.599284 -5.496750 -16.149100 0.000000 0.000000 0.000000 0.786388 0.617733
976053130.250284 -5.539170 -15.979000 0.000000 0.000000 0.000000 0.788281 0.615316
976053130.603284 -5.553600 -15.921300 0.000000 0.000000 0.000000 0.790169 0.612889
976053130.649284 -5.568070 -15.864600 0.000000 0.000000 0.000000 0.792050 0.610456
976053131.363284 -5.582640 -15.809900 0.000000 0.000000 0.000000 0.793920 0.608022
976053131.490284 -5.599110 -15.753100 0.000000 0.000000 0.000000 0.795786 0.605577
976053131.542284 -5.615530 -15.695300 0.000000 0.000000 0.000000 0.797642 0.603132
976053131.543284 -5.658030 -15.669400 0.000000 0.000000 0.000000 0.817931 0.575317
976053131.649284 -5.677620 -15.617000 0.000000 0.000000 0.000000 0.814380 0.580332
976053132.532284 -5.696280 -15.562500 0.000000 0.000000 0.000000 0.812592 0.582833
976053132.544284 -5.715020 -15.505100 0.000000 0.000000 0.000000 0.810796 0.585329
976053132.633284 -5.752380 -15.394100 0.000000 0.000000 0.000000 0.810796 0.585329
976053132.650284 -5.771030 -15.339700 0.000000 0.000000 0.000000 0.810796 0.585329
976053133.565284 -5.788680 -15.285200 0.000000 0.000000 0.000000 0.810796 0.585329
976053133.691284 -5.808420 -15.227700 0.000000 0.000000 0.000000 0.814380 0.580332
976053134.101284 -5.887110 -15.007000 0.000000 0.000000 0.000000 0.819693 0.572803
976053134.499284 -5.907850 -14.949600 0.000000 0.000000 0.000000 0.821451 0.570280
976053134.729284 -5.955690 -14.823000 0.000000 0.000000 0.000000 0.824939 0.565221
976053134.999284 -5.954570 -14.827000 0.000000 0.000000 0.000000 0.824939 0.565221
976053135.492284 -5.953510 -14.828900 0.000000 0.000000 0.000000 0.821451 0.570280
976053135.650284 -5.954540 -14.828000 0.000000 0.000000 0.000000 0.798022 0.602629
976053136.814284 -5.954570 -14.827000 0.000000 0.000000 0.000000 0.782966 0.622064
976053137.966284 -5.954810 -14.819000 0.000000 0.000000 0.000000 0.709508 0.704697
976053138.452284 -5.959880 -14.669900 0.000000 0.000000 0.000000 0.736702 0.676218
976053138.496284 -5.964200 -14.612900 0.000000 0.000000 0.000000 0.732529 0.680736
976053138.911284 -5.975430 -14.453800 0.000000 0.000000 0.000000 0.730436 0.682981
976053138.912284 -5.979660 -14.383700 0.000000 0.000000 0.000000 0.728332 0.685224
976053139.501284 -5.983140 -14.325600 0.000000 0.000000 0.000000 0.726225 0.687457
976053139.836284 -5.992970 -14.162300 0.000000 0.000000 0.000000 0.726225 0.687457
976053139.849284 -5.996470 -14.097100 0.000000 0.000000 0.000000 0.728332 0.685224
976053140.325284 -6.000100 -14.038000 0.000000 0.000000 0.000000 0.728332 0.685224
976053140.326284 -6.003840 -13.985000 0.000000 0.000000 0.000000 0.730436 0.682981
976053140.450284 -6.007870 -13.930000 0.000000 0.000000 0.000000 0.730436 0.682981
976053140.791284 -6.011790 -13.868900 0.000000 0.000000 0.000000 0.732529 0.680736
976053140.850284 -6.016140 -13.804900 0.000000 0.000000 0.000000 0.734619 0.678480
976053141.278284 -6.027810 -13.757400 0.000000 0.000000 0.000000 0.755391 0.655275
976053141.279284 -6.035370 -13.703800 0.000000 0.000000 0.000000 0.757402 0.652949
976053141.499284 -6.044300 -13.648500 0.000000 0.000000 0.000000 0.757402 0.652949
976053141.827284 -6.053230 -13.588100 0.000000 0.000000 0.000000 0.757402 0.652949
976053141.828284 -6.062350 -13.531800 0.000000 0.000000 0.000000 0.759403 0.650621
976053141.990284 -6.071280 -13.471300 0.000000 0.000000 0.000000 0.761400 0.648282
976053142.317284 -6.080600 -13.414100 0.000000 0.000000 0.000000 0.761400 0.648282
976053142.350284 -6.085260 -13.385400 0.000000 0.000000 0.000000 0.761400 0.648282
976053142.823284 -6.094390 -13.329100 0.000000 0.000000 0.000000 0.763387 0.645942
976053142.824284 -6.104690 -13.272000 0.000000 0.000000 0.000000 0.765369 0.643591
976053142.969284 -6.115380 -13.213000 0.000000 0.000000 0.000000 0.765369 0.643591
976053143.305284 -6.124700 -13.155700 0.000000 0.000000 0.000000 0.763387 0.645942
976053143.311284 -6.134220 -13.097400 0.000000 0.000000 0.000000 0.763387 0.645942
976053143.708284 -6.144320 -13.041300 0.000000 0.000000 0.000000 0.763387 0.645942
976053143.710284 -6.153840 -12.983100 0.000000 0.000000 0.000000 0.765369 0.643591
976053144.110284 -6.164530 -12.924000 0.000000 0.000000 0.000000 0.767342 0.641239
976053144.139284 -6.175810 -12.867100 0.000000 0.000000 0.000000 0.767342 0.641239
976053144.270284 -6.185730 -12.812000 0.000000 0.000000 0.000000 0.769310 0.638876
976053144.610284 -6.202810 -12.814000 0.000000 0.000000 0.000000 0.779163 0.626821
976053144.639284 -6.215950 -12.755500 0.000000 0.000000 0.000000 0.781087 0.624422
976053144.859284 -6.229310 -12.695900 0.000000 0.000000 0.000000 0.781087 0.624422
976053145.222284 -6.241790 -12.640300 0.000000 0.000000 0.000000 0.781087 0.624422
976053145.224284 -6.255030 -12.585900 0.000000 0.000000 0.000000 0.784909 0.619610
976053145.533284 -6.268710 -12.529500 0.000000 0.000000 0.000000 0.786811 0.617194
976053145.863284 -6.276470 -12.499500 0.000000 0.000000 0.000000 0.788702 0.614776
976053145.865284 -6.290810 -12.440200 0.000000 0.000000 0.000000 0.788702 0.614776
976053146.299284 -6.302390 -12.397700 0.000000 0.000000 0.000000 0.790589 0.612347
976053146.369284 -6.306560 -12.379200 0.000000 0.000000 0.000000 0.792465 0.609917
976053146.704284 -6.306560 -12.379200 0.000000 0.000000 0.000000 0.792465 0.609917
976053146.710284 -6.306560 -12.379200 0.000000 0.000000 0.000000 0.790589 0.612347
976053147.979284 -6.306560 -12.379200 0.000000 0.000000 0.000000 0.786811 0.617194
976053148.110284 -6.307110 -12.372100 0.000000 0.000000 0.000000 0.680844 0.732428
976053148.439284 -6.307330 -12.371200 0.000000 0.000000 0.000000 0.660331 0.750974
976053148.519284 -6.307330 -12.371200 0.000000 0.000000 0.000000 0.641671 0.766980
976053148.793284 -6.305180 -12.362500 0.000000 0.000000 0.000000 0.625026 0.780604
976053148.910284 -6.263550 -12.321400 0.000000 0.000000 0.000000 0.639913 0.768447
976053149.238284 -6.252390 -12.265200 0.000000 0.000000 0.000000 0.625639 0.780113
976053149.270284 -6.235060 -12.185900 0.000000 0.000000 0.000000 0.632805 0.774311
976053149.718284 -6.221910 -12.116400 0.000000 0.000000 0.000000 0.635179 0.772365
976053149.719284 -6.212080 -12.069100 0.000000 0.000000 0.000000 0.630421 0.776254
976053149.870284 -6.202580 -12.023900 0.000000 0.000000 0.000000 0.630421 0.776254
976053150.293284 -6.190780 -11.966500 0.000000 0.000000 0.000000 0.630421 0.776254
976053150.294284 -6.176370 -11.897600 0.000000 0.000000 0.000000 0.628031 0.778189
976053150.470284 -6.163600 -11.836700 0.000000 0.000000 0.000000 0.628031 0.778189
976053150.797284 -6.152800 -11.785800 0.000000 0.000000 0.000000 0.628031 0.778189
976053150.909284 -6.142350 -11.740400 0.000000 0.000000 0.000000 0.628031 0.778189
976053151.317284 -6.131520 -11.686400 0.000000 0.000000 0.000000 0.628031 0.778189
976053151.359284 -6.118110 -11.624200 0.000000 0.000000 0.000000 0.628031 0.778189
976053151.549284 -6.104700 -11.562000 0.000000 0.000000 0.000000 0.628031 0.778189
976053151.920284 -6.092900 -11.504500 0.000000 0.000000 0.000000 0.628031 0.778189
976053151.921284 -6.082400 -11.452700 0.000000 0.000000 0.000000 0.630421 0.776254
976053152.796284 -6.071270 -11.399700 0.000000 0.000000 0.000000 0.637551 0.770408
976053153.168284 -6.046280 -11.238800 0.000000 0.000000 0.000000 0.695392 0.718631
976053153.292284 -6.045370 -11.184700 0.000000 0.000000 0.000000 0.693182 0.720762
976053153.506284 -6.040370 -11.073400 0.000000 0.000000 0.000000 0.693182 0.720762
976053153.507284 -6.037880 -11.008300 0.000000 0.000000 0.000000 0.693182 0.720762
976053153.739284 -6.036650 -10.948800 0.000000 0.000000 0.000000 0.695392 0.718631
976053154.907284 -6.034160 -10.893200 0.000000 0.000000 0.000000 0.695392 0.718631
976053154.919284 -6.032290 -10.838800 0.000000 0.000000 0.000000 0.693182 0.720762
976053155.713284 -6.019460 -10.605700 0.000000 0.000000 0.000000 0.677520 0.735505
976053155.724284 -6.015070 -10.549400 0.000000 0.000000 0.000000 0.677520 0.735505
976053155.739284 -5.999680 -10.371400 0.000000 0.000000 0.000000 0.677520 0.735505
976053155.870284 -5.995600 -10.317300 0.000000 0.000000 0.000000 0.675255 0.737585
976053156.219284 -6.043520 -10.261800 0.000000 0.000000 0.000000 0.713422 0.700734
976053156.271284 -6.044580 -10.200800 0.000000 0.000000 0.000000 0.713422 0.700734
976053156.707284 -6.046140 -10.141200 0.000000 0.000000 0.000000 0.715574 0.698537
976053156.729284 -6.048300 -10.085200 0.000000 0.000000 0.000000 0.715574 0.698537
976053156.871284 -6.049050 -10.027400 0.000000 0.000000 0.000000 0.717715 0.696337
976053157.218284 -6.051520 -9.968250 0.000000 0.000000 0.000000 0.717715 0.696337
976053157.273284 -6.054000 -9.909070 0.000000 0.000000 0.000000 0.717715 0.696337
976053157.751284 -6.055150 -9.850390 0.000000 0.000000 0.000000 0.717715 0.696337
976053157.752284 -6.057310 -9.794350 0.000000 0.000000 0.000000 0.715574 0.698537
976053157.979284 -6.058470 -9.735670 0.000000 0.000000 0.000000 0.713422 0.700734
976053158.361284 -6.059120 -9.675660 0.000000 0.000000 0.000000 0.711268 0.702921
976053158.362284 -6.060270 -9.616980 0.000000 0.000000 0.000000 0.709103 0.705105
976053158.489284 -6.060610 -9.560120 0.000000 0.000000 0.000000 0.704757 0.709449
976053158.896284 -6.059620 -9.503760 0.000000 0.000000 0.000000 0.702572 0.711613
976053158.897284 -6.059360 -9.443350 0.000000 0.000000 0.000000 0.698186 0.715917
976053159.794284 -6.057270 -9.382110 0.000000 0.000000 0.000000 0.693773 0.720194
976053159.899284 -6.063150 -9.304650 0.000000 0.000000 0.000000 0.712732 0.701437
976053159.901284 -6.064150 -9.245180 0.000000 0.000000 0.000000 0.710571 0.703625
976053160.119284 -6.064680 -9.186590 0.000000 0.000000 0.000000 0.710571 0.703625
976053160.521284 -6.065160 -9.130230 0.000000 0.000000 0.000000 0.708408 0.705803
976053160.523284 -6.066570 -9.072110 0.000000 0.000000 0.000000 0.708408 0.705803
976053160.671284 -6.066210 -9.013050 0.000000 0.000000 0.000000 0.710571 0.703625
976053161.624284 -6.067210 -8.953580 0.000000 0.000000 0.000000 0.710571 0.703625
976053161.735284 -6.068210 -8.894110 0.000000 0.000000 0.000000 0.712732 0.701437
976053161.759284 -6.074680 -8.719800 0.000000 0.000000 0.000000 0.725541 0.688179
976053162.981284 -6.078330 -8.661730 0.000000 0.000000 0.000000 0.723421 0.690407
976053162.993284 -6.080630 -8.604080 0.000000 0.000000 0.000000 0.721298 0.692625
976053163.220284 -6.086390 -8.311660 0.000000 0.000000 0.000000 0.701870 0.712305
976053163.271284 -6.109210 -8.274040 0.000000 0.000000 0.000000 0.721658 0.692249
976053163.771284 -6.111310 -8.219010 0.000000 0.000000 0.000000 0.719530 0.694462
976053163.773284 -6.113600 -8.161750 0.000000 0.000000 0.000000 0.725899 0.687802
976053163.871284 -6.117790 -8.103310 0.000000 0.000000 0.000000 0.736381 0.676568
976053164.272284 -6.124400 -8.042830 0.000000 0.000000 0.000000 0.750762 0.660573
976053164.300284 -6.132520 -7.985630 0.000000 0.000000 0.000000 0.758824 0.651296
976053164.559284 -6.141490 -7.928950 0.000000 0.000000 0.000000 0.756821 0.653623
976053164.835284 -6.149410 -7.873980 0.000000 0.000000 0.000000 0.754807 0.655947
976053164.871284 -6.158250 -7.813700 0.000000 0.000000 0.000000 0.752790 0.658261
976053165.356284 -6.166430 -7.750660 0.000000 0.000000 0.000000 0.750762 0.660573
976053165.357284 -6.174030 -7.694310 0.000000 0.000000 0.000000 0.748731 0.662874
976053165.489284 -6.180770 -7.637440 0.000000 0.000000 0.000000 0.744640 0.667467
976053165.880284 -6.186990 -7.581420 0.000000 0.000000 0.000000 0.742587 0.669749
976053165.881284 -6.192030 -7.523500 0.000000 0.000000 0.000000 0.738458 0.674300
976053166.109284 -6.198120 -7.463880 0.000000 0.000000 0.000000 0.736381 0.676568
976053166.442284 -6.202830 -7.404580 0.000000 0.000000 0.000000 0.732209 0.681080
976053166.559284 -6.206490 -7.346990 0.000000 0.000000 0.000000 0.730115 0.683324
976053166.829284 -6.210490 -7.290780 0.000000 0.000000 0.000000 0.728010 0.685566
976053166.872284 -6.206140 -7.262410 0.000000 0.000000 0.000000 0.742865 0.669441
976053167.267284 -6.212420 -7.203680 0.000000 0.000000 0.000000 0.738737 0.673993
976053167.289284 -6.215040 -7.171540 0.000000 0.000000 0.000000 0.736665 0.676258
976053167.452284 -6.220190 -7.114470 0.000000 0.000000 0.000000 0.734582 0.678520
976053167.889284 -6.224210 -7.059040 0.000000 0.000000 0.000000 0.730398 0.683021
976053167.890284 -6.227960 -7.002230 0.000000 0.000000 0.000000 0.726187 0.687497
976053168.100284 -6.231770 -6.941810 0.000000 0.000000 0.000000 0.724073 0.689723
976053168.449284 -6.234750 -6.880820 0.000000 0.000000 0.000000 0.721949 0.691946
976053168.451284 -6.236290 -6.823700 0.000000 0.000000 0.000000 0.719818 0.694163
976053168.572284 -6.239180 -6.769930 0.000000 0.000000 0.000000 0.717683 0.696369
976053168.940284 -6.239800 -6.742480 0.000000 0.000000 0.000000 0.717683 0.696369
976053168.970284 -6.241640 -6.683140 0.000000 0.000000 0.000000 0.717683 0.696369
976053169.132284 -6.243230 -6.622420 0.000000 0.000000 0.000000 0.715539 0.698573
976053169.466284 -6.245340 -6.564470 0.000000 0.000000 0.000000 0.715539 0.698573
976053169.492284 -6.246320 -6.508180 0.000000 0.000000 0.000000 0.715539 0.698573
976053169.970284 -6.247860 -6.451060 0.000000 0.000000 0.000000 0.715539 0.698573
976053169.971284 -6.249350 -6.420570 0.000000 0.000000 0.000000 0.715539 0.698573
976053170.535284 -6.249550 -6.360100 0.000000 0.000000 0.000000 0.711233 0.702957
976053170.612284 -6.276220 -6.176930 0.000000 0.000000 0.000000 0.722243 0.691639
976053170.950284 -6.278650 -6.115950 0.000000 0.000000 0.000000 0.717979 0.696064
976053170.980284 -6.279860 -6.056560 0.000000 0.000000 0.000000 0.715836 0.698269
976053171.173284 -6.281450 -5.999970 0.000000 0.000000 0.000000 0.713689 0.700463
976053171.598284 -6.282250 -5.942770 0.000000 0.000000 0.000000 0.709371 0.704836
976053171.599284 -6.282650 -5.914170 0.000000 0.000000 0.000000 0.707200 0.707014
976053171.809284 -6.282080 -5.852170 0.000000 0.000000 0.000000 0.702842 0.711346
976053172.820284 -6.281480 -5.795160 0.000000 0.000000 0.000000 0.698458 0.715651
976053172.899284 -6.272490 -5.534490 0.000000 0.000000 0.000000 0.691830 0.722061
976053173.187284 -6.270070 -5.479870 0.000000 0.000000 0.000000 0.691830 0.722061
976053173.249284 -6.267690 -5.420260 0.000000 0.000000 0.000000 0.689610 0.724181
976053173.722284 -6.264510 -5.360030 0.000000 0.000000 0.000000 0.691830 0.722061
976053173.723284 -6.262920 -5.301020 0.000000 0.000000 0.000000 0.694047 0.719930
976053173.812284 -6.260720 -5.242800 0.000000 0.000000 0.000000 0.696254 0.717796
976053174.298284 -6.255940 -5.220780 0.000000 0.000000 0.000000 0.716129 0.697968
976053174.299284 -6.258060 -5.162400 0.000000 0.000000 0.000000 0.718268 0.695766
976053174.413284 -6.260070 -5.102620 0.000000 0.000000 0.000000 0.713979 0.700167
976053174.758284 -6.261550 -5.045010 0.000000 0.000000 0.000000 0.711826 0.702356
976053174.819284 -6.261750 -4.988930 0.000000 0.000000 0.000000 0.707497 0.706716
976053175.274284 -6.261050 -4.930800 0.000000 0.000000 0.000000 0.705320 0.708889
976053175.275284 -6.261010 -4.871900 0.000000 0.000000 0.000000 0.703141 0.711051
976053175.412284 -6.260200 -4.812360 0.000000 0.000000 0.000000 0.698755 0.715362
976053175.763284 -6.258860 -4.754990 0.000000 0.000000 0.000000 0.696555 0.717503
976053175.829284 -6.256880 -4.698380 0.000000 0.000000 0.000000 0.689910 0.723895
976053176.276284 -6.254010 -4.639730 0.000000 0.000000 0.000000 0.687685 0.726010
976053176.277284 -6.250500 -4.581830 0.000000 0.000000 0.000000 0.683210 0.730222
976053176.412284 -6.247110 -4.525350 0.000000 0.000000 0.000000 0.680962 0.732319
976053176.882284 -6.242320 -4.468980 0.000000 0.000000 0.000000 0.678707 0.734410
976053176.884284 -6.237920 -4.409040 0.000000 0.000000 0.000000 0.678707 0.734410
976053177.131284 -6.233410 -4.347680 0.000000 0.000000 0.000000 0.678707 0.734410
976053177.364284 -6.229130 -4.289140 0.000000 0.000000 0.000000 0.676449 0.736490
976053177.429284 -6.223810 -4.234950 0.000000 0.000000 0.000000 0.674181 0.738566
976053177.896284 -6.244240 -4.207210 0.000000 0.000000 0.000000 0.699205 0.714921
976053177.898284 -6.242930 -4.145700 0.000000 0.000000 0.000000 0.703585 0.710611
976053178.121284 -6.242320 -4.084890 0.000000 0.000000 0.000000 0.703585 0.710611
976053178.460284 -6.242470 -4.029030 0.000000 0.000000 0.000000 0.705763 0.708448
976053178.490284 -6.242630 -3.973160 0.000000 0.000000 0.000000 0.707938 0.706274
976053178.613284 -6.242050 -3.915180 0.000000 0.000000 0.000000 0.707938 0.706274
976053179.162284 -6.243540 -3.852230 0.000000 0.000000 0.000000 0.710107 0.704094
976053179.174284 -6.245100 -3.794940 0.000000 0.000000 0.000000 0.718706 0.695314
976053179.290284 -6.247360 -3.738340 0.000000 0.000000 0.000000 0.720838 0.693104
976053179.653284 -6.249600 -3.678920 0.000000 0.000000 0.000000 0.718706 0.695314
976053179.655284 -6.251840 -3.619500 0.000000 0.000000 0.000000 0.716565 0.697520
976053179.813284 -6.252720 -3.565750 0.000000 0.000000 0.000000 0.714420 0.699717
976053180.236284 -6.253600 -3.512000 0.000000 0.000000 0.000000 0.710107 0.704094
976053180.238284 -6.255190 -3.458940 0.000000 0.000000 0.000000 0.716565 0.697520
976053180.480284 -6.257450 -3.400940 0.000000 0.000000 0.000000 0.727197 0.686429
976053180.822284 -6.261110 -3.342920 0.000000 0.000000 0.000000 0.727197 0.686429
976053180.823284 -6.264790 -3.286310 0.000000 0.000000 0.000000 0.727197 0.686429
976053181.299284 -6.267740 -3.227580 0.000000 0.000000 0.000000 0.725083 0.688661
976053181.342284 -6.263680 -3.195400 0.000000 0.000000 0.000000 0.742075 0.670317
976053181.490284 -6.269500 -3.138310 0.000000 0.000000 0.000000 0.744129 0.668036
976053181.826284 -6.275390 -3.079810 0.000000 0.000000 0.000000 0.742075 0.670317
976053181.850284 -6.281830 -3.024870 0.000000 0.000000 0.000000 0.744129 0.668036
976053182.133284 -6.288340 -2.968520 0.000000 0.000000 0.000000 0.746180 0.665745
976053182.453284 -6.295070 -2.906510 0.000000 0.000000 0.000000 0.748220 0.663451
976053182.454284 -6.303220 -2.844560 0.000000 0.000000 0.000000 0.752283 0.658840
976053182.619284 -6.311130 -2.788270 0.000000 0.000000 0.000000 0.756320 0.654201
976053182.965284 -6.318940 -2.734800 0.000000 0.000000 0.000000 0.758325 0.651876
976053183.299284 -6.328380 -2.675730 0.000000 0.000000 0.000000 0.758325 0.651876
976053183.491284 -6.337880 -2.615250 0.000000 0.000000 0.000000 0.758325 0.651876
976053183.492284 -6.345800 -2.558950 0.000000 0.000000 0.000000 0.754305 0.656524
976053183.680284 -6.353660 -2.504070 0.000000 0.000000 0.000000 0.752283 0.658840
976053184.375284 -6.360900 -2.447040 0.000000 0.000000 0.000000 0.750257 0.661147
976053184.388284 -6.368310 -2.385770 0.000000 0.000000 0.000000 0.746180 0.665745
976053184.574284 -6.381490 -2.268820 0.000000 0.000000 0.000000 0.742075 0.670317
976053184.640284 -6.386530 -2.213830 0.000000 0.000000 0.000000 0.740010 0.672596
976053185.720284 -6.421240 -2.176780 0.000000 0.000000 0.000000 0.754577 0.656211
976053185.880284 -6.456150 -1.884570 0.000000 0.000000 0.000000 0.740292 0.672285
976053186.175284 -6.461500 -1.825420 0.000000 0.000000 0.000000 0.740292 0.672285
976053186.240284 -6.467220 -1.769850 0.000000 0.000000 0.000000 0.738221 0.674558
976053186.636284 -6.471540 -1.714150 0.000000 0.000000 0.000000 0.734062 0.679082
976053186.660284 -6.476250 -1.654220 0.000000 0.000000 0.000000 0.736144 0.676825
976053186.814284 -6.482350 -1.594430 0.000000 0.000000 0.000000 0.738221 0.674558
976053187.160284 -6.487570 -1.536680 0.000000 0.000000 0.000000 0.736144 0.676825
976053187.230284 -6.491890 -1.480980 0.000000 0.000000 0.000000 0.734062 0.679082
976053187.659284 -6.497110 -1.423230 0.000000 0.000000 0.000000 0.734062 0.679082
976053187.660284 -6.501170 -1.362540 0.000000 0.000000 0.000000 0.731971 0.681336
976053187.814284 -6.505740 -1.304030 0.000000 0.000000 0.000000 0.731971 0.681336
976053188.269284 -6.509550 -1.246150 0.000000 0.000000 0.000000 0.729876 0.683580
976053188.270284 -6.514000 -1.189040 0.000000 0.000000 0.000000 0.729876 0.683580
976053188.414284 -6.516810 -1.155020 0.000000 0.000000 0.000000 0.748396 0.663252
976053188.859284 -6.523680 -1.095950 0.000000 0.000000 0.000000 0.736042 0.676936
976053188.860284 -6.526380 -1.036190 0.000000 0.000000 0.000000 0.710586 0.703611
976053189.141284 -6.526050 -0.977374 0.000000 0.000000 0.000000 0.695288 0.718732
976053189.435284 -6.523510 -0.918905 0.000000 0.000000 0.000000 0.697494 0.716590
976053189.436284 -6.522950 -0.861480 0.000000 0.000000 0.000000 0.699691 0.714446
976053189.614284 -6.521220 -0.802429 0.000000 0.000000 0.000000 0.697494 0.716590
976053189.963284 -6.520660 -0.745004 0.000000 0.000000 0.000000 0.697494 0.716590
976053190.141284 -6.519170 -0.684557 0.000000 0.000000 0.000000 0.697494 0.716590
976053190.551284 -6.518260 -0.624923 0.000000 0.000000 0.000000 0.699691 0.714446
976053190.552284 -6.517700 -0.567497 0.000000 0.000000 0.000000 0.699691 0.714446
976053190.670284 -6.516450 -0.514258 0.000000 0.000000 0.000000 0.699691 0.714446
976053191.731284 -6.515660 -0.458228 0.000000 0.000000 0.000000 0.699691 0.714446
976053191.840284 -6.513200 -0.164706 0.000000 0.000000 0.000000 0.701885 0.712291
976053192.199284 -6.507520 -0.146078 0.000000 0.000000 0.000000 0.723794 0.690016
976053192.220284 -6.509090 -0.120319 0.000000 0.000000 0.000000 0.723794 0.690016
976053192.522284 -6.508670 -0.125301 0.000000 0.000000 0.000000 0.725909 0.687791
976053192.862284 -6.509310 -0.122545 0.000000 0.000000 0.000000 0.725909 0.687791
976053192.890284 -6.509310 -0.122545 0.000000 0.000000 0.000000 0.723794 0.690016
976053193.299284 -6.509310 -0.122545 0.000000 0.000000 0.000000 0.723794 0.690016
976053193.456284 -6.509310 -0.122545 0.000000 0.000000 0.000000 0.717401 0.696660
976053193.457284 -6.509940 -0.119788 0.000000 0.000000 0.000000 0.708785 0.705424
976053193.614284 -6.509940 -0.119788 0.000000 0.000000 0.000000 0.697863 0.716231
976053193.820284 -6.509620 -0.121167 0.000000 0.000000 0.000000 0.677792 0.735254
976053194.102284 -6.509620 -0.121167 0.000000 0.000000 0.000000 0.659516 0.751690
976053194.250284 -6.509090 -0.120319 0.000000 0.000000 0.000000 0.638479 0.769639
976053194.694284 -6.509190 -0.116715 0.000000 0.000000 0.000000 0.607230 0.794526
976053194.696284 -6.507390 -0.111946 0.000000 0.000000 0.000000 0.572503 0.819903
976053194.820284 -6.506860 -0.111099 0.000000 0.000000 0.000000 0.557287 0.830320
976053195.257284 -6.506860 -0.111099 0.000000 0.000000 0.000000 0.528909 0.848678
976053195.258284 -6.453070 -0.086552 0.000000 0.000000 0.000000 0.529838 0.848099
976053195.350284 -6.452570 -0.085684 0.000000 0.000000 0.000000 0.503535 0.863975
976053195.796284 -6.451570 -0.083948 0.000000 0.000000 0.000000 0.474049 0.880499
976053195.797284 -6.451570 -0.083948 0.000000 0.000000 0.000000 0.457736 0.889088
976053195.875284 -6.451570 -0.083948 0.000000 0.000000 0.000000 0.438508 0.898727
976053196.421284 -6.451080 -0.083081 0.000000 0.000000 0.000000 0.405078 0.914282
976053196.450284 -6.451080 -0.083081 0.000000 0.000000 0.000000 0.388154 0.921594
976053196.451284 -6.451570 -0.083948 0.000000 0.000000 0.000000 0.365385 0.930857
976053196.690284 -6.451570 -0.083948 0.000000 0.000000 0.000000 0.342394 0.939556
976053197.903284 -6.452940 -0.084319 0.000000 0.000000 0.000000 0.310447 0.950591
976053197.915284 -6.427330 -0.136947 0.000000 0.000000 0.000000 0.292376 0.956304
976053198.314284 -6.427330 -0.136947 0.000000 0.000000 0.000000 0.169898 0.985462
976053198.315284 -6.427330 -0.136947 0.000000 0.000000 0.000000 0.142584 0.989783
976053198.316284 -6.427330 -0.136947 0.000000 0.000000 0.000000 0.112108 0.993696
976053198.475284 -6.427330 -0.136947 0.000000 0.000000 0.000000 0.084588 0.996416
976053198.831284 -6.423740 -0.136596 0.000000 0.000000 0.000000 0.072335 0.997380
976053198.900284 -6.388150 -0.168909 0.000000 0.000000 0.000000 0.059287 0.998241
976053199.337284 -6.373800 -0.167530 0.000000 0.000000 0.000000 0.053151 0.998586
976053199.360284 -6.348200 -0.164235 0.000000 0.000000 0.000000 0.040874 0.999164
976053199.435284 -6.345090 -0.164772 0.000000 0.000000 0.000000 0.043944 0.999034
976053199.882284 -6.343730 -0.164363 0.000000 0.000000 0.000000 0.047013 0.998894
976053199.883284 -6.342380 -0.163954 0.000000 0.000000 0.000000 0.043944 0.999034
976053200.119284 -6.331610 -0.162920 0.000000 0.000000 0.000000 0.040874 0.999164
976053200.392284 -6.290370 -0.160072 0.000000 0.000000 0.000000 0.031662 0.999499
976053200.395284 -6.210590 -0.155194 0.000000 0.000000 0.000000 0.028590 0.999591
976053200.595284 -6.128110 -0.149498 0.000000 0.000000 0.000000 0.031662 0.999499
976053200.983284 -6.071630 -0.145744 0.000000 0.000000 0.000000 0.022447 0.999748
976053200.996284 -6.030860 -0.143777 0.000000 0.000000 0.000000 0.016302 0.999867
976053201.507284 -5.982030 -0.141594 0.000000 0.000000 0.000000 0.019375 0.999812
976053201.508284 -5.911260 -0.138695 0.000000 0.000000 0.000000 0.013230 0.999912
976053201.595284 -5.839610 -0.136269 0.000000 0.000000 0.000000 0.013230 0.999912
976053202.479284 -5.780960 -0.134813 0.000000 0.000000 0.000000 0.010157 0.999948
976053202.491284 -5.734840 -0.133447 0.000000 0.000000 0.000000 0.010157 0.999948
976053202.698284 -5.618890 -0.130945 0.000000 0.000000 0.000000 0.010157 0.999948
976053202.699284 -5.553060 -0.128800 0.000000 0.000000 0.000000 0.010157 0.999948
976053202.850284 -5.495760 -0.127754 0.000000 0.000000 0.000000 0.007085 0.999975
976053203.306284 -5.444290 -0.126988 0.000000 0.000000 0.000000 0.004012 0.999992
976053203.308284 -5.384760 -0.126005 0.000000 0.000000 0.000000 0.000939 1.000000
976053203.396284 -5.374210 -0.117285 0.000000 0.000000 0.000000 0.023510 0.999724
976053203.907284 -5.315640 -0.113903 0.000000 0.000000 0.000000 0.026581 0.999647
976053203.908284 -5.262880 -0.110994 0.000000 0.000000 0.000000 0.029653 0.999560
976053203.997284 -5.206540 -0.107623 0.000000 0.000000 0.000000 0.032724 0.999464
976053204.511284 -5.146190 -0.102892 0.000000 0.000000 0.000000 0.032724 0.999464
976053204.530284 -5.084040 -0.099048 0.000000 0.000000 0.000000 0.029653 0.999560
976053204.600284 -5.027260 -0.094781 0.000000 0.000000 0.000000 0.029653 0.999560
976053205.130284 -4.971830 -0.090965 0.000000 0.000000 0.000000 0.026581 0.999647
976053205.131284 -4.913250 -0.087585 0.000000 0.000000 0.000000 0.026581 0.999647
976053205.250284 -4.851550 -0.084637 0.000000 0.000000 0.000000 0.023510 0.999724
976053205.705284 -4.795220 -0.081265 0.000000 0.000000 0.000000 0.017365 0.999849
976053205.706284 -4.737530 -0.079676 0.000000 0.000000 0.000000 0.011220 0.999937
976053205.796284 -4.677610 -0.078079 0.000000 0.000000 0.000000 0.008148 0.999967
976053206.312284 -4.618140 -0.077377 0.000000 0.000000 0.000000 0.008148 0.999967
976053206.313284 -4.560450 -0.075788 0.000000 0.000000 0.000000 0.002002 0.999998
976053206.430284 -4.500970 -0.075086 0.000000 0.000000 0.000000 0.005075 0.999987
976053206.835284 -4.442840 -0.074838 0.000000 0.000000 0.000000 0.002002 0.999998
976053206.836284 -4.384260 -0.073692 0.000000 0.000000 0.000000 0.005075 0.999987
976053206.996284 -4.366450 -0.056273 0.000000 0.000000 0.000000 0.044121 0.999026
976053207.500284 -4.308510 -0.051488 0.000000 0.000000 0.000000 0.044121 0.999026
976053207.501284 -4.252050 -0.045031 0.000000 0.000000 0.000000 0.050260 0.998736
976053207.597284 -4.193370 -0.038389 0.000000 0.000000 0.000000 0.056397 0.998408
976053208.209284 -4.133380 -0.031191 0.000000 0.000000 0.000000 0.056397 0.998408
976053208.211284 -4.076930 -0.024734 0.000000 0.000000 0.000000 0.056397 0.998408
976053208.212284 -4.020100 -0.017348 0.000000 0.000000 0.000000 0.059464 0.998230
976053208.450284 -3.961040 -0.009778 0.000000 0.000000 0.000000 0.056397 0.998408
976053208.853284 -3.901430 -0.003509 0.000000 0.000000 0.000000 0.050260 0.998736
976053208.854284 -3.843120 0.002205 0.000000 0.000000 0.000000 0.044121 0.999026
976053208.996284 -3.787410 0.006806 0.000000 0.000000 0.000000 0.037981 0.999278
976053209.452284 -3.728540 0.011219 0.000000 0.000000 0.000000 0.031839 0.999493
976053209.454284 -3.669670 0.015632 0.000000 0.000000 0.000000 0.028768 0.999586
976053209.670284 -3.611540 0.018189 0.000000 0.000000 0.000000 0.019552 0.999809
976053210.110284 -3.553420 0.020745 0.000000 0.000000 0.000000 0.016480 0.999864
976053210.111284 -3.495290 0.023302 0.000000 0.000000 0.000000 0.010335 0.999947
976053210.240284 -3.436610 0.024559 0.000000 0.000000 0.000000 0.007262 0.999974
976053210.698284 -3.377930 0.025815 0.000000 0.000000 0.000000 0.010335 0.999947
976053210.699284 -3.316440 0.073463 0.000000 0.000000 0.000000 0.033819 0.999428
976053210.798284 -3.257910 0.077834 0.000000 0.000000 0.000000 0.036890 0.999319
976053211.352284 -3.201270 0.082849 0.000000 0.000000 0.000000 0.039960 0.999201
976053211.354284 -3.143690 0.087542 0.000000 0.000000 0.000000 0.043030 0.999074
976053211.420284 -3.084830 0.092859 0.000000 0.000000 0.000000 0.043030 0.999074
976053211.891284 -3.025980 0.098176 0.000000 0.000000 0.000000 0.043030 0.999074
976053211.892284 -2.968070 0.103816 0.000000 0.000000 0.000000 0.043030 0.999074
976053212.110284 -2.910170 0.109455 0.000000 0.000000 0.000000 0.046100 0.998937
976053212.511284 -2.853210 0.115417 0.000000 0.000000 0.000000 0.052238 0.998635
976053212.531284 -2.793710 0.122628 0.000000 0.000000 0.000000 0.052238 0.998635
976053212.600284 -2.734860 0.127945 0.000000 0.000000 0.000000 0.049169 0.998790
976053213.126284 -2.677900 0.133907 0.000000 0.000000 0.000000 0.043030 0.999074
976053213.130284 -2.619990 0.139546 0.000000 0.000000 0.000000 0.043030 0.999074
976053213.210284 -2.563350 0.144561 0.000000 0.000000 0.000000 0.036890 0.999319
976053213.723284 -2.503870 0.148610 0.000000 0.000000 0.000000 0.030748 0.999527
976053213.724284 -2.445660 0.152034 0.000000 0.000000 0.000000 0.024604 0.999697
976053213.840284 -2.388400 0.155780 0.000000 0.000000 0.000000 0.021532 0.999768
976053214.400284 -2.329570 0.157935 0.000000 0.000000 0.000000 0.012316 0.999924
976053214.401284 -2.304040 0.208694 0.000000 0.000000 0.000000 0.040473 0.999181
976053214.402284 -2.246950 0.212852 0.000000 0.000000 0.000000 0.034332 0.999411
976053214.596284 -2.191790 0.217534 0.000000 0.000000 0.000000 0.034332 0.999411
976053215.586284 -2.133730 0.221428 0.000000 0.000000 0.000000 0.034332 0.999411
976053215.707284 -2.073210 0.226728 0.000000 0.000000 0.000000 0.034332 0.999411
976053215.723284 -1.956130 0.234254 0.000000 0.000000 0.000000 0.028189 0.999603
976053215.724284 -1.900260 0.237709 0.000000 0.000000 0.000000 0.028189 0.999603
976053215.840284 -1.841240 0.241341 0.000000 0.000000 0.000000 0.025118 0.999685
976053216.303284 -1.782220 0.244973 0.000000 0.000000 0.000000 0.025118 0.999685
976053216.305284 -1.722230 0.248342 0.000000 0.000000 0.000000 0.025118 0.999685
976053216.398284 -1.663200 0.251975 0.000000 0.000000 0.000000 0.025118 0.999685
976053216.918284 -1.607600 0.254465 0.000000 0.000000 0.000000 0.022045 0.999757
976053216.921284 -1.550770 0.257657 0.000000 0.000000 0.000000 0.018973 0.999820
976053216.997284 -1.491040 0.260061 0.000000 0.000000 0.000000 0.015901 0.999874
976053217.554284 -1.431320 0.262466 0.000000 0.000000 0.000000 0.015901 0.999874
976053217.611284 -1.373780 0.264431 0.000000 0.000000 0.000000 0.015901 0.999874
976053217.612284 -1.315020 0.267098 0.000000 0.000000 0.000000 0.015901 0.999874
976053217.820284 -1.290720 0.317709 0.000000 0.000000 0.000000 0.060396 0.998174
976053218.291284 -1.233410 0.325768 0.000000 0.000000 0.000000 0.060396 0.998174
976053218.292284 -1.177260 0.333018 0.000000 0.000000 0.000000 0.060396 0.998174
976053218.396284 -1.117990 0.340725 0.000000 0.000000 0.000000 0.060396 0.998174
976053218.916284 -1.057730 0.348257 0.000000 0.000000 0.000000 0.054261 0.998527
976053218.921284 -1.000770 0.354347 0.000000 0.000000 0.000000 0.054261 0.998527
976053218.990284 -0.943818 0.360436 0.000000 0.000000 0.000000 0.048123 0.998841
976053219.472284 -0.887039 0.365542 0.000000 0.000000 0.000000 0.041984 0.999118
976053219.473284 -0.858069 0.368499 0.000000 0.000000 0.000000 0.041984 0.999118
976053219.620284 -0.798160 0.374062 0.000000 0.000000 0.000000 0.035843 0.999357
976053220.142284 -0.739587 0.377831 0.000000 0.000000 0.000000 0.032772 0.999463
976053220.143284 -0.682984 0.381952 0.000000 0.000000 0.000000 0.029701 0.999559
976053220.144284 -0.625394 0.385898 0.000000 0.000000 0.000000 0.026629 0.999645
976053220.340284 -0.565837 0.389492 0.000000 0.000000 0.000000 0.023557 0.999722
976053220.807284 -0.535074 0.391113 0.000000 0.000000 0.000000 0.020486 0.999790
976053220.821284 -0.476676 0.393898 0.000000 0.000000 0.000000 0.014341 0.999897
976053220.880284 -0.418630 0.394714 0.000000 0.000000 0.000000 0.008196 0.999966
976053221.369284 -0.363538 0.396057 0.000000 0.000000 0.000000 0.002051 0.999998
976053221.381284 -0.310590 0.396768 0.000000 0.000000 0.000000 0.002051 0.999998
976053221.430284 -0.428114 0.423799 0.000000 0.000000 0.000000 0.021629 0.999766
976053221.986284 -0.374391 0.425784 0.000000 0.000000 0.000000 0.018557 0.999828
976053222.111284 -0.348952 0.427468 0.000000 0.000000 0.000000 0.018557 0.999828
976053222.216284 -0.354040 0.427132 0.000000 0.000000 0.000000 0.018557 0.999828
976053222.650284 -0.349943 0.427599 0.000000 0.000000 0.000000 0.018557 0.999828
976053222.671284 -0.349943 0.427599 0.000000 0.000000 0.000000 0.021629 0.999766
976053222.730284 -0.349943 0.427599 0.000000 0.000000 0.000000 0.027772 0.999614
976053223.315284 -0.349943 0.427599 0.000000 0.000000 0.000000 0.043127 0.999070
976053223.316284 -0.350934 0.427730 0.000000 0.000000 0.000000 0.073800 0.997273
976053223.317284 -0.352057 0.426870 0.000000 0.000000 0.000000 0.092173 0.995743
976053223.470284 -0.349943 0.427599 0.000000 0.000000 0.000000 0.137954 0.990439
976053223.914284 -0.352057 0.426870 0.000000 0.000000 0.000000 0.201534 0.979482
976053223.941284 -0.352057 0.426870 0.000000 0.000000 0.000000 0.249427 0.968394
976053224.178284 -0.354171 0.426140 0.000000 0.000000 0.000000 0.284956 0.958540
976053224.516284 -0.305084 0.462151 0.000000 0.000000 0.000000 0.303471 0.952841
976053224.521284 -0.306063 0.462353 0.000000 0.000000 0.000000 0.349931 0.936775
976053224.591284 -0.306063 0.462353 0.000000 0.000000 0.000000 0.389894 0.920860
976053225.113284 -0.304882 0.463131 0.000000 0.000000 0.000000 0.429135 0.903241
976053225.131284 -0.304882 0.463131 0.000000 0.000000 0.000000 0.475711 0.879602
976053225.190284 -0.303297 0.465867 0.000000 0.000000 0.000000 0.518363 0.855161
976053225.710284 -0.237027 0.500945 0.000000 0.000000 0.000000 0.536036 0.844195
976053225.731284 -0.236549 0.502887 0.000000 0.000000 0.000000 0.574362 0.818601
976053225.790284 -0.235593 0.506771 0.000000 0.000000 0.000000 0.618738 0.785598
976053226.312284 -0.234875 0.509684 0.000000 0.000000 0.000000 0.654276 0.756256
976053226.331284 -0.234875 0.509684 0.000000 0.000000 0.000000 0.683955 0.729524
976053226.391284 -0.235114 0.508713 0.000000 0.000000 0.000000 0.716840 0.697237
976053226.916284 -0.253829 0.521968 0.000000 0.000000 0.000000 0.745633 0.666356
976053226.917284 -0.253829 0.521968 0.000000 0.000000 0.000000 0.771649 0.636048
976053226.978284 -0.253829 0.521968 0.000000 0.000000 0.000000 0.811056 0.584969
976053227.432284 -0.253829 0.521968 0.000000 0.000000 0.000000 0.840494 0.541820
976053227.433284 -0.253114 0.520748 0.000000 0.000000 0.000000 0.858324 0.513108
976053227.578284 -0.253114 0.520748 0.000000 0.000000 0.000000 0.876657 0.481115
976053227.970284 -0.303496 0.514655 0.000000 0.000000 0.000000 0.899876 0.436146
976053227.978284 -0.302528 0.514399 0.000000 0.000000 0.000000 0.921422 0.388563
976053228.606284 -0.302528 0.514399 0.000000 0.000000 0.000000 0.938346 0.345697
976053228.607284 -0.303496 0.514655 0.000000 0.000000 0.000000 0.953277 0.302097
976053228.608284 -0.303496 0.514655 0.000000 0.000000 0.000000 0.964581 0.263787
976053228.841284 -0.303496 0.514655 0.000000 0.000000 0.000000 0.976379 0.216064
976053229.242284 -0.347605 0.454030 0.000000 0.000000 0.000000 0.984271 0.176664
976053229.243284 -0.347605 0.454030 0.000000 0.000000 0.000000 0.990958 0.134175
976053229.378284 -0.347605 0.454030 0.000000 0.000000 0.000000 0.995231 0.097551
976053229.917284 -0.347605 0.454030 0.000000 0.000000 0.000000 0.999101 0.042384
976053229.918284 -0.347605 0.454030 0.000000 0.000000 0.000000 -0.999952 0.009841
976053229.980284 -0.347605 0.454030 0.000000 0.000000 0.000000 -0.998436 0.055902
976053230.374284 -0.354318 0.395850 0.000000 0.000000 0.000000 -0.995725 0.092364
976053230.379284 -0.353362 0.395553 0.000000 0.000000 0.000000 -0.990412 0.138143
976053230.918284 -0.350859 0.396869 0.000000 0.000000 0.000000 -0.984105 0.177589
976053230.931284 -0.348356 0.398184 0.000000 0.000000 0.000000 -0.975558 0.219743
976053230.978284 -0.344598 0.400156 0.000000 0.000000 0.000000 -0.963580 0.267422
976053231.589284 -0.343347 0.400814 0.000000 0.000000 0.000000 -0.949273 0.314454
976053231.590284 -0.304311 0.377451 0.000000 0.000000 0.000000 -0.933777 0.357856
976053231.592284 -0.302761 0.379063 0.000000 0.000000 0.000000 -0.912566 0.408930
976053231.778284 -0.299959 0.381333 0.000000 0.000000 0.000000 -0.892756 0.450541
976053232.292284 -0.299959 0.381333 0.000000 0.000000 0.000000 -0.877018 0.480458
976053232.294284 -0.299959 0.381333 0.000000 0.000000 0.000000 -0.852349 0.522974
976053232.378284 -0.299959 0.381333 0.000000 0.000000 0.000000 -0.823878 0.566767
976053232.930284 -0.276410 0.334912 0.000000 0.000000 0.000000 -0.802205 0.597048
976053232.951284 -0.276410 0.334912 0.000000 0.000000 0.000000 -0.771894 0.635751
976053233.975284 -0.276410 0.334912 0.000000 0.000000 0.000000 -0.739721 0.672914
976053234.106284 -0.220513 0.351037 0.000000 0.000000 0.000000 -0.606352 0.795196
976053234.107284 -0.219895 0.349766 0.000000 0.000000 0.000000 -0.566539 0.824035
976053234.211284 -0.218656 0.347224 0.000000 0.000000 0.000000 -0.533180 0.846002
976053234.568284 -0.218656 0.347224 0.000000 0.000000 0.000000 -0.501628 0.865083
976053234.621284 -0.218656 0.347224 0.000000 0.000000 0.000000 -0.461238 0.887276
976053234.779284 -0.218656 0.347224 0.000000 0.000000 0.000000 -0.411483 0.911417
976053235.312284 -0.233564 0.359208 0.000000 0.000000 0.000000 -0.369826 0.929101
976053235.313284 -0.231068 0.357265 0.000000 0.000000 0.000000 -0.323719 0.946153
976053235.411284 -0.229182 0.356598 0.000000 0.000000 0.000000 -0.285676 0.958326
976053235.977284 -0.227630 0.354989 0.000000 0.000000 0.000000 -0.247177 0.968970
976053235.979284 -0.224801 0.353989 0.000000 0.000000 0.000000 -0.199259 0.979947
976053235.980284 -0.221972 0.352990 0.000000 0.000000 0.000000 -0.178137 0.984006
976053236.179284 -0.221972 0.352990 0.000000 0.000000 0.000000 -0.178137 0.984006
976053236.961284 -0.221972 0.352990 0.000000 0.000000 0.000000 -0.175112 0.984548
976053237.165284 -0.285977 0.396219 0.000000 0.000000 0.000000 -0.145526 0.989354
976053237.166284 -0.285022 0.395923 0.000000 0.000000 0.000000 -0.112009 0.993707
976053237.167284 -0.283112 0.395331 0.000000 0.000000 0.000000 -0.059971 0.998200
976053237.179284 -0.278995 0.395101 0.000000 0.000000 0.000000 -0.007771 0.999970
976053237.698284 -0.278040 0.394805 0.000000 0.000000 0.000000 0.029098 0.999577
976053237.699284 -0.278040 0.394805 0.000000 0.000000 0.000000 0.029098 0.999577
976053237.811284 -0.275834 0.395168 0.000000 0.000000 0.000000 0.026027 0.999661
976053238.148284 -0.261935 0.396093 0.000000 0.000000 0.000000 0.013738 0.999906
976053238.179284 -0.224952 0.397188 0.000000 0.000000 0.000000 0.010666 0.999943
976053238.729284 -0.149074 0.398786 0.000000 0.000000 0.000000 0.013738 0.999906
976053238.741284 -0.066281 0.402428 0.000000 0.000000 0.000000 0.016811 0.999859
976053238.791284 -0.006870 0.404944 0.000000 0.000000 0.000000 0.013738 0.999906
976053239.298284 0.039599 0.406239 0.000000 0.000000 0.000000 0.007593 0.999971
976053239.299284 0.085771 0.406579 0.000000 0.000000 0.000000 0.010666 0.999943
976053239.421284 0.146137 0.408799 0.000000 0.000000 0.000000 0.010666 0.999943
976053239.897284 0.219808 0.410034 0.000000 0.000000 0.000000 0.007593 0.999971
976053239.898284 0.282085 0.411662 0.000000 0.000000 0.000000 0.004520 0.999990
976053239.982284 0.333625 0.412431 0.000000 0.000000 0.000000 -0.001625 0.999999
976053240.564284 0.381708 0.412178 0.000000 0.000000 0.000000 -0.004698 0.999989
976053240.566284 0.442141 0.411237 0.000000 0.000000 0.000000 -0.010843 0.999941
976053240.582284 0.510807 0.409837 0.000000 0.000000 0.000000 -0.013916 0.999903
976053241.161284 0.572195 0.408599 0.000000 0.000000 0.000000 -0.013916 0.999903
976053241.162284 0.623143 0.407458 0.000000 0.000000 0.000000 -0.016988 0.999856
976053241.179284 0.738448 0.502904 0.000000 0.000000 0.000000 0.027945 0.999609
976053241.702284 0.798489 0.506782 0.000000 0.000000 0.000000 0.027945 0.999609
976053241.704284 0.864812 0.511398 0.000000 0.000000 0.000000 0.024874 0.999691
976053241.780284 0.922692 0.514703 0.000000 0.000000 0.000000 0.024874 0.999691
976053242.309284 0.976249 0.516863 0.000000 0.000000 0.000000 0.021802 0.999762
976053242.311284 1.030010 0.520002 0.000000 0.000000 0.000000 0.021802 0.999762
976053242.387284 1.091810 0.522494 0.000000 0.000000 0.000000 0.018730 0.999825
976053242.914284 1.154780 0.525762 0.000000 0.000000 0.000000 0.018730 0.999825
976053242.915284 1.210500 0.528495 0.000000 0.000000 0.000000 0.021802 0.999762
976053242.981284 1.264060 0.530655 0.000000 0.000000 0.000000 0.018730 0.999825
976053243.514284 1.322920 0.533757 0.000000 0.000000 0.000000 0.021802 0.999762
976053243.516284 1.386670 0.535842 0.000000 0.000000 0.000000 0.021802 0.999762
976053243.581284 1.445530 0.538944 0.000000 0.000000 0.000000 0.024874 0.999691
976053244.163284 1.500270 0.541880 0.000000 0.000000 0.000000 0.021802 0.999762
976053244.164284 1.558150 0.545185 0.000000 0.000000 0.000000 0.015657 0.999877
976053244.180284 1.616600 0.546329 0.000000 0.000000 0.000000 0.012585 0.999921
976053244.749284 1.676240 0.548248 0.000000 0.000000 0.000000 0.006440 0.999979
976053244.801284 1.733510 0.548616 0.000000 0.000000 0.000000 0.000294 1.000000
976053244.802284 1.660790 0.566933 0.000000 0.000000 0.000000 0.027633 0.999618
976053244.959284 1.718950 0.570281 0.000000 0.000000 0.000000 0.024561 0.999698
976053245.447284 1.779080 0.573330 0.000000 0.000000 0.000000 0.018417 0.999830
976053245.448284 1.839210 0.576379 0.000000 0.000000 0.000000 0.012272 0.999925
976053245.539284 1.897060 0.577750 0.000000 0.000000 0.000000 0.006127 0.999981
976053246.143284 1.952790 0.578430 0.000000 0.000000 0.000000 0.003055 0.999995
976053246.154284 2.012470 0.578513 0.000000 0.000000 0.000000 -0.000018 1.000000
976053246.655284 2.130010 0.579967 0.000000 0.000000 0.000000 -0.000018 1.000000
976053246.671284 2.186570 0.579509 0.000000 0.000000 0.000000 -0.000018 1.000000
976053246.679284 2.247400 0.580431 0.000000 0.000000 0.000000 0.003055 0.999995
976053247.312284 2.276820 0.581042 0.000000 0.000000 0.000000 0.006127 0.999981
976053247.314284 2.335510 0.581274 0.000000 0.000000 0.000000 0.006127 0.999981
976053247.315284 2.390400 0.583093 0.000000 0.000000 0.000000 0.006127 0.999981
976053247.400284 2.449090 0.583325 0.000000 0.000000 0.000000 0.003055 0.999995
976053248.312284 2.509910 0.584247 0.000000 0.000000 0.000000 0.003055 0.999995
976053248.323284 2.568760 0.585468 0.000000 0.000000 0.000000 0.003055 0.999995
976053248.333284 2.596050 0.585389 0.000000 0.000000 0.000000 0.003055 0.999995
976053248.666284 2.675720 0.578342 0.000000 0.000000 0.000000 0.009457 0.999955
976053248.668284 2.736360 0.580171 0.000000 0.000000 0.000000 0.006385 0.999980
976053248.720284 2.795890 0.581125 0.000000 0.000000 0.000000 0.000239 1.000000
976053249.226284 2.850220 0.580686 0.000000 0.000000 0.000000 -0.008979 0.999960
976053249.227284 2.907530 0.579891 0.000000 0.000000 0.000000 -0.012052 0.999927
976053249.279284 2.968810 0.578622 0.000000 0.000000 0.000000 -0.015124 0.999886
976053249.872284 3.030100 0.577353 0.000000 0.000000 0.000000 -0.021269 0.999774
976053249.873284 3.116320 0.574116 0.000000 0.000000 0.000000 -0.027413 0.999624
976053250.101284 3.171290 0.570579 0.000000 0.000000 0.000000 -0.036626 0.999329
976053250.583284 3.230230 0.566569 0.000000 0.000000 0.000000 -0.036626 0.999329
976053250.584284 3.293140 0.562084 0.000000 0.000000 0.000000 -0.033555 0.999437
976053250.600284 3.352200 0.559066 0.000000 0.000000 0.000000 -0.030484 0.999535
976053251.173284 3.380240 0.557735 0.000000 0.000000 0.000000 -0.033555 0.999437
976053251.231284 3.433220 0.554435 0.000000 0.000000 0.000000 -0.033555 0.999437
976053251.232284 3.491170 0.550543 0.000000 0.000000 0.000000 -0.033555 0.999437
976053251.320284 3.553200 0.547170 0.000000 0.000000 0.000000 -0.033555 0.999437
976053251.798284 3.612260 0.544152 0.000000 0.000000 0.000000 -0.030484 0.999535
976053251.799284 3.670210 0.540260 0.000000 0.000000 0.000000 -0.033555 0.999437
976053251.922284 3.699520 0.563363 0.000000 0.000000 0.000000 -0.013103 0.999914
976053252.461284 3.758650 0.562400 0.000000 0.000000 0.000000 -0.013103 0.999914
976053252.462284 3.818770 0.561353 0.000000 0.000000 0.000000 -0.013103 0.999914
976053252.551284 3.876820 0.559478 0.000000 0.000000 0.000000 -0.019248 0.999815
976053253.474284 3.933870 0.557686 0.000000 0.000000 0.000000 -0.025392 0.999678
976053253.485284 3.992830 0.554730 0.000000 0.000000 0.000000 -0.031535 0.999503
976053253.599284 4.111580 0.546742 0.000000 0.000000 0.000000 -0.034606 0.999401
976053253.611284 4.167460 0.543041 0.000000 0.000000 0.000000 -0.040748 0.999169
976053253.751284 4.227330 0.539005 0.000000 0.000000 0.000000 -0.043817 0.999040
976053254.397284 4.287120 0.533973 0.000000 0.000000 0.000000 -0.041975 0.999119
976053254.398284 4.345830 0.528028 0.000000 0.000000 0.000000 -0.045045 0.998985
976053254.399284 4.402630 0.523247 0.000000 0.000000 0.000000 -0.048115 0.998842
976053254.520284 4.461250 0.516305 0.000000 0.000000 0.000000 -0.054252 0.998527
976053255.142284 4.518970 0.510444 0.000000 0.000000 0.000000 -0.054252 0.998527
976053255.154284 4.575600 0.503670 0.000000 0.000000 0.000000 -0.051184 0.998689
976053255.201284 4.635300 0.497641 0.000000 0.000000 0.000000 -0.051184 0.998689
976053255.672284 4.693010 0.491779 0.000000 0.000000 0.000000 -0.048115 0.998842
976053255.691284 4.732840 0.529013 0.000000 0.000000 0.000000 -0.033901 0.999425
976053255.720284 4.791720 0.525102 0.000000 0.000000 0.000000 -0.030830 0.999525
976053256.334284 4.849600 0.521240 0.000000 0.000000 0.000000 -0.027758 0.999615
976053256.335284 4.908530 0.518328 0.000000 0.000000 0.000000 -0.033901 0.999425
976053256.336284 4.966360 0.513468 0.000000 0.000000 0.000000 -0.036972 0.999316
976053256.531284 5.023190 0.508657 0.000000 0.000000 0.000000 -0.040042 0.999198
976053256.897284 5.078020 0.503945 0.000000 0.000000 0.000000 -0.040042 0.999198
976053256.951284 5.130860 0.499331 0.000000 0.000000 0.000000 -0.040042 0.999198
976053257.123284 5.190690 0.494372 0.000000 0.000000 0.000000 -0.040042 0.999198
976053257.679284 5.253510 0.489265 0.000000 0.000000 0.000000 -0.040042 0.999198
976053257.680284 5.314340 0.484256 0.000000 0.000000 0.000000 -0.040042 0.999198
976053257.720284 5.369170 0.479544 0.000000 0.000000 0.000000 -0.043113 0.999070
976053258.339284 5.423010 0.474881 0.000000 0.000000 0.000000 -0.043113 0.999070
976053258.340284 5.483790 0.468874 0.000000 0.000000 0.000000 -0.043113 0.999070
976053258.341284 5.545610 0.463816 0.000000 0.000000 0.000000 -0.040042 0.999198
976053258.531284 5.604440 0.458906 0.000000 0.000000 0.000000 -0.036972 0.999316
976053258.957284 5.659320 0.455193 0.000000 0.000000 0.000000 -0.040042 0.999198
976053259.175284 5.717110 0.449334 0.000000 0.000000 0.000000 -0.046182 0.998933
976053259.667284 5.816300 0.497577 0.000000 0.000000 0.000000 -0.001562 0.999999
976053259.681284 5.869380 0.497346 0.000000 0.000000 0.000000 -0.007708 0.999970
976053259.771284 5.919520 0.495959 0.000000 0.000000 0.000000 -0.013853 0.999904
976053260.265284 5.972660 0.494729 0.000000 0.000000 0.000000 -0.016925 0.999857
976053260.266284 6.029900 0.491711 0.000000 0.000000 0.000000 -0.026142 0.999658
976053260.320284 6.085130 0.488588 0.000000 0.000000 0.000000 -0.029213 0.999573
976053260.976284 6.138370 0.485360 0.000000 0.000000 0.000000 -0.035355 0.999375
976053260.978284 6.187670 0.480926 0.000000 0.000000 0.000000 -0.041496 0.999139
976053260.979284 6.244010 0.475858 0.000000 0.000000 0.000000 -0.038426 0.999261
976053261.161284 6.300300 0.471788 0.000000 0.000000 0.000000 -0.038426 0.999261
976053261.595284 6.354590 0.467614 0.000000 0.000000 0.000000 -0.035355 0.999375
976053261.641284 6.408890 0.463441 0.000000 0.000000 0.000000 -0.038426 0.999261
976053261.731284 6.467220 0.458477 0.000000 0.000000 0.000000 -0.038426 0.999261
976053262.237284 6.528560 0.453670 0.000000 0.000000 0.000000 -0.041496 0.999139
976053262.238284 6.584850 0.449600 0.000000 0.000000 0.000000 -0.038426 0.999261
976053262.429284 6.641140 0.445531 0.000000 0.000000 0.000000 -0.032285 0.999479
976053262.930284 6.698420 0.441513 0.000000 0.000000 0.000000 -0.032285 0.999479
976053262.931284 6.710580 0.465916 0.000000 0.000000 0.000000 0.002085 0.999998
976053262.932284 6.769990 0.466085 0.000000 0.000000 0.000000 0.005158 0.999987
976053263.124284 6.827300 0.467006 0.000000 0.000000 0.000000 0.008230 0.999966
976053263.589284 6.884610 0.467926 0.000000 0.000000 0.000000 0.005158 0.999987
976053263.601284 6.940050 0.467612 0.000000 0.000000 0.000000 -0.000988 1.000000
976053263.791284 7.000580 0.466909 0.000000 0.000000 0.000000 -0.010206 0.999948
976053264.275284 7.059240 0.464972 0.000000 0.000000 0.000000 -0.016351 0.999866
976053264.311284 7.117900 0.463035 0.000000 0.000000 0.000000 -0.019423 0.999811
976053264.322284 7.173710 0.459743 0.000000 0.000000 0.000000 -0.025568 0.999673
976053264.873284 7.230500 0.456572 0.000000 0.000000 0.000000 -0.031710 0.999497
976053264.892284 7.289410 0.452649 0.000000 0.000000 0.000000 -0.037852 0.999283
976053264.941284 7.350420 0.447975 0.000000 0.000000 0.000000 -0.043993 0.999032
976053265.542284 7.408570 0.441947 0.000000 0.000000 0.000000 -0.050131 0.998743
976053265.543284 7.464730 0.435677 0.000000 0.000000 0.000000 -0.053200 0.998584
976053265.544284 7.522890 0.429649 0.000000 0.000000 0.000000 -0.056268 0.998416
976053265.725284 7.580170 0.422507 0.000000 0.000000 0.000000 -0.053200 0.998584
976053266.269284 7.638320 0.416478 0.000000 0.000000 0.000000 -0.056268 0.998416
976053266.271284 7.697580 0.409577 0.000000 0.000000 0.000000 -0.056268 0.998416
976053266.321284 7.770720 0.414345 0.000000 0.000000 0.000000 -0.037539 0.999295
976053266.864284 7.827080 0.410185 0.000000 0.000000 0.000000 -0.034468 0.999406
976053266.866284 7.884430 0.406183 0.000000 0.000000 0.000000 -0.034468 0.999406
976053266.951284 7.945890 0.401825 0.000000 0.000000 0.000000 -0.031397 0.999507
976053267.546284 8.005210 0.398138 0.000000 0.000000 0.000000 -0.031397 0.999507
976053267.547284 8.059440 0.394651 0.000000 0.000000 0.000000 -0.031397 0.999507
976053267.548284 8.115810 0.390491 0.000000 0.000000 0.000000 -0.031397 0.999507
976053267.829284 8.164940 0.387202 0.000000 0.000000 0.000000 -0.031397 0.999507
976053268.217284 8.184330 0.386250 0.000000 0.000000 0.000000 -0.031397 0.999507
976053268.219284 8.180220 0.386606 0.000000 0.000000 0.000000 -0.031397 0.999507
976053268.322284 8.179240 0.386448 0.000000 0.000000 0.000000 -0.031397 0.999507
976053268.814284 8.179240 0.386448 0.000000 0.000000 0.000000 -0.034468 0.999406
976053268.816284 8.180220 0.386606 0.000000 0.000000 0.000000 -0.040609 0.999175
976053269.165284 8.182360 0.385934 0.000000 0.000000 0.000000 -0.055955 0.998433
976053269.327284 8.183350 0.386092 0.000000 0.000000 0.000000 -0.095783 0.995402
976053269.687284 8.182360 0.385934 0.000000 0.000000 0.000000 -0.126320 0.991990
976053269.721284 8.182360 0.385934 0.000000 0.000000 0.000000 -0.156737 0.987640
976053270.205284 8.182360 0.385934 0.000000 0.000000 0.000000 -0.190023 0.981780
976053270.262284 8.182360 0.385934 0.000000 0.000000 0.000000 -0.214098 0.976812
976053270.341284 8.182360 0.385934 0.000000 0.000000 0.000000 -0.235057 0.971982
976053271.256284 8.183350 0.386092 0.000000 0.000000 0.000000 -0.249962 0.968256
976053271.421284 8.183350 0.386092 0.000000 0.000000 0.000000 -0.252936 0.967483
976053271.472284 8.183350 0.386092 0.000000 0.000000 0.000000 -0.255908 0.966701
976053271.473284 8.187930 0.382773 0.000000 0.000000 0.000000 -0.249962 0.968256
976053271.474284 8.209050 0.370959 0.000000 0.000000 0.000000 -0.246986 0.969019
976053271.475284 8.261300 0.341837 0.000000 0.000000 0.000000 -0.252936 0.967483
976053271.671284 8.297990 0.321370 0.000000 0.000000 0.000000 -0.255908 0.966701
976053272.111284 8.326930 0.274695 0.000000 0.000000 0.000000 -0.226434 0.974026
976053272.112284 8.378520 0.249023 0.000000 0.000000 0.000000 -0.229426 0.973326
976053272.225284 8.416490 0.229610 0.000000 0.000000 0.000000 -0.238389 0.971170
976053272.664284 8.456830 0.208665 0.000000 0.000000 0.000000 -0.238389 0.971170
976053272.665284 8.514790 0.177209 0.000000 0.000000 0.000000 -0.244353 0.969686
976053272.783284 8.578690 0.141922 0.000000 0.000000 0.000000 -0.250307 0.968166
976053273.220284 8.632110 0.112552 0.000000 0.000000 0.000000 -0.253281 0.967393
976053273.221284 8.654270 0.099953 0.000000 0.000000 0.000000 -0.256252 0.966610
976053273.391284 8.693850 0.077820 0.000000 0.000000 0.000000 -0.256252 0.966610
976053273.844284 8.741950 0.049347 0.000000 0.000000 0.000000 -0.259221 0.965818
976053273.846284 8.800340 0.015935 0.000000 0.000000 0.000000 -0.256252 0.966610
976053273.902284 8.857530 -0.016710 0.000000 0.000000 0.000000 -0.259221 0.965818
976053274.391284 8.903470 -0.044628 0.000000 0.000000 0.000000 -0.271072 0.962559
976053274.392284 8.942490 -0.068928 0.000000 0.000000 0.000000 -0.288772 0.957398
976053274.462284 8.989700 -0.102710 0.000000 0.000000 0.000000 -0.315135 0.949047
976053274.989284 9.042730 -0.144444 0.000000 0.000000 0.000000 -0.335473 0.942050
976053274.990284 9.068750 -0.165416 0.000000 0.000000 0.000000 -0.332577 0.943076
976053275.516284 9.113240 -0.200810 0.000000 0.000000 0.000000 -0.329678 0.944094
976053275.671284 9.194820 -0.301424 0.000000 0.000000 0.000000 -0.349955 0.936766
976053276.299284 9.243460 -0.343331 0.000000 0.000000 0.000000 -0.349955 0.936766
976053276.310284 9.266000 -0.363124 0.000000 0.000000 0.000000 -0.349955 0.936766
976053276.588284 9.345320 -0.434357 0.000000 0.000000 0.000000 -0.361443 0.932394
976053276.602284 9.388240 -0.473375 0.000000 0.000000 0.000000 -0.364306 0.931279
976053276.801284 9.434150 -0.516876 0.000000 0.000000 0.000000 -0.367166 0.930155
976053277.163284 9.478470 -0.557647 0.000000 0.000000 0.000000 -0.367166 0.930155
976053277.202284 9.519230 -0.596097 0.000000 0.000000 0.000000 -0.370022 0.929023
976053277.342284 9.557620 -0.633000 0.000000 0.000000 0.000000 -0.370022 0.929023
976053277.827284 9.599570 -0.672224 0.000000 0.000000 0.000000 -0.370022 0.929023
976053277.828284 9.644300 -0.714951 0.000000 0.000000 0.000000 -0.375725 0.926731
976053277.902284 9.685880 -0.757316 0.000000 0.000000 0.000000 -0.392745 0.919647
976053278.453284 9.725510 -0.800092 0.000000 0.000000 0.000000 -0.415232 0.909716
976053278.455284 9.760030 -0.842915 0.000000 0.000000 0.000000 -0.429159 0.903229
976053278.503284 9.795340 -0.884554 0.000000 0.000000 0.000000 -0.426381 0.904543
976053279.304284 9.839290 -0.875869 0.000000 0.000000 0.000000 -0.429159 0.903229
976053279.315284 9.877780 -0.922970 0.000000 0.000000 0.000000 -0.434701 0.900575
976053279.589284 9.949250 -1.015260 0.000000 0.000000 0.000000 -0.437467 0.899235
976053279.602284 9.982800 -1.058290 0.000000 0.000000 0.000000 -0.440227 0.897886
976053279.702284 10.016800 -1.103280 0.000000 0.000000 0.000000 -0.445737 0.895164
976053280.179284 10.053500 -1.151770 0.000000 0.000000 0.000000 -0.448486 0.893790
976053280.192284 10.090400 -1.201240 0.000000 0.000000 0.000000 -0.451230 0.892408
976053280.312284 10.123400 -1.246430 0.000000 0.000000 0.000000 -0.453970 0.891017
976053280.795284 10.155200 -1.290850 0.000000 0.000000 0.000000 -0.456706 0.889618
976053280.796284 10.189600 -1.337790 0.000000 0.000000 0.000000 -0.459437 0.888210
976053281.200284 10.224600 -1.387670 0.000000 0.000000 0.000000 -0.459437 0.888210
976053281.444284 10.258600 -1.437750 0.000000 0.000000 0.000000 -0.464887 0.885370
976053281.445284 10.289600 -1.483360 0.000000 0.000000 0.000000 -0.475734 0.879589
976053281.504284 10.320100 -1.531120 0.000000 0.000000 0.000000 -0.486509 0.873675
976053282.656284 10.351500 -1.583780 0.000000 0.000000 0.000000 -0.497210 0.867630
976053282.802284 10.441100 -1.714420 0.000000 0.000000 0.000000 -0.505188 0.863009
976053282.822284 10.469000 -1.764750 0.000000 0.000000 0.000000 -0.507835 0.861454
976053282.903284 10.497100 -1.816070 0.000000 0.000000 0.000000 -0.507835 0.861454
976053283.411284 10.525100 -1.866410 0.000000 0.000000 0.000000 -0.507835 0.861454
976053283.412284 10.551800 -1.915970 0.000000 0.000000 0.000000 -0.510482 0.859889
976053283.513284 10.580100 -1.968270 0.000000 0.000000 0.000000 -0.513119 0.858317
976053283.977284 10.608700 -2.021540 0.000000 0.000000 0.000000 -0.518384 0.855148
976053284.221284 10.634700 -2.072290 0.000000 0.000000 0.000000 -0.521011 0.853550
976053284.763284 10.685600 -2.173990 0.000000 0.000000 0.000000 -0.528858 0.848710
976053284.765284 10.709000 -2.222220 0.000000 0.000000 0.000000 -0.534064 0.845444
976053284.766284 10.731000 -2.268690 0.000000 0.000000 0.000000 -0.536657 0.843801
976053284.903284 10.751500 -2.312430 0.000000 0.000000 0.000000 -0.536657 0.843801
976053285.357284 10.771900 -2.356170 0.000000 0.000000 0.000000 -0.539249 0.842146
976053285.372284 10.796700 -2.411240 0.000000 0.000000 0.000000 -0.541832 0.840487
976053285.522284 10.824000 -2.472960 0.000000 0.000000 0.000000 -0.544414 0.838817
976053286.532284 10.849000 -2.529020 0.000000 0.000000 0.000000 -0.549558 0.835456
976053286.920284 10.896500 -2.553970 0.000000 0.000000 0.000000 -0.515131 0.857112
976053287.267284 11.028300 -2.812880 0.000000 0.000000 0.000000 -0.525625 0.850716
976053287.268284 11.052600 -2.861950 0.000000 0.000000 0.000000 -0.528235 0.849099
976053287.322284 11.077200 -2.911970 0.000000 0.000000 0.000000 -0.530843 0.847470
976053287.854284 11.103200 -2.966780 0.000000 0.000000 0.000000 -0.533442 0.845836
976053287.855284 11.130300 -3.025420 0.000000 0.000000 0.000000 -0.536041 0.844192
976053287.931284 11.154200 -3.076690 0.000000 0.000000 0.000000 -0.538634 0.842540
976053288.381284 11.176600 -3.126340 0.000000 0.000000 0.000000 -0.543801 0.839214
976053288.432284 11.199300 -3.176950 0.000000 0.000000 0.000000 -0.543801 0.839214
976053288.522284 11.224600 -3.233010 0.000000 0.000000 0.000000 -0.546375 0.837541
976053289.516284 11.249300 -3.290310 0.000000 0.000000 0.000000 -0.546375 0.837541
976053289.527284 11.271000 -3.341200 0.000000 0.000000 0.000000 -0.551511 0.834167
976053289.550284 11.315000 -3.444910 0.000000 0.000000 0.000000 -0.554074 0.832468
976053289.551284 11.379900 -3.442440 0.000000 0.000000 0.000000 -0.517802 0.855500
976053289.812284 11.407300 -3.495000 0.000000 0.000000 0.000000 -0.523050 0.852302
976053290.234284 11.431500 -3.544590 0.000000 0.000000 0.000000 -0.525668 0.850690
976053290.235284 11.456500 -3.593810 0.000000 0.000000 0.000000 -0.528277 0.849072
976053290.322284 11.482500 -3.648040 0.000000 0.000000 0.000000 -0.528277 0.849072
976053290.832284 11.509200 -3.704120 0.000000 0.000000 0.000000 -0.533489 0.845807
976053290.833284 11.533700 -3.754640 0.000000 0.000000 0.000000 -0.533489 0.845807
976053290.942284 11.558000 -3.807390 0.000000 0.000000 0.000000 -0.536083 0.844165
976053291.343284 11.581600 -3.858270 0.000000 0.000000 0.000000 -0.538676 0.842513
976053291.344284 11.606700 -3.912870 0.000000 0.000000 0.000000 -0.541260 0.840855
976053291.514284 11.631300 -3.966550 0.000000 0.000000 0.000000 -0.541260 0.840855
976053291.970284 11.655100 -4.020590 0.000000 0.000000 0.000000 -0.543843 0.839187
976053291.992284 11.679000 -4.072410 0.000000 0.000000 0.000000 -0.543843 0.839187
976053292.221284 11.701700 -4.123670 0.000000 0.000000 0.000000 -0.541260 0.840855
976053292.642284 11.726700 -4.178270 0.000000 0.000000 0.000000 -0.538676 0.842513
976053292.643284 11.751000 -4.231010 0.000000 0.000000 0.000000 -0.541260 0.840855
976053292.705284 11.774400 -4.284130 0.000000 0.000000 0.000000 -0.543843 0.839187
976053293.230284 11.797800 -4.337240 0.000000 0.000000 0.000000 -0.551553 0.834140
976053293.232284 11.845700 -4.341090 0.000000 0.000000 0.000000 -0.543298 0.839540
976053293.305284 11.869200 -4.394120 0.000000 0.000000 0.000000 -0.545872 0.837868
976053293.829284 11.892800 -4.447160 0.000000 0.000000 0.000000 -0.548446 0.836186
976053293.830284 11.915300 -4.500580 0.000000 0.000000 0.000000 -0.551011 0.834498
976053293.905284 11.938300 -4.554920 0.000000 0.000000 0.000000 -0.556128 0.831096
976053294.369284 11.959200 -4.606890 0.000000 0.000000 0.000000 -0.556128 0.831096
976053294.382284 11.981200 -4.661620 0.000000 0.000000 0.000000 -0.561225 0.827663
976053294.504284 12.001600 -4.714900 0.000000 0.000000 0.000000 -0.566304 0.824196
976053295.430284 12.023100 -4.770950 0.000000 0.000000 0.000000 -0.571358 0.820701
976053295.622284 12.042900 -4.825540 0.000000 0.000000 0.000000 -0.571358 0.820701
976053295.632284 12.082200 -4.933800 0.000000 0.000000 0.000000 -0.576391 0.817174
976053295.633284 12.101500 -4.989700 0.000000 0.000000 0.000000 -0.578897 0.815401
976053295.705284 12.120900 -5.043370 0.000000 0.000000 0.000000 -0.578897 0.815401
976053296.237284 12.139000 -5.096510 0.000000 0.000000 0.000000 -0.581401 0.813617
976053296.238284 12.157900 -5.151490 0.000000 0.000000 0.000000 -0.583896 0.811828
976053296.305284 12.177100 -5.209620 0.000000 0.000000 0.000000 -0.588878 0.808222
976053296.830284 12.194900 -5.267220 0.000000 0.000000 0.000000 -0.591357 0.806410
976053296.831284 12.200700 -5.319090 0.000000 0.000000 0.000000 -0.560621 0.828073
976053296.885284 12.220700 -5.369610 0.000000 0.000000 0.000000 -0.565698 0.824612
976053297.349284 12.242100 -5.425020 0.000000 0.000000 0.000000 -0.568231 0.822869
976053297.352284 12.264600 -5.484430 0.000000 0.000000 0.000000 -0.565698 0.824612
976053297.512284 12.275500 -5.511460 0.000000 0.000000 0.000000 -0.565698 0.824612
976053297.984284 12.296000 -5.565100 0.000000 0.000000 0.000000 -0.565698 0.824612
976053298.223284 12.314700 -5.615200 0.000000 0.000000 0.000000 -0.568231 0.822869
976053298.234284 12.334800 -5.670190 0.000000 0.000000 0.000000 -0.570755 0.821120
976053298.610284 12.376900 -5.785950 0.000000 0.000000 0.000000 -0.575794 0.817595
976053298.632284 12.386500 -5.812560 0.000000 0.000000 0.000000 -0.578301 0.815823
976053298.772284 12.404700 -5.864020 0.000000 0.000000 0.000000 -0.580807 0.814041
976053299.180284 12.423000 -5.919940 0.000000 0.000000 0.000000 -0.585799 0.810457
976053299.181284 12.441300 -5.975870 0.000000 0.000000 0.000000 -0.588284 0.808654
976053299.325284 12.460100 -6.032680 0.000000 0.000000 0.000000 -0.588284 0.808654
976053299.792284 12.477100 -6.088200 0.000000 0.000000 0.000000 -0.593242 0.805024
976053299.793284 12.494100 -6.143710 0.000000 0.000000 0.000000 -0.598182 0.801361
976053299.892284 12.510600 -6.198340 0.000000 0.000000 0.000000 -0.598182 0.801361
976053300.295284 12.527200 -6.255210 0.000000 0.000000 0.000000 -0.600639 0.799520
976053300.312284 12.568400 -6.239390 0.000000 0.000000 0.000000 -0.589464 0.807795
976053300.492284 12.586000 -6.296150 0.000000 0.000000 0.000000 -0.591945 0.805978
976053300.938284 12.602600 -6.351190 0.000000 0.000000 0.000000 -0.596887 0.802326
976053300.940284 12.619300 -6.406220 0.000000 0.000000 0.000000 -0.599347 0.800489
976053301.622284 12.635900 -6.461260 0.000000 0.000000 0.000000 -0.601806 0.798643
976053302.353284 12.689400 -6.658850 0.000000 0.000000 0.000000 -0.611575 0.791186
976053302.365284 12.703400 -6.715370 0.000000 0.000000 0.000000 -0.611575 0.791186
976053302.559284 12.731500 -6.828430 0.000000 0.000000 0.000000 -0.621252 0.783610
976053302.560284 12.745100 -6.886320 0.000000 0.000000 0.000000 -0.621252 0.783610
976053302.725284 12.758300 -6.943350 0.000000 0.000000 0.000000 -0.623659 0.781696
976053303.127284 12.771300 -6.998150 0.000000 0.000000 0.000000 -0.626056 0.779778
976053303.142284 12.782600 -7.053940 0.000000 0.000000 0.000000 -0.628451 0.777849
976053303.326284 12.794900 -7.111460 0.000000 0.000000 0.000000 -0.633219 0.773973
976053303.707284 12.806800 -7.170350 0.000000 0.000000 0.000000 -0.637963 0.770067
976053303.762284 12.817200 -7.226640 0.000000 0.000000 0.000000 -0.637963 0.770067
976053303.925284 12.852600 -7.192590 0.000000 0.000000 0.000000 -0.607342 0.794441
976053304.363284 12.867600 -7.248810 0.000000 0.000000 0.000000 -0.607342 0.794441
976053304.819284 12.883400 -7.304470 0.000000 0.000000 0.000000 -0.607342 0.794441
976053305.514284 12.897900 -7.359860 0.000000 0.000000 0.000000 -0.604896 0.796305
976053305.532284 12.914300 -7.416350 0.000000 0.000000 0.000000 -0.604896 0.796305
976053305.533284 12.929300 -7.472570 0.000000 0.000000 0.000000 -0.607342 0.794441
976053305.534284 12.944300 -7.528790 0.000000 0.000000 0.000000 -0.612212 0.790694
976053305.535284 12.959300 -7.585010 0.000000 0.000000 0.000000 -0.614640 0.788807
976053305.536284 12.973500 -7.641790 0.000000 0.000000 0.000000 -0.617059 0.786917
976053305.802284 12.987100 -7.697740 0.000000 0.000000 0.000000 -0.619476 0.785016
976053306.805284 12.999900 -7.754250 0.000000 0.000000 0.000000 -0.624288 0.781194
976053306.833284 13.048600 -7.981960 0.000000 0.000000 0.000000 -0.633842 0.773463
976053307.228284 13.060000 -8.038200 0.000000 0.000000 0.000000 -0.636213 0.771513
976053307.282284 13.071200 -8.095830 0.000000 0.000000 0.000000 -0.638583 0.769553
976053307.362284 13.080900 -8.153190 0.000000 0.000000 0.000000 -0.643299 0.765615
976053307.698284 13.106800 -8.148260 0.000000 0.000000 0.000000 -0.631724 0.775193
976053307.726284 13.118200 -8.205740 0.000000 0.000000 0.000000 -0.634105 0.773247
976053308.169284 13.129200 -8.261030 0.000000 0.000000 0.000000 -0.638844 0.769336
976053308.170284 13.138700 -8.316100 0.000000 0.000000 0.000000 -0.638844 0.769336
976053308.326284 13.149500 -8.372790 0.000000 0.000000 0.000000 -0.638844 0.769336
976053308.833284 13.160800 -8.435280 0.000000 0.000000 0.000000 -0.643560 0.765396
976053308.834284 13.170600 -8.493950 0.000000 0.000000 0.000000 -0.645906 0.763417
976053308.962284 13.179600 -8.548220 0.000000 0.000000 0.000000 -0.650589 0.759430
976053309.297284 13.187800 -8.603090 0.000000 0.000000 0.000000 -0.652918 0.757429
976053309.326284 13.195900 -8.662950 0.000000 0.000000 0.000000 -0.657560 0.753403
976053309.800284 13.204100 -8.722810 0.000000 0.000000 0.000000 -0.659873 0.751377
976053309.822284 13.210600 -8.778860 0.000000 0.000000 0.000000 -0.662177 0.749348
976053309.942284 13.217400 -8.833520 0.000000 0.000000 0.000000 -0.664478 0.747308
976053310.396284 13.224200 -8.893170 0.000000 0.000000 0.000000 -0.666769 0.745264
976053310.397284 13.230300 -8.952020 0.000000 0.000000 0.000000 -0.671340 0.741150
976053310.632284 13.236100 -9.008670 0.000000 0.000000 0.000000 -0.675881 0.737010
976053310.937284 13.240200 -9.066500 0.000000 0.000000 0.000000 -0.680398 0.732843
976053310.938284 13.244600 -9.122930 0.000000 0.000000 0.000000 -0.684888 0.728648
976053311.182284 13.268900 -9.159010 0.000000 0.000000 0.000000 -0.678424 0.734671
976053311.517284 13.273200 -9.217930 0.000000 0.000000 0.000000 -0.678424 0.734671
976053311.526284 13.278100 -9.272640 0.000000 0.000000 0.000000 -0.678424 0.734671
976053311.978284 13.281900 -9.329360 0.000000 0.000000 0.000000 -0.680680 0.732581
976053311.979284 13.286100 -9.389690 0.000000 0.000000 0.000000 -0.682925 0.730488
976053312.126284 13.290400 -9.448610 0.000000 0.000000 0.000000 -0.685168 0.728385
976053312.556284 13.293500 -9.505950 0.000000 0.000000 0.000000 -0.685168 0.728385
976053312.557284 13.296600 -9.563300 0.000000 0.000000 0.000000 -0.689631 0.724161
976053312.727284 13.300000 -9.617830 0.000000 0.000000 0.000000 -0.691851 0.722040
976053313.172284 13.301300 -9.677820 0.000000 0.000000 0.000000 -0.694068 0.719909
976053313.174284 13.303900 -9.739380 0.000000 0.000000 0.000000 -0.694068 0.719909
976053313.402284 13.305800 -9.795150 0.000000 0.000000 0.000000 -0.694068 0.719909
976053314.166284 13.308600 -9.848900 0.000000 0.000000 0.000000 -0.694068 0.719909
976053314.168284 13.310500 -9.909670 0.000000 0.000000 0.000000 -0.696279 0.717771
976053314.169284 13.312300 -9.971850 0.000000 0.000000 0.000000 -0.698479 0.715630
976053314.170284 13.312900 -10.026000 0.000000 0.000000 0.000000 -0.702863 0.711325
976053314.402284 13.314000 -10.082400 0.000000 0.000000 0.000000 -0.705047 0.709160
976053314.735284 13.313300 -10.141500 0.000000 0.000000 0.000000 -0.709392 0.704814
976053314.752284 13.351900 -10.145000 0.000000 0.000000 0.000000 -0.693568 0.720391
976053314.926284 13.353900 -10.201800 0.000000 0.000000 0.000000 -0.697985 0.716112
976053315.309284 13.354700 -10.257100 0.000000 0.000000 0.000000 -0.702372 0.711810
976053315.382284 13.355200 -10.316700 0.000000 0.000000 0.000000 -0.704554 0.709650
976053315.856284 13.355600 -10.377600 0.000000 0.000000 0.000000 -0.708902 0.705307
976053315.857284 13.354800 -10.435700 0.000000 0.000000 0.000000 -0.711067 0.703124
976053315.972284 13.354100 -10.492300 0.000000 0.000000 0.000000 -0.711067 0.703124
976053316.370284 13.353400 -10.547500 0.000000 0.000000 0.000000 -0.713223 0.700938
976053316.371284 13.352500 -10.607000 0.000000 0.000000 0.000000 -0.715375 0.698741
976053316.552284 13.351400 -10.669300 0.000000 0.000000 0.000000 -0.715375 0.698741
976053316.928284 13.349900 -10.728000 0.000000 0.000000 0.000000 -0.715375 0.698741
976053316.930284 13.348800 -10.779600 0.000000 0.000000 0.000000 -0.717516 0.696542
976053317.127284 13.347200 -10.838300 0.000000 0.000000 0.000000 -0.715375 0.698741
976053317.460284 13.346000 -10.902000 0.000000 0.000000 0.000000 -0.713223 0.700938
976053317.532284 13.344500 -10.959300 0.000000 0.000000 0.000000 -0.713223 0.700938
976053318.614284 13.344600 -11.013900 0.000000 0.000000 0.000000 -0.713223 0.700938
976053318.730284 13.343200 -11.069800 0.000000 0.000000 0.000000 -0.715375 0.698741
976053319.674284 13.381700 -11.322600 0.000000 0.000000 0.000000 -0.706096 0.708116
976053320.242284 13.374300 -11.705800 0.000000 0.000000 0.000000 -0.723290 0.690544
976053320.460284 13.371600 -11.754500 0.000000 0.000000 0.000000 -0.725407 0.688321
976053320.607284 13.368900 -11.801900 0.000000 0.000000 0.000000 -0.727520 0.686087
976053320.940284 13.364600 -11.861900 0.000000 0.000000 0.000000 -0.731722 0.681603
976053321.231284 13.359600 -11.929800 0.000000 0.000000 0.000000 -0.733811 0.679354
976053321.440284 13.355300 -11.991200 0.000000 0.000000 0.000000 -0.735897 0.677094
976053321.463284 13.350500 -12.042100 0.000000 0.000000 0.000000 -0.737972 0.674831
976053321.608284 13.346300 -12.092300 0.000000 0.000000 0.000000 -0.742108 0.670280
976053321.955284 13.339200 -12.155100 0.000000 0.000000 0.000000 -0.744162 0.667999
976053322.228284 13.397000 -12.146100 0.000000 0.000000 0.000000 -0.729459 0.684025
976053322.429284 13.393100 -12.202800 0.000000 0.000000 0.000000 -0.733648 0.679530
976053322.430284 13.389100 -12.253900 0.000000 0.000000 0.000000 -0.737810 0.675009
976053322.587284 13.383800 -12.309300 0.000000 0.000000 0.000000 -0.741944 0.670462
976053323.515284 13.377200 -12.371700 0.000000 0.000000 0.000000 -0.746050 0.665890
976053323.516284 13.374000 -12.403000 0.000000 0.000000 0.000000 -0.746050 0.665890
976053323.518284 13.367300 -12.459800 0.000000 0.000000 0.000000 -0.750128 0.661293
976053323.519284 13.359800 -12.513100 0.000000 0.000000 0.000000 -0.756193 0.654349
976053323.520284 13.351700 -12.569900 0.000000 0.000000 0.000000 -0.758198 0.652024
976053323.752284 13.342200 -12.628200 0.000000 0.000000 0.000000 -0.764177 0.645006
976053324.900284 13.331400 -12.689400 0.000000 0.000000 0.000000 -0.764177 0.645006
976053324.912284 13.321900 -12.746300 0.000000 0.000000 0.000000 -0.768126 0.640298
976053324.998284 13.311600 -12.801100 0.000000 0.000000 0.000000 -0.770092 0.637933
976053325.422284 13.300600 -12.855200 0.000000 0.000000 0.000000 -0.772047 0.635566
976053325.423284 13.295100 -12.884400 0.000000 0.000000 0.000000 -0.773997 0.633189
976053325.424284 13.282900 -12.945600 0.000000 0.000000 0.000000 -0.775938 0.630810
976053325.425284 13.270600 -13.002600 0.000000 0.000000 0.000000 -0.777874 0.628421
976053325.426284 13.259500 -13.055300 0.000000 0.000000 0.000000 -0.777874 0.628421
976053325.427284 13.247800 -13.110200 0.000000 0.000000 0.000000 -0.779802 0.626026
976053325.592284 13.260600 -13.149800 0.000000 0.000000 0.000000 -0.763868 0.645373
976053325.905284 13.255400 -13.179300 0.000000 0.000000 0.000000 -0.761883 0.647715
976053325.952284 13.246300 -13.236900 0.000000 0.000000 0.000000 -0.763868 0.645373
976053326.267284 13.237000 -13.293100 0.000000 0.000000 0.000000 -0.761883 0.647715
976053326.362284 13.227200 -13.350100 0.000000 0.000000 0.000000 -0.761883 0.647715
976053326.631284 13.218200 -13.409000 0.000000 0.000000 0.000000 -0.761883 0.647715
976053326.796284 13.208300 -13.466000 0.000000 0.000000 0.000000 -0.763868 0.645373
976053327.198284 13.199000 -13.522200 0.000000 0.000000 0.000000 -0.765849 0.643021
976053327.199284 13.189100 -13.579100 0.000000 0.000000 0.000000 -0.765849 0.643021
976053327.303284 13.178700 -13.638300 0.000000 0.000000 0.000000 -0.763868 0.645373
976053327.744284 13.174200 -13.667100 0.000000 0.000000 0.000000 -0.763868 0.645373
976053327.745284 13.164900 -13.723200 0.000000 0.000000 0.000000 -0.765849 0.643021
976053327.936284 13.154300 -13.779500 0.000000 0.000000 0.000000 -0.763868 0.645373
976053328.275284 13.145100 -13.837100 0.000000 0.000000 0.000000 -0.763868 0.645373
976053328.276284 13.135400 -13.895500 0.000000 0.000000 0.000000 -0.761883 0.647715
976053328.492284 13.126100 -13.951700 0.000000 0.000000 0.000000 -0.765849 0.643021
976053328.881284 13.116200 -14.008600 0.000000 0.000000 0.000000 -0.763868 0.645373
976053328.882284 13.105800 -14.067700 0.000000 0.000000 0.000000 -0.765849 0.643021
976053328.988284 13.095300 -14.125500 0.000000 0.000000 0.000000 -0.765849 0.643021
976053329.372284 13.120000 -14.153300 0.000000 0.000000 0.000000 -0.753211 0.657779
976053329.393284 13.116000 -14.181700 0.000000 0.000000 0.000000 -0.755230 0.655460
976053329.547284 13.107900 -14.238400 0.000000 0.000000 0.000000 -0.755230 0.655460
976053329.881284 13.099200 -14.295900 0.000000 0.000000 0.000000 -0.757239 0.653138
976053329.947284 13.090000 -14.355600 0.000000 0.000000 0.000000 -0.759244 0.650807
976053330.442284 13.081300 -14.413200 0.000000 0.000000 0.000000 -0.761238 0.648473
976053330.443284 13.071600 -14.468700 0.000000 0.000000 0.000000 -0.765208 0.643783
976053330.583284 13.061300 -14.525000 0.000000 0.000000 0.000000 -0.769150 0.639068
976053331.475284 13.050000 -14.584300 0.000000 0.000000 0.000000 -0.773063 0.634330
976053331.586284 13.038600 -14.643600 0.000000 0.000000 0.000000 -0.773063 0.634330
976053331.951284 12.991400 -14.871800 0.000000 0.000000 0.000000 -0.775009 0.631950
976053331.952284 12.979000 -14.929100 0.000000 0.000000 0.000000 -0.776949 0.629564
976053332.253284 12.967300 -14.985600 0.000000 0.000000 0.000000 -0.776949 0.629564
976053332.553284 12.955400 -15.040600 0.000000 0.000000 0.000000 -0.778878 0.627175
976053332.554284 12.942900 -15.096500 0.000000 0.000000 0.000000 -0.780803 0.624777
976053332.747284 12.987600 -15.147300 0.000000 0.000000 0.000000 -0.752740 0.658317
976053333.605284 12.980400 -15.205400 0.000000 0.000000 0.000000 -0.750713 0.660629
976053333.606284 12.973100 -15.263600 0.000000 0.000000 0.000000 -0.748681 0.662931
976053333.608284 12.966600 -15.318600 0.000000 0.000000 0.000000 -0.744593 0.667519
976053333.609284 12.959900 -15.375900 0.000000 0.000000 0.000000 -0.744593 0.667519
976053333.750284 12.953200 -15.436900 0.000000 0.000000 0.000000 -0.748681 0.662931
976053334.142284 12.946500 -15.494200 0.000000 0.000000 0.000000 -0.748681 0.662931
976053334.148284 12.938900 -15.550900 0.000000 0.000000 0.000000 -0.750713 0.660629
976053334.593284 12.931900 -15.606900 0.000000 0.000000 0.000000 -0.754761 0.656000
976053334.594284 12.923200 -15.665300 0.000000 0.000000 0.000000 -0.756772 0.653679
976053334.772284 12.914400 -15.726000 0.000000 0.000000 0.000000 -0.758778 0.651349
976053335.156284 12.905400 -15.783100 0.000000 0.000000 0.000000 -0.760774 0.649017
976053335.158284 12.896200 -15.838800 0.000000 0.000000 0.000000 -0.762766 0.646674
976053335.348284 12.886900 -15.894500 0.000000 0.000000 0.000000 -0.766726 0.641975
976053335.691284 12.876300 -15.954100 0.000000 0.000000 0.000000 -0.768693 0.639618
976053335.762284 12.864600 -16.011800 0.000000 0.000000 0.000000 -0.772612 0.634879
976053336.201284 12.853700 -16.070000 0.000000 0.000000 0.000000 -0.772612 0.634879
976053336.202284 12.842600 -16.126900 0.000000 0.000000 0.000000 -0.774557 0.632504
976053336.355284 12.898500 -16.154300 0.000000 0.000000 0.000000 -0.747599 0.664150
976053336.704284 12.891100 -16.213600 0.000000 0.000000 0.000000 -0.749638 0.661848
976053336.802284 12.884200 -16.272100 0.000000 0.000000 0.000000 -0.749638 0.661848
976053337.150284 12.876900 -16.329200 0.000000 0.000000 0.000000 -0.749638 0.661848
976053337.173284 12.870100 -16.385400 0.000000 0.000000 0.000000 -0.749638 0.661848
976053337.372284 12.862300 -16.445700 0.000000 0.000000 0.000000 -0.749638 0.661848
976053337.763284 12.855400 -16.504200 0.000000 0.000000 0.000000 -0.749638 0.661848
976053337.764284 12.848100 -16.561300 0.000000 0.000000 0.000000 -0.751666 0.659544
976053337.949284 12.840800 -16.618400 0.000000 0.000000 0.000000 -0.751666 0.659544
976053338.272284 12.832600 -16.675100 0.000000 0.000000 0.000000 -0.753691 0.657229
976053338.442284 12.824400 -16.733900 0.000000 0.000000 0.000000 -0.755705 0.654912
976053338.827284 12.816200 -16.790600 0.000000 0.000000 0.000000 -0.759715 0.650256
976053338.843284 12.807100 -16.849000 0.000000 0.000000 0.000000 -0.761711 0.647917
976053338.949284 12.797500 -16.908300 0.000000 0.000000 0.000000 -0.763697 0.645575
976053339.330284 12.787100 -16.965000 0.000000 0.000000 0.000000 -0.767652 0.640866
976053339.383284 12.776600 -17.021600 0.000000 0.000000 0.000000 -0.773525 0.633765
976053339.548284 12.764900 -17.076400 0.000000 0.000000 0.000000 -0.775471 0.631384
976053339.966284 12.753100 -17.135700 0.000000 0.000000 0.000000 -0.779336 0.626607
976053339.967284 12.761700 -17.138400 0.000000 0.000000 0.000000 -0.770803 0.637074
976053340.148284 12.751300 -17.195500 0.000000 0.000000 0.000000 -0.770803 0.637074
976053340.475284 12.740300 -17.248900 0.000000 0.000000 0.000000 -0.774703 0.632325
976053340.549284 12.729400 -17.304600 0.000000 0.000000 0.000000 -0.778574 0.627553
976053340.930284 12.715000 -17.365300 0.000000 0.000000 0.000000 -0.782415 0.622757
976053340.950284 12.701900 -17.423300 0.000000 0.000000 0.000000 -0.786227 0.617937
976053341.477284 12.687900 -17.478600 0.000000 0.000000 0.000000 -0.788124 0.615517
976053341.478284 12.674700 -17.532100 0.000000 0.000000 0.000000 -0.793762 0.608228
976053341.593284 12.659400 -17.590100 0.000000 0.000000 0.000000 -0.793762 0.608228
976053341.917284 12.642800 -17.650900 0.000000 0.000000 0.000000 -0.791891 0.610662
976053341.993284 12.628700 -17.706200 0.000000 0.000000 0.000000 -0.793762 0.608228
976053342.384284 12.613700 -17.758800 0.000000 0.000000 0.000000 -0.795629 0.605784
976053342.385284 12.599600 -17.811900 0.000000 0.000000 0.000000 -0.797485 0.603339
976053342.549284 12.582600 -17.873600 0.000000 0.000000 0.000000 -0.797485 0.603339
976053342.875284 12.565900 -17.932100 0.000000 0.000000 0.000000 -0.799336 0.600884
976053342.948284 12.550100 -17.986500 0.000000 0.000000 0.000000 -0.801177 0.598427
976053343.875284 12.534600 -18.037800 0.000000 0.000000 0.000000 -0.804842 0.593488
976053343.876284 12.517000 -18.093700 0.000000 0.000000 0.000000 -0.806661 0.591015
976053343.878284 12.565900 -18.125300 0.000000 0.000000 0.000000 -0.774140 0.633015
976053343.879284 12.554300 -18.182600 0.000000 0.000000 0.000000 -0.776079 0.630635
976053343.993284 12.542400 -18.237800 0.000000 0.000000 0.000000 -0.776079 0.630635
976053344.385284 12.531100 -18.294300 0.000000 0.000000 0.000000 -0.776079 0.630635
976053344.443284 12.518900 -18.353500 0.000000 0.000000 0.000000 -0.772190 0.635392
976053344.643284 12.508200 -18.411300 0.000000 0.000000 0.000000 -0.772190 0.635392
976053344.981284 12.497000 -18.467700 0.000000 0.000000 0.000000 -0.776079 0.630635
976053344.982284 12.485100 -18.522900 0.000000 0.000000 0.000000 -0.779940 0.625854
976053345.149284 12.471900 -18.581800 0.000000 0.000000 0.000000 -0.783774 0.621046
976053345.548284 12.457800 -18.640400 0.000000 0.000000 0.000000 -0.785677 0.618637
976053345.553284 12.445000 -18.695300 0.000000 0.000000 0.000000 -0.785677 0.618637
976053345.948284 12.431900 -18.747900 0.000000 0.000000 0.000000 -0.787576 0.616218
976053345.952284 12.417400 -18.804300 0.000000 0.000000 0.000000 -0.789464 0.613797
976053346.462284 12.404000 -18.857900 0.000000 0.000000 0.000000 -0.791348 0.611367
976053346.463284 12.397300 -18.883100 0.000000 0.000000 0.000000 -0.793221 0.608934
976053346.564284 12.398300 -18.880300 0.000000 0.000000 0.000000 -0.793221 0.608934
976053347.242284 12.397600 -18.882100 0.000000 0.000000 0.000000 -0.793221 0.608934
976053347.533284 12.397300 -18.883100 0.000000 0.000000 0.000000 -0.806134 0.591733
976053347.549284 12.397000 -18.884000 0.000000 0.000000 0.000000 -0.813346 0.581781
976053348.657284 12.397000 -18.884000 0.000000 0.000000 0.000000 -0.827402 0.561611
976053348.740284 12.397600 -18.882100 0.000000 0.000000 0.000000 -0.844264 0.535928
976053348.743284 12.392800 -18.890000 0.000000 0.000000 0.000000 -0.902281 0.431149
976053349.113284 12.386900 -18.850500 0.000000 0.000000 0.000000 -0.893985 0.448098
976053349.114284 12.387100 -18.849600 0.000000 0.000000 0.000000 -0.904728 0.425990
976053349.289284 12.388600 -18.847900 0.000000 0.000000 0.000000 -0.918607 0.395173
976053349.675284 12.388600 -18.847900 0.000000 0.000000 0.000000 -0.930315 0.366762
976053349.723284 12.388600 -18.847900 0.000000 0.000000 0.000000 -0.934752 0.355301
976053349.849284 12.388600 -18.847900 0.000000 0.000000 0.000000 -0.941143 0.338010
976053350.170284 12.388600 -18.847900 0.000000 0.000000 0.000000 -0.952964 0.303083
976053350.273284 12.388600 -18.847900 0.000000 0.000000 0.000000 -0.964307 0.264785
976053350.668284 12.387400 -18.848600 0.000000 0.000000 0.000000 -0.969779 0.243983
976053350.670284 12.388300 -18.848800 0.000000 0.000000 0.000000 -0.975483 0.220075
976053350.770284 12.359800 -18.799700 0.000000 0.000000 0.000000 -0.979385 0.202002
976053351.168284 12.361000 -18.798900 0.000000 0.000000 0.000000 -0.985128 0.171819
976053351.170284 12.361000 -18.798900 0.000000 0.000000 0.000000 -0.986671 0.162729
976053351.557284 12.361000 -18.798900 0.000000 0.000000 0.000000 -0.987166 0.159695
976053351.559284 12.361000 -18.798900 0.000000 0.000000 0.000000 -0.987652 0.156663
976053351.730284 12.361000 -18.798900 0.000000 0.000000 0.000000 -0.987652 0.156663
976053352.173284 12.361000 -18.798900 0.000000 0.000000 0.000000 -0.987652 0.156663
976053352.174284 12.361000 -18.798900 0.000000 0.000000 0.000000 -0.987652 0.156663
976053352.378284 12.361000 -18.798900 0.000000 0.000000 0.000000 -0.987166 0.159695
976053352.473284 12.361000 -18.798900 0.000000 0.000000 0.000000 -0.987166 0.159695
976053352.650284 12.361000 -18.798900 0.000000 0.000000 0.000000 -0.986671 0.162729
976053352.849284 12.361000 -18.798900 0.000000 0.000000 0.000000 -0.987166 0.159695
976053353.138284 12.361000 -18.798900 0.000000 0.000000 0.000000 -0.987652 0.156663
976053353.210284 12.361000 -18.798900 0.000000 0.000000 0.000000 -0.989055 0.147551
976053353.409284 12.360100 -18.798700 0.000000 0.000000 0.000000 -0.993120 0.117097
976053353.571284 12.360100 -18.798700 0.000000 0.000000 0.000000 -0.996510 0.083469
976053353.960284 12.358900 -18.799500 0.000000 0.000000 0.000000 -0.998261 0.058947
976053353.971284 12.352600 -18.800100 0.000000 0.000000 0.000000 -0.998762 0.049746
976053354.308284 12.326400 -18.802500 0.000000 0.000000 0.000000 -0.999178 0.040535
976053354.370284 12.267100 -18.806700 0.000000 0.000000 0.000000 -0.999408 0.034395
976053354.637284 12.225400 -18.809800 0.000000 0.000000 0.000000 -0.999298 0.037463
976053355.173284 12.023000 -18.826200 0.000000 0.000000 0.000000 -0.999298 0.037463
976053355.501284 11.966600 -18.831100 0.000000 0.000000 0.000000 -0.999178 0.040535
976053355.603284 11.895700 -18.836800 0.000000 0.000000 0.000000 -0.999049 0.043602
976053355.935284 11.827700 -18.843200 0.000000 0.000000 0.000000 -0.999049 0.043602
976053356.349284 11.775400 -18.848000 0.000000 0.000000 0.000000 -0.999298 0.037463
976053356.443284 11.674200 -18.856200 0.000000 0.000000 0.000000 -0.999298 0.037463
976053356.769284 11.605700 -18.860400 0.000000 0.000000 0.000000 -0.999408 0.034395
976053356.776284 11.541000 -18.865500 0.000000 0.000000 0.000000 -0.999509 0.031321
976053357.106284 11.489200 -18.868300 0.000000 0.000000 0.000000 -0.999683 0.025179
976053357.203284 11.437300 -18.871100 0.000000 0.000000 0.000000 -0.999756 0.022110
976053357.538284 11.379400 -18.873600 0.000000 0.000000 0.000000 -0.999873 0.015961
976053357.570284 11.317600 -18.875300 0.000000 0.000000 0.000000 -0.999952 0.009816
976053358.520284 11.257600 -18.840800 0.000000 0.000000 0.000000 -0.999815 0.019245
976053358.736284 11.202100 -18.843100 0.000000 0.000000 0.000000 -0.999869 0.016171
976053359.120284 10.967100 -18.851000 0.000000 0.000000 0.000000 -0.999914 0.013101
976053359.132284 10.910900 -18.852200 0.000000 0.000000 0.000000 -0.999950 0.010026
976053359.213284 10.852400 -18.854000 0.000000 0.000000 0.000000 -0.999950 0.010026
976053359.541284 10.791000 -18.855200 0.000000 0.000000 0.000000 -0.999950 0.010026
976053359.623284 10.732600 -18.857000 0.000000 0.000000 0.000000 -0.999869 0.016171
976053360.627284 10.677100 -18.859300 0.000000 0.000000 0.000000 -0.999815 0.019245
976053360.629284 10.620500 -18.862500 0.000000 0.000000 0.000000 -0.999678 0.025389
976053360.630284 10.500100 -18.868400 0.000000 0.000000 0.000000 -0.999751 0.022314
976053360.631284 10.445500 -18.870900 0.000000 0.000000 0.000000 -0.999815 0.019245
976053360.773284 10.391000 -18.873500 0.000000 0.000000 0.000000 -0.999815 0.019245
976053361.204284 10.328500 -18.875500 0.000000 0.000000 0.000000 -0.999869 0.016171
976053361.206284 10.266900 -18.877700 0.000000 0.000000 0.000000 -0.999914 0.013101
976053361.423284 10.344500 -18.901100 0.000000 0.000000 0.000000 -0.999330 0.036613
976053361.722284 10.289400 -18.905400 0.000000 0.000000 0.000000 -0.999437 0.033540
976053361.773284 10.230300 -18.909200 0.000000 0.000000 0.000000 -0.999536 0.030472
976053362.230284 10.167200 -18.912400 0.000000 0.000000 0.000000 -0.999704 0.024329
976053362.232284 10.111200 -18.915600 0.000000 0.000000 0.000000 -0.999835 0.018180
976053362.370284 10.056300 -18.917900 0.000000 0.000000 0.000000 -0.999835 0.018180
976053362.704284 9.997500 -18.919700 0.000000 0.000000 0.000000 -0.999886 0.015111
976053362.771284 9.936550 -18.922200 0.000000 0.000000 0.000000 -0.999835 0.018180
976053363.248284 9.878710 -18.924100 0.000000 0.000000 0.000000 -0.999886 0.015111
976053363.249284 9.823840 -18.926400 0.000000 0.000000 0.000000 -0.999835 0.018180
976053363.423284 9.767980 -18.928600 0.000000 0.000000 0.000000 -0.999704 0.024329
976053363.800284 9.708870 -18.932300 0.000000 0.000000 0.000000 -0.999536 0.030472
976053363.823284 9.646790 -18.935700 0.000000 0.000000 0.000000 -0.999437 0.033540
976053364.234284 9.587540 -18.940400 0.000000 0.000000 0.000000 -0.999437 0.033540
976053364.339284 9.530410 -18.944500 0.000000 0.000000 0.000000 -0.999330 0.036613
976053364.371284 9.477240 -18.949000 0.000000 0.000000 0.000000 -0.999212 0.039681
976053364.866284 9.417990 -18.953800 0.000000 0.000000 0.000000 -0.999212 0.039681
976053364.867284 9.358740 -18.958500 0.000000 0.000000 0.000000 -0.999330 0.036613
976053364.971284 9.350060 -18.972900 0.000000 0.000000 0.000000 -0.997405 0.071999
976053365.412284 9.295470 -18.980400 0.000000 0.000000 0.000000 -0.997405 0.071999
976053365.413284 9.238820 -18.988800 0.000000 0.000000 0.000000 -0.997405 0.071999
976053365.573284 9.181170 -18.997200 0.000000 0.000000 0.000000 -0.997828 0.065869
976053365.918284 9.123520 -19.005500 0.000000 0.000000 0.000000 -0.998026 0.062800
976053365.971284 9.063940 -19.012800 0.000000 0.000000 0.000000 -0.998214 0.059736
976053366.439284 9.007420 -19.019200 0.000000 0.000000 0.000000 -0.998723 0.050530
976053366.453284 8.949900 -19.025500 0.000000 0.000000 0.000000 -0.998873 0.047463
976053366.571284 8.895500 -19.030100 0.000000 0.000000 0.000000 -0.999146 0.041325
976053366.941284 8.836050 -19.035300 0.000000 0.000000 0.000000 -0.999146 0.041325
976053366.983284 8.775600 -19.040500 0.000000 0.000000 0.000000 -0.999268 0.038252
976053367.173284 8.717150 -19.045800 0.000000 0.000000 0.000000 -0.999146 0.041325
976053367.516284 8.663740 -19.050400 0.000000 0.000000 0.000000 -0.999268 0.038252
976053367.583284 8.607350 -19.054800 0.000000 0.000000 0.000000 -0.999381 0.035179
976053367.932284 8.546960 -19.059000 0.000000 0.000000 0.000000 -0.999484 0.032111
976053367.973284 8.484580 -19.063100 0.000000 0.000000 0.000000 -0.999578 0.029037
976053368.280284 8.426250 -19.066400 0.000000 0.000000 0.000000 -0.999484 0.032111
976053368.614284 8.371850 -19.070900 0.000000 0.000000 0.000000 -0.999381 0.035179
976053368.615284 8.366550 -19.089000 0.000000 0.000000 0.000000 -0.998000 0.063219
976053368.771284 8.307440 -19.096200 0.000000 0.000000 0.000000 -0.997592 0.069351
976053369.751284 8.248310 -19.105400 0.000000 0.000000 0.000000 -0.997592 0.069351
976053369.753284 8.189200 -19.113600 0.000000 0.000000 0.000000 -0.998000 0.063219
976053369.773284 8.135110 -19.119900 0.000000 0.000000 0.000000 -0.998189 0.060155
976053369.775284 8.080000 -19.127100 0.000000 0.000000 0.000000 -0.998540 0.054020
976053369.776284 8.018910 -19.133300 0.000000 0.000000 0.000000 -0.998540 0.054020
976053369.971284 7.959810 -19.140500 0.000000 0.000000 0.000000 -0.998853 0.047878
976053370.344284 7.904730 -19.145800 0.000000 0.000000 0.000000 -0.998995 0.044811
976053370.423284 7.847670 -19.150000 0.000000 0.000000 0.000000 -0.999252 0.038672
976053370.880284 7.786600 -19.155200 0.000000 0.000000 0.000000 -0.999366 0.035599
976053370.881284 7.728530 -19.159400 0.000000 0.000000 0.000000 -0.999471 0.032531
976053370.972284 7.671480 -19.162600 0.000000 0.000000 0.000000 -0.999652 0.026388
976053371.350284 7.614430 -19.165800 0.000000 0.000000 0.000000 -0.999471 0.032531
976053371.372284 7.553360 -19.171000 0.000000 0.000000 0.000000 -0.999471 0.032531
976053371.879284 7.493300 -19.175200 0.000000 0.000000 0.000000 -0.999252 0.038672
976053371.880284 7.438220 -19.180400 0.000000 0.000000 0.000000 -0.999129 0.041739
976053371.972284 7.381140 -19.185700 0.000000 0.000000 0.000000 -0.998995 0.044811
976053372.414284 7.392530 -19.197900 0.000000 0.000000 0.000000 -0.996935 0.078231
976053372.434284 7.333910 -19.208400 0.000000 0.000000 0.000000 -0.996436 0.084356
976053372.593284 7.276280 -19.218700 0.000000 0.000000 0.000000 -0.995899 0.090477
976053372.936284 7.219660 -19.229100 0.000000 0.000000 0.000000 -0.995616 0.093539
976053372.973284 7.162080 -19.240400 0.000000 0.000000 0.000000 -0.995022 0.099656
976053373.223284 7.101580 -19.253900 0.000000 0.000000 0.000000 -0.994391 0.105768
976053373.555284 7.045040 -19.266300 0.000000 0.000000 0.000000 -0.994391 0.105768
976053373.574284 6.988460 -19.277600 0.000000 0.000000 0.000000 -0.995324 0.096595
976053373.773284 6.933830 -19.287900 0.000000 0.000000 0.000000 -0.996690 0.081292
976053374.112284 6.874170 -19.297300 0.000000 0.000000 0.000000 -0.998208 0.059836
976053374.178284 6.814350 -19.302800 0.000000 0.000000 0.000000 -0.999575 0.029142
976053374.578284 6.786370 -19.303900 0.000000 0.000000 0.000000 -0.999905 0.013781
976053374.579284 6.729330 -19.304300 0.000000 0.000000 0.000000 0.999856 0.016946
976053374.751284 6.673140 -19.300600 0.000000 0.000000 0.000000 0.999006 0.044587
976053375.198284 6.612820 -19.294000 0.000000 0.000000 0.000000 0.997391 0.072193
976053375.199284 6.552330 -19.283500 0.000000 0.000000 0.000000 0.995607 0.093629
976053375.433284 6.495850 -19.272800 0.000000 0.000000 0.000000 0.995013 0.099745
976053375.742284 6.439360 -19.262100 0.000000 0.000000 0.000000 0.995607 0.093629
976053375.743284 6.408980 -19.250600 0.000000 0.000000 0.000000 0.998458 0.055508
976053375.983284 6.351990 -19.244900 0.000000 0.000000 0.000000 0.998624 0.052437
976053376.243284 6.291030 -19.239700 0.000000 0.000000 0.000000 0.998781 0.049366
976053376.272284 6.230950 -19.233300 0.000000 0.000000 0.000000 0.998928 0.046300
976053376.737284 6.175070 -19.228500 0.000000 0.000000 0.000000 0.998928 0.046300
976053376.738284 6.121290 -19.224400 0.000000 0.000000 0.000000 0.999065 0.043228
976053376.833284 6.092790 -19.221600 0.000000 0.000000 0.000000 0.999065 0.043228
976053377.251284 6.032940 -19.217200 0.000000 0.000000 0.000000 0.999312 0.037088
976053377.253284 5.971200 -19.214000 0.000000 0.000000 0.000000 0.999521 0.030946
976053377.403284 5.913440 -19.210400 0.000000 0.000000 0.000000 0.999611 0.027878
976053377.844284 5.858890 -19.208500 0.000000 0.000000 0.000000 0.999764 0.021730
976053377.864284 5.803340 -19.206700 0.000000 0.000000 0.000000 0.999826 0.018660
976053378.376284 5.773960 -19.204900 0.000000 0.000000 0.000000 0.999826 0.018660
976053378.933284 5.711350 -19.202900 0.000000 0.000000 0.000000 0.999764 0.021730
976053378.935284 5.653810 -19.201300 0.000000 0.000000 0.000000 0.999692 0.024804
976053378.936284 5.598150 -19.198400 0.000000 0.000000 0.000000 0.999611 0.027878
976053378.937284 5.541500 -19.195700 0.000000 0.000000 0.000000 0.999611 0.027878
976053378.938284 5.483740 -19.192100 0.000000 0.000000 0.000000 0.999521 0.030946
976053379.837284 5.435150 -19.189500 0.000000 0.000000 0.000000 0.999521 0.030946
976053380.219284 5.486610 -19.218900 0.000000 0.000000 0.000000 -0.999945 0.010481
976053380.737284 5.518970 -19.217600 0.000000 0.000000 0.000000 -0.999666 0.025843
976053380.873284 5.617060 -19.208500 0.000000 0.000000 0.000000 -0.998729 0.050405
976053381.305284 5.617060 -19.208500 0.000000 0.000000 0.000000 -0.998569 0.053476
976053381.306284 5.617060 -19.208500 0.000000 0.000000 0.000000 -0.998729 0.050405
976053381.524284 5.617060 -19.208500 0.000000 0.000000 0.000000 -0.998729 0.050405
976053381.672284 5.617060 -19.208500 0.000000 0.000000 0.000000 -0.999020 0.044267
976053381.884284 5.617060 -19.208500 0.000000 0.000000 0.000000 -0.999385 0.035059
976053382.733284 5.617060 -19.208500 0.000000 0.000000 0.000000 -0.999945 0.010481
976053382.933284 5.613730 -19.207200 0.000000 0.000000 0.000000 0.993337 0.115245
976053383.725284 5.599820 -19.203800 0.000000 0.000000 0.000000 0.990629 0.136583
976053383.783284 5.414660 -19.150600 0.000000 0.000000 0.000000 0.990524 0.137341
976053383.882284 5.362040 -19.135700 0.000000 0.000000 0.000000 0.990097 0.140386
976053384.416284 5.318430 -19.123500 0.000000 0.000000 0.000000 0.989215 0.146468
976053384.434284 5.265550 -19.107500 0.000000 0.000000 0.000000 0.989661 0.143425
976053384.524284 5.201720 -19.089400 0.000000 0.000000 0.000000 0.990097 0.140386
976053384.852284 5.140080 -19.071600 0.000000 0.000000 0.000000 0.990097 0.140386
976053384.933284 5.085260 -19.056200 0.000000 0.000000 0.000000 0.990097 0.140386
976053385.310284 5.033860 -19.042000 0.000000 0.000000 0.000000 0.990524 0.137341
976053385.311284 4.979310 -19.027500 0.000000 0.000000 0.000000 0.991349 0.131252
976053385.504284 4.919150 -19.011500 0.000000 0.000000 0.000000 0.991748 0.128203
976053385.958284 4.860470 -18.997100 0.000000 0.000000 0.000000 0.992137 0.125157
976053385.959284 4.803980 -18.983200 0.000000 0.000000 0.000000 0.992887 0.119058
976053386.839284 4.747750 -18.970200 0.000000 0.000000 0.000000 0.993600 0.112955
976053386.946284 4.575190 -18.932300 0.000000 0.000000 0.000000 0.994275 0.106847
976053386.964284 4.553950 -18.865300 0.000000 0.000000 0.000000 0.994181 0.107727
976053387.940284 4.497930 -18.853500 0.000000 0.000000 0.000000 0.993500 0.113834
976053388.121284 4.267610 -18.798900 0.000000 0.000000 0.000000 0.992026 0.126035
976053388.122284 4.213950 -18.784400 0.000000 0.000000 0.000000 0.991634 0.129080
976053388.344284 4.161530 -18.770600 0.000000 0.000000 0.000000 0.990402 0.138217
976053388.632284 4.105420 -18.754800 0.000000 0.000000 0.000000 0.989534 0.144301
976053388.673284 4.044670 -18.737000 0.000000 0.000000 0.000000 0.989085 0.147343
976053389.183284 3.987070 -18.719500 0.000000 0.000000 0.000000 0.989085 0.147343
976053389.184284 3.934120 -18.703800 0.000000 0.000000 0.000000 0.988628 0.150379
976053389.304284 3.882140 -18.687900 0.000000 0.000000 0.000000 0.988161 0.153418
976053389.773284 3.823310 -18.669600 0.000000 0.000000 0.000000 0.988161 0.153418
976053389.775284 3.775710 -18.654500 0.000000 0.000000 0.000000 0.988628 0.150379
976053389.884284 3.757650 -18.649100 0.000000 0.000000 0.000000 0.988161 0.153418
976053390.273284 3.761070 -18.650200 0.000000 0.000000 0.000000 0.988161 0.153418
976053390.514284 3.757650 -18.649100 0.000000 0.000000 0.000000 0.988628 0.150379
976053390.843284 3.757650 -18.649100 0.000000 0.000000 0.000000 0.989085 0.147343
976053390.844284 3.757650 -18.649100 0.000000 0.000000 0.000000 0.989972 0.141262
976053390.924284 3.757650 -18.649100 0.000000 0.000000 0.000000 0.991634 0.129080
976053391.319284 3.757650 -18.649100 0.000000 0.000000 0.000000 0.995131 0.098556
976053391.320284 3.758880 -18.649800 0.000000 0.000000 0.000000 0.998273 0.058737
976053391.494284 3.755720 -18.649600 0.000000 0.000000 0.000000 1.000000 0.000386
976053391.825284 3.750630 -18.649900 0.000000 0.000000 0.000000 -0.998319 0.057964
976053391.904284 3.774970 -18.723500 0.000000 0.000000 0.000000 -0.999562 0.029607
976053392.361284 3.741640 -18.725200 0.000000 0.000000 0.000000 -0.999725 0.023464
976053392.382284 3.665950 -18.729500 0.000000 0.000000 0.000000 -0.999648 0.026533
976053392.473284 3.582230 -18.734400 0.000000 0.000000 0.000000 -0.999648 0.026533
976053392.925284 3.521650 -18.737600 0.000000 0.000000 0.000000 -0.999792 0.020390
976053392.926284 3.478120 -18.739300 0.000000 0.000000 0.000000 -0.999938 0.011176
976053393.104284 3.433410 -18.740300 0.000000 0.000000 0.000000 -0.999899 0.014246
976053393.489284 3.366540 -18.742800 0.000000 0.000000 0.000000 -0.999850 0.017320
976053393.490284 3.293600 -18.745400 0.000000 0.000000 0.000000 -0.999850 0.017320
976053393.724284 3.233990 -18.748500 0.000000 0.000000 0.000000 -0.999850 0.017320
976053394.136284 3.184380 -18.750400 0.000000 0.000000 0.000000 -0.999792 0.020390
976053394.154284 3.132810 -18.752800 0.000000 0.000000 0.000000 -0.999899 0.014246
976053394.584284 3.070840 -18.754300 0.000000 0.000000 0.000000 -0.999938 0.011176
976053394.585284 3.006920 -18.756100 0.000000 0.000000 0.000000 -0.999938 0.011176
976053394.724284 2.947110 -18.758100 0.000000 0.000000 0.000000 -0.999850 0.017320
976053395.103284 2.892600 -18.761100 0.000000 0.000000 0.000000 -0.999725 0.023464
976053395.124284 2.836140 -18.764500 0.000000 0.000000 0.000000 -0.999562 0.029607
976053395.274284 2.778690 -18.768100 0.000000 0.000000 0.000000 -0.999466 0.032681
976053395.614284 2.791890 -18.894300 0.000000 0.000000 0.000000 -0.993699 0.112085
976053395.684284 2.731920 -18.908000 0.000000 0.000000 0.000000 -0.993350 0.115135
976053396.687284 2.676040 -18.921200 0.000000 0.000000 0.000000 -0.993699 0.112085
976053396.689284 2.623320 -18.934400 0.000000 0.000000 0.000000 -0.993699 0.112085
976053396.690284 2.568370 -18.947300 0.000000 0.000000 0.000000 -0.993350 0.115135
976053396.692284 2.448420 -18.974700 0.000000 0.000000 0.000000 -0.994690 0.102919
976053396.874284 2.392780 -18.985700 0.000000 0.000000 0.000000 -0.996673 0.081501
976053397.252284 2.337040 -18.993500 0.000000 0.000000 0.000000 -0.998196 0.060045
976053397.275284 2.278730 -19.000200 0.000000 0.000000 0.000000 -0.998546 0.053910
976053397.474284 2.217600 -19.007900 0.000000 0.000000 0.000000 -0.998196 0.060045
976053397.840284 2.158350 -19.015000 0.000000 0.000000 0.000000 -0.998375 0.056980
976053397.914284 2.102850 -19.020600 0.000000 0.000000 0.000000 -0.999000 0.044706
976053398.415284 2.047000 -19.025300 0.000000 0.000000 0.000000 -0.999474 0.032426
976053398.416284 1.987650 -19.029200 0.000000 0.000000 0.000000 -0.999797 0.020135
976053398.504284 1.927600 -19.031200 0.000000 0.000000 0.000000 -0.999854 0.017065
976053398.834284 1.868480 -19.032800 0.000000 0.000000 0.000000 -0.999969 0.007846
976053398.875284 1.812190 -19.033400 0.000000 0.000000 0.000000 -0.999999 0.001701
976053399.321284 1.834800 -19.105400 0.000000 0.000000 0.000000 -0.997888 0.064951
976053399.344284 1.774130 -19.112700 0.000000 0.000000 0.000000 -0.998083 0.061887
976053399.544284 1.713940 -19.120800 0.000000 0.000000 0.000000 -0.998445 0.055752
976053399.930284 1.655920 -19.126700 0.000000 0.000000 0.000000 -0.999183 0.040405
976053399.931284 1.600980 -19.129800 0.000000 0.000000 0.000000 -0.999821 0.018905
976053400.124284 1.542860 -19.131200 0.000000 0.000000 0.000000 0.999962 0.008746
976053400.427284 1.511970 -19.130600 0.000000 0.000000 0.000000 0.999709 0.024109
976053400.514284 1.421930 -19.125100 0.000000 0.000000 0.000000 0.999630 0.027183
976053400.962284 1.394170 -19.124000 0.000000 0.000000 0.000000 0.999630 0.027183
976053400.963284 1.338640 -19.121800 0.000000 0.000000 0.000000 0.999630 0.027183
976053401.550284 1.279060 -19.118300 0.000000 0.000000 0.000000 0.999542 0.030252
976053401.684284 1.103440 -19.107300 0.000000 0.000000 0.000000 0.999095 0.042533
976053402.101284 1.044270 -19.102500 0.000000 0.000000 0.000000 0.999095 0.042533
976053402.114284 0.985107 -19.097600 0.000000 0.000000 0.000000 0.998960 0.045606
976053402.184284 0.925942 -19.092800 0.000000 0.000000 0.000000 0.999095 0.042533
976053402.572284 0.897711 -19.090800 0.000000 0.000000 0.000000 0.999221 0.039466
976053402.573284 0.840781 -19.085900 0.000000 0.000000 0.000000 0.999338 0.036393
976053402.735284 0.776832 -19.061300 0.000000 0.000000 0.000000 0.999126 0.041799
976053403.804284 0.718691 -19.056800 0.000000 0.000000 0.000000 0.999250 0.038732
976053403.894284 0.454823 -19.043700 0.000000 0.000000 0.000000 0.999900 0.014156
976053404.289284 0.396237 -19.042800 0.000000 0.000000 0.000000 0.999968 0.008011
976053404.290284 0.338993 -19.042400 0.000000 0.000000 0.000000 0.999988 0.004941
976053404.464284 0.277277 -19.042000 0.000000 0.000000 0.000000 0.999988 0.004941
976053404.844284 0.219139 -19.042100 0.000000 0.000000 0.000000 0.999988 0.004941
976053404.845284 0.161896 -19.041700 0.000000 0.000000 0.000000 0.999988 0.004941
976053405.502284 0.103758 -19.041700 0.000000 0.000000 0.000000 0.999988 0.004941
976053406.703284 0.074689 -19.041800 0.000000 0.000000 0.000000 0.999988 0.004941
976053406.816284 0.016103 -19.040900 0.000000 0.000000 0.000000 0.999988 0.004941
976053406.909284 -0.043376 -19.040500 0.000000 0.000000 0.000000 0.999988 0.004941
976053406.956284 -0.219582 -19.037100 0.000000 0.000000 0.000000 0.999794 0.020300
976053407.229284 -0.363339 -19.067500 0.000000 0.000000 0.000000 -0.999924 0.012316
976053407.230284 -0.423354 -19.069000 0.000000 0.000000 0.000000 -0.999924 0.012316
976053407.295284 -0.484222 -19.071000 0.000000 0.000000 0.000000 -0.999924 0.012316
976053407.745284 -0.540634 -19.072700 0.000000 0.000000 0.000000 -0.999957 0.009241
976053407.746284 -0.595671 -19.074700 0.000000 0.000000 0.000000 -0.999924 0.012316
976053407.904284 -0.655686 -19.076200 0.000000 0.000000 0.000000 -0.999882 0.015386
976053408.295284 -0.717407 -19.078700 0.000000 0.000000 0.000000 -0.999768 0.021530
976053408.314284 -0.775526 -19.081400 0.000000 0.000000 0.000000 -0.999697 0.024604
976053408.495284 -0.832270 -19.084400 0.000000 0.000000 0.000000 -0.999617 0.027673
976053408.846284 -0.892096 -19.088100 0.000000 0.000000 0.000000 -0.999527 0.030746
976053408.944284 -0.950547 -19.092200 0.000000 0.000000 0.000000 -0.999527 0.030746
976053409.332284 -1.007620 -19.096600 0.000000 0.000000 0.000000 -0.999527 0.030746
976053409.384284 -1.063850 -19.100400 0.000000 0.000000 0.000000 -0.999527 0.030746
976053409.496284 -1.123670 -19.104200 0.000000 0.000000 0.000000 -0.999617 0.027673
976053410.865284 -1.184870 -19.107600 0.000000 0.000000 0.000000 -0.999617 0.027673
976053410.986284 -1.175620 -19.117500 0.000000 0.000000 0.000000 -0.998533 0.054140
976053411.111284 -1.465420 -19.150900 0.000000 0.000000 0.000000 -0.999362 0.035724
976053411.112284 -1.521960 -19.153600 0.000000 0.000000 0.000000 -0.999987 0.005006
976053411.296284 -1.576350 -19.152400 0.000000 0.000000 0.000000 0.999864 0.016506
976053411.690284 -1.630740 -19.151300 0.000000 0.000000 0.000000 0.999946 0.010361
976053411.714284 -1.692350 -19.150300 0.000000 0.000000 0.000000 0.999946 0.010361
976053411.897284 -1.753950 -19.149200 0.000000 0.000000 0.000000 0.999910 0.013431
976053412.350284 -1.813910 -19.147100 0.000000 0.000000 0.000000 0.999808 0.019575
976053412.351284 -1.869690 -19.145600 0.000000 0.000000 0.000000 0.999743 0.022649
976053412.496284 -1.925230 -19.142800 0.000000 0.000000 0.000000 0.999669 0.025723
976053412.919284 -1.985760 -19.139800 0.000000 0.000000 0.000000 0.999492 0.031866
976053412.934284 -2.046860 -19.136000 0.000000 0.000000 0.000000 0.999277 0.038007
976053413.964284 -2.105750 -19.131900 0.000000 0.000000 0.000000 0.999156 0.041075
976053414.929284 -2.293940 -19.192800 0.000000 0.000000 0.000000 0.999984 0.005611
976053414.967284 -2.353480 -19.192900 0.000000 0.000000 0.000000 0.999962 0.008686
976053415.748284 -2.586290 -19.187100 0.000000 0.000000 0.000000 0.999632 0.027118
976053415.750284 -2.645640 -19.184400 0.000000 0.000000 0.000000 0.999544 0.030187
976053415.751284 -2.702070 -19.180400 0.000000 0.000000 0.000000 0.999632 0.027118
976053415.752284 -2.761420 -19.177700 0.000000 0.000000 0.000000 0.999711 0.024044
976053415.753284 -2.820120 -19.175700 0.000000 0.000000 0.000000 0.999780 0.020975
976053415.897284 -2.878810 -19.173700 0.000000 0.000000 0.000000 0.999840 0.017900
976053416.433284 -2.935440 -19.172500 0.000000 0.000000 0.000000 0.999890 0.014831
976053416.434284 -2.993480 -19.171300 0.000000 0.000000 0.000000 0.999962 0.008686
976053416.496284 -3.054440 -19.171200 0.000000 0.000000 0.000000 0.999984 0.005611
976053417.184284 -3.113230 -19.170600 0.000000 0.000000 0.000000 -0.999993 0.003606
976053417.196284 -3.170710 -19.171600 0.000000 0.000000 0.000000 -0.999978 0.006681
976053417.538284 -3.264900 -19.177600 0.000000 0.000000 0.000000 -0.998535 0.054105
976053417.540284 -3.324290 -19.184600 0.000000 0.000000 0.000000 -0.998535 0.054105
976053417.764284 -3.381570 -19.191000 0.000000 0.000000 0.000000 -0.998535 0.054105
976053418.163284 -3.437430 -19.197400 0.000000 0.000000 0.000000 -0.998364 0.057170
976053418.164284 -3.494700 -19.205200 0.000000 0.000000 0.000000 -0.998364 0.057170
976053418.296284 -3.555510 -19.212200 0.000000 0.000000 0.000000 -0.998364 0.057170
976053418.752284 -3.614910 -19.219300 0.000000 0.000000 0.000000 -0.998535 0.054105
976053418.754284 -3.669360 -19.225700 0.000000 0.000000 0.000000 -0.998697 0.051034
976053418.897284 -3.701180 -19.229200 0.000000 0.000000 0.000000 -0.998535 0.054105
976053419.428284 -3.708250 -19.229200 0.000000 0.000000 0.000000 -0.998849 0.047968
976053419.429284 -3.704000 -19.229200 0.000000 0.000000 0.000000 -0.998697 0.051034
976053419.499284 -3.697640 -19.228500 0.000000 0.000000 0.000000 -0.998535 0.054105
976053419.964284 -3.679260 -19.225700 0.000000 0.000000 0.000000 -0.997994 0.063304
976053419.984284 -3.644610 -19.220700 0.000000 0.000000 0.000000 -0.996137 0.087818
976053420.966284 -3.636120 -19.219300 0.000000 0.000000 0.000000 -0.994017 0.109223
976053421.374284 -3.658040 -19.224300 0.000000 0.000000 0.000000 -0.991033 0.133620
976053421.386284 -3.672180 -19.228500 0.000000 0.000000 0.000000 -0.989758 0.142752
976053421.396284 -3.672180 -19.228500 0.000000 0.000000 0.000000 -0.990193 0.139708
976053421.525284 -3.672180 -19.228500 0.000000 0.000000 0.000000 -0.992600 0.121431
976053421.526284 -3.672180 -19.228500 0.000000 0.000000 0.000000 -0.994982 0.100054
976053421.697284 -3.673600 -19.228500 0.000000 0.000000 0.000000 -0.997368 0.072503
976053422.221284 -3.673600 -19.228500 0.000000 0.000000 0.000000 -0.998992 0.044896
976053422.222284 -3.673600 -19.228500 0.000000 0.000000 0.000000 -0.999726 0.023399
976053422.404284 -3.675720 -19.229200 0.000000 0.000000 0.000000 0.999999 0.001181
976053422.769284 -3.658160 -19.217600 0.000000 0.000000 0.000000 0.999984 0.005681
976053422.771284 -3.659570 -19.217700 0.000000 0.000000 0.000000 0.998959 0.045610
976053422.904284 -3.659570 -19.217700 0.000000 0.000000 0.000000 0.997536 0.070154
976053423.362284 -3.659570 -19.217700 0.000000 0.000000 0.000000 0.995511 0.094649
976053423.364284 -3.658810 -19.218400 0.000000 0.000000 0.000000 0.992513 0.122141
976053423.497284 -3.658810 -19.218400 0.000000 0.000000 0.000000 0.987335 0.158648
976053423.848284 -3.659570 -19.217700 0.000000 0.000000 0.000000 0.983695 0.179842
976053423.914284 -3.661730 -19.217200 0.000000 0.000000 0.000000 0.979600 0.200959
976053424.413284 -3.677850 -19.209800 0.000000 0.000000 0.000000 0.972249 0.233948
976053424.414284 -3.682640 -19.177900 0.000000 0.000000 0.000000 0.962173 0.272438
976053424.544284 -3.742270 -19.138600 0.000000 0.000000 0.000000 0.953348 0.301873
976053425.411284 -3.804450 -19.094500 0.000000 0.000000 0.000000 0.947622 0.319395
976053425.423284 -3.850260 -19.058800 0.000000 0.000000 0.000000 0.941573 0.336809
976053425.586284 -3.922540 -18.997200 0.000000 0.000000 0.000000 0.939063 0.343744
976053425.587284 -3.970140 -18.957500 0.000000 0.000000 0.000000 0.940114 0.340860
976053425.696284 -4.023870 -18.912600 0.000000 0.000000 0.000000 0.940114 0.340860
976053426.154284 -4.068520 -18.874000 0.000000 0.000000 0.000000 0.939063 0.343744
976053426.156284 -4.108440 -18.840700 0.000000 0.000000 0.000000 0.939063 0.343744
976053426.374284 -4.147710 -18.806600 0.000000 0.000000 0.000000 0.939063 0.343744
976053426.711284 -4.193770 -18.768100 0.000000 0.000000 0.000000 0.940114 0.340860
976053426.734284 -4.218330 -18.747600 0.000000 0.000000 0.000000 0.939063 0.343744
976053426.875284 -4.266820 -18.705800 0.000000 0.000000 0.000000 0.940114 0.340860
976053427.221284 -4.309040 -18.670600 0.000000 0.000000 0.000000 0.939485 0.342589
976053427.223284 -4.350370 -18.637400 0.000000 0.000000 0.000000 0.940533 0.339703
976053427.424284 -4.395530 -18.601000 0.000000 0.000000 0.000000 0.941573 0.336809
976053427.762284 -4.441590 -18.562500 0.000000 0.000000 0.000000 0.939485 0.342589
976053427.814284 -4.386220 -18.497600 0.000000 0.000000 0.000000 0.936779 0.349921
976053427.957284 -4.432430 -18.457700 0.000000 0.000000 0.000000 0.937423 0.348192
976053428.301284 -4.474090 -18.421800 0.000000 0.000000 0.000000 0.936348 0.351073
976053428.325284 -4.513590 -18.386500 0.000000 0.000000 0.000000 0.936348 0.351073
976053428.565284 -4.559040 -18.347300 0.000000 0.000000 0.000000 0.935266 0.353945
976053428.852284 -4.604600 -18.306700 0.000000 0.000000 0.000000 0.934173 0.356820
976053428.877284 -4.647230 -18.267300 0.000000 0.000000 0.000000 0.934173 0.356820
976053429.350284 -4.689000 -18.230000 0.000000 0.000000 0.000000 0.933073 0.359686
976053429.351284 -4.731630 -18.190700 0.000000 0.000000 0.000000 0.933073 0.359686
976053429.437284 -4.752940 -18.171000 0.000000 0.000000 0.000000 0.931963 0.362553
976053429.895284 -4.795570 -18.131600 0.000000 0.000000 0.000000 0.931963 0.362553
976053429.896284 -4.836690 -18.093500 0.000000 0.000000 0.000000 0.931963 0.362553
976053430.497284 -4.878560 -18.054800 0.000000 0.000000 0.000000 0.931963 0.362553
976053430.654284 -4.989580 -17.953800 0.000000 0.000000 0.000000 0.931963 0.362553
976053430.932284 -5.031450 -17.915100 0.000000 0.000000 0.000000 0.930844 0.365418
976053430.959284 -5.073330 -17.876400 0.000000 0.000000 0.000000 0.928581 0.371131
976053431.433284 -5.113890 -17.836100 0.000000 0.000000 0.000000 0.926283 0.376830
976053431.434284 -5.090330 -17.792900 0.000000 0.000000 0.000000 0.923352 0.383955
976053431.554284 -5.132280 -17.751200 0.000000 0.000000 0.000000 0.922167 0.386793
976053431.896284 -5.172820 -17.709400 0.000000 0.000000 0.000000 0.920975 0.389622
976053431.964284 -5.211850 -17.669000 0.000000 0.000000 0.000000 0.919772 0.392452
976053432.419284 -5.252500 -17.625800 0.000000 0.000000 0.000000 0.919772 0.392452
976053432.420284 -5.284630 -17.592600 0.000000 0.000000 0.000000 0.920975 0.389622
976053432.517284 -5.299180 -17.577400 0.000000 0.000000 0.000000 0.922167 0.386793
976053432.946284 -5.296920 -17.579300 0.000000 0.000000 0.000000 0.922167 0.386793
976053432.965284 -5.296060 -17.581400 0.000000 0.000000 0.000000 0.922167 0.386793
976053433.117284 -5.291530 -17.585300 0.000000 0.000000 0.000000 0.923352 0.383955
976053433.508284 -5.276220 -17.601200 0.000000 0.000000 0.000000 0.925694 0.378274
976053433.518284 -5.248920 -17.626200 0.000000 0.000000 0.000000 0.931396 0.364007
976053433.913284 -5.232200 -17.642100 0.000000 0.000000 0.000000 0.936877 0.349658
976053433.974284 -5.236730 -17.638100 0.000000 0.000000 0.000000 0.936877 0.349658
976053434.117284 -5.240510 -17.634900 0.000000 0.000000 0.000000 0.936232 0.351382
976053434.461284 -5.240510 -17.634900 0.000000 0.000000 0.000000 0.935799 0.352533
976053434.534284 -5.240510 -17.634900 0.000000 0.000000 0.000000 0.933615 0.358277
976053434.867284 -5.239750 -17.635500 0.000000 0.000000 0.000000 0.929140 0.369728
976053434.954284 -5.239750 -17.635500 0.000000 0.000000 0.000000 0.922167 0.386793
976053435.155284 -5.239750 -17.635500 0.000000 0.000000 0.000000 0.913634 0.406538
976053435.540284 -5.239000 -17.636200 0.000000 0.000000 0.000000 0.899374 0.437181
976053435.541284 -5.240610 -17.633500 0.000000 0.000000 0.000000 0.875321 0.483542
976053435.718284 -5.241260 -17.634200 0.000000 0.000000 0.000000 0.842318 0.538981
976053436.114284 -5.238620 -17.599500 0.000000 0.000000 0.000000 0.849182 0.528100
976053436.118284 -5.238620 -17.599500 0.000000 0.000000 0.000000 0.845921 0.533308
976053436.567284 -5.238620 -17.599500 0.000000 0.000000 0.000000 0.834255 0.551379
976053436.568284 -5.239620 -17.597500 0.000000 0.000000 0.000000 0.825685 0.564132
976053436.718284 -5.243990 -17.586700 0.000000 0.000000 0.000000 0.820448 0.571720
976053437.612284 -5.256320 -17.549800 0.000000 0.000000 0.000000 0.809770 0.586747
976053437.724284 -5.336180 -17.301900 0.000000 0.000000 0.000000 0.804329 0.594184
976053438.123284 -5.349480 -17.258000 0.000000 0.000000 0.000000 0.807965 0.589231
976053438.145284 -5.369750 -17.195200 0.000000 0.000000 0.000000 0.809770 0.586747
976053438.384284 -5.392400 -17.125500 0.000000 0.000000 0.000000 0.809770 0.586747
976053438.716284 -5.411270 -17.067500 0.000000 0.000000 0.000000 0.809770 0.586747
976053438.735284 -5.425570 -17.021700 0.000000 0.000000 0.000000 0.809770 0.586747
976053438.918284 -5.441470 -16.974600 0.000000 0.000000 0.000000 0.809770 0.586747
976053439.313284 -5.460150 -16.918000 0.000000 0.000000 0.000000 0.807965 0.589231
976053439.318284 -5.480610 -16.853800 0.000000 0.000000 0.000000 0.809770 0.586747
976053439.836284 -5.500480 -16.793700 0.000000 0.000000 0.000000 0.809770 0.586747
976053439.845284 -5.516770 -16.743900 0.000000 0.000000 0.000000 0.811570 0.584255
976053439.918284 -5.533060 -16.694000 0.000000 0.000000 0.000000 0.811570 0.584255
976053440.367284 -5.552340 -16.638200 0.000000 0.000000 0.000000 0.811570 0.584255
976053440.368284 -5.490050 -16.635600 0.000000 0.000000 0.000000 0.812443 0.583041
976053440.584284 -5.508550 -16.578900 0.000000 0.000000 0.000000 0.812443 0.583041
976053441.582284 -5.526470 -16.526400 0.000000 0.000000 0.000000 0.812443 0.583041
976053441.594284 -5.543600 -16.474600 0.000000 0.000000 0.000000 0.812443 0.583041
976053441.718284 -5.618610 -16.250700 0.000000 0.000000 0.000000 0.816010 0.578037
976053442.113284 -5.636340 -16.199700 0.000000 0.000000 0.000000 0.817781 0.575529
976053442.119284 -5.656840 -16.143900 0.000000 0.000000 0.000000 0.819547 0.573012
976053442.590284 -5.677920 -16.084000 0.000000 0.000000 0.000000 0.819547 0.573012
976053442.591284 -5.699420 -16.026300 0.000000 0.000000 0.000000 0.817781 0.575529
976053442.718284 -5.717140 -15.975200 0.000000 0.000000 0.000000 0.814229 0.580544
976053443.227284 -5.734080 -15.924700 0.000000 0.000000 0.000000 0.814229 0.580544
976053443.228284 -5.753180 -15.868800 0.000000 0.000000 0.000000 0.812443 0.583041
976053443.344284 -5.772860 -15.808700 0.000000 0.000000 0.000000 0.810646 0.585536
976053443.808284 -5.792150 -15.751400 0.000000 0.000000 0.000000 0.810646 0.585536
976053443.809284 -5.809660 -15.696700 0.000000 0.000000 0.000000 0.808842 0.588026
976053443.945284 -5.822180 -15.690900 0.000000 0.000000 0.000000 0.837220 0.546866
976053444.276284 -5.844540 -15.637400 0.000000 0.000000 0.000000 0.833844 0.552000
976053444.335284 -5.869270 -15.580000 0.000000 0.000000 0.000000 0.835537 0.549434
976053444.545284 -5.892810 -15.524600 0.000000 0.000000 0.000000 0.835537 0.549434
976053444.937284 -5.914510 -15.473800 0.000000 0.000000 0.000000 0.837220 0.546866
976053444.938284 -5.932180 -15.433700 0.000000 0.000000 0.000000 0.838898 0.544289
976053445.118284 -5.939760 -15.417400 0.000000 0.000000 0.000000 0.837220 0.546866
976053445.465284 -5.939760 -15.417400 0.000000 0.000000 0.000000 0.837220 0.546866
976053445.585284 -5.939240 -15.416500 0.000000 0.000000 0.000000 0.835537 0.549434
976053446.167284 -5.939240 -15.416500 0.000000 0.000000 0.000000 0.830436 0.557114
976053446.290284 -5.940430 -15.414600 0.000000 0.000000 0.000000 0.821781 0.569803
976053446.574284 -5.941280 -15.414100 0.000000 0.000000 0.000000 0.796516 0.604618
976053446.627284 -5.940760 -15.413200 0.000000 0.000000 0.000000 0.779492 0.626412
976053446.719284 -5.941940 -15.411300 0.000000 0.000000 0.000000 0.759878 0.650066
976053447.168284 -5.941750 -15.409100 0.000000 0.000000 0.000000 0.747765 0.663963
976053447.169284 -5.942030 -15.401900 0.000000 0.000000 0.000000 0.741612 0.670829
976053447.319284 -5.943540 -15.377500 0.000000 0.000000 0.000000 0.727012 0.686625
976053447.663284 -5.946280 -15.314900 0.000000 0.000000 0.000000 0.714231 0.699910
976053447.735284 -5.949000 -15.231200 0.000000 0.000000 0.000000 0.724901 0.688854
976053448.144284 -5.953580 -15.163900 0.000000 0.000000 0.000000 0.731221 0.682141
976053448.165284 -5.955610 -15.119300 0.000000 0.000000 0.000000 0.720654 0.693295
976053448.365284 -5.926500 -15.146900 0.000000 0.000000 0.000000 0.733454 0.679739
976053448.724284 -5.930940 -15.086600 0.000000 0.000000 0.000000 0.735538 0.677484
976053448.815284 -5.936790 -15.012800 0.000000 0.000000 0.000000 0.739690 0.672947
976053448.921284 -5.943320 -14.950100 0.000000 0.000000 0.000000 0.737617 0.675219
976053449.425284 -5.947420 -14.899200 0.000000 0.000000 0.000000 0.737617 0.675219
976053449.485284 -5.951800 -14.852800 0.000000 0.000000 0.000000 0.735538 0.677484
976053449.519284 -5.956730 -14.793400 0.000000 0.000000 0.000000 0.733454 0.679739
976053450.252284 -5.961620 -14.725900 0.000000 0.000000 0.000000 0.733454 0.679739
976053450.263284 -5.966650 -14.660600 0.000000 0.000000 0.000000 0.733454 0.679739
976053450.590284 -5.973630 -14.560700 0.000000 0.000000 0.000000 0.731361 0.681991
976053450.592284 -5.978420 -14.499100 0.000000 0.000000 0.000000 0.733454 0.679739
976053450.719284 -5.983820 -14.432400 0.000000 0.000000 0.000000 0.731361 0.681991
976053451.216284 -5.986650 -14.375400 0.000000 0.000000 0.000000 0.729264 0.684233
976053451.217284 -5.990620 -14.322300 0.000000 0.000000 0.000000 0.729264 0.684233
976053451.345284 -5.993960 -14.266100 0.000000 0.000000 0.000000 0.729264 0.684233
976053451.704284 -5.997390 -14.204000 0.000000 0.000000 0.000000 0.729264 0.684233
976053451.788284 -5.999100 -14.173000 0.000000 0.000000 0.000000 0.727156 0.686472
976053451.859284 -6.022590 -14.052200 0.000000 0.000000 0.000000 0.748767 0.662833
976053452.386284 -6.029060 -13.997700 0.000000 0.000000 0.000000 0.748767 0.662833
976053452.387284 -6.035540 -13.940900 0.000000 0.000000 0.000000 0.750802 0.660528
976053452.435284 -6.043830 -13.881000 0.000000 0.000000 0.000000 0.752829 0.658216
976053452.961284 -6.051210 -13.821600 0.000000 0.000000 0.000000 0.754846 0.655902
976053452.962284 -6.059490 -13.763900 0.000000 0.000000 0.000000 0.756860 0.653577
976053452.979284 -6.068660 -13.705800 0.000000 0.000000 0.000000 0.758863 0.651251
976053453.432284 -6.076930 -13.648100 0.000000 0.000000 0.000000 0.760862 0.648914
976053453.455284 -6.081960 -13.620000 0.000000 0.000000 0.000000 0.760862 0.648914
976053453.647284 -6.091570 -13.562800 0.000000 0.000000 0.000000 0.762850 0.646575
976053454.450284 -6.100290 -13.506000 0.000000 0.000000 0.000000 0.760862 0.648914
976053454.461284 -6.109460 -13.447900 0.000000 0.000000 0.000000 0.760862 0.648914
976053454.583284 -6.127800 -13.331700 0.000000 0.000000 0.000000 0.760862 0.648914
976053454.584284 -6.132380 -13.304900 0.000000 0.000000 0.000000 0.760862 0.648914
976053454.665284 -6.141100 -13.248100 0.000000 0.000000 0.000000 0.760862 0.648914
976053455.235284 -6.150270 -13.190000 0.000000 0.000000 0.000000 0.762850 0.646575
976053455.236284 -6.159890 -13.130600 0.000000 0.000000 0.000000 0.760862 0.648914
976053455.237284 -6.169060 -13.072500 0.000000 0.000000 0.000000 0.760862 0.648914
976053455.435284 -6.213210 -13.060500 0.000000 0.000000 0.000000 0.782677 0.622428
976053455.825284 -6.225850 -13.005300 0.000000 0.000000 0.000000 0.782677 0.622428
976053455.826284 -6.238630 -12.947900 0.000000 0.000000 0.000000 0.780762 0.624828
976053456.539284 -6.250870 -12.891800 0.000000 0.000000 0.000000 0.771070 0.636750
976053456.575284 -6.267210 -12.747200 0.000000 0.000000 0.000000 0.724180 0.689611
976053457.150284 -6.269370 -12.687700 0.000000 0.000000 0.000000 0.715651 0.698459
976053457.152284 -6.270610 -12.628600 0.000000 0.000000 0.000000 0.717795 0.696255
976053457.153284 -6.272470 -12.573600 0.000000 0.000000 0.000000 0.719929 0.694048
976053457.262284 -6.273090 -12.544100 0.000000 0.000000 0.000000 0.722060 0.691831
976053457.605284 -6.276560 -12.485200 0.000000 0.000000 0.000000 0.724180 0.689611
976053457.725284 -6.280180 -12.424000 0.000000 0.000000 0.000000 0.728408 0.685144
976053458.183284 -6.283500 -12.367300 0.000000 0.000000 0.000000 0.730508 0.682905
976053458.205284 -6.286280 -12.311900 0.000000 0.000000 0.000000 0.726297 0.687381
976053458.220284 -6.289610 -12.255200 0.000000 0.000000 0.000000 0.726297 0.687381
976053458.712284 -6.291910 -12.193500 0.000000 0.000000 0.000000 0.724180 0.689611
976053458.714284 -6.295150 -12.131400 0.000000 0.000000 0.000000 0.724180 0.689611
976053458.780284 -6.297540 -12.075100 0.000000 0.000000 0.000000 0.719929 0.694048
976053459.290284 -6.302000 -12.071100 0.000000 0.000000 0.000000 0.741401 0.671063
976053459.291284 -6.306790 -12.013900 0.000000 0.000000 0.000000 0.737263 0.675606
976053459.380284 -6.312270 -11.952300 0.000000 0.000000 0.000000 0.737263 0.675606
976053459.878284 -6.318360 -11.892600 0.000000 0.000000 0.000000 0.737263 0.675606
976053460.220284 -6.329890 -11.721900 0.000000 0.000000 0.000000 0.733097 0.680124
976053460.548284 -6.333470 -11.660900 0.000000 0.000000 0.000000 0.724684 0.689082
976053460.620284 -6.335100 -11.603700 0.000000 0.000000 0.000000 0.709695 0.704509
976053461.191284 -6.333880 -11.547400 0.000000 0.000000 0.000000 0.689943 0.723864
976053461.217284 -6.329190 -11.490100 0.000000 0.000000 0.000000 0.667376 0.744721
976053461.221284 -6.322940 -11.431200 0.000000 0.000000 0.000000 0.665087 0.746766
976053461.735284 -6.316690 -11.372300 0.000000 0.000000 0.000000 0.669663 0.742665
976053461.736284 -6.310400 -11.316600 0.000000 0.000000 0.000000 0.669663 0.742665
976053461.875284 -6.304140 -11.257700 0.000000 0.000000 0.000000 0.669663 0.742665
976053462.332284 -6.298200 -11.199700 0.000000 0.000000 0.000000 0.671940 0.740606
976053462.333284 -6.291640 -11.139900 0.000000 0.000000 0.000000 0.669663 0.742665
976053462.421284 -6.285690 -11.082000 0.000000 0.000000 0.000000 0.667376 0.744721
976053462.930284 -6.261500 -11.020700 0.000000 0.000000 0.000000 0.693708 0.720256
976053462.931284 -6.259970 -10.963500 0.000000 0.000000 0.000000 0.691490 0.722386
976053463.253284 -6.256750 -10.903500 0.000000 0.000000 0.000000 0.689269 0.724505
976053463.528284 -6.254010 -10.845500 0.000000 0.000000 0.000000 0.689269 0.724505
976053463.529284 -6.250530 -10.788800 0.000000 0.000000 0.000000 0.687038 0.726621
976053463.621284 -6.247550 -10.729800 0.000000 0.000000 0.000000 0.687038 0.726621
976053464.192284 -6.243600 -10.671100 0.000000 0.000000 0.000000 0.687038 0.726621
976053464.193284 -6.240860 -10.613100 0.000000 0.000000 0.000000 0.689269 0.724505
976053464.220284 -6.238120 -10.555100 0.000000 0.000000 0.000000 0.691490 0.722386
976053464.674284 -6.235380 -10.497100 0.000000 0.000000 0.000000 0.693708 0.720256
976053464.725284 -6.233840 -10.439900 0.000000 0.000000 0.000000 0.698121 0.715980
976053464.820284 -6.232570 -10.379500 0.000000 0.000000 0.000000 0.700320 0.713830
976053465.325284 -6.231040 -10.322200 0.000000 0.000000 0.000000 0.702508 0.711676
976053465.326284 -6.230480 -10.264700 0.000000 0.000000 0.000000 0.702508 0.711676
976053465.420284 -6.230410 -10.205100 0.000000 0.000000 0.000000 0.704693 0.709513
976053465.932284 -6.230590 -10.146400 0.000000 0.000000 0.000000 0.706868 0.707346
976053465.933284 -6.230030 -10.088900 0.000000 0.000000 0.000000 0.711201 0.702989
976053466.214284 -6.231640 -10.031900 0.000000 0.000000 0.000000 0.713359 0.700799
976053466.531284 -6.244510 -10.008800 0.000000 0.000000 0.000000 0.728486 0.685060
976053466.532284 -6.247670 -9.948990 0.000000 0.000000 0.000000 0.730586 0.682821
976053466.621284 -6.252400 -9.891910 0.000000 0.000000 0.000000 0.732682 0.680571
976053467.171284 -6.255950 -9.834040 0.000000 0.000000 0.000000 0.732682 0.680571
976053467.195284 -6.260690 -9.776960 0.000000 0.000000 0.000000 0.732682 0.680571
976053467.221284 -6.264240 -9.719090 0.000000 0.000000 0.000000 0.728486 0.685060
976053467.736284 -6.267590 -9.660250 0.000000 0.000000 0.000000 0.720012 0.693961
976053467.745284 -6.268990 -9.601800 0.000000 0.000000 0.000000 0.704920 0.709287
976053467.821284 -6.266460 -9.544150 0.000000 0.000000 0.000000 0.680548 0.732704
976053468.327284 -6.260400 -9.484150 0.000000 0.000000 0.000000 0.666922 0.745128
976053468.328284 -6.253360 -9.424360 0.000000 0.000000 0.000000 0.669210 0.743073
976053468.421284 -6.248090 -9.368290 0.000000 0.000000 0.000000 0.671488 0.741015
976053468.926284 -6.242830 -9.312210 0.000000 0.000000 0.000000 0.669210 0.743073
976053468.927284 -6.236380 -9.255360 0.000000 0.000000 0.000000 0.671488 0.741015
976053469.252284 -6.231100 -9.194180 0.000000 0.000000 0.000000 0.673763 0.738947
976053469.533284 -6.225240 -9.135170 0.000000 0.000000 0.000000 0.673763 0.738947
976053469.534284 -6.219770 -9.078120 0.000000 0.000000 0.000000 0.673763 0.738947
976053469.705284 -6.215090 -9.019880 0.000000 0.000000 0.000000 0.673763 0.738947
976053470.230284 -6.250560 -9.035430 0.000000 0.000000 0.000000 0.705437 0.708772
976053470.231284 -6.249430 -8.972160 0.000000 0.000000 0.000000 0.707613 0.706600
976053470.232284 -6.249630 -8.911750 0.000000 0.000000 0.000000 0.709779 0.704424
976053470.423284 -6.250390 -8.856310 0.000000 0.000000 0.000000 0.711942 0.702238
976053470.935284 -6.252030 -8.799770 0.000000 0.000000 0.000000 0.714095 0.700049
976053470.936284 -6.252450 -8.741350 0.000000 0.000000 0.000000 0.714095 0.700049
976053471.556284 -6.253640 -8.680830 0.000000 0.000000 0.000000 0.714095 0.700049
976053471.622284 -6.256130 -8.507450 0.000000 0.000000 0.000000 0.711942 0.702238
976053472.836284 -6.257540 -8.448920 0.000000 0.000000 0.000000 0.716244 0.697850
976053472.847284 -6.259840 -8.389280 0.000000 0.000000 0.000000 0.724766 0.688995
976053472.885284 -6.294230 -8.159950 0.000000 0.000000 0.000000 0.775505 0.631341
976053473.454284 -6.305800 -8.102270 0.000000 0.000000 0.000000 0.773560 0.633723
976053473.455284 -6.317160 -8.042620 0.000000 0.000000 0.000000 0.773560 0.633723
976053473.456284 -6.359140 -7.994560 0.000000 0.000000 0.000000 0.787721 0.616033
976053473.621284 -6.373460 -7.939470 0.000000 0.000000 0.000000 0.787721 0.616033
976053474.781284 -6.385840 -7.885510 0.000000 0.000000 0.000000 0.785823 0.618452
976053474.793284 -6.399950 -7.827420 0.000000 0.000000 0.000000 0.783920 0.620862
976053474.821284 -6.451610 -7.598410 0.000000 0.000000 0.000000 0.780087 0.625671
976053475.335284 -6.464650 -7.539400 0.000000 0.000000 0.000000 0.780087 0.625671
976053475.345284 -6.477700 -7.480380 0.000000 0.000000 0.000000 0.780087 0.625671
976053475.423284 -6.489880 -7.423430 0.000000 0.000000 0.000000 0.780087 0.625671
976053475.934284 -6.502130 -7.367480 0.000000 0.000000 0.000000 0.774288 0.632833
976053475.935284 -6.512520 -7.313650 0.000000 0.000000 0.000000 0.764474 0.644655
976053476.218284 -6.520580 -7.254970 0.000000 0.000000 0.000000 0.750432 0.660948
976053476.586284 -6.526570 -7.195430 0.000000 0.000000 0.000000 0.736042 0.676936
976053476.635284 -6.530710 -7.138020 0.000000 0.000000 0.000000 0.719182 0.694821
976053476.637284 -6.530710 -7.078890 0.000000 0.000000 0.000000 0.701885 0.712291
976053476.835284 -6.529790 -7.020820 0.000000 0.000000 0.000000 0.701885 0.712291
976053477.175284 -6.551690 -7.026080 0.000000 0.000000 0.000000 0.736330 0.676623
976053477.196284 -6.554430 -6.997140 0.000000 0.000000 0.000000 0.736330 0.676623
976053477.455284 -6.559930 -6.938260 0.000000 0.000000 0.000000 0.738404 0.674359
976053477.854284 -6.565410 -6.880380 0.000000 0.000000 0.000000 0.740474 0.672085
976053477.855284 -6.570880 -6.822500 0.000000 0.000000 0.000000 0.740474 0.672085
976053477.931284 -6.576380 -6.763620 0.000000 0.000000 0.000000 0.740474 0.672085
976053478.354284 -6.581830 -6.706740 0.000000 0.000000 0.000000 0.742537 0.669805
976053478.366284 -6.588330 -6.647890 0.000000 0.000000 0.000000 0.742537 0.669805
976053478.556284 -6.593830 -6.589010 0.000000 0.000000 0.000000 0.742537 0.669805
976053479.686284 -6.600280 -6.532160 0.000000 0.000000 0.000000 0.740474 0.672085
976053479.793284 -6.605760 -6.474280 0.000000 0.000000 0.000000 0.740474 0.672085
976053479.968284 -6.611260 -6.415400 0.000000 0.000000 0.000000 0.742537 0.669805
976053480.273284 -6.639930 -6.154040 0.000000 0.000000 0.000000 0.748678 0.662934
976053480.274284 -6.647370 -6.097210 0.000000 0.000000 0.000000 0.750713 0.660629
976053480.435284 -6.651110 -6.068300 0.000000 0.000000 0.000000 0.750713 0.660629
976053480.903284 -6.684260 -6.001580 0.000000 0.000000 0.000000 0.789863 0.613284
976053480.904284 -6.698930 -5.946060 0.000000 0.000000 0.000000 0.789863 0.613284
976053480.922284 -6.714140 -5.886570 0.000000 0.000000 0.000000 0.787976 0.615706
976053481.455284 -6.727820 -5.830910 0.000000 0.000000 0.000000 0.787976 0.615706
976053481.476284 -6.741360 -5.776250 0.000000 0.000000 0.000000 0.784178 0.620536
976053481.482284 -6.754450 -5.717480 0.000000 0.000000 0.000000 0.780350 0.625343
976053482.571284 -6.767410 -5.659700 0.000000 0.000000 0.000000 0.778423 0.627740
976053482.679284 -6.779650 -5.599810 0.000000 0.000000 0.000000 0.772602 0.634890
976053482.720284 -6.791900 -5.517710 0.000000 0.000000 0.000000 0.746632 0.665237
976053482.721284 -6.796660 -5.460830 0.000000 0.000000 0.000000 0.725844 0.687860
976053482.722284 -6.799980 -5.399720 0.000000 0.000000 0.000000 0.723725 0.690088
976053482.915284 -6.803160 -5.339590 0.000000 0.000000 0.000000 0.727952 0.685628
976053483.352284 -6.806080 -5.281450 0.000000 0.000000 0.000000 0.725844 0.687860
976053483.353284 -6.808580 -5.226280 0.000000 0.000000 0.000000 0.723725 0.690088
976053483.485284 -6.811230 -5.170120 0.000000 0.000000 0.000000 0.721603 0.692307
976053483.864284 -6.813830 -5.106890 0.000000 0.000000 0.000000 0.725844 0.687860
976053483.865284 -6.818000 -5.046900 0.000000 0.000000 0.000000 0.727952 0.685628
976053484.250284 -6.776350 -5.045150 0.000000 0.000000 0.000000 0.738576 0.674171
976053484.519284 -6.781740 -4.989260 0.000000 0.000000 0.000000 0.740645 0.671896
976053484.536284 -6.787620 -4.930420 0.000000 0.000000 0.000000 0.744760 0.667333
976053484.604284 -6.794490 -4.871750 0.000000 0.000000 0.000000 0.742704 0.669619
976053485.137284 -6.800030 -4.814880 0.000000 0.000000 0.000000 0.742704 0.669619
976053485.139284 -6.805250 -4.759980 0.000000 0.000000 0.000000 0.738576 0.674171
976053485.295284 -6.810480 -4.699000 0.000000 0.000000 0.000000 0.726022 0.687671
976053485.817284 -6.811760 -4.637350 0.000000 0.000000 0.000000 0.715371 0.698745
976053485.876284 -6.813200 -4.580800 0.000000 0.000000 0.000000 0.713223 0.700938
976053485.877284 -6.813650 -4.524080 0.000000 0.000000 0.000000 0.708902 0.705307
976053486.280284 -6.813450 -4.465230 0.000000 0.000000 0.000000 0.706730 0.707484
976053486.511284 -6.814070 -4.407530 0.000000 0.000000 0.000000 0.706730 0.707484
976053486.512284 -6.813050 -4.347520 0.000000 0.000000 0.000000 0.704551 0.709654
976053486.603284 -6.812680 -4.289650 0.000000 0.000000 0.000000 0.702369 0.711813
976053487.107284 -6.811980 -4.233750 0.000000 0.000000 0.000000 0.700177 0.713970
976053487.108284 -6.810960 -4.173740 0.000000 0.000000 0.000000 0.697982 0.716116
976053487.203284 -6.809120 -4.112580 0.000000 0.000000 0.000000 0.695776 0.718259
976053487.709284 -6.807440 -4.056520 0.000000 0.000000 0.000000 0.695776 0.718259
976053487.710284 -6.810990 -4.030080 0.000000 0.000000 0.000000 0.717680 0.696373
976053487.803284 -6.812240 -3.970660 0.000000 0.000000 0.000000 0.717680 0.696373
976053488.324284 -6.813970 -3.909290 0.000000 0.000000 0.000000 0.719814 0.694167
976053488.325284 -6.816190 -3.850100 0.000000 0.000000 0.000000 0.717680 0.696373
976053488.495284 -6.817950 -3.796980 0.000000 0.000000 0.000000 0.717680 0.696373
976053489.327284 -6.819200 -3.737550 0.000000 0.000000 0.000000 0.717680 0.696373
976053489.339284 -6.820930 -3.676190 0.000000 0.000000 0.000000 0.717680 0.696373
976053489.349284 -6.823150 -3.617000 0.000000 0.000000 0.000000 0.719814 0.694167
976053489.690284 -6.826630 -3.502510 0.000000 0.000000 0.000000 0.719814 0.694167
976053489.691284 -6.829090 -3.442350 0.000000 0.000000 0.000000 0.717680 0.696373
976053489.803284 -6.826220 -3.382940 0.000000 0.000000 0.000000 0.662121 0.749397
976053490.320284 -6.817790 -3.329370 0.000000 0.000000 0.000000 0.645849 0.763465
976053490.336284 -6.808850 -3.269490 0.000000 0.000000 0.000000 0.666713 0.745314
976053490.403284 -6.803560 -3.211540 0.000000 0.000000 0.000000 0.678086 0.734983
976053490.937284 -6.798270 -3.153600 0.000000 0.000000 0.000000 0.668998 0.743264
976053490.938284 -6.791770 -3.096380 0.000000 0.000000 0.000000 0.666713 0.745314
976053491.860284 -6.785500 -3.038190 0.000000 0.000000 0.000000 0.666713 0.745314
976053492.354284 -6.782320 -2.757470 0.000000 0.000000 0.000000 0.684961 0.728580
976053492.355284 -6.777850 -2.700260 0.000000 0.000000 0.000000 0.682717 0.730683
976053492.404284 -6.774010 -2.641150 0.000000 0.000000 0.000000 0.684961 0.728580
976053492.913284 -6.771130 -2.582350 0.000000 0.000000 0.000000 0.684961 0.728580
976053492.914284 -6.767620 -2.525450 0.000000 0.000000 0.000000 0.684961 0.728580
976053493.330284 -6.763470 -2.467290 0.000000 0.000000 0.000000 0.684961 0.728580
976053493.543284 -6.760580 -2.408490 0.000000 0.000000 0.000000 0.689425 0.724357
976053493.544284 -6.757380 -2.350630 0.000000 0.000000 0.000000 0.691649 0.722234
976053493.605284 -6.755130 -2.293090 0.000000 0.000000 0.000000 0.691649 0.722234
976053494.137284 -6.753190 -2.234600 0.000000 0.000000 0.000000 0.691649 0.722234
976053494.138284 -6.750300 -2.175800 0.000000 0.000000 0.000000 0.691649 0.722234
976053494.296284 -6.748050 -2.118260 0.000000 0.000000 0.000000 0.693863 0.720107
976053494.772284 -6.745800 -2.060720 0.000000 0.000000 0.000000 0.693863 0.720107
976053494.796284 -6.743550 -2.003180 0.000000 0.000000 0.000000 0.689425 0.724357
976053494.804284 -6.785690 -1.941670 0.000000 0.000000 0.000000 0.708817 0.705392
976053495.464284 -6.785790 -1.882430 0.000000 0.000000 0.000000 0.706645 0.707568
976053495.465284 -6.785520 -1.824130 0.000000 0.000000 0.000000 0.706645 0.707568
976053495.486284 -6.785610 -1.770270 0.000000 0.000000 0.000000 0.702283 0.711897
976053495.712284 -6.784400 -1.711590 0.000000 0.000000 0.000000 0.697896 0.716199
976053496.106284 -6.782650 -1.651610 0.000000 0.000000 0.000000 0.693481 0.720475
976053496.107284 -6.779590 -1.592180 0.000000 0.000000 0.000000 0.691266 0.722600
976053496.204284 -6.777640 -1.535360 0.000000 0.000000 0.000000 0.691266 0.722600
976053496.693284 -6.775320 -1.479460 0.000000 0.000000 0.000000 0.689041 0.724722
976053496.706284 -6.771520 -1.421890 0.000000 0.000000 0.000000 0.686809 0.726838
976053496.806284 -6.768830 -1.361530 0.000000 0.000000 0.000000 0.686809 0.726838
976053497.370284 -6.765960 -1.304330 0.000000 0.000000 0.000000 0.689041 0.724722
976053497.371284 -6.763080 -1.247130 0.000000 0.000000 0.000000 0.689041 0.724722
976053497.455284 -6.760210 -1.189930 0.000000 0.000000 0.000000 0.691266 0.722600
976053497.948284 -6.758080 -1.130880 0.000000 0.000000 0.000000 0.691266 0.722600
976053497.949284 -6.755580 -1.072750 0.000000 0.000000 0.000000 0.695694 0.718339
976053498.406284 -6.754190 -1.011840 0.000000 0.000000 0.000000 0.697896 0.716199
976053498.643284 -6.752810 -0.950931 0.000000 0.000000 0.000000 0.700095 0.714050
976053498.666284 -6.756680 -0.937586 0.000000 0.000000 0.000000 0.734833 0.678248
976053498.667284 -6.761940 -0.880821 0.000000 0.000000 0.000000 0.736911 0.675989
976053498.804284 -6.766310 -0.823602 0.000000 0.000000 0.000000 0.736911 0.675989
976053499.342284 -6.771590 -0.764601 0.000000 0.000000 0.000000 0.736911 0.675989
976053499.343284 -6.776860 -0.705600 0.000000 0.000000 0.000000 0.734833 0.678248
976053499.406284 -6.780790 -0.647038 0.000000 0.000000 0.000000 0.732744 0.680505
976053499.946284 -6.785160 -0.589819 0.000000 0.000000 0.000000 0.732744 0.680505
976053499.948284 -6.789980 -0.531710 0.000000 0.000000 0.000000 0.730648 0.682755
976053500.597284 -6.793460 -0.474038 0.000000 0.000000 0.000000 0.728548 0.684995
976053500.696284 -6.802510 -0.308174 0.000000 0.000000 0.000000 0.726438 0.687232
976053501.212284 -6.804550 -0.266594 0.000000 0.000000 0.000000 0.722202 0.691683
976053501.213284 -6.806650 -0.213835 0.000000 0.000000 0.000000 0.722202 0.691683
976053501.214284 -6.810200 -0.144984 0.000000 0.000000 0.000000 0.720075 0.693897
976053501.404284 -6.811950 -0.077465 0.000000 0.000000 0.000000 0.722202 0.691683
976053502.274284 -6.814970 -0.020686 0.000000 0.000000 0.000000 0.722202 0.691683
976053502.286284 -6.817490 0.026257 0.000000 0.000000 0.000000 0.722202 0.691683
976053502.296284 -6.813030 0.041083 0.000000 0.000000 0.000000 0.745510 0.666494
976053502.634284 -6.814000 0.048636 0.000000 0.000000 0.000000 0.749592 0.661901
976053502.635284 -6.814000 0.048636 0.000000 0.000000 0.000000 0.749592 0.661901
976053502.804284 -6.814000 0.048636 0.000000 0.000000 0.000000 0.747556 0.664199
976053503.356284 -6.814000 0.048636 0.000000 0.000000 0.000000 0.745510 0.666494
976053503.357284 -6.814150 0.050868 0.000000 0.000000 0.000000 0.737263 0.675606
976053503.436284 -6.814150 0.050868 0.000000 0.000000 0.000000 0.728904 0.684616
976053503.666284 -6.814150 0.050868 0.000000 0.000000 0.000000 0.711854 0.702327
976053504.559284 -6.814510 0.049500 0.000000 0.000000 0.000000 0.698787 0.715330
976053504.569284 -6.814510 0.049500 0.000000 0.000000 0.000000 0.694378 0.719611
976053504.705284 -6.814150 0.050868 0.000000 0.000000 0.000000 0.644183 0.764871
976053504.726284 -6.813440 0.053606 0.000000 0.000000 0.000000 0.603366 0.797465
976053504.727284 -6.813090 0.054975 0.000000 0.000000 0.000000 0.583584 0.812053
976053504.926284 -6.813090 0.054975 0.000000 0.000000 0.000000 0.563445 0.826153
976053505.492284 -6.763200 0.063671 0.000000 0.000000 0.000000 0.576501 0.817096
976053505.516284 -6.762940 0.065061 0.000000 0.000000 0.000000 0.551123 0.834424
976053505.517284 -6.761840 0.067009 0.000000 0.000000 0.000000 0.527840 0.849344
976053505.626284 -6.762400 0.067837 0.000000 0.000000 0.000000 0.509450 0.860501
976053506.880284 -6.761840 0.067009 0.000000 0.000000 0.000000 0.485461 0.874259
976053506.969284 -6.761840 0.067009 0.000000 0.000000 0.000000 0.461102 0.887347
976053507.468284 -6.715990 0.061258 0.000000 0.000000 0.000000 0.297676 0.954667
976053507.486284 -6.713500 0.062930 0.000000 0.000000 0.000000 0.271164 0.962533
976053507.505284 -6.711840 0.064044 0.000000 0.000000 0.000000 0.247423 0.968907
976053508.209284 -6.711010 0.064601 0.000000 0.000000 0.000000 0.226527 0.974005
976053508.219284 -6.710180 0.065159 0.000000 0.000000 0.000000 0.211536 0.977370
976053508.960284 -6.707130 0.066001 0.000000 0.000000 0.000000 0.175362 0.984504
976053509.123284 -6.653610 0.039801 0.000000 0.000000 0.000000 0.083264 0.996527
976053509.125284 -6.595150 0.048016 0.000000 0.000000 0.000000 0.064879 0.997893
976053509.373284 -6.510920 0.059203 0.000000 0.000000 0.000000 0.067945 0.997689
976053509.781284 -6.444420 0.068034 0.000000 0.000000 0.000000 0.071010 0.997476
976053509.796284 -6.396210 0.075338 0.000000 0.000000 0.000000 0.061812 0.998088
976053509.865284 -6.351320 0.080398 0.000000 0.000000 0.000000 0.061812 0.998088
976053510.345284 -6.297290 0.088024 0.000000 0.000000 0.000000 0.067945 0.997689
976053510.347284 -6.227750 0.097710 0.000000 0.000000 0.000000 0.064879 0.997893
976053510.425284 -6.159860 0.106276 0.000000 0.000000 0.000000 0.061812 0.998088
976053510.960284 -6.106670 0.113341 0.000000 0.000000 0.000000 0.061812 0.998088
976053510.961284 -6.059560 0.118696 0.000000 0.000000 0.000000 0.061812 0.998088
976053511.457284 -6.004140 0.126054 0.000000 0.000000 0.000000 0.061812 0.998088
976053511.695284 -5.938470 0.134324 0.000000 0.000000 0.000000 0.061812 0.998088
976053511.696284 -5.873630 0.142034 0.000000 0.000000 0.000000 0.061812 0.998088
976053511.697284 -5.818770 0.150221 0.000000 0.000000 0.000000 0.064879 0.997893
976053511.856284 -5.770840 0.156136 0.000000 0.000000 0.000000 0.061812 0.998088
976053512.365284 -5.712640 0.162962 0.000000 0.000000 0.000000 0.055677 0.998449
976053512.366284 -5.645850 0.169577 0.000000 0.000000 0.000000 0.049540 0.998772
976053512.436284 -5.648870 0.143307 0.000000 0.000000 0.000000 0.070710 0.997497
976053512.965284 -5.596230 0.151223 0.000000 0.000000 0.000000 0.067645 0.997709
976053512.966284 -5.544590 0.157144 0.000000 0.000000 0.000000 0.061512 0.998106
976053513.559284 -5.484750 0.165420 0.000000 0.000000 0.000000 0.058445 0.998291
976053513.568284 -5.420710 0.173074 0.000000 0.000000 0.000000 0.055377 0.998466
976053513.569284 -5.362670 0.178762 0.000000 0.000000 0.000000 0.049240 0.998787
976053513.646284 -5.309640 0.184474 0.000000 0.000000 0.000000 0.043101 0.999071
976053514.164284 -5.254620 0.189177 0.000000 0.000000 0.000000 0.040031 0.999198
976053514.165284 -5.193190 0.193645 0.000000 0.000000 0.000000 0.033889 0.999426
976053514.246284 -5.130960 0.198709 0.000000 0.000000 0.000000 0.033889 0.999426
976053514.951284 -5.072540 0.202193 0.000000 0.000000 0.000000 0.030818 0.999525
976053514.952284 -5.017730 0.205498 0.000000 0.000000 0.000000 0.030818 0.999525
976053514.953284 -4.961510 0.208593 0.000000 0.000000 0.000000 0.027747 0.999615
976053515.661284 -4.900890 0.212465 0.000000 0.000000 0.000000 0.027747 0.999615
976053516.144284 -4.667030 0.222802 0.000000 0.000000 0.000000 0.012386 0.999923
976053516.145284 -4.624220 0.254125 0.000000 0.000000 0.000000 0.037451 0.999298
976053516.226284 -4.565550 0.258353 0.000000 0.000000 0.000000 0.031309 0.999510
976053516.765284 -4.506240 0.261809 0.000000 0.000000 0.000000 0.028238 0.999601
976053516.766284 -4.448350 0.265402 0.000000 0.000000 0.000000 0.022094 0.999756
976053516.826284 -4.390590 0.267588 0.000000 0.000000 0.000000 0.019022 0.999819
976053517.468284 -4.334230 0.269911 0.000000 0.000000 0.000000 0.015950 0.999873
976053517.470284 -4.275840 0.271325 0.000000 0.000000 0.000000 0.009805 0.999952
976053517.696284 -4.156870 0.274649 0.000000 0.000000 0.000000 0.012878 0.999917
976053518.188284 -4.097070 0.275925 0.000000 0.000000 0.000000 0.012878 0.999917
976053518.207284 -4.040710 0.278248 0.000000 0.000000 0.000000 0.012878 0.999917
976053518.226284 -3.983730 0.279798 0.000000 0.000000 0.000000 0.009805 0.999952
976053518.869284 -3.922510 0.280937 0.000000 0.000000 0.000000 0.006732 0.999977
976053518.870284 -3.862710 0.282213 0.000000 0.000000 0.000000 0.006732 0.999977
976053518.871284 -3.806500 0.283129 0.000000 0.000000 0.000000 0.006732 0.999977
976053519.964284 -3.751690 0.284181 0.000000 0.000000 0.000000 0.006732 0.999977
976053520.239284 -3.519860 0.321694 0.000000 0.000000 0.000000 0.033628 0.999434
976053520.240284 -3.463860 0.324564 0.000000 0.000000 0.000000 0.015196 0.999885
976053520.241284 -3.407950 0.324606 0.000000 0.000000 0.000000 -0.009385 0.999956
976053520.436284 -3.352840 0.322554 0.000000 0.000000 0.000000 -0.037032 0.999314
976053520.933284 -3.292170 0.317465 0.000000 0.000000 0.000000 -0.043172 0.999068
976053520.935284 -3.231510 0.312377 0.000000 0.000000 0.000000 -0.040102 0.999196
976053521.286284 -3.174350 0.308126 0.000000 0.000000 0.000000 -0.046242 0.998930
976053521.592284 -3.117250 0.302463 0.000000 0.000000 0.000000 -0.049311 0.998783
976053521.646284 -3.058730 0.296746 0.000000 0.000000 0.000000 -0.055448 0.998462
976053521.648284 -3.000270 0.289617 0.000000 0.000000 0.000000 -0.061583 0.998102
976053521.836284 -2.941800 0.282488 0.000000 0.000000 0.000000 -0.064649 0.997908
976053522.246284 -2.884750 0.275410 0.000000 0.000000 0.000000 -0.070781 0.997492
976053522.266284 -2.828480 0.266239 0.000000 0.000000 0.000000 -0.073846 0.997270
976053522.534284 -2.771480 0.257749 0.000000 0.000000 0.000000 -0.076910 0.997038
976053522.968284 -2.711660 0.249155 0.000000 0.000000 0.000000 -0.076910 0.997038
976053522.969284 -2.654660 0.240665 0.000000 0.000000 0.000000 -0.079973 0.996797
976053523.462284 -2.598390 0.231494 0.000000 0.000000 0.000000 -0.079973 0.996797
976053523.546284 -2.555530 0.263066 0.000000 0.000000 0.000000 -0.056292 0.998414
976053523.547284 -2.494650 0.256619 0.000000 0.000000 0.000000 -0.053224 0.998583
976053523.676284 -2.435180 0.250158 0.000000 0.000000 0.000000 -0.053224 0.998583
976053524.164284 -2.377840 0.244382 0.000000 0.000000 0.000000 -0.053224 0.998583
976053524.165284 -2.321920 0.238593 0.000000 0.000000 0.000000 -0.053224 0.998583
976053524.226284 -2.262450 0.232131 0.000000 0.000000 0.000000 -0.056292 0.998414
976053524.786284 -2.204400 0.225655 0.000000 0.000000 0.000000 -0.056292 0.998414
976053524.806284 -2.144930 0.219195 0.000000 0.000000 0.000000 -0.059359 0.998237
976053524.886284 -2.088990 0.211991 0.000000 0.000000 0.000000 -0.065493 0.997853
976053525.378284 -2.030210 0.203401 0.000000 0.000000 0.000000 -0.071624 0.997432
976053525.380284 -1.972150 0.195512 0.000000 0.000000 0.000000 -0.074688 0.997207
976053525.436284 -1.914060 0.186208 0.000000 0.000000 0.000000 -0.080815 0.996729
976053525.963284 -1.857400 0.176891 0.000000 0.000000 0.000000 -0.083878 0.996476
976053525.964284 -1.800730 0.167572 0.000000 0.000000 0.000000 -0.086939 0.996214
976053526.865284 -1.742630 0.156855 0.000000 0.000000 0.000000 -0.093060 0.995661
976053527.136284 -1.574440 0.131709 0.000000 0.000000 0.000000 -0.050137 0.998742
976053527.137284 -1.514830 0.125755 0.000000 0.000000 0.000000 -0.056274 0.998415
976053527.227284 -1.458030 0.119514 0.000000 0.000000 0.000000 -0.059342 0.998238
976053527.887284 -1.401870 0.112495 0.000000 0.000000 0.000000 -0.065476 0.997854
976053527.888284 -1.343520 0.104990 0.000000 0.000000 0.000000 -0.065476 0.997854
976053527.889284 -1.281580 0.097143 0.000000 0.000000 0.000000 -0.068541 0.997648
976053528.865284 -1.226040 0.089349 0.000000 0.000000 0.000000 -0.074671 0.997208
976053529.113284 -0.990369 0.051033 0.000000 0.000000 0.000000 -0.093042 0.995662
976053529.137284 -0.962771 0.045341 0.000000 0.000000 0.000000 -0.096101 0.995372
976053529.186284 -0.909129 0.035220 0.000000 0.000000 0.000000 -0.096101 0.995372
976053529.717284 -0.855485 0.025098 0.000000 0.000000 0.000000 -0.096101 0.995372
976053529.718284 -0.794665 0.014294 0.000000 0.000000 0.000000 -0.080798 0.996731
976053529.727284 -0.733357 0.005671 0.000000 0.000000 0.000000 -0.062409 0.998051
976053530.355284 -0.676559 -0.000572 0.000000 0.000000 0.000000 -0.040929 0.999162
976053530.356284 -0.620681 -0.004777 0.000000 0.000000 0.000000 -0.034788 0.999395
976053530.357284 -0.680154 0.058405 0.000000 0.000000 0.000000 -0.017274 0.999851
976053530.497284 -0.617531 0.055701 0.000000 0.000000 0.000000 -0.014202 0.999899
976053531.774284 -0.559525 0.055161 0.000000 0.000000 0.000000 -0.014202 0.999899
976053531.786284 -0.504315 0.054198 0.000000 0.000000 0.000000 -0.011129 0.999938
976053531.793284 -0.475504 0.052826 0.000000 0.000000 0.000000 -0.008057 0.999968
976053531.886284 -0.241658 0.048077 0.000000 0.000000 0.000000 -0.020347 0.999793
976053532.403284 -0.182043 0.046349 0.000000 0.000000 0.000000 -0.023418 0.999726
976053532.404284 -0.152426 0.044384 0.000000 0.000000 0.000000 -0.023418 0.999726
976053532.405284 -0.091201 0.041468 0.000000 0.000000 0.000000 -0.029562 0.999563
976053532.636284 -0.032773 0.038131 0.000000 0.000000 0.000000 -0.032633 0.999467
976053533.336284 0.024257 0.034582 0.000000 0.000000 0.000000 -0.038775 0.999248
976053533.348284 0.082897 0.029846 0.000000 0.000000 0.000000 -0.041845 0.999124
976053533.625284 0.200386 0.018977 0.000000 0.000000 0.000000 -0.051053 0.998696
976053533.626284 0.256228 0.013819 0.000000 0.000000 0.000000 -0.054122 0.998534
976053533.697284 0.315884 0.007091 0.000000 0.000000 0.000000 -0.057190 0.998363
976053534.229284 0.298229 0.036031 0.000000 0.000000 0.000000 -0.033467 0.999440
976053534.287284 0.358159 0.032511 0.000000 0.000000 0.000000 -0.036538 0.999332
976053534.288284 0.413934 0.028134 0.000000 0.000000 0.000000 -0.042679 0.999089
976053534.486284 0.470544 0.023208 0.000000 0.000000 0.000000 -0.045749 0.998953
976053534.952284 0.529375 0.018017 0.000000 0.000000 0.000000 -0.042679 0.999089
976053534.953284 0.590976 0.013398 0.000000 0.000000 0.000000 -0.042679 0.999089
976053535.473284 0.647586 0.008471 0.000000 0.000000 0.000000 -0.042679 0.999089
976053535.568284 0.685048 0.005370 0.000000 0.000000 0.000000 -0.039609 0.999215
976053535.570284 0.688653 0.005392 0.000000 0.000000 0.000000 -0.042679 0.999089
976053535.626284 0.682827 0.005634 0.000000 0.000000 0.000000 -0.042679 0.999089
976053536.134284 0.684212 0.005920 0.000000 0.000000 0.000000 -0.042679 0.999089
976053536.135284 0.684212 0.005920 0.000000 0.000000 0.000000 -0.042679 0.999089
976053536.208284 0.684212 0.005920 0.000000 0.000000 0.000000 -0.042679 0.999089
976053536.408284 0.684212 0.005920 0.000000 0.000000 0.000000 -0.042679 0.999089
976053536.616284 0.684212 0.005920 0.000000 0.000000 0.000000 -0.042679 0.999089
976053536.827284 0.684212 0.005920 0.000000 0.000000 0.000000 -0.042679 0.999089
976053537.967284 0.684212 0.005920 0.000000 0.000000 0.000000 -0.042679 0.999089
976053538.788284 0.684212 0.005920 0.000000 0.000000 0.000000 -0.042679 0.999089
976053538.808284 0.690875 0.005128 0.000000 0.000000 0.000000 -0.048818 0.998808
976053539.807284 0.713078 0.002489 0.000000 0.000000 0.000000 -0.048818 0.998808
976053540.476284 0.974518 -0.025880 0.000000 0.000000 0.000000 -0.067223 0.997738
976053540.487284 1.018380 -0.031994 0.000000 0.000000 0.000000 -0.067223 0.997738
976053540.606284 1.151050 -0.048664 0.000000 0.000000 0.000000 -0.058023 0.998315
976053540.609284 1.212390 -0.055503 0.000000 0.000000 0.000000 -0.054955 0.998489
976053540.953284 1.264010 -0.060737 0.000000 0.000000 0.000000 -0.048818 0.998808
976053541.857284 1.303860 -0.009639 0.000000 0.000000 0.000000 -0.009567 0.999954
976053542.156284 1.543170 0.007987 0.000000 0.000000 0.000000 0.042657 0.999090
976053542.157284 1.595960 0.012778 0.000000 0.000000 0.000000 0.042657 0.999090
976053542.216284 1.654590 0.017606 0.000000 0.000000 0.000000 0.039587 0.999216
976053542.815284 1.716810 0.022628 0.000000 0.000000 0.000000 0.036516 0.999333
976053542.816284 1.778520 0.026789 0.000000 0.000000 0.000000 0.033445 0.999441
976053542.817284 1.838010 0.031108 0.000000 0.000000 0.000000 0.039587 0.999216
976053543.116284 1.894400 0.036093 0.000000 0.000000 0.000000 0.039587 0.999216
976053543.543284 1.949420 0.040727 0.000000 0.000000 0.000000 0.042657 0.999090
976053543.544284 2.008560 0.046415 0.000000 0.000000 0.000000 0.045727 0.998954
976053543.647284 2.069920 0.051946 0.000000 0.000000 0.000000 0.045727 0.998954
976053544.268284 2.129050 0.057635 0.000000 0.000000 0.000000 0.039587 0.999216
976053544.280284 2.182700 0.061917 0.000000 0.000000 0.000000 0.033445 0.999441
976053544.287284 2.238940 0.064672 0.000000 0.000000 0.000000 0.027303 0.999627
976053544.696284 2.300150 0.067972 0.000000 0.000000 0.000000 0.021159 0.999776
976053544.697284 2.317870 0.109777 0.000000 0.000000 0.000000 0.057119 0.998367
976053544.917284 2.375950 0.116929 0.000000 0.000000 0.000000 0.054051 0.998538
976053545.343284 2.429580 0.121811 0.000000 0.000000 0.000000 0.044844 0.998994
976053545.345284 2.489020 0.127185 0.000000 0.000000 0.000000 0.041774 0.999127
976053545.437284 2.549800 0.133016 0.000000 0.000000 0.000000 0.035633 0.999365
976053545.968284 2.608360 0.136594 0.000000 0.000000 0.000000 0.032562 0.999470
976053545.987284 2.663790 0.140596 0.000000 0.000000 0.000000 0.029491 0.999565
976053546.877284 2.721010 0.143716 0.000000 0.000000 0.000000 0.023347 0.999727
976053547.314284 2.953940 0.153100 0.000000 0.000000 0.000000 0.011058 0.999939
976053547.326284 3.014750 0.154459 0.000000 0.000000 0.000000 0.011058 0.999939
976053547.737284 3.135040 0.156720 0.000000 0.000000 0.000000 0.011058 0.999939
976053547.738284 3.187350 0.158909 0.000000 0.000000 0.000000 0.011058 0.999939
976053547.856284 3.245930 0.160251 0.000000 0.000000 0.000000 0.004913 0.999988
976053548.341284 3.309430 0.160289 0.000000 0.000000 0.000000 0.001840 0.999998
976053548.342284 3.331550 0.175584 0.000000 0.000000 0.000000 0.022256 0.999752
976053548.447284 3.387870 0.177667 0.000000 0.000000 0.000000 0.016111 0.999870
976053549.130284 3.441970 0.179614 0.000000 0.000000 0.000000 0.009966 0.999950
976053549.142284 3.501050 0.180521 0.000000 0.000000 0.000000 0.003821 0.999993
976053549.152284 3.561060 0.181035 0.000000 0.000000 0.000000 0.003821 0.999993
976053549.227284 3.620150 0.181942 0.000000 0.000000 0.000000 -0.002325 0.999997
976053549.650284 3.678450 0.181009 0.000000 0.000000 0.000000 -0.005397 0.999985
976053549.651284 3.737140 0.180996 0.000000 0.000000 0.000000 -0.008470 0.999964
976053549.809284 3.795440 0.180063 0.000000 0.000000 0.000000 -0.002325 0.999997
976053550.300284 3.855450 0.180577 0.000000 0.000000 0.000000 0.009966 0.999950
976053550.301284 3.913090 0.183188 0.000000 0.000000 0.000000 0.019183 0.999816
976053550.409284 3.971650 0.185407 0.000000 0.000000 0.000000 0.016111 0.999870
976053550.896284 4.030200 0.187626 0.000000 0.000000 0.000000 0.016111 0.999870
976053550.897284 4.088760 0.189844 0.000000 0.000000 0.000000 0.016111 0.999870
976053551.924284 4.143780 0.191399 0.000000 0.000000 0.000000 0.016111 0.999870
976053552.257284 4.382300 0.208873 0.000000 0.000000 0.000000 0.054106 0.998535
976053552.277284 4.436010 0.215492 0.000000 0.000000 0.000000 0.051037 0.998697
976053552.278284 4.494760 0.221298 0.000000 0.000000 0.000000 0.051037 0.998697
976053552.410284 4.555730 0.227340 0.000000 0.000000 0.000000 0.044899 0.998992
976053552.887284 4.612250 0.232909 0.000000 0.000000 0.000000 0.044899 0.998992
976053552.888284 4.667490 0.237892 0.000000 0.000000 0.000000 0.038759 0.999249
976053553.949284 4.724600 0.242174 0.000000 0.000000 0.000000 0.032616 0.999468
976053554.117284 4.960430 0.253343 0.000000 0.000000 0.000000 0.011113 0.999938
976053554.118284 5.016490 0.254815 0.000000 0.000000 0.000000 0.004968 0.999988
976053554.209284 5.077580 0.255473 0.000000 0.000000 0.000000 0.004968 0.999988
976053554.718284 5.135520 0.256245 0.000000 0.000000 0.000000 0.008040 0.999968
976053554.719284 5.190290 0.257130 0.000000 0.000000 0.000000 0.008040 0.999968
976053554.789284 5.232420 0.258469 0.000000 0.000000 0.000000 0.011113 0.999938
976053555.462284 5.249510 0.258489 0.000000 0.000000 0.000000 0.020330 0.999793
976053555.463284 5.246350 0.258602 0.000000 0.000000 0.000000 0.032616 0.999468
976053555.464284 5.247640 0.259189 0.000000 0.000000 0.000000 0.038759 0.999249
976053555.550284 5.248570 0.258839 0.000000 0.000000 0.000000 0.051037 0.998697
976053556.996284 5.248570 0.258839 0.000000 0.000000 0.000000 0.081696 0.996657
976053557.183284 5.259760 0.305288 0.000000 0.000000 0.000000 0.342569 0.939493
976053557.184284 5.259760 0.305288 0.000000 0.000000 0.000000 0.393982 0.919118
976053557.229284 5.259760 0.305288 0.000000 0.000000 0.000000 0.433144 0.901325
976053557.747284 5.259760 0.305288 0.000000 0.000000 0.000000 0.468793 0.883308
976053557.767284 5.237370 0.341570 0.000000 0.000000 0.000000 0.508275 0.861195
976053557.857284 5.237750 0.342495 0.000000 0.000000 0.000000 0.549984 0.835175
976053558.419284 5.238500 0.344346 0.000000 0.000000 0.000000 0.590364 0.807137
976053558.437284 5.238880 0.345271 0.000000 0.000000 0.000000 0.607588 0.794253
976053558.438284 5.239260 0.346196 0.000000 0.000000 0.000000 0.638821 0.769355
976053558.587284 5.239480 0.349351 0.000000 0.000000 0.000000 0.675859 0.737031
976053559.342284 5.213590 0.400256 0.000000 0.000000 0.000000 0.715570 0.698541
976053559.353284 5.213420 0.402486 0.000000 0.000000 0.000000 0.738768 0.673960
976053559.744284 5.212710 0.406020 0.000000 0.000000 0.000000 0.736692 0.676229
976053559.745284 5.212090 0.420325 0.000000 0.000000 0.000000 0.730429 0.682989
976053559.746284 5.208910 0.462691 0.000000 0.000000 0.000000 0.730429 0.682989
976053559.977284 5.202690 0.539810 0.000000 0.000000 0.000000 0.732522 0.680743
976053560.417284 5.196840 0.617854 0.000000 0.000000 0.000000 0.736692 0.676229
976053560.418284 5.191740 0.673978 0.000000 0.000000 0.000000 0.734612 0.678487
976053560.473284 5.188400 0.718575 0.000000 0.000000 0.000000 0.732522 0.680743
976053560.987284 5.184730 0.767631 0.000000 0.000000 0.000000 0.736692 0.676229
976053561.789284 5.178960 0.832675 0.000000 0.000000 0.000000 0.736692 0.676229
976053561.830284 5.150730 1.119820 0.000000 0.000000 0.000000 0.740837 0.671685
976053562.226284 5.143320 1.188780 0.000000 0.000000 0.000000 0.738768 0.673960
976053562.247284 5.137890 1.249360 0.000000 0.000000 0.000000 0.738768 0.673960
976053562.430284 5.133670 1.299720 0.000000 0.000000 0.000000 0.738768 0.673960
976053562.831284 5.129280 1.352310 0.000000 0.000000 0.000000 0.734612 0.678487
976053562.833284 5.123850 1.412900 0.000000 0.000000 0.000000 0.734612 0.678487
976053563.572284 5.013370 1.391760 0.000000 0.000000 0.000000 0.776826 0.629715
976053563.942284 4.978460 1.556260 0.000000 0.000000 0.000000 0.774886 0.632101
976053563.943284 4.966240 1.615380 0.000000 0.000000 0.000000 0.772939 0.634481
976053564.975284 4.953570 1.676700 0.000000 0.000000 0.000000 0.772939 0.634481
976053565.285284 4.911090 1.902180 0.000000 0.000000 0.000000 0.769025 0.639218
976053565.353284 4.899130 1.962280 0.000000 0.000000 0.000000 0.770987 0.636851
976053565.558284 4.889040 2.017730 0.000000 0.000000 0.000000 0.769025 0.639218
976053565.559284 4.878430 2.071250 0.000000 0.000000 0.000000 0.770987 0.636851
976053565.631284 4.866920 2.129150 0.000000 0.000000 0.000000 0.770987 0.636851
976053566.140284 4.855670 2.188020 0.000000 0.000000 0.000000 0.770987 0.636851
976053566.142284 4.844870 2.244700 0.000000 0.000000 0.000000 0.770987 0.636851
976053566.233284 4.833560 2.299440 0.000000 0.000000 0.000000 0.770987 0.636851
976053566.718284 4.822760 2.356120 0.000000 0.000000 0.000000 0.770987 0.636851
976053566.719284 4.771370 2.376840 0.000000 0.000000 0.000000 0.788558 0.614961
976053566.857284 4.756980 2.434090 0.000000 0.000000 0.000000 0.788558 0.614961
976053567.312284 4.742950 2.488200 0.000000 0.000000 0.000000 0.788558 0.614961
976053567.337284 4.729120 2.543290 0.000000 0.000000 0.000000 0.788558 0.614961
976053567.431284 4.714730 2.600550 0.000000 0.000000 0.000000 0.788558 0.614961
976053567.830284 4.700340 2.657800 0.000000 0.000000 0.000000 0.790445 0.612533
976053567.857284 4.685540 2.713100 0.000000 0.000000 0.000000 0.792325 0.610100
976053568.775284 4.669970 2.769580 0.000000 0.000000 0.000000 0.792325 0.610100
976053569.788284 4.608230 2.993350 0.000000 0.000000 0.000000 0.797913 0.602773
976053569.801284 4.592240 3.047880 0.000000 0.000000 0.000000 0.797913 0.602773
976053569.917284 4.526170 3.270530 0.000000 0.000000 0.000000 0.803437 0.595390
976053570.378284 4.509410 3.326250 0.000000 0.000000 0.000000 0.801602 0.597858
976053570.379284 4.513400 3.370590 0.000000 0.000000 0.000000 0.809012 0.587792
976053570.437284 4.495620 3.427840 0.000000 0.000000 0.000000 0.807204 0.590272
976053570.838284 4.477660 3.484100 0.000000 0.000000 0.000000 0.807204 0.590272
976053570.840284 4.460920 3.536060 0.000000 0.000000 0.000000 0.803562 0.595222
976053571.673284 4.443940 3.592130 0.000000 0.000000 0.000000 0.803562 0.595222
976053571.964284 4.372880 3.816010 0.000000 0.000000 0.000000 0.810816 0.585301
976053572.575284 4.353570 3.870490 0.000000 0.000000 0.000000 0.812609 0.582809
976053572.631284 4.335850 3.922640 0.000000 0.000000 0.000000 0.816175 0.577805
976053573.159284 4.335050 3.923800 0.000000 0.000000 0.000000 0.817948 0.575292
976053573.160284 4.335050 3.923800 0.000000 0.000000 0.000000 0.821468 0.570255
976053573.233284 4.335050 3.923800 0.000000 0.000000 0.000000 0.824956 0.565196
976053573.608284 4.335050 3.923800 0.000000 0.000000 0.000000 0.836922 0.547322
976053573.667284 4.335050 3.923800 0.000000 0.000000 0.000000 0.858111 0.513464
976053573.831284 4.334250 3.924970 0.000000 0.000000 0.000000 0.882309 0.470671
976053574.192284 4.335240 3.924790 0.000000 0.000000 0.000000 0.909550 0.415595
976053574.252284 4.335240 3.924790 0.000000 0.000000 0.000000 0.928875 0.370392
976053574.432284 4.297710 3.898810 0.000000 0.000000 0.000000 0.942928 0.332998
976053574.810284 4.297710 3.898810 0.000000 0.000000 0.000000 0.958153 0.286255
976053574.831284 4.297710 3.898810 0.000000 0.000000 0.000000 0.971792 0.235839
976053575.260284 4.297710 3.898810 0.000000 0.000000 0.000000 0.981036 0.193827
976053575.261284 4.297710 3.898810 0.000000 0.000000 0.000000 0.988924 0.148421
976053575.431284 4.297710 3.898810 0.000000 0.000000 0.000000 0.995023 0.099641
976053575.966284 4.292990 3.798860 0.000000 0.000000 0.000000 0.998558 0.053676
976053576.745284 4.292990 3.798860 0.000000 0.000000 0.000000 0.999943 0.010681
976053576.999284 4.292990 3.798860 0.000000 0.000000 0.000000 -0.996681 0.081411
976053577.998284 4.291830 3.798060 0.000000 0.000000 0.000000 -0.991475 0.130295
976053578.346284 4.277490 3.740470 0.000000 0.000000 0.000000 -0.879497 0.475904
976053578.347284 4.277300 3.739490 0.000000 0.000000 0.000000 -0.855046 0.518552
976053578.508284 4.275940 3.737720 0.000000 0.000000 0.000000 -0.828529 0.559947
976053579.112284 4.275560 3.735760 0.000000 0.000000 0.000000 -0.798163 0.602441
976053579.113284 4.275560 3.735760 0.000000 0.000000 0.000000 -0.773468 0.633835
976053579.114284 4.275560 3.735760 0.000000 0.000000 0.000000 -0.750795 0.660535
976053579.347284 4.328430 3.730230 0.000000 0.000000 0.000000 -0.715280 0.698838
976053579.629284 4.328430 3.730230 0.000000 0.000000 0.000000 -0.675553 0.737311
976053579.687284 4.328430 3.730230 0.000000 0.000000 0.000000 -0.645570 0.763701
976053579.897284 4.328240 3.729250 0.000000 0.000000 0.000000 -0.612133 0.790755
976053580.372284 4.328430 3.730230 0.000000 0.000000 0.000000 -0.570008 0.821639
976053580.373284 4.328430 3.730230 0.000000 0.000000 0.000000 -0.531546 0.847029
976053580.437284 4.393150 3.742480 0.000000 0.000000 0.000000 -0.502329 0.864677
976053580.982284 4.392940 3.741500 0.000000 0.000000 0.000000 -0.459226 0.888320
976053580.984284 4.394500 3.739130 0.000000 0.000000 0.000000 -0.409416 0.912348
976053581.573284 4.397230 3.737550 0.000000 0.000000 0.000000 -0.369802 0.929111
976053581.633284 4.399770 3.734990 0.000000 0.000000 0.000000 -0.329503 0.944155
976053581.634284 4.402510 3.733400 0.000000 0.000000 0.000000 -0.282705 0.959207
976053581.635284 4.448480 3.753340 0.000000 0.000000 0.000000 -0.282353 0.959310
976053581.868284 4.452110 3.751370 0.000000 0.000000 0.000000 -0.237853 0.971301
976053582.296284 4.453790 3.749910 0.000000 0.000000 0.000000 -0.195862 0.980632
976053582.318284 4.457670 3.748910 0.000000 0.000000 0.000000 -0.150471 0.988614
976053582.333284 4.461540 3.747910 0.000000 0.000000 0.000000 -0.092530 0.995710
976053582.800284 4.462510 3.747670 0.000000 0.000000 0.000000 -0.046554 0.998916
976053582.821284 4.472070 3.806590 0.000000 0.000000 0.000000 -0.007979 0.999968
976053582.967284 4.472070 3.806590 0.000000 0.000000 0.000000 0.044244 0.999021
976053583.491284 4.472070 3.806590 0.000000 0.000000 0.000000 0.105517 0.994418
976053583.492284 4.472070 3.806590 0.000000 0.000000 0.000000 0.129927 0.991524
976053583.493284 4.472070 3.806590 0.000000 0.000000 0.000000 0.148185 0.988960
976053583.717284 4.472070 3.806590 0.000000 0.000000 0.000000 0.145145 0.989410
976053584.135284 4.472070 3.806590 0.000000 0.000000 0.000000 0.139062 0.990284
976053584.136284 4.472070 3.806590 0.000000 0.000000 0.000000 0.126880 0.991918
976053584.213284 4.472070 3.806590 0.000000 0.000000 0.000000 0.102461 0.994737
976053584.842284 4.473270 3.807340 0.000000 0.000000 0.000000 0.090227 0.995921
976053584.843284 4.473270 3.807340 0.000000 0.000000 0.000000 0.065720 0.997838
976053584.844284 4.466070 3.829440 0.000000 0.000000 0.000000 0.074537 0.997218
976053584.933284 4.464930 3.828600 0.000000 0.000000 0.000000 0.031582 0.999501
976053585.526284 4.464930 3.828600 0.000000 0.000000 0.000000 0.003933 0.999992
976053585.527284 4.467050 3.829290 0.000000 0.000000 0.000000 -0.026791 0.999641
976053585.528284 4.468040 3.829140 0.000000 0.000000 0.000000 -0.054423 0.998518
976053585.693284 4.468040 3.829140 0.000000 0.000000 0.000000 -0.075886 0.997117
976053586.875284 4.467050 3.829290 0.000000 0.000000 0.000000 -0.097314 0.995254
976053587.273284 4.472210 3.780000 0.000000 0.000000 0.000000 -0.216312 0.976324
976053587.275284 4.471220 3.780150 0.000000 0.000000 0.000000 -0.246205 0.969218
976053587.276284 4.472210 3.780000 0.000000 0.000000 0.000000 -0.264031 0.964514
976053587.497284 4.474040 3.778720 0.000000 0.000000 0.000000 -0.287659 0.957733
976053587.937284 4.476720 3.776310 0.000000 0.000000 0.000000 -0.322770 0.946477
976053587.938284 4.479390 3.773890 0.000000 0.000000 0.000000 -0.357442 0.933935
976053588.139284 4.482070 3.771480 0.000000 0.000000 0.000000 -0.383130 0.923694
976053588.655284 4.483900 3.770200 0.000000 0.000000 0.000000 -0.402908 0.915240
976053588.656284 4.475660 3.735450 0.000000 0.000000 0.000000 -0.417394 0.908726
976053588.657284 4.476530 3.734340 0.000000 0.000000 0.000000 -0.447865 0.894101
976053588.848284 4.478290 3.732120 0.000000 0.000000 0.000000 -0.475123 0.879920
976053589.349284 4.479170 3.731010 0.000000 0.000000 0.000000 -0.496607 0.867976
976053589.351284 4.479050 3.730020 0.000000 0.000000 0.000000 -0.517794 0.855506
976053589.414284 4.480040 3.729900 0.000000 0.000000 0.000000 -0.548977 0.835837
976053589.932284 4.480040 3.729900 0.000000 0.000000 0.000000 -0.576910 0.816808
976053589.948284 4.479050 3.730020 0.000000 0.000000 0.000000 -0.596814 0.802379
976053590.137284 4.479280 3.732000 0.000000 0.000000 0.000000 -0.621182 0.783666
976053590.655284 4.425360 3.693070 0.000000 0.000000 0.000000 -0.630642 0.776074
976053590.656284 4.428770 3.676660 0.000000 0.000000 0.000000 -0.644845 0.764314
976053590.657284 4.434730 3.634880 0.000000 0.000000 0.000000 -0.665732 0.746191
976053590.877284 4.443350 3.558680 0.000000 0.000000 0.000000 -0.670305 0.742086
976053591.218284 4.451870 3.481480 0.000000 0.000000 0.000000 -0.665732 0.746191
976053591.238284 4.458650 3.427560 0.000000 0.000000 0.000000 -0.668020 0.744143
976053591.497284 4.463420 3.383890 0.000000 0.000000 0.000000 -0.672580 0.740024
976053591.969284 4.468410 3.332160 0.000000 0.000000 0.000000 -0.668020 0.744143
976053591.970284 4.476710 3.263020 0.000000 0.000000 0.000000 -0.670305 0.742086
976053592.140284 4.483420 3.198060 0.000000 0.000000 0.000000 -0.670305 0.742086
976053592.486284 4.488910 3.141250 0.000000 0.000000 0.000000 -0.674853 0.737953
976053592.959284 4.494090 3.091510 0.000000 0.000000 0.000000 -0.677115 0.735877
976053592.988284 4.498690 3.035800 0.000000 0.000000 0.000000 -0.681624 0.731703
976053592.989284 4.503590 2.973020 0.000000 0.000000 0.000000 -0.683871 0.729603
976053593.133284 4.507510 2.910340 0.000000 0.000000 0.000000 -0.688341 0.725387
976053593.535284 4.510110 2.854830 0.000000 0.000000 0.000000 -0.692786 0.721143
976053593.536284 4.512910 2.801300 0.000000 0.000000 0.000000 -0.695000 0.719010
976053593.668284 4.514230 2.742890 0.000000 0.000000 0.000000 -0.697204 0.716873
976053594.721284 4.516250 2.681400 0.000000 0.000000 0.000000 -0.701596 0.712575
976053594.980284 4.525860 2.703730 0.000000 0.000000 0.000000 -0.673194 0.739466
976053595.332284 4.551050 2.414370 0.000000 0.000000 0.000000 -0.679983 0.733228
976053595.333284 4.555310 2.358310 0.000000 0.000000 0.000000 -0.679983 0.733228
976053595.413284 4.560540 2.299240 0.000000 0.000000 0.000000 -0.679983 0.733228
976053595.883284 4.564740 2.239180 0.000000 0.000000 0.000000 -0.684476 0.729035
976053595.908284 4.568990 2.182120 0.000000 0.000000 0.000000 -0.686715 0.726927
976053596.678284 4.572210 2.123070 0.000000 0.000000 0.000000 -0.688943 0.724815
976053597.177284 4.582160 1.890920 0.000000 0.000000 0.000000 -0.699998 0.714145
976053597.198284 4.583360 1.830900 0.000000 0.000000 0.000000 -0.704373 0.709830
976053597.214284 4.584600 1.772870 0.000000 0.000000 0.000000 -0.704373 0.709830
976053597.932284 4.584820 1.713870 0.000000 0.000000 0.000000 -0.708722 0.705488
976053597.933284 4.592290 1.734230 0.000000 0.000000 0.000000 -0.695866 0.718172
976053597.934284 4.594300 1.677260 0.000000 0.000000 0.000000 -0.695866 0.718172
976053598.136284 4.596450 1.616300 0.000000 0.000000 0.000000 -0.693654 0.720308
976053598.488284 4.599530 1.557370 0.000000 0.000000 0.000000 -0.693654 0.720308
976053598.508284 4.602570 1.499440 0.000000 0.000000 0.000000 -0.693654 0.720308
976053598.614284 4.604540 1.443480 0.000000 0.000000 0.000000 -0.693654 0.720308
976053599.149284 4.607590 1.385550 0.000000 0.000000 0.000000 -0.693654 0.720308
976053599.151284 4.609700 1.325590 0.000000 0.000000 0.000000 -0.693654 0.720308
976053599.216284 4.612740 1.267660 0.000000 0.000000 0.000000 -0.693654 0.720308
976053599.774284 4.614710 1.211690 0.000000 0.000000 0.000000 -0.695866 0.718172
976053599.776284 4.616830 1.151730 0.000000 0.000000 0.000000 -0.695866 0.718172
976053599.838284 4.618940 1.091770 0.000000 0.000000 0.000000 -0.694540 0.719454
976053600.392284 4.620020 1.032770 0.000000 0.000000 0.000000 -0.696745 0.717319
976053600.393284 4.621890 0.979801 0.000000 0.000000 0.000000 -0.698948 0.715173
976053600.413284 4.622040 0.918769 0.000000 0.000000 0.000000 -0.703329 0.710864
976053601.709284 4.622220 0.856737 0.000000 0.000000 0.000000 -0.705512 0.708698
976053601.844284 4.622230 0.799702 0.000000 0.000000 0.000000 -0.707684 0.706529
976053601.854284 4.622170 0.744665 0.000000 0.000000 0.000000 -0.712012 0.702167
976053601.858284 4.670920 0.550332 0.000000 0.000000 0.000000 -0.716171 0.697925
976053602.262284 4.669640 0.505173 0.000000 0.000000 0.000000 -0.718310 0.695723
976053602.288284 4.668790 0.486087 0.000000 0.000000 0.000000 -0.718310 0.695723
976053602.438284 4.668610 0.489082 0.000000 0.000000 0.000000 -0.720446 0.693511
976053602.940284 4.668610 0.489082 0.000000 0.000000 0.000000 -0.720446 0.693511
976053602.942284 4.668610 0.489082 0.000000 0.000000 0.000000 -0.718310 0.695723
976053603.147284 4.668610 0.489082 0.000000 0.000000 0.000000 -0.714021 0.700124
976053603.487284 4.668610 0.489082 0.000000 0.000000 0.000000 -0.707536 0.706678
976053603.508284 4.668550 0.490080 0.000000 0.000000 0.000000 -0.692173 0.721732
976053603.614284 4.668490 0.491078 0.000000 0.000000 0.000000 -0.673316 0.739355
976053604.263284 4.668550 0.490080 0.000000 0.000000 0.000000 -0.638536 0.769592
976053604.264284 4.670850 0.485209 0.000000 0.000000 0.000000 -0.572564 0.819860
976053604.265284 4.670850 0.485209 0.000000 0.000000 0.000000 -0.526365 0.850259
976053604.415284 4.689370 0.456296 0.000000 0.000000 0.000000 -0.520029 0.854149
976053604.950284 4.688330 0.457257 0.000000 0.000000 0.000000 -0.482814 0.875723
976053604.951284 4.686220 0.460178 0.000000 0.000000 0.000000 -0.425341 0.905033
976053605.679284 4.685180 0.461139 0.000000 0.000000 0.000000 -0.386026 0.922488
976053606.137284 4.715630 0.498995 0.000000 0.000000 0.000000 -0.224124 0.974561
976053606.139284 4.717650 0.498028 0.000000 0.000000 0.000000 -0.169906 0.985460
976053606.238284 4.721670 0.497093 0.000000 0.000000 0.000000 -0.118220 0.992987
976053606.710284 4.723670 0.497125 0.000000 0.000000 0.000000 -0.099894 0.994998
976053606.711284 4.724670 0.497141 0.000000 0.000000 0.000000 -0.066212 0.997806
976053606.808284 4.698570 0.537896 0.000000 0.000000 0.000000 -0.012342 0.999924
976053607.458284 4.702560 0.538024 0.000000 0.000000 0.000000 0.046024 0.998940
976053607.459284 4.705560 0.538119 0.000000 0.000000 0.000000 0.095061 0.995471
976053607.460284 4.707560 0.538183 0.000000 0.000000 0.000000 0.134739 0.990881
976053607.515284 4.710530 0.539278 0.000000 0.000000 0.000000 0.180251 0.983621
976053608.734284 4.713500 0.540373 0.000000 0.000000 0.000000 0.231364 0.972867
976053608.983284 4.713630 0.601164 0.000000 0.000000 0.000000 0.251477 0.967863
976053608.993284 4.715640 0.602138 0.000000 0.000000 0.000000 0.286986 0.957935
976053609.439284 4.698020 0.644589 0.000000 0.000000 0.000000 0.487610 0.873062
976053609.441284 4.698020 0.644589 0.000000 0.000000 0.000000 0.529927 0.848043
976053609.442284 4.698020 0.645589 0.000000 0.000000 0.000000 0.575998 0.817451
976053609.558284 4.698020 0.645589 0.000000 0.000000 0.000000 0.598382 0.801211
976053610.376284 4.698020 0.644589 0.000000 0.000000 0.000000 0.632282 0.774738
976053610.610284 4.698020 0.643589 0.000000 0.000000 0.000000 0.660414 0.750902
976053610.611284 4.698020 0.644589 0.000000 0.000000 0.000000 0.696519 0.717538
976053610.612284 4.640280 0.657111 0.000000 0.000000 0.000000 0.726596 0.687065
976053610.613284 4.640280 0.657111 0.000000 0.000000 0.000000 0.757480 0.652858
976053610.675284 4.640330 0.659110 0.000000 0.000000 0.000000 0.784857 0.619677
976053611.205284 4.639400 0.662135 0.000000 0.000000 0.000000 0.810781 0.585350
976053611.207284 4.638430 0.663159 0.000000 0.000000 0.000000 0.838566 0.544801
976053611.278284 4.638450 0.664159 0.000000 0.000000 0.000000 0.850089 0.526638
976053611.861284 4.666090 0.682878 0.000000 0.000000 0.000000 0.879840 0.475270
976053611.862284 4.666090 0.682878 0.000000 0.000000 0.000000 0.898118 0.439755
976053611.863284 4.666090 0.682878 0.000000 0.000000 0.000000 0.919855 0.392259
976053611.996284 4.666090 0.682878 0.000000 0.000000 0.000000 0.941175 0.337920
976053612.536284 4.666090 0.682878 0.000000 0.000000 0.000000 0.954837 0.297131
976053612.537284 4.666090 0.682878 0.000000 0.000000 0.000000 0.959289 0.282425
976053612.558284 4.610750 0.624501 0.000000 0.000000 0.000000 0.967549 0.252682
976053612.758284 4.610750 0.624501 0.000000 0.000000 0.000000 0.980645 0.195793
976053613.153284 4.612730 0.623468 0.000000 0.000000 0.000000 0.989082 0.147368
976053613.155284 4.614720 0.622434 0.000000 0.000000 0.000000 0.994504 0.104694
976053613.368284 4.616720 0.622401 0.000000 0.000000 0.000000 0.998448 0.055692
976053613.776284 4.617720 0.622384 0.000000 0.000000 0.000000 0.999876 0.015776
976053613.777284 4.618280 0.587255 0.000000 0.000000 0.000000 -0.999504 0.031486
976053613.958284 4.617280 0.587275 0.000000 0.000000 0.000000 -0.996992 0.077504
976053614.475284 4.616280 0.587296 0.000000 0.000000 0.000000 -0.992736 0.120309
976053614.476284 4.617280 0.587275 0.000000 0.000000 0.000000 -0.984567 0.175005
976053614.558284 4.617280 0.587275 0.000000 0.000000 0.000000 -0.975459 0.220182
976053615.927284 4.618280 0.587255 0.000000 0.000000 0.000000 -0.967460 0.253026
976053615.939284 4.636780 0.542541 0.000000 0.000000 0.000000 -0.954421 0.298463
976053616.207284 4.638840 0.544479 0.000000 0.000000 0.000000 -0.854696 0.519129
976053616.228284 4.684130 0.495197 0.000000 0.000000 0.000000 -0.843835 0.536603
976053616.356284 4.684260 0.497193 0.000000 0.000000 0.000000 -0.816444 0.577425
976053616.950284 4.685320 0.498128 0.000000 0.000000 0.000000 -0.787083 0.616848
976053616.951284 4.685320 0.498128 0.000000 0.000000 0.000000 -0.761818 0.647791
976053616.955284 4.685320 0.498128 0.000000 0.000000 0.000000 -0.731163 0.682203
976053617.488284 4.685260 0.497130 0.000000 0.000000 0.000000 -0.698075 0.716025
976053617.508284 4.707790 0.488581 0.000000 0.000000 0.000000 -0.658008 0.753011
976053617.568284 4.708590 0.485523 0.000000 0.000000 0.000000 -0.627408 0.778691
976053618.161284 4.708530 0.484525 0.000000 0.000000 0.000000 -0.598278 0.801289
976053618.162284 4.709400 0.482464 0.000000 0.000000 0.000000 -0.555621 0.831436
976053618.163284 4.711140 0.478344 0.000000 0.000000 0.000000 -0.508808 0.860880
976053618.378284 4.712000 0.476283 0.000000 0.000000 0.000000 -0.468604 0.883408
976053618.856284 4.745600 0.497186 0.000000 0.000000 0.000000 -0.440169 0.897915
976053618.878284 4.745530 0.496188 0.000000 0.000000 0.000000 -0.395510 0.918462
976053618.956284 4.745600 0.497186 0.000000 0.000000 0.000000 -0.341244 0.939975
976053619.497284 4.745600 0.497186 0.000000 0.000000 0.000000 -0.297573 0.954699
976053619.518284 4.745600 0.497186 0.000000 0.000000 0.000000 -0.253269 0.967396
976053619.568284 4.745600 0.497186 0.000000 0.000000 0.000000 -0.208427 0.978038
976053620.127284 4.776350 0.524514 0.000000 0.000000 0.000000 -0.182848 0.983141
976053620.128284 4.778340 0.524334 0.000000 0.000000 0.000000 -0.179827 0.983698
976053620.208284 4.781240 0.523068 0.000000 0.000000 0.000000 -0.185869 0.982575
976053621.108284 4.794820 0.517826 0.000000 0.000000 0.000000 -0.191904 0.981414
976053621.330284 4.831590 0.502460 0.000000 0.000000 0.000000 -0.197931 0.980216
976053621.358284 4.905210 0.472723 0.000000 0.000000 0.000000 -0.191904 0.981414
976053621.359284 4.979830 0.442897 0.000000 0.000000 0.000000 -0.188887 0.981999
976053621.360284 5.032180 0.422108 0.000000 0.000000 0.000000 -0.191904 0.981414
976053621.362284 5.070850 0.405566 0.000000 0.000000 0.000000 -0.203951 0.978981
976053621.558284 5.115400 0.387489 0.000000 0.000000 0.000000 -0.200942 0.979603
976053622.116284 5.179250 0.360643 0.000000 0.000000 0.000000 -0.200942 0.979603
976053622.117284 5.244090 0.333707 0.000000 0.000000 0.000000 -0.197931 0.980216
976053622.198284 5.298250 0.310747 0.000000 0.000000 0.000000 -0.197931 0.980216
976053622.736284 5.341810 0.292760 0.000000 0.000000 0.000000 -0.194918 0.980820
976053622.738284 5.388260 0.273507 0.000000 0.000000 0.000000 -0.194918 0.980820
976053622.758284 5.448310 0.249012 0.000000 0.000000 0.000000 -0.194918 0.980820
976053623.845284 5.511250 0.223251 0.000000 0.000000 0.000000 -0.191904 0.981414
976053624.285284 5.767010 0.296664 0.000000 0.000000 0.000000 -0.102259 0.994758
976053624.286284 5.823020 0.286054 0.000000 0.000000 0.000000 -0.102259 0.994758
976053624.357284 5.870980 0.275809 0.000000 0.000000 0.000000 -0.108371 0.994111
976053624.947284 5.925080 0.264044 0.000000 0.000000 0.000000 -0.114478 0.993426
976053624.968284 5.989460 0.249081 0.000000 0.000000 0.000000 -0.117530 0.993069
976053624.969284 6.048780 0.234721 0.000000 0.000000 0.000000 -0.123630 0.992328
976053625.156284 6.102040 0.220883 0.000000 0.000000 0.000000 -0.126679 0.991944
976053625.699284 6.153230 0.207884 0.000000 0.000000 0.000000 -0.135817 0.990734
976053625.700284 6.210710 0.191372 0.000000 0.000000 0.000000 -0.138861 0.990312
976053625.788284 6.270190 0.175017 0.000000 0.000000 0.000000 -0.141903 0.989881
976053626.338284 6.328750 0.157587 0.000000 0.000000 0.000000 -0.144945 0.989440
976053626.339284 6.382160 0.141755 0.000000 0.000000 0.000000 -0.147984 0.988990
976053626.356284 6.434580 0.125845 0.000000 0.000000 0.000000 -0.147984 0.988990
976053627.430284 6.490070 0.109175 0.000000 0.000000 0.000000 -0.151022 0.988530
976053627.651284 6.548710 0.090747 0.000000 0.000000 0.000000 -0.151022 0.988530
976053627.661284 6.604200 0.074077 0.000000 0.000000 0.000000 -0.151022 0.988530
976053627.758284 6.712110 0.041496 0.000000 0.000000 0.000000 -0.151022 0.988530
976053627.759284 6.719940 0.041850 0.000000 0.000000 0.000000 -0.121671 0.992570
976053627.762284 6.778350 0.027421 0.000000 0.000000 0.000000 -0.121671 0.992570
976053628.315284 6.834640 0.013720 0.000000 0.000000 0.000000 -0.121671 0.992570
976053628.338284 6.887830 0.000615 0.000000 0.000000 0.000000 -0.124721 0.992192
976053628.356284 6.919150 -0.007327 0.000000 0.000000 0.000000 -0.124721 0.992192
976053628.917284 6.926490 -0.009379 0.000000 0.000000 0.000000 -0.124721 0.992192
976053628.938284 6.924370 -0.008651 0.000000 0.000000 0.000000 -0.124721 0.992192
976053628.957284 6.925370 -0.008519 0.000000 0.000000 0.000000 -0.127769 0.991804
976053629.652284 6.925370 -0.008519 0.000000 0.000000 0.000000 -0.130816 0.991407
976053629.654284 6.925370 -0.008519 0.000000 0.000000 0.000000 -0.139949 0.990159
976053629.655284 6.923380 -0.008783 0.000000 0.000000 0.000000 -0.161213 0.986920
976053629.778284 6.922260 -0.007923 0.000000 0.000000 0.000000 -0.182402 0.983224
976053630.398284 6.924370 -0.008651 0.000000 0.000000 0.000000 -0.209520 0.977804
976053630.418284 6.924370 -0.008651 0.000000 0.000000 0.000000 -0.233491 0.972359
976053630.419284 6.925500 -0.009511 0.000000 0.000000 0.000000 -0.266217 0.963913
976053630.557284 6.926490 -0.009379 0.000000 0.000000 0.000000 -0.307424 0.951573
976053631.528284 6.926620 -0.010370 0.000000 0.000000 0.000000 -0.342295 0.939593
976053631.726284 6.926620 -0.010370 0.000000 0.000000 0.000000 -0.368145 0.929768
976053631.748284 6.960620 -0.009759 0.000000 0.000000 0.000000 -0.361937 0.932203
976053631.749284 6.960620 -0.009759 0.000000 0.000000 0.000000 -0.393233 0.919439
976053631.750284 6.960430 -0.008778 0.000000 0.000000 0.000000 -0.421295 0.906924
976053631.751284 6.960430 -0.008778 0.000000 0.000000 0.000000 -0.443460 0.896294
976053631.968284 6.960430 -0.008778 0.000000 0.000000 0.000000 -0.462634 0.886549
976053632.380284 6.959250 -0.007991 0.000000 0.000000 0.000000 -0.486972 0.873417
976053632.405284 6.958870 -0.006028 0.000000 0.000000 0.000000 -0.513574 0.858045
976053632.548284 6.957500 -0.004259 0.000000 0.000000 0.000000 -0.537104 0.843516
976053633.146284 6.957300 -0.003278 0.000000 0.000000 0.000000 -0.550001 0.835164
976053633.147284 6.955940 -0.001510 0.000000 0.000000 0.000000 -0.570365 0.821391
976053633.148284 6.917760 -0.066206 0.000000 0.000000 0.000000 -0.584404 0.811463
976053633.223284 6.917330 -0.064252 0.000000 0.000000 0.000000 -0.611492 0.791251
976053633.882284 6.919050 -0.072067 0.000000 0.000000 0.000000 -0.629326 0.777142
976053633.883284 6.924490 -0.101586 0.000000 0.000000 0.000000 -0.650574 0.759443
976053633.885284 6.931460 -0.161481 0.000000 0.000000 0.000000 -0.666758 0.745274
976053633.978284 6.940540 -0.240364 0.000000 0.000000 0.000000 -0.664463 0.747321
976053634.448284 6.948040 -0.307310 0.000000 0.000000 0.000000 -0.662166 0.749358
976053634.449284 6.951860 -0.334113 0.000000 0.000000 0.000000 -0.662166 0.749358
976053634.537284 6.956810 -0.380118 0.000000 0.000000 0.000000 -0.666758 0.745274
976053635.235284 6.961980 -0.427100 0.000000 0.000000 0.000000 -0.669043 0.743224
976053635.251284 6.968190 -0.488185 0.000000 0.000000 0.000000 -0.671325 0.741163
976053635.518284 6.980040 -0.621743 0.000000 0.000000 0.000000 -0.678126 0.734946
976053635.538284 6.981690 -0.647997 0.000000 0.000000 0.000000 -0.678126 0.734946
976053635.658284 6.985670 -0.694216 0.000000 0.000000 0.000000 -0.680383 0.732857
976053636.112284 6.989190 -0.747700 0.000000 0.000000 0.000000 -0.684873 0.728662
976053636.139284 6.992560 -0.814525 0.000000 0.000000 0.000000 -0.687111 0.726553
976053636.278284 6.996700 -0.880160 0.000000 0.000000 0.000000 -0.689338 0.724440
976053636.809284 6.998700 -0.936026 0.000000 0.000000 0.000000 -0.693777 0.720190
976053636.810284 6.999960 -0.983863 0.000000 0.000000 0.000000 -0.693777 0.720190
976053636.811284 7.002170 -1.040710 0.000000 0.000000 0.000000 -0.695988 0.718053
976053636.999284 7.003920 -1.104810 0.000000 0.000000 0.000000 -0.700387 0.713763
976053637.368284 7.008300 -1.068780 0.000000 0.000000 0.000000 -0.680903 0.732374
976053637.377284 7.012080 -1.123760 0.000000 0.000000 0.000000 -0.683148 0.730280
976053637.897284 7.015050 -1.175850 0.000000 0.000000 0.000000 -0.685391 0.728176
976053637.898284 7.017690 -1.234250 0.000000 0.000000 0.000000 -0.687623 0.726068
976053637.945284 7.019900 -1.264770 0.000000 0.000000 0.000000 -0.687623 0.726068
976053638.455284 7.022640 -1.327290 0.000000 0.000000 0.000000 -0.689852 0.723950
976053639.640284 7.025020 -1.384730 0.000000 0.000000 0.000000 -0.692072 0.721829
976053639.718284 7.036040 -1.676320 0.000000 0.000000 0.000000 -0.696494 0.717563
976053639.719284 7.036390 -1.730170 0.000000 0.000000 0.000000 -0.698697 0.715417
976053640.220284 7.037320 -1.936360 0.000000 0.000000 0.000000 -0.709607 0.704598
976053640.485284 7.036540 -1.993640 0.000000 0.000000 0.000000 -0.713923 0.700224
976053640.618284 7.035490 -2.049950 0.000000 0.000000 0.000000 -0.716069 0.698029
976053641.528284 7.073160 -2.074890 0.000000 0.000000 0.000000 -0.694651 0.719347
976053641.541284 7.074050 -2.134020 0.000000 0.000000 0.000000 -0.699059 0.715064
976053641.601284 7.076450 -2.251000 0.000000 0.000000 0.000000 -0.699059 0.715064
976053641.698284 7.077090 -2.282610 0.000000 0.000000 0.000000 -0.696860 0.717207
976053642.132284 7.077160 -2.285770 0.000000 0.000000 0.000000 -0.696860 0.717207
976053642.133284 7.076890 -2.287990 0.000000 0.000000 0.000000 -0.696860 0.717207
976053642.326284 7.076890 -2.287990 0.000000 0.000000 0.000000 -0.696860 0.717207
976053642.855284 7.076890 -2.287990 0.000000 0.000000 0.000000 -0.696860 0.717207
976053642.879284 7.076890 -2.287990 0.000000 0.000000 0.000000 -0.696860 0.717207
976053642.880284 7.076890 -2.287990 0.000000 0.000000 0.000000 -0.696860 0.717207
976053643.126284 7.076890 -2.287990 0.000000 0.000000 0.000000 -0.696860 0.717207
976053643.248284 7.076890 -2.287990 0.000000 0.000000 0.000000 -0.696860 0.717207
976053643.472284 7.076890 -2.287990 0.000000 0.000000 0.000000 -0.696860 0.717207
976053643.718284 7.076890 -2.287990 0.000000 0.000000 0.000000 -0.699059 0.715064
976053643.848284 7.077220 -2.288940 0.000000 0.000000 0.000000 -0.705622 0.708589
976053644.288284 7.076950 -2.291160 0.000000 0.000000 0.000000 -0.712125 0.702053
976053644.603284 7.076890 -2.287990 0.000000 0.000000 0.000000 -0.747808 0.663915
976053644.618284 7.077490 -2.286720 0.000000 0.000000 0.000000 -0.763903 0.645331
976053644.878284 7.077830 -2.287660 0.000000 0.000000 0.000000 -0.785275 0.619147
976053645.181284 7.076610 -2.290210 0.000000 0.000000 0.000000 -0.811173 0.584806
976053645.322284 7.076010 -2.291490 0.000000 0.000000 0.000000 -0.827034 0.562153
976053645.429284 7.076340 -2.292430 0.000000 0.000000 0.000000 -0.838933 0.544234
976053645.784284 7.075400 -2.292770 0.000000 0.000000 0.000000 -0.855259 0.518201
976053645.888284 7.032580 -2.279530 0.000000 0.000000 0.000000 -0.847411 0.530937
976053646.463284 7.031670 -2.279940 0.000000 0.000000 0.000000 -0.864869 0.501997
976053646.489284 7.031670 -2.279940 0.000000 0.000000 0.000000 -0.881340 0.472483
976053646.490284 7.032580 -2.279530 0.000000 0.000000 0.000000 -0.895441 0.445181
976053646.719284 7.033090 -2.278210 0.000000 0.000000 0.000000 -0.904809 0.425819
976053647.112284 7.032580 -2.279530 0.000000 0.000000 0.000000 -0.915001 0.403452
976053647.113284 7.031670 -2.279940 0.000000 0.000000 0.000000 -0.928112 0.372300
976053647.309284 7.030760 -2.280350 0.000000 0.000000 0.000000 -0.936982 0.349377
976053647.812284 7.030760 -2.280350 0.000000 0.000000 0.000000 -0.945288 0.326238
976053647.813284 7.015030 -2.254420 0.000000 0.000000 0.000000 -0.953035 0.302859
976053647.819284 7.015030 -2.254420 0.000000 0.000000 0.000000 -0.960192 0.279340
976053648.373284 7.016850 -2.253600 0.000000 0.000000 0.000000 -0.968321 0.249711
976053648.374284 7.018670 -2.252770 0.000000 0.000000 0.000000 -0.976206 0.216845
976053648.430284 7.018670 -2.252770 0.000000 0.000000 0.000000 -0.981829 0.189768
976053648.989284 7.019580 -2.252350 0.000000 0.000000 0.000000 -0.986197 0.165575
976053649.292284 7.019580 -2.252350 0.000000 0.000000 0.000000 -0.989969 0.141287
976053649.309284 7.019580 -2.252350 0.000000 0.000000 0.000000 -0.994178 0.107752
976053649.814284 6.990110 -2.231110 0.000000 0.000000 0.000000 -0.998993 0.044871
976053649.815284 6.990110 -2.231110 0.000000 0.000000 0.000000 -0.999939 0.011086
976053649.819284 6.990110 -2.231110 0.000000 0.000000 0.000000 0.999807 0.019640
976053650.208284 6.990110 -2.231110 0.000000 0.000000 0.000000 0.999275 0.038067
976053650.327284 6.990110 -2.231110 0.000000 0.000000 0.000000 0.997634 0.068752
976053650.439284 6.990110 -2.231110 0.000000 0.000000 0.000000 0.993755 0.111588
976053650.839284 6.990110 -2.231110 0.000000 0.000000 0.000000 0.988965 0.148149
976053650.840284 6.990110 -2.231110 0.000000 0.000000 0.000000 0.983947 0.178460
976053651.197284 6.999470 -2.183370 0.000000 0.000000 0.000000 0.979411 0.201874
976053651.459284 6.999470 -2.183370 0.000000 0.000000 0.000000 0.973455 0.228879
976053651.460284 6.999470 -2.183370 0.000000 0.000000 0.000000 0.967535 0.252735
976053651.699284 6.999470 -2.183370 0.000000 0.000000 0.000000 0.961030 0.276443
976053652.886284 6.999470 -2.183370 0.000000 0.000000 0.000000 0.951139 0.308762
976053652.897284 6.999470 -2.183370 0.000000 0.000000 0.000000 0.942238 0.334944
976053653.289284 7.021550 -2.181750 0.000000 0.000000 0.000000 0.889587 0.456766
976053653.524284 7.021550 -2.181750 0.000000 0.000000 0.000000 0.875135 0.483879
976053653.525284 7.020710 -2.179940 0.000000 0.000000 0.000000 0.862978 0.505241
976053653.620284 7.020710 -2.179940 0.000000 0.000000 0.000000 0.848678 0.528911
976053654.239284 7.020710 -2.179940 0.000000 0.000000 0.000000 0.835419 0.549613
976053654.241284 7.020710 -2.179940 0.000000 0.000000 0.000000 0.818141 0.575018
976053654.420284 7.020340 -2.176800 0.000000 0.000000 0.000000 0.783193 0.621778
976053654.893284 7.019500 -2.174980 0.000000 0.000000 0.000000 0.763722 0.645545
976053654.894284 7.064340 -2.132150 0.000000 0.000000 0.000000 0.751828 0.659359
976053655.206284 7.063900 -2.129020 0.000000 0.000000 0.000000 0.731217 0.682144
976053655.531284 7.063910 -2.126780 0.000000 0.000000 0.000000 0.712076 0.702103
976053655.549284 7.063470 -2.123650 0.000000 0.000000 0.000000 0.692389 0.721524
976053655.620284 7.063470 -2.121410 0.000000 0.000000 0.000000 0.669893 0.742457
976053656.220284 7.064370 -2.118730 0.000000 0.000000 0.000000 0.646769 0.762686
976053656.221284 7.064380 -2.116500 0.000000 0.000000 0.000000 0.632596 0.774482
976053656.222284 7.064380 -2.114260 0.000000 0.000000 0.000000 0.615791 0.787909
976053656.528284 7.065280 -2.111580 0.000000 0.000000 0.000000 0.588813 0.808269
976053656.835284 7.103030 -2.081410 0.000000 0.000000 0.000000 0.561659 0.827369
976053656.836284 7.104350 -2.079600 0.000000 0.000000 0.000000 0.533379 0.845876
976053657.212284 7.104790 -2.078260 0.000000 0.000000 0.000000 0.515062 0.857153
976053657.382284 7.106110 -2.076450 0.000000 0.000000 0.000000 0.491164 0.871067
976053657.459284 7.105650 -2.075560 0.000000 0.000000 0.000000 0.464172 0.885745
976053658.185284 7.106540 -2.075110 0.000000 0.000000 0.000000 0.439503 0.898241
976053658.197284 7.107860 -2.073300 0.000000 0.000000 0.000000 0.417291 0.908773
976053658.208284 7.107430 -2.074650 0.000000 0.000000 0.000000 0.392003 0.919964
976053658.648284 7.107430 -2.074650 0.000000 0.000000 0.000000 0.369272 0.929321
976053658.950284 7.127310 -2.103190 0.000000 0.000000 0.000000 0.341258 0.939970
976053658.979284 7.129090 -2.102280 0.000000 0.000000 0.000000 0.303447 0.952848
976053658.980284 7.129530 -2.100940 0.000000 0.000000 0.000000 0.268115 0.963387
976053658.981284 7.130420 -2.100490 0.000000 0.000000 0.000000 0.259222 0.965818
976053659.164284 7.131310 -2.100030 0.000000 0.000000 0.000000 0.244354 0.969686
976053659.745284 7.132200 -2.099580 0.000000 0.000000 0.000000 0.211445 0.977390
976053659.747284 7.133090 -2.099130 0.000000 0.000000 0.000000 0.178294 0.983977
976053659.920284 7.134440 -2.099570 0.000000 0.000000 0.000000 0.132768 0.991147
976053660.390284 7.133990 -2.098670 0.000000 0.000000 0.000000 0.102254 0.994758
976053660.391284 7.162490 -2.141630 0.000000 0.000000 0.000000 0.078049 0.996950
976053660.491284 7.162970 -2.142510 0.000000 0.000000 0.000000 0.053521 0.998567
976053661.482284 7.163850 -2.142030 0.000000 0.000000 0.000000 0.041244 0.999149
976053661.629284 7.165200 -2.142420 0.000000 0.000000 0.000000 0.007455 0.999972
976053661.630284 7.166960 -2.141460 0.000000 0.000000 0.000000 -0.020199 0.999796
976053661.631284 7.167440 -2.142340 0.000000 0.000000 0.000000 -0.026342 0.999653
976053661.632284 7.167440 -2.142340 0.000000 0.000000 0.000000 -0.026342 0.999653
976053661.633284 7.167440 -2.142340 0.000000 0.000000 0.000000 -0.026342 0.999653
976053661.760284 7.167440 -2.142340 0.000000 0.000000 0.000000 -0.026342 0.999653
976053662.148284 7.167440 -2.142340 0.000000 0.000000 0.000000 -0.023270 0.999729
976053662.160284 7.167440 -2.142340 0.000000 0.000000 0.000000 -0.014054 0.999901
976053662.737284 7.166960 -2.141460 0.000000 0.000000 0.000000 0.010527 0.999945
976053662.739284 7.166080 -2.141940 0.000000 0.000000 0.000000 0.038173 0.999271
976053662.759284 7.166080 -2.141940 0.000000 0.000000 0.000000 0.084174 0.996451
976053662.921284 7.192960 -2.133370 0.000000 0.000000 0.000000 0.089267 0.996008
976053663.264284 7.194260 -2.133920 0.000000 0.000000 0.000000 0.132017 0.991247
976053663.320284 7.197040 -2.132780 0.000000 0.000000 0.000000 0.165440 0.986220
976053663.808284 7.197970 -2.132400 0.000000 0.000000 0.000000 0.216708 0.976236
976053663.898284 7.199820 -2.131650 0.000000 0.000000 0.000000 0.255521 0.966803
976053663.921284 7.203140 -2.129200 0.000000 0.000000 0.000000 0.302726 0.953078
976053664.437284 7.183320 -2.103720 0.000000 0.000000 0.000000 0.346122 0.938190
976053664.438284 7.182380 -2.104070 0.000000 0.000000 0.000000 0.388981 0.921246
976053664.549284 7.182960 -2.102780 0.000000 0.000000 0.000000 0.431015 0.902345
976053664.947284 7.183900 -2.102430 0.000000 0.000000 0.000000 0.474839 0.880073
976053664.948284 7.184470 -2.101130 0.000000 0.000000 0.000000 0.509604 0.860409
976053665.169284 7.185050 -2.099840 0.000000 0.000000 0.000000 0.551274 0.834325
976053665.579284 7.142640 -2.050260 0.000000 0.000000 0.000000 0.594047 0.804431
976053665.639284 7.143460 -2.046750 0.000000 0.000000 0.000000 0.625697 0.780066
976053665.721284 7.144050 -2.045470 0.000000 0.000000 0.000000 0.632863 0.774264
976053666.230284 7.145110 -2.039730 0.000000 0.000000 0.000000 0.628093 0.778138
976053666.231284 7.150520 -2.014220 0.000000 0.000000 0.000000 0.623299 0.781983
976053666.349284 7.163570 -1.954900 0.000000 0.000000 0.000000 0.623299 0.781983
976053666.834284 7.182740 -1.871940 0.000000 0.000000 0.000000 0.623299 0.781983
976053666.835284 7.197790 -1.806530 0.000000 0.000000 0.000000 0.625697 0.780066
976053666.921284 7.208730 -1.758670 0.000000 0.000000 0.000000 0.618482 0.785799
976053667.552284 7.218020 -1.717830 0.000000 0.000000 0.000000 0.613642 0.789584
976053667.553284 7.232120 -1.661310 0.000000 0.000000 0.000000 0.613642 0.789584
976053667.554284 7.250450 -1.590410 0.000000 0.000000 0.000000 0.611211 0.791468
976053667.789284 7.264670 -1.537050 0.000000 0.000000 0.000000 0.611211 0.791468
976053668.235284 7.271130 -1.514350 0.000000 0.000000 0.000000 0.608775 0.793343
976053668.236284 7.269960 -1.516930 0.000000 0.000000 0.000000 0.606336 0.795208
976053668.359284 7.269380 -1.518210 0.000000 0.000000 0.000000 0.606336 0.795208
976053668.954284 7.269380 -1.518210 0.000000 0.000000 0.000000 0.611211 0.791468
976053668.955284 7.269380 -1.518210 0.000000 0.000000 0.000000 0.616063 0.787697
976053668.956284 7.269380 -1.518210 0.000000 0.000000 0.000000 0.628093 0.778138
976053669.179284 7.269960 -1.516930 0.000000 0.000000 0.000000 0.651701 0.758476
976053669.584284 7.269960 -1.516930 0.000000 0.000000 0.000000 0.683718 0.729747
976053669.609284 7.269500 -1.512830 0.000000 0.000000 0.000000 0.725135 0.688607
976053669.779284 7.198040 -1.540670 0.000000 0.000000 0.000000 0.757967 0.652293
976053670.254284 7.196810 -1.534720 0.000000 0.000000 0.000000 0.767899 0.640571
976053670.255284 7.191150 -1.509030 0.000000 0.000000 0.000000 0.785318 0.619092
976053670.321284 7.174860 -1.453140 0.000000 0.000000 0.000000 0.811217 0.584746
976053670.839284 7.147100 -1.375950 0.000000 0.000000 0.000000 0.816571 0.577245
976053670.840284 7.125700 -1.312390 0.000000 0.000000 0.000000 0.813008 0.582252
976053670.969284 7.109140 -1.264120 0.000000 0.000000 0.000000 0.809415 0.587237
976053671.441284 7.094750 -1.221430 0.000000 0.000000 0.000000 0.811217 0.584746
976053671.449284 7.076950 -1.167200 0.000000 0.000000 0.000000 0.805791 0.592200
976053671.521284 7.058190 -1.099400 0.000000 0.000000 0.000000 0.785318 0.619092
976053672.136284 7.045690 -1.036680 0.000000 0.000000 0.000000 0.765926 0.642929
976053672.137284 7.038040 -0.989238 0.000000 0.000000 0.000000 0.749893 0.661559
976053672.138284 6.967390 -1.004930 0.000000 0.000000 0.000000 0.789448 0.613817
976053672.369284 6.962680 -0.987851 0.000000 0.000000 0.000000 0.774121 0.633038
976053672.723284 6.963730 -0.989551 0.000000 0.000000 0.000000 0.764306 0.644853
976053672.725284 6.963410 -0.990927 0.000000 0.000000 0.000000 0.754308 0.656520
976053672.922284 6.963940 -0.991777 0.000000 0.000000 0.000000 0.735866 0.677127
976053673.391284 6.963730 -0.989551 0.000000 0.000000 0.000000 0.708239 0.705973
976053673.392284 6.963850 -0.985947 0.000000 0.000000 0.000000 0.674956 0.737858
976053673.522284 6.963650 -0.983720 0.000000 0.000000 0.000000 0.656617 0.754224
976053673.961284 6.963650 -0.983720 0.000000 0.000000 0.000000 0.644952 0.764223
976053673.989284 6.963650 -0.983720 0.000000 0.000000 0.000000 0.616343 0.787478
976053674.229284 7.003840 -0.951703 0.000000 0.000000 0.000000 0.599511 0.800367
976053674.547284 7.004940 -0.949756 0.000000 0.000000 0.000000 0.577150 0.816638
976053674.569284 7.005210 -0.948368 0.000000 0.000000 0.000000 0.561999 0.827138
976053674.809284 7.005480 -0.946980 0.000000 0.000000 0.000000 0.546651 0.837360
976053675.331284 7.009060 -0.939753 0.000000 0.000000 0.000000 0.531123 0.847295
976053675.333284 7.021430 -0.916953 0.000000 0.000000 0.000000 0.502186 0.864760
976053675.334284 7.050880 -0.865786 0.000000 0.000000 0.000000 0.486156 0.873872
976053675.549284 7.091900 -0.799589 0.000000 0.000000 0.000000 0.488840 0.872373
976053675.935284 7.126590 -0.743683 0.000000 0.000000 0.000000 0.488840 0.872373
976053675.942284 7.152190 -0.701131 0.000000 0.000000 0.000000 0.483470 0.875361
976053676.484284 7.175590 -0.662473 0.000000 0.000000 0.000000 0.483470 0.875361
976053676.509284 7.206710 -0.613794 0.000000 0.000000 0.000000 0.478081 0.878316
976053676.522284 7.243890 -0.556212 0.000000 0.000000 0.000000 0.475380 0.879781
976053677.118284 7.278870 -0.502524 0.000000 0.000000 0.000000 0.469964 0.882685
976053677.139284 7.308070 -0.459955 0.000000 0.000000 0.000000 0.469964 0.882685
976053677.140284 7.337280 -0.417387 0.000000 0.000000 0.000000 0.461808 0.886980
976053677.322284 7.369790 -0.368980 0.000000 0.000000 0.000000 0.464531 0.885557
976053677.922284 7.406150 -0.315562 0.000000 0.000000 0.000000 0.467250 0.884125
976053677.924284 7.441420 -0.264091 0.000000 0.000000 0.000000 0.467250 0.884125
976053677.925284 7.471730 -0.219576 0.000000 0.000000 0.000000 0.464531 0.885557
976053678.289284 7.501760 -0.176450 0.000000 0.000000 0.000000 0.461808 0.886980
976053678.790284 7.534830 -0.128871 0.000000 0.000000 0.000000 0.461808 0.886980
976053678.819284 7.570650 -0.078230 0.000000 0.000000 0.000000 0.456348 0.889801
976053678.820284 7.666810 -0.104966 0.000000 0.000000 0.000000 0.453612 0.891199
976053678.922284 7.699340 -0.060164 0.000000 0.000000 0.000000 0.448126 0.893970
976053679.527284 7.731590 -0.016750 0.000000 0.000000 0.000000 0.445378 0.895343
976053679.528284 7.767160 0.028898 0.000000 0.000000 0.000000 0.439867 0.898063
976053679.529284 7.805490 0.077609 0.000000 0.000000 0.000000 0.434340 0.900749
976053679.769284 7.839130 0.120753 0.000000 0.000000 0.000000 0.431570 0.902080
976053680.251284 7.860650 0.146090 0.000000 0.000000 0.000000 0.428795 0.903402
976053680.252284 7.864510 0.151100 0.000000 0.000000 0.000000 0.423236 0.906020
976053680.333284 7.862580 0.148595 0.000000 0.000000 0.000000 0.423236 0.906020
976053680.989284 7.862850 0.149983 0.000000 0.000000 0.000000 0.423236 0.906020
976053680.990284 7.862850 0.149983 0.000000 0.000000 0.000000 0.420450 0.907316
976053680.991284 7.862850 0.149983 0.000000 0.000000 0.000000 0.414866 0.909883
976053681.199284 7.863680 0.150541 0.000000 0.000000 0.000000 0.406461 0.913668
976053681.671284 7.862850 0.149983 0.000000 0.000000 0.000000 0.392376 0.919805
976053681.672284 7.862580 0.148595 0.000000 0.000000 0.000000 0.375352 0.926882
976053681.725284 7.861750 0.148036 0.000000 0.000000 0.000000 0.349579 0.936907
976053682.461284 7.861750 0.148036 0.000000 0.000000 0.000000 0.320630 0.947205
976053682.489284 7.861750 0.148036 0.000000 0.000000 0.000000 0.297251 0.954799
976053682.490284 7.862580 0.148595 0.000000 0.000000 0.000000 0.267776 0.963481
976053682.549284 7.861750 0.148036 0.000000 0.000000 0.000000 0.241033 0.970517
976053683.168284 7.861750 0.148036 0.000000 0.000000 0.000000 0.223100 0.974796
976053683.169284 7.861750 0.148036 0.000000 0.000000 0.000000 0.190030 0.981778
976053683.170284 7.871440 0.137799 0.000000 0.000000 0.000000 0.192179 0.981360
976053683.359284 7.872230 0.138421 0.000000 0.000000 0.000000 0.158906 0.987294
976053683.856284 7.874420 0.138880 0.000000 0.000000 0.000000 0.137634 0.990483
976053683.857284 7.875200 0.139502 0.000000 0.000000 0.000000 0.110193 0.993910
976053683.939284 7.876600 0.139340 0.000000 0.000000 0.000000 0.079606 0.996826
976053684.488284 7.876600 0.139340 0.000000 0.000000 0.000000 0.067348 0.997730
976053684.510284 7.876600 0.139340 0.000000 0.000000 0.000000 0.036663 0.999328
976053684.511284 7.876600 0.139340 0.000000 0.000000 0.000000 0.012089 0.999927
976053684.622284 7.876600 0.139340 0.000000 0.000000 0.000000 -0.018637 0.999826
976053685.235284 7.876600 0.139340 0.000000 0.000000 0.000000 -0.052415 0.998625
976053685.236284 7.892000 0.078931 0.000000 0.000000 0.000000 -0.074606 0.997213
976053685.237284 7.892000 0.078931 0.000000 0.000000 0.000000 -0.099095 0.995078
976053685.429284 7.893410 0.078776 0.000000 0.000000 0.000000 -0.129619 0.991564
976053685.944284 7.894810 0.078621 0.000000 0.000000 0.000000 -0.163054 0.986617
976053685.969284 7.895440 0.077840 0.000000 0.000000 0.000000 -0.178193 0.983996
976053685.971284 7.896840 0.077685 0.000000 0.000000 0.000000 -0.199315 0.979935
976053686.219284 7.897470 0.076905 0.000000 0.000000 0.000000 -0.220345 0.975422
976053686.597284 7.898870 0.076749 0.000000 0.000000 0.000000 -0.232317 0.972640
976053686.598284 7.904970 0.073942 0.000000 0.000000 0.000000 -0.241273 0.970457
976053686.739284 7.929030 0.059902 0.000000 0.000000 0.000000 -0.259123 0.965844
976053687.172284 7.951840 0.047422 0.000000 0.000000 0.000000 -0.265054 0.964234
976053687.173284 8.017300 0.008889 0.000000 0.000000 0.000000 -0.265054 0.964234
976053687.263284 8.084160 -0.029799 0.000000 0.000000 0.000000 -0.253182 0.967419
976053687.762284 8.132440 -0.056474 0.000000 0.000000 0.000000 -0.259123 0.965844
976053687.764284 8.170560 -0.078470 0.000000 0.000000 0.000000 -0.262089 0.965044
976053687.849284 8.214770 -0.103274 0.000000 0.000000 0.000000 -0.259123 0.965844
976053688.414284 8.271640 -0.135878 0.000000 0.000000 0.000000 -0.259123 0.965844
976053688.469284 8.333200 -0.171134 0.000000 0.000000 0.000000 -0.262089 0.965044
976053688.471284 8.383970 -0.200930 0.000000 0.000000 0.000000 -0.265054 0.964234
976053688.559284 8.405380 -0.213254 0.000000 0.000000 0.000000 -0.265054 0.964234
976053689.258284 8.448810 -0.238683 0.000000 0.000000 0.000000 -0.268015 0.963415
976053689.259284 8.451040 -0.286711 0.000000 0.000000 0.000000 -0.251316 0.967905
976053689.260284 8.507120 -0.318597 0.000000 0.000000 0.000000 -0.257260 0.966342
976053689.343284 8.563950 -0.349823 0.000000 0.000000 0.000000 -0.260228 0.965547
976053689.829284 8.611090 -0.377601 0.000000 0.000000 0.000000 -0.260228 0.965547
976053689.880284 8.654820 -0.403039 0.000000 0.000000 0.000000 -0.263194 0.964743
976053689.943284 8.701950 -0.430817 0.000000 0.000000 0.000000 -0.269118 0.963107
976053690.542284 8.759270 -0.465616 0.000000 0.000000 0.000000 -0.275031 0.961435
976053690.543284 8.812440 -0.498736 0.000000 0.000000 0.000000 -0.277984 0.960586
976053690.544284 8.857410 -0.527086 0.000000 0.000000 0.000000 -0.283883 0.958859
976053690.769284 8.900970 -0.555347 0.000000 0.000000 0.000000 -0.289770 0.957096
976053691.252284 8.947920 -0.585948 0.000000 0.000000 0.000000 -0.292709 0.956201
976053691.253284 9.002980 -0.622730 0.000000 0.000000 0.000000 -0.298580 0.954385
976053691.451284 9.053900 -0.657832 0.000000 0.000000 0.000000 -0.304440 0.952532
976053691.904284 9.097280 -0.688916 0.000000 0.000000 0.000000 -0.307365 0.951592
976053691.930284 9.140000 -0.719249 0.000000 0.000000 0.000000 -0.313207 0.949685
976053691.943284 9.189420 -0.755674 0.000000 0.000000 0.000000 -0.316124 0.948718
976053692.700284 9.241570 -0.793689 0.000000 0.000000 0.000000 -0.316124 0.948718
976053692.710284 9.288260 -0.828524 0.000000 0.000000 0.000000 -0.319038 0.947742
976053692.711284 9.340950 -0.805642 0.000000 0.000000 0.000000 -0.277985 0.960585
976053692.779284 9.387080 -0.835428 0.000000 0.000000 0.000000 -0.277985 0.960585
976053693.332284 9.438960 -0.867876 0.000000 0.000000 0.000000 -0.277985 0.960585
976053693.333284 9.493700 -0.901657 0.000000 0.000000 0.000000 -0.280935 0.959727
976053693.344284 9.539840 -0.931442 0.000000 0.000000 0.000000 -0.283883 0.958859
976053693.951284 9.584530 -0.959855 0.000000 0.000000 0.000000 -0.289770 0.957096
976053693.953284 9.632120 -0.991014 0.000000 0.000000 0.000000 -0.295646 0.955297
976053693.954284 9.683350 -1.025600 0.000000 0.000000 0.000000 -0.292710 0.956201
976053694.144284 9.730990 -1.058180 0.000000 0.000000 0.000000 -0.301511 0.953463
976053694.591284 9.764920 -1.081950 0.000000 0.000000 0.000000 -0.301511 0.953463
976053694.592284 9.780080 -1.092120 0.000000 0.000000 0.000000 -0.298581 0.954384
976053694.789284 9.778620 -1.090750 0.000000 0.000000 0.000000 -0.298581 0.954384
976053695.274284 9.780080 -1.092120 0.000000 0.000000 0.000000 -0.298581 0.954384
976053695.275284 9.780080 -1.092120 0.000000 0.000000 0.000000 -0.295646 0.955297
976053695.343284 9.780080 -1.092120 0.000000 0.000000 0.000000 -0.289770 0.957096
976053696.143284 9.780080 -1.092120 0.000000 0.000000 0.000000 -0.283883 0.958859
976053696.154284 9.779350 -1.091430 0.000000 0.000000 0.000000 -0.263195 0.964743
976053696.163284 9.778620 -1.090750 0.000000 0.000000 0.000000 -0.230441 0.973086
976053696.249284 9.779350 -1.091430 0.000000 0.000000 0.000000 -0.182341 0.983235
976053696.611284 9.783630 -1.092720 0.000000 0.000000 0.000000 -0.109402 0.993998
976053696.612284 9.782220 -1.092760 0.000000 0.000000 0.000000 -0.051216 0.998688
976053696.760284 9.804370 -1.045900 0.000000 0.000000 0.000000 -0.044715 0.999000
976053697.183284 9.804370 -1.045900 0.000000 0.000000 0.000000 -0.007856 0.999969
976053697.184284 9.804370 -1.045900 0.000000 0.000000 0.000000 0.047435 0.998874
976053697.380284 9.802960 -1.045870 0.000000 0.000000 0.000000 0.099525 0.995035
976053697.771284 9.805090 -1.045210 0.000000 0.000000 0.000000 0.142225 0.989834
976053697.800284 9.805090 -1.045210 0.000000 0.000000 0.000000 0.181641 0.983365
976053698.684284 9.795310 -0.983499 0.000000 0.000000 0.000000 0.223610 0.974679
976053698.743284 9.796040 -0.982820 0.000000 0.000000 0.000000 0.364419 0.931235
976053699.336284 9.797510 -0.981460 0.000000 0.000000 0.000000 0.358689 0.933457
976053699.380284 9.808510 -0.971266 0.000000 0.000000 0.000000 0.350070 0.936724
976053699.381284 9.839950 -0.944869 0.000000 0.000000 0.000000 0.344306 0.938857
976053699.543284 9.898470 -0.894738 0.000000 0.000000 0.000000 0.347189 0.937795
976053700.170284 9.959250 -0.841156 0.000000 0.000000 0.000000 0.352946 0.935644
976053700.171284 10.003200 -0.803205 0.000000 0.000000 0.000000 0.344306 0.938857
976053700.172284 10.036800 -0.774769 0.000000 0.000000 0.000000 0.335637 0.941991
976053700.409284 10.072600 -0.744294 0.000000 0.000000 0.000000 0.341420 0.939911
976053700.777284 10.101700 -0.717663 0.000000 0.000000 0.000000 0.390080 0.920781
976053700.830284 10.151700 -0.665766 0.000000 0.000000 0.000000 0.390080 0.920781
976053700.944284 10.194400 -0.622102 0.000000 0.000000 0.000000 0.387249 0.921975
976053701.425284 10.228400 -0.586755 0.000000 0.000000 0.000000 0.387249 0.921975
976053701.426284 10.263700 -0.549912 0.000000 0.000000 0.000000 0.387249 0.921975
976053701.544284 10.306400 -0.506247 0.000000 0.000000 0.000000 0.392908 0.919578
976053701.910284 10.351000 -0.458926 0.000000 0.000000 0.000000 0.395732 0.918366
976053701.944284 10.391600 -0.414684 0.000000 0.000000 0.000000 0.401368 0.915917
976053702.544284 10.426100 -0.375766 0.000000 0.000000 0.000000 0.406989 0.913433
976053702.545284 10.460500 -0.336848 0.000000 0.000000 0.000000 0.409794 0.912178
976053702.548284 10.500300 -0.291942 0.000000 0.000000 0.000000 0.406989 0.913433
976053702.780284 10.544100 -0.242546 0.000000 0.000000 0.000000 0.404180 0.914679
976053703.104284 10.584000 -0.199052 0.000000 0.000000 0.000000 0.401368 0.915917
976053703.200284 10.621200 -0.158552 0.000000 0.000000 0.000000 0.404180 0.914679
976053703.600284 10.656400 -0.118885 0.000000 0.000000 0.000000 0.404180 0.914679
976053703.601284 10.696200 -0.075391 0.000000 0.000000 0.000000 0.404180 0.914679
976053703.743284 10.738000 -0.028241 0.000000 0.000000 0.000000 0.404180 0.914679
976053704.217284 10.718500 0.034757 0.000000 0.000000 0.000000 0.443750 0.896151
976053704.218284 10.751000 0.077946 0.000000 0.000000 0.000000 0.443750 0.896151
976053704.344284 10.782800 0.120334 0.000000 0.000000 0.000000 0.443750 0.896151
976053704.712284 10.818200 0.167521 0.000000 0.000000 0.000000 0.446501 0.894783
976053704.770284 10.857000 0.220907 0.000000 0.000000 0.000000 0.451991 0.892022
976053705.382284 10.892200 0.269494 0.000000 0.000000 0.000000 0.457465 0.889228
976053705.383284 10.922400 0.313083 0.000000 0.000000 0.000000 0.462921 0.886399
976053705.384284 10.952700 0.356672 0.000000 0.000000 0.000000 0.462921 0.886399
976053705.619284 10.986300 0.406460 0.000000 0.000000 0.000000 0.468360 0.883538
976053705.841284 11.022300 0.459447 0.000000 0.000000 0.000000 0.471072 0.882095
976053705.944284 11.055100 0.509835 0.000000 0.000000 0.000000 0.471072 0.882095
976053706.398284 11.084500 0.554024 0.000000 0.000000 0.000000 0.471072 0.882095
976053706.399284 11.115100 0.599813 0.000000 0.000000 0.000000 0.471072 0.882095
976053706.620284 11.148000 0.650201 0.000000 0.000000 0.000000 0.473781 0.880643
976053706.911284 11.174400 0.690392 0.000000 0.000000 0.000000 0.476484 0.879183
976053706.946284 11.184200 0.706788 0.000000 0.000000 0.000000 0.476484 0.879183
976053707.456284 11.182400 0.704389 0.000000 0.000000 0.000000 0.479184 0.877715
976053707.457284 11.183600 0.705988 0.000000 0.000000 0.000000 0.481877 0.876239
976053707.600284 11.183600 0.705988 0.000000 0.000000 0.000000 0.487256 0.873259
976053708.847284 11.183600 0.705988 0.000000 0.000000 0.000000 0.500611 0.865672
976053708.859284 11.183200 0.703788 0.000000 0.000000 0.000000 0.526973 0.849882
976053709.378284 11.135400 0.722757 0.000000 0.000000 0.000000 0.684473 0.729039
976053709.390284 11.135400 0.722757 0.000000 0.000000 0.000000 0.713040 0.701123
976053709.615284 11.135000 0.720563 0.000000 0.000000 0.000000 0.772606 0.634886
976053709.616284 11.135000 0.720563 0.000000 0.000000 0.000000 0.804700 0.593682
976053709.750284 11.135000 0.720563 0.000000 0.000000 0.000000 0.834602 0.550853
976053710.237284 11.094200 0.730105 0.000000 0.000000 0.000000 0.857518 0.514454
976053710.240284 11.094200 0.730105 0.000000 0.000000 0.000000 0.877378 0.479800
976053710.310284 11.094200 0.730105 0.000000 0.000000 0.000000 0.897201 0.441623
976053711.787284 11.094900 0.729494 0.000000 0.000000 0.000000 0.917820 0.396996
976053711.902284 11.096500 0.728271 0.000000 0.000000 0.000000 0.935137 0.354287
976053711.978284 11.096500 0.728271 0.000000 0.000000 0.000000 0.943563 0.331192
976053712.131284 11.024600 0.669340 0.000000 0.000000 0.000000 0.993570 0.113223
976053712.132284 11.024600 0.669340 0.000000 0.000000 0.000000 0.996320 0.085706
976053712.210284 11.026000 0.669484 0.000000 0.000000 0.000000 0.999211 0.039706
976053712.747284 11.026800 0.631790 0.000000 0.000000 0.000000 -0.999945 0.010486
976053712.748284 11.026800 0.631790 0.000000 0.000000 0.000000 -0.998034 0.062680
976053712.750284 11.026800 0.631790 0.000000 0.000000 0.000000 -0.993399 0.114708
976053712.926284 11.026800 0.631790 0.000000 0.000000 0.000000 -0.988026 0.154288
976053713.266284 11.026800 0.631790 0.000000 0.000000 0.000000 -0.980476 0.196637
976053713.290284 11.026800 0.631790 0.000000 0.000000 0.000000 -0.969629 0.244580
976053713.490284 11.024600 0.578434 0.000000 0.000000 0.000000 -0.966696 0.255927
976053714.135284 11.024600 0.578434 0.000000 0.000000 0.000000 -0.961814 0.273703
976053714.137284 11.025300 0.579179 0.000000 0.000000 0.000000 -0.949153 0.314815
976053714.138284 11.024600 0.578434 0.000000 0.000000 0.000000 -0.930298 0.366804
976053714.260284 11.024000 0.577690 0.000000 0.000000 0.000000 -0.909878 0.414876
976053714.760284 11.022600 0.576201 0.000000 0.000000 0.000000 -0.892584 0.450880
976053714.761284 11.070500 0.550598 0.000000 0.000000 0.000000 -0.872724 0.488213
976053714.805284 11.067800 0.547607 0.000000 0.000000 0.000000 -0.847676 0.530514
976053715.411284 11.067300 0.544036 0.000000 0.000000 0.000000 -0.813494 0.581573
976053715.412284 11.066000 0.542541 0.000000 0.000000 0.000000 -0.787730 0.616021
976053715.413284 11.066000 0.542541 0.000000 0.000000 0.000000 -0.766462 0.642289
976053715.610284 11.066800 0.541877 0.000000 0.000000 0.000000 -0.733971 0.679181
976053715.976284 11.151700 0.524704 0.000000 0.000000 0.000000 -0.708694 0.705516
976053716.583284 11.151700 0.526118 0.000000 0.000000 0.000000 -0.677696 0.735342
976053716.605284 11.151700 0.524704 0.000000 0.000000 0.000000 -0.569872 0.821734
976053717.316284 11.152500 0.524008 0.000000 0.000000 0.000000 -0.536602 0.843836
976053717.317284 11.214100 0.531431 0.000000 0.000000 0.000000 -0.491721 0.870753
976053717.318284 11.214900 0.529330 0.000000 0.000000 0.000000 -0.451077 0.892485
976053717.450284 11.214900 0.529330 0.000000 0.000000 0.000000 -0.420659 0.907219
976053717.997284 11.214900 0.529330 0.000000 0.000000 0.000000 -0.378412 0.925637
976053717.998284 11.215600 0.528643 0.000000 0.000000 0.000000 -0.325500 0.945542
976053718.412284 11.214900 0.529330 0.000000 0.000000 0.000000 -0.308014 0.951382
976053718.767284 11.219900 0.525933 0.000000 0.000000 0.000000 -0.316771 0.948502
976053718.780284 11.230900 0.587868 0.000000 0.000000 0.000000 -0.292862 0.956155
976053718.781284 11.280000 0.554682 0.000000 0.000000 0.000000 -0.292862 0.956155
976053718.870284 11.351000 0.508554 0.000000 0.000000 0.000000 -0.286980 0.957936
976053719.345284 11.405400 0.472294 0.000000 0.000000 0.000000 -0.286980 0.957936
976053719.370284 11.447600 0.444873 0.000000 0.000000 0.000000 -0.292862 0.956155
976053719.430284 11.483200 0.420401 0.000000 0.000000 0.000000 -0.292862 0.956155
976053719.906284 11.529300 0.389778 0.000000 0.000000 0.000000 -0.289922 0.957050
976053719.930284 11.586600 0.352363 0.000000 0.000000 0.000000 -0.286980 0.957936
976053720.538284 11.642400 0.316230 0.000000 0.000000 0.000000 -0.284035 0.958814
976053720.614284 11.687600 0.287655 0.000000 0.000000 0.000000 -0.284035 0.958814
976053720.615284 11.727500 0.262157 0.000000 0.000000 0.000000 -0.286980 0.957936
976053720.616284 11.774400 0.230893 0.000000 0.000000 0.000000 -0.289922 0.957050
976053720.806284 11.830200 0.194759 0.000000 0.000000 0.000000 -0.292862 0.956155
976053721.104284 11.881600 0.159652 0.000000 0.000000 0.000000 -0.298732 0.954337
976053721.206284 11.927100 0.128261 0.000000 0.000000 0.000000 -0.304591 0.952483
976053721.737284 11.968000 0.099305 0.000000 0.000000 0.000000 -0.304591 0.952483
976053721.738284 12.012800 0.067146 0.000000 0.000000 0.000000 -0.307517 0.951543
976053721.860284 12.064400 0.030630 0.000000 0.000000 0.000000 -0.310440 0.950593
976053722.333284 12.108000 0.081995 0.000000 0.000000 0.000000 -0.256402 0.966570
976053722.334284 12.158400 0.053211 0.000000 0.000000 0.000000 -0.262337 0.964976
976053722.411284 12.205000 0.025745 0.000000 0.000000 0.000000 -0.265301 0.964166
976053722.881284 12.252300 -0.002262 0.000000 0.000000 0.000000 -0.268263 0.963346
976053722.910284 12.303100 -0.032427 0.000000 0.000000 0.000000 -0.271221 0.962517
976053723.304284 12.357200 -0.064752 0.000000 0.000000 0.000000 -0.271221 0.962517
976053723.611284 12.408800 -0.095458 0.000000 0.000000 0.000000 -0.274178 0.961679
976053723.612284 12.453900 -0.123226 0.000000 0.000000 0.000000 -0.277131 0.960832
976053723.616284 12.498500 -0.151836 0.000000 0.000000 0.000000 -0.283031 0.959111
976053724.868284 12.548200 -0.183685 0.000000 0.000000 0.000000 -0.281262 0.959631
976053724.880284 12.600700 -0.218535 0.000000 0.000000 0.000000 -0.287154 0.957884
976053725.272284 12.839200 -0.385723 0.000000 0.000000 0.000000 -0.307689 0.951487
976053725.273284 12.885500 -0.419018 0.000000 0.000000 0.000000 -0.313531 0.949578
976053725.407284 12.926600 -0.451297 0.000000 0.000000 0.000000 -0.319361 0.947633
976053725.785284 12.933300 -0.462422 0.000000 0.000000 0.000000 -0.303031 0.952981
976053725.810284 12.952900 -0.476395 0.000000 0.000000 0.000000 -0.300101 0.953907
976053726.105284 12.950400 -0.474863 0.000000 0.000000 0.000000 -0.297169 0.954825
976053726.523284 12.949500 -0.474353 0.000000 0.000000 0.000000 -0.291295 0.956633
976053726.540284 12.949500 -0.474353 0.000000 0.000000 0.000000 -0.282465 0.959278
976053726.610284 12.948600 -0.473842 0.000000 0.000000 0.000000 -0.264732 0.964322
976053727.269284 12.949500 -0.474353 0.000000 0.000000 0.000000 -0.236772 0.971565
976053727.280284 12.949500 -0.474353 0.000000 0.000000 0.000000 -0.188739 0.982027
976053727.555284 12.952600 -0.475025 0.000000 0.000000 0.000000 -0.073047 0.997328
976053727.607284 12.951700 -0.474514 0.000000 0.000000 0.000000 -0.036231 0.999343
976053728.353284 13.005600 -0.448502 0.000000 0.000000 0.000000 -0.040919 0.999162
976053728.365284 12.982600 -0.448066 0.000000 0.000000 0.000000 0.005162 0.999987
976053729.208284 12.914700 -0.453732 0.000000 0.000000 0.000000 0.054299 0.998525
976053729.605284 12.889400 -0.456554 0.000000 0.000000 0.000000 0.054299 0.998525
976053729.742284 12.876900 -0.458663 0.000000 0.000000 0.000000 0.051231 0.998687
976053729.743284 12.877400 -0.457848 0.000000 0.000000 0.000000 0.054299 0.998525
976053729.744284 12.877400 -0.457848 0.000000 0.000000 0.000000 0.057367 0.998353
976053729.745284 12.877400 -0.457848 0.000000 0.000000 0.000000 0.069633 0.997573
976053729.746284 12.877400 -0.457848 0.000000 0.000000 0.000000 0.088012 0.996119
976053729.830284 12.877400 -0.457848 0.000000 0.000000 0.000000 0.115522 0.993305
976053730.369284 12.875500 -0.458897 0.000000 0.000000 0.000000 0.161167 0.986927
976053730.401284 12.875500 -0.458897 0.000000 0.000000 0.000000 0.227464 0.973786
976053730.407284 12.902200 -0.396553 0.000000 0.000000 0.000000 0.244774 0.969580
976053731.147284 12.902200 -0.396553 0.000000 0.000000 0.000000 0.277400 0.960754
976053731.159284 12.903000 -0.397192 0.000000 0.000000 0.000000 0.318461 0.947936
976053731.168284 12.902200 -0.396553 0.000000 0.000000 0.000000 0.373230 0.927739
976053731.207284 12.902200 -0.396553 0.000000 0.000000 0.000000 0.418372 0.908276
976053731.750284 12.902200 -0.396553 0.000000 0.000000 0.000000 0.451571 0.892235
976053731.751284 12.822500 -0.348336 0.000000 0.000000 0.000000 0.502709 0.864456
976053731.820284 12.823100 -0.347548 0.000000 0.000000 0.000000 0.547158 0.837029
976053732.422284 12.823100 -0.347548 0.000000 0.000000 0.000000 0.590114 0.807320
976053732.480284 12.823700 -0.346760 0.000000 0.000000 0.000000 0.621887 0.783107
976053732.482284 12.824000 -0.343165 0.000000 0.000000 0.000000 0.661926 0.749569
976053732.680284 12.824300 -0.339570 0.000000 0.000000 0.000000 0.695758 0.718276
976053733.141284 12.801900 -0.349822 0.000000 0.000000 0.000000 0.717353 0.696710
976053733.143284 12.801600 -0.347007 0.000000 0.000000 0.000000 0.750726 0.660614
976053733.250284 12.801300 -0.344191 0.000000 0.000000 0.000000 0.784196 0.620513
976053733.674284 12.800300 -0.340741 0.000000 0.000000 0.000000 0.811953 0.583723
976053733.675284 12.799200 -0.337290 0.000000 0.000000 0.000000 0.834616 0.550832
976053733.807284 12.797500 -0.334612 0.000000 0.000000 0.000000 0.857533 0.514429
976053734.283284 12.738800 -0.317451 0.000000 0.000000 0.000000 0.884660 0.466236
976053734.284284 12.738000 -0.316816 0.000000 0.000000 0.000000 0.905204 0.424977
976053734.480284 12.737900 -0.315408 0.000000 0.000000 0.000000 0.921453 0.388489
976053735.271284 12.737900 -0.315408 0.000000 0.000000 0.000000 0.937308 0.348501
976053735.283284 12.737100 -0.314772 0.000000 0.000000 0.000000 0.954226 0.299088
976053735.298284 12.735000 -0.314274 0.000000 0.000000 0.000000 0.966992 0.254805
976053735.862284 12.693900 -0.348865 0.000000 0.000000 0.000000 0.986205 0.165531
976053735.863284 12.691700 -0.348349 0.000000 0.000000 0.000000 0.994183 0.107702
976053735.864284 12.690300 -0.348475 0.000000 0.000000 0.000000 0.997691 0.067914
976053736.555284 12.690300 -0.348475 0.000000 0.000000 0.000000 0.998617 0.052577
976053736.711284 12.697800 -0.379771 0.000000 0.000000 0.000000 -0.992632 0.121168
976053737.971284 12.734400 -0.368546 0.000000 0.000000 0.000000 -0.984951 0.172834
976053738.114284 12.868300 -0.312027 0.000000 0.000000 0.000000 -0.979177 0.203010
976053738.410284 12.902400 -0.297479 0.000000 0.000000 0.000000 -0.979795 0.200003
976053738.411284 12.909200 -0.294006 0.000000 0.000000 0.000000 -0.979795 0.200003
976053739.681284 12.908600 -0.294776 0.000000 0.000000 0.000000 -0.979177 0.203010
976053740.273284 12.908600 -0.294776 0.000000 0.000000 0.000000 -0.979177 0.203010
976053740.274284 12.908600 -0.294776 0.000000 0.000000 0.000000 -0.979177 0.203010
976053740.276284 12.908600 -0.294776 0.000000 0.000000 0.000000 -0.979177 0.203010
976053740.277284 12.908600 -0.294776 0.000000 0.000000 0.000000 -0.979177 0.203010
976053740.278284 12.908600 -0.294776 0.000000 0.000000 0.000000 -0.979177 0.203010
976053740.279284 12.908600 -0.294776 0.000000 0.000000 0.000000 -0.979177 0.203010
976053740.280284 12.908600 -0.294776 0.000000 0.000000 0.000000 -0.979177 0.203010
976053740.281284 12.908600 -0.294776 0.000000 0.000000 0.000000 -0.979177 0.203010
976053740.282284 12.908600 -0.294776 0.000000 0.000000 0.000000 -0.979177 0.203010
976053740.468284 12.908600 -0.294776 0.000000 0.000000 0.000000 -0.979177 0.203010
976053740.710284 12.908600 -0.294776 0.000000 0.000000 0.000000 -0.979177 0.203010
976053740.867284 12.908600 -0.294776 0.000000 0.000000 0.000000 -0.979177 0.203010
976053741.677284 12.908600 -0.294776 0.000000 0.000000 0.000000 -0.979177 0.203010
976053741.828284 12.907200 -0.294907 0.000000 0.000000 0.000000 -0.979795 0.200003
976053742.278284 12.907200 -0.294907 0.000000 0.000000 0.000000 -0.979795 0.200003
976053742.428284 12.907200 -0.294907 0.000000 0.000000 0.000000 -0.979795 0.200003
976053742.628284 12.907200 -0.294907 0.000000 0.000000 0.000000 -0.979795 0.200003
976053742.827284 12.907200 -0.294907 0.000000 0.000000 0.000000 -0.979177 0.203010
976053743.304284 12.908600 -0.294776 0.000000 0.000000 0.000000 -0.977263 0.212030
976053743.388284 12.907200 -0.294907 0.000000 0.000000 0.000000 -0.971757 0.235984
976053743.588284 12.911600 -0.393879 0.000000 0.000000 0.000000 -0.973761 0.227575
976053743.788284 12.911600 -0.393879 0.000000 0.000000 0.000000 -0.973761 0.227575
976053743.988284 12.911600 -0.393879 0.000000 0.000000 0.000000 -0.973761 0.227575
976053744.188284 12.910900 -0.394634 0.000000 0.000000 0.000000 -0.971622 0.236538
976053744.626284 12.910200 -0.395388 0.000000 0.000000 0.000000 -0.967096 0.254414
976053744.627284 12.908800 -0.395486 0.000000 0.000000 0.000000 -0.958823 0.284003
976053744.811284 12.908200 -0.396241 0.000000 0.000000 0.000000 -0.943707 0.330781
976053745.194284 12.908200 -0.396241 0.000000 0.000000 0.000000 -0.920413 0.390948
976053745.195284 12.908800 -0.395486 0.000000 0.000000 0.000000 -0.904066 0.427392
976053745.411284 12.909500 -0.394732 0.000000 0.000000 0.000000 -0.905376 0.424610
976053745.804284 12.909500 -0.394732 0.000000 0.000000 0.000000 -0.905376 0.424610
976053745.805284 12.909500 -0.394732 0.000000 0.000000 0.000000 -0.905376 0.424610
976053745.989284 12.909500 -0.394732 0.000000 0.000000 0.000000 -0.906676 0.421829
976053746.420284 12.904200 -0.400768 0.000000 0.000000 0.000000 -0.909253 0.416245
976053746.422284 12.895700 -0.410577 0.000000 0.000000 0.000000 -0.909253 0.416245
976053746.588284 12.885900 -0.421895 0.000000 0.000000 0.000000 -0.913050 0.407848
976053747.151284 12.867500 -0.443022 0.000000 0.000000 0.000000 -0.913050 0.407848
976053747.152284 12.824000 -0.489999 0.000000 0.000000 0.000000 -0.914299 0.405039
976053747.198284 12.768700 -0.550558 0.000000 0.000000 0.000000 -0.915539 0.402230
976053747.647284 12.725800 -0.596781 0.000000 0.000000 0.000000 -0.916771 0.399413
976053747.648284 12.692800 -0.631686 0.000000 0.000000 0.000000 -0.920413 0.390948
976053747.789284 12.744700 -0.628134 0.000000 0.000000 0.000000 -0.908121 0.418707
976053748.241284 12.706000 -0.674021 0.000000 0.000000 0.000000 -0.908121 0.418707
976053748.243284 12.661700 -0.726977 0.000000 0.000000 0.000000 -0.906829 0.421498
976053748.389284 12.619100 -0.776173 0.000000 0.000000 0.000000 -0.908121 0.418707
976053748.771284 12.586600 -0.814206 0.000000 0.000000 0.000000 -0.908121 0.418707
976053748.831284 12.554100 -0.852239 0.000000 0.000000 0.000000 -0.908121 0.418707
976053748.989284 12.516000 -0.897341 0.000000 0.000000 0.000000 -0.906829 0.421498
976053749.375284 12.473600 -0.947941 0.000000 0.000000 0.000000 -0.908121 0.418707
976053749.431284 12.434100 -0.993209 0.000000 0.000000 0.000000 -0.910677 0.413119
976053749.589284 12.398900 -1.032980 0.000000 0.000000 0.000000 -0.911941 0.410321
976053750.149284 12.363200 -1.073540 0.000000 0.000000 0.000000 -0.915685 0.401896
976053750.161284 12.323300 -1.115990 0.000000 0.000000 0.000000 -0.916917 0.399078
976053750.189284 12.281600 -1.160810 0.000000 0.000000 0.000000 -0.920555 0.390612
976053750.612284 12.239800 -1.204220 0.000000 0.000000 0.000000 -0.921752 0.387779
976053750.613284 12.198400 -1.245440 0.000000 0.000000 0.000000 -0.922938 0.384948
976053750.790284 12.158400 -1.286500 0.000000 0.000000 0.000000 -0.925288 0.379265
976053751.218284 12.119500 -1.324580 0.000000 0.000000 0.000000 -0.925288 0.379265
976053751.231284 12.077300 -1.365180 0.000000 0.000000 0.000000 -0.928744 0.370722
976053751.497284 12.118900 -1.407140 0.000000 0.000000 0.000000 -0.922740 0.385423
976053751.866284 12.075700 -1.447990 0.000000 0.000000 0.000000 -0.930816 0.365487
976053751.867284 12.031400 -1.486890 0.000000 0.000000 0.000000 -0.940567 0.339609
976053751.991284 11.988800 -1.519700 0.000000 0.000000 0.000000 -0.951506 0.307630
976053752.460284 11.943700 -1.550830 0.000000 0.000000 0.000000 -0.959649 0.281202
976053752.461284 11.888900 -1.583860 0.000000 0.000000 0.000000 -0.964669 0.263464
976053752.589284 11.834700 -1.616060 0.000000 0.000000 0.000000 -0.963856 0.266424
976053753.501284 11.788300 -1.643850 0.000000 0.000000 0.000000 -0.965475 0.260496
976053753.711284 11.741000 -1.671090 0.000000 0.000000 0.000000 -0.967057 0.254559
976053754.559284 11.533300 -1.784400 0.000000 0.000000 0.000000 -0.971586 0.236689
976053754.975284 11.484100 -1.809130 0.000000 0.000000 0.000000 -0.973023 0.230709
976053755.343284 11.284700 -1.932480 0.000000 0.000000 0.000000 -0.962850 0.270037
976053755.361284 11.231900 -1.964560 0.000000 0.000000 0.000000 -0.963676 0.267075
976053755.411284 11.181000 -1.995400 0.000000 0.000000 0.000000 -0.964491 0.264115
976053756.362284 11.132900 -2.023260 0.000000 0.000000 0.000000 -0.966097 0.258179
976053756.511284 11.084000 -2.050630 0.000000 0.000000 0.000000 -0.966885 0.255211
976053756.521284 11.034000 -2.079730 0.000000 0.000000 0.000000 -0.967665 0.252237
976053756.792284 10.929300 -2.136340 0.000000 0.000000 0.000000 -0.970692 0.240326
976053756.793284 10.875900 -2.163460 0.000000 0.000000 0.000000 -0.972151 0.234356
976053756.794284 10.825200 -2.189840 0.000000 0.000000 0.000000 -0.972867 0.231366
976053756.989284 10.775000 -2.215350 0.000000 0.000000 0.000000 -0.974270 0.225383
976053757.423284 10.723100 -2.239860 0.000000 0.000000 0.000000 -0.974958 0.222391
976053757.424284 10.668800 -2.266490 0.000000 0.000000 0.000000 -0.976306 0.216396
976053757.590284 10.614200 -2.291760 0.000000 0.000000 0.000000 -0.976967 0.213393
976053758.134284 10.572400 -2.310560 0.000000 0.000000 0.000000 -0.976967 0.213393
976053758.554284 10.555400 -2.318150 0.000000 0.000000 0.000000 -0.976306 0.216396
976053758.945284 10.558600 -2.316530 0.000000 0.000000 0.000000 -0.976306 0.216396
976053758.946284 10.557300 -2.316910 0.000000 0.000000 0.000000 -0.976306 0.216396
976053758.947284 10.557300 -2.316910 0.000000 0.000000 0.000000 -0.975637 0.219392
976053758.948284 10.557300 -2.316910 0.000000 0.000000 0.000000 -0.973573 0.228378
976053759.100284 10.556800 -2.317780 0.000000 0.000000 0.000000 -0.970692 0.240326
976053759.638284 10.556800 -2.317780 0.000000 0.000000 0.000000 -0.962016 0.272992
976053759.640284 10.553500 -2.319390 0.000000 0.000000 0.000000 -0.931691 0.363252
976053759.791284 10.551600 -2.322870 0.000000 0.000000 0.000000 -0.908907 0.416999
976053760.260284 10.558100 -2.350460 0.000000 0.000000 0.000000 -0.902619 0.430441
976053760.281284 10.559700 -2.347950 0.000000 0.000000 0.000000 -0.884709 0.466143
976053760.441284 10.559200 -2.348780 0.000000 0.000000 0.000000 -0.865388 0.501102
976053760.981284 10.559200 -2.348780 0.000000 0.000000 0.000000 -0.854410 0.519599
976053760.982284 10.559500 -2.346560 0.000000 0.000000 0.000000 -0.813802 0.581142
976053760.983284 10.560000 -2.345730 0.000000 0.000000 0.000000 -0.801117 0.598507
976053761.170284 10.560300 -2.343510 0.000000 0.000000 0.000000 -0.772688 0.634786
976053761.624284 10.624800 -2.376840 0.000000 0.000000 0.000000 -0.729359 0.684131
976053761.658284 10.624800 -2.376840 0.000000 0.000000 0.000000 -0.697064 0.717009
976053761.771284 10.624800 -2.376840 0.000000 0.000000 0.000000 -0.667871 0.744277
976053762.350284 10.624800 -2.376840 0.000000 0.000000 0.000000 -0.635248 0.772308
976053762.351284 10.624800 -2.376840 0.000000 0.000000 0.000000 -0.589100 0.808060
976053762.352284 10.624400 -2.375470 0.000000 0.000000 0.000000 -0.551244 0.834344
976053762.499284 10.694200 -2.356720 0.000000 0.000000 0.000000 -0.544447 0.838795
976053763.963284 10.694200 -2.356720 0.000000 0.000000 0.000000 -0.541870 0.840463
976053763.980284 10.694200 -2.356720 0.000000 0.000000 0.000000 -0.544447 0.838795
976053763.990284 10.697000 -2.363350 0.000000 0.000000 0.000000 -0.554715 0.832041
976053763.991284 10.797500 -2.609670 0.000000 0.000000 0.000000 -0.559821 0.828613
976053764.592284 10.812800 -2.648380 0.000000 0.000000 0.000000 -0.569962 0.821671
976053764.593284 10.828400 -2.692070 0.000000 0.000000 0.000000 -0.569962 0.821671
976053764.594284 10.851600 -2.755120 0.000000 0.000000 0.000000 -0.572482 0.819917
976053764.730284 10.876300 -2.821490 0.000000 0.000000 0.000000 -0.572482 0.819917
976053765.241284 10.895300 -2.874590 0.000000 0.000000 0.000000 -0.575001 0.818153
976053765.242284 10.911200 -2.919670 0.000000 0.000000 0.000000 -0.577510 0.816384
976053765.321284 10.928000 -2.968900 0.000000 0.000000 0.000000 -0.582515 0.812820
976053765.952284 10.938500 -2.998500 0.000000 0.000000 0.000000 -0.585012 0.811025
976053765.953284 10.958600 -3.060740 0.000000 0.000000 0.000000 -0.587503 0.809222
976053765.954284 10.977700 -3.121050 0.000000 0.000000 0.000000 -0.589985 0.807414
976053766.810284 10.993400 -3.171960 0.000000 0.000000 0.000000 -0.594935 0.803774
976053767.230284 11.184100 -3.262530 0.000000 0.000000 0.000000 -0.540023 0.841650
976053767.231284 11.207500 -3.314110 0.000000 0.000000 0.000000 -0.545189 0.838313
976053767.232284 11.228500 -3.363590 0.000000 0.000000 0.000000 -0.550330 0.834947
976053767.431284 11.247000 -3.406480 0.000000 0.000000 0.000000 -0.552891 0.833253
976053767.839284 11.255700 -3.426610 0.000000 0.000000 0.000000 -0.550330 0.834947
976053767.851284 11.253700 -3.423580 0.000000 0.000000 0.000000 -0.550330 0.834947
976053768.101284 11.253600 -3.421350 0.000000 0.000000 0.000000 -0.552891 0.833253
976053768.594284 11.253600 -3.421350 0.000000 0.000000 0.000000 -0.558001 0.829840
976053768.595284 11.253600 -3.421350 0.000000 0.000000 0.000000 -0.570685 0.821169
976053768.611284 11.254100 -3.422660 0.000000 0.000000 0.000000 -0.585726 0.810509
976053768.813284 11.253700 -3.423580 0.000000 0.000000 0.000000 -0.610352 0.792130
976053769.224284 11.254100 -3.422660 0.000000 0.000000 0.000000 -0.624850 0.780744
976053769.241284 11.253700 -3.423580 0.000000 0.000000 0.000000 -0.643854 0.765148
976053769.411284 11.254800 -3.426210 0.000000 0.000000 0.000000 -0.676161 0.736753
976053770.318284 11.254900 -3.428450 0.000000 0.000000 0.000000 -0.705047 0.709160
976053770.329284 11.254400 -3.427130 0.000000 0.000000 0.000000 -0.715857 0.698247
976053770.339284 11.254400 -3.427130 0.000000 0.000000 0.000000 -0.724387 0.689393
976053770.723284 11.217200 -3.450410 0.000000 0.000000 0.000000 -0.753053 0.657960
976053770.724284 11.217600 -3.449480 0.000000 0.000000 0.000000 -0.774858 0.632136
976053770.919284 11.217600 -3.449480 0.000000 0.000000 0.000000 -0.792041 0.610468
976053771.349284 11.217600 -3.449480 0.000000 0.000000 0.000000 -0.808618 0.588333
976053771.361284 11.217900 -3.448540 0.000000 0.000000 0.000000 -0.822837 0.568278
976053771.421284 11.217900 -3.448540 0.000000 0.000000 0.000000 -0.836555 0.547883
976053772.233284 11.217900 -3.448540 0.000000 0.000000 0.000000 -0.851385 0.524541
976053772.244284 11.217600 -3.449480 0.000000 0.000000 0.000000 -0.865564 0.500799
976053772.254284 11.217600 -3.449480 0.000000 0.000000 0.000000 -0.879081 0.476673
976053772.291284 11.184100 -3.398540 0.000000 0.000000 0.000000 -0.891923 0.452187
976053772.733284 11.185700 -3.397010 0.000000 0.000000 0.000000 -0.905393 0.424574
976053772.734284 11.185700 -3.397010 0.000000 0.000000 0.000000 -0.915557 0.402189
976053772.811284 11.185400 -3.397950 0.000000 0.000000 0.000000 -0.925165 0.379565
976053773.483284 11.184100 -3.398540 0.000000 0.000000 0.000000 -0.938529 0.345199
976053773.501284 11.182500 -3.400070 0.000000 0.000000 0.000000 -0.948691 0.316205
976053773.502284 11.169500 -3.409160 0.000000 0.000000 0.000000 -0.954360 0.298658
976053773.631284 11.131400 -3.434530 0.000000 0.000000 0.000000 -0.961412 0.275112
976053774.399284 11.069800 -3.471490 0.000000 0.000000 0.000000 -0.963908 0.266236
976053774.412284 11.004000 -3.511180 0.000000 0.000000 0.000000 -0.963085 0.269199
976053774.602284 10.913700 -3.565270 0.000000 0.000000 0.000000 -0.966321 0.257338
976053774.621284 10.871500 -3.590200 0.000000 0.000000 0.000000 -0.965526 0.260308
976053774.881284 10.817000 -3.622330 0.000000 0.000000 0.000000 -0.966321 0.257338
976053775.219284 10.759000 -3.655300 0.000000 0.000000 0.000000 -0.967107 0.254370
976053775.231284 10.723800 -3.643880 0.000000 0.000000 0.000000 -0.965485 0.260458
976053775.411284 10.678600 -3.670490 0.000000 0.000000 0.000000 -0.966280 0.257493
976053775.876284 10.631500 -3.696450 0.000000 0.000000 0.000000 -0.967844 0.251550
976053775.877284 10.578900 -3.725820 0.000000 0.000000 0.000000 -0.969372 0.245598
976053776.120284 10.524400 -3.754530 0.000000 0.000000 0.000000 -0.970122 0.242616
976053776.619284 10.473800 -3.781390 0.000000 0.000000 0.000000 -0.971595 0.236650
976053776.621284 10.422200 -3.807930 0.000000 0.000000 0.000000 -0.973031 0.230675
976053776.622284 10.373500 -3.832290 0.000000 0.000000 0.000000 -0.974430 0.224691
976053776.919284 10.321000 -3.858490 0.000000 0.000000 0.000000 -0.975116 0.221694
976053777.262284 10.266600 -3.884040 0.000000 0.000000 0.000000 -0.975792 0.218699
976053777.281284 10.213500 -3.908980 0.000000 0.000000 0.000000 -0.977118 0.212699
976053777.411284 10.162000 -3.932350 0.000000 0.000000 0.000000 -0.978407 0.206686
976053777.840284 10.110700 -3.954780 0.000000 0.000000 0.000000 -0.979037 0.203681
976053777.851284 10.057700 -3.976550 0.000000 0.000000 0.000000 -0.979659 0.200670
976053779.617284 10.002600 -4.000830 0.000000 0.000000 0.000000 -0.979037 0.203681
976053779.982284 9.948880 -4.024490 0.000000 0.000000 0.000000 -0.979659 0.200670
976053779.983284 9.896730 -4.046590 0.000000 0.000000 0.000000 -0.979037 0.203681
976053779.984284 9.845520 -4.069010 0.000000 0.000000 0.000000 -0.977767 0.209693
976053779.985284 9.819910 -4.066180 0.000000 0.000000 0.000000 -0.971491 0.237077
976053779.986284 9.764640 -4.094820 0.000000 0.000000 0.000000 -0.970757 0.240064
976053779.987284 9.660720 -4.150900 0.000000 0.000000 0.000000 -0.968503 0.249004
976053779.988284 9.614260 -4.177940 0.000000 0.000000 0.000000 -0.967734 0.251976
976053779.989284 9.563400 -4.205780 0.000000 0.000000 0.000000 -0.967734 0.251976
976053780.130284 9.511020 -4.235260 0.000000 0.000000 0.000000 -0.968503 0.249004
976053780.335284 9.457670 -4.264460 0.000000 0.000000 0.000000 -0.969264 0.246024
976053780.424284 9.408330 -4.290670 0.000000 0.000000 0.000000 -0.970016 0.243043
976053780.869284 9.357750 -4.317550 0.000000 0.000000 0.000000 -0.970016 0.243043
976053780.870284 9.305930 -4.345110 0.000000 0.000000 0.000000 -0.970757 0.240064
976053781.101284 9.251910 -4.373070 0.000000 0.000000 0.000000 -0.971491 0.237077
976053781.424284 9.202570 -4.399270 0.000000 0.000000 0.000000 -0.972214 0.234094
976053781.425284 9.153790 -4.423550 0.000000 0.000000 0.000000 -0.972214 0.234094
976053781.651284 9.101010 -4.450830 0.000000 0.000000 0.000000 -0.971491 0.237077
976053782.177284 9.046710 -4.479750 0.000000 0.000000 0.000000 -0.970757 0.240064
976053782.189284 8.994890 -4.507310 0.000000 0.000000 0.000000 -0.969264 0.246024
976053782.231284 8.947750 -4.533110 0.000000 0.000000 0.000000 -0.968503 0.249004
976053782.629284 8.996030 -4.574060 0.000000 0.000000 0.000000 -0.957292 0.289124
976053782.641284 8.944680 -4.607950 0.000000 0.000000 0.000000 -0.957292 0.289124
976053782.861284 8.901450 -4.637460 0.000000 0.000000 0.000000 -0.956398 0.292066
976053783.261284 8.880040 -4.651230 0.000000 0.000000 0.000000 -0.956398 0.292066
976053783.301284 8.881230 -4.650470 0.000000 0.000000 0.000000 -0.958175 0.286183
976053783.412284 8.881230 -4.650470 0.000000 0.000000 0.000000 -0.959915 0.280290
976053784.395284 8.881230 -4.650470 0.000000 0.000000 0.000000 -0.963289 0.268467
976053784.407284 8.882420 -4.649700 0.000000 0.000000 0.000000 -0.969596 0.244711
976053784.418284 8.882420 -4.649700 0.000000 0.000000 0.000000 -0.975992 0.217806
976053784.629284 8.882420 -4.649700 0.000000 0.000000 0.000000 -0.988006 0.154416
976053784.651284 8.882420 -4.649700 0.000000 0.000000 0.000000 -0.993026 0.117892
976053784.814284 8.881440 -4.649490 0.000000 0.000000 0.000000 -0.995907 0.090388
976053785.300284 8.882420 -4.649700 0.000000 0.000000 0.000000 -0.997620 0.068947
976053785.301284 8.876130 -4.650380 0.000000 0.000000 0.000000 -0.998214 0.059746
976053785.441284 8.850980 -4.653120 0.000000 0.000000 0.000000 -0.999268 0.038262
976053785.948284 8.777400 -4.609970 0.000000 0.000000 0.000000 -0.998907 0.046739
976053785.949284 8.693880 -4.618300 0.000000 0.000000 0.000000 -0.998601 0.052877
976053786.614284 8.628770 -4.625650 0.000000 0.000000 0.000000 -0.998434 0.055942
976053786.618284 8.582410 -4.630060 0.000000 0.000000 0.000000 -0.998907 0.046739
976053786.619284 8.537030 -4.634630 0.000000 0.000000 0.000000 -0.999046 0.043667
976053786.620284 8.478500 -4.639030 0.000000 0.000000 0.000000 -0.999296 0.037528
976053786.811284 8.406650 -4.644240 0.000000 0.000000 0.000000 -0.999507 0.031386
976053787.340284 8.373770 -4.646850 0.000000 0.000000 0.000000 -0.999599 0.028313
976053787.362284 8.315570 -4.649270 0.000000 0.000000 0.000000 -0.999681 0.025244
976053787.363284 8.266420 -4.652200 0.000000 0.000000 0.000000 -0.999754 0.022170
976053787.521284 8.213310 -4.654470 0.000000 0.000000 0.000000 -0.999754 0.022170
976053787.983284 8.161200 -4.656900 0.000000 0.000000 0.000000 -0.999754 0.022170
976053788.219284 8.138670 -4.658200 0.000000 0.000000 0.000000 -0.999681 0.025244
976053788.596284 8.144760 -4.658200 0.000000 0.000000 0.000000 -0.999681 0.025244
976053788.597284 8.143770 -4.658030 0.000000 0.000000 0.000000 -0.999599 0.028313
976053788.635284 8.143770 -4.658030 0.000000 0.000000 0.000000 -0.999406 0.034460
976053789.228284 8.143770 -4.658030 0.000000 0.000000 0.000000 -0.999046 0.043667
976053789.241284 8.143770 -4.658030 0.000000 0.000000 0.000000 -0.997671 0.068213
976053789.242284 8.145910 -4.657380 0.000000 0.000000 0.000000 -0.994796 0.101889
976053789.461284 8.145910 -4.657380 0.000000 0.000000 0.000000 -0.990364 0.138490
976053789.870284 8.145910 -4.657380 0.000000 0.000000 0.000000 -0.982930 0.183977
976053789.881284 8.145910 -4.657380 0.000000 0.000000 0.000000 -0.979372 0.202065
976053789.971284 8.148050 -4.656720 0.000000 0.000000 0.000000 -0.975481 0.220085
976053791.153284 8.174120 -4.659370 0.000000 0.000000 0.000000 -0.976436 0.215805
976053791.275284 8.230330 -4.620000 0.000000 0.000000 0.000000 -0.943635 0.330989
976053791.806284 8.230130 -4.620980 0.000000 0.000000 0.000000 -0.943635 0.330989
976053791.822284 8.230130 -4.620980 0.000000 0.000000 0.000000 -0.943635 0.330989
976053791.841284 8.230130 -4.620980 0.000000 0.000000 0.000000 -0.943635 0.330989
976053792.410284 8.230130 -4.620980 0.000000 0.000000 0.000000 -0.942612 0.333889
976053792.472284 8.230130 -4.620980 0.000000 0.000000 0.000000 -0.940543 0.339675
976053792.473284 8.230130 -4.620980 0.000000 0.000000 0.000000 -0.937371 0.348332
976053792.636284 8.230130 -4.620980 0.000000 0.000000 0.000000 -0.930791 0.365553
976053792.836284 8.230130 -4.620980 0.000000 0.000000 0.000000 -0.915450 0.402431
976053793.188284 8.230330 -4.620000 0.000000 0.000000 0.000000 -0.890408 0.455164
976053793.235284 8.241580 -4.662460 0.000000 0.000000 0.000000 -0.881311 0.472536
976053793.949284 8.243360 -4.659850 0.000000 0.000000 0.000000 -0.864839 0.502049
976053793.950284 8.243640 -4.658890 0.000000 0.000000 0.000000 -0.845742 0.533591
976053793.951284 8.244180 -4.656960 0.000000 0.000000 0.000000 -0.816729 0.577021
976053794.816284 8.244730 -4.655040 0.000000 0.000000 0.000000 -0.781671 0.623691
976053795.275284 8.291350 -4.669680 0.000000 0.000000 0.000000 -0.583592 0.812047
976053795.745284 8.290890 -4.667490 0.000000 0.000000 0.000000 -0.545558 0.838073
976053795.747284 8.316670 -4.647380 0.000000 0.000000 0.000000 -0.513711 0.857963
976053795.911284 8.317630 -4.647640 0.000000 0.000000 0.000000 -0.476339 0.879262
976053796.316284 8.317630 -4.647640 0.000000 0.000000 0.000000 -0.429780 0.902934
976053796.317284 8.318330 -4.648870 0.000000 0.000000 0.000000 -0.382049 0.924142
976053796.541284 8.318330 -4.648870 0.000000 0.000000 0.000000 -0.350600 0.936525
976053797.991284 8.319030 -4.650100 0.000000 0.000000 0.000000 -0.315837 0.948814
976053798.387284 8.360720 -4.609390 0.000000 0.000000 0.000000 -0.026772 0.999642
976053798.405284 8.360720 -4.609390 0.000000 0.000000 0.000000 -0.029843 0.999555
976053798.861284 8.360720 -4.609390 0.000000 0.000000 0.000000 -0.029843 0.999555
976053798.862284 8.360720 -4.609390 0.000000 0.000000 0.000000 -0.029843 0.999555
976053798.874284 8.360720 -4.609390 0.000000 0.000000 0.000000 -0.029843 0.999555
976053799.409284 8.360720 -4.609390 0.000000 0.000000 0.000000 -0.029843 0.999555
976053799.410284 8.360720 -4.609390 0.000000 0.000000 0.000000 -0.029843 0.999555
976053799.562284 8.360720 -4.609390 0.000000 0.000000 0.000000 -0.029843 0.999555
976053799.674284 8.360720 -4.609390 0.000000 0.000000 0.000000 -0.029843 0.999555
976053799.922284 8.360720 -4.609390 0.000000 0.000000 0.000000 -0.029843 0.999555
976053800.161284 8.360720 -4.609390 0.000000 0.000000 0.000000 -0.029843 0.999555
976053800.274284 8.360720 -4.609390 0.000000 0.000000 0.000000 -0.029843 0.999555
976053800.521284 8.360720 -4.609390 0.000000 0.000000 0.000000 -0.029843 0.999555
976053800.674284 8.360720 -4.609390 0.000000 0.000000 0.000000 -0.029843 0.999555
976053800.874284 8.360720 -4.609390 0.000000 0.000000 0.000000 -0.029843 0.999555
976053801.742284 8.360720 -4.609390 0.000000 0.000000 0.000000 -0.029843 0.999555
976053801.874284 8.360720 -4.609390 0.000000 0.000000 0.000000 -0.029843 0.999555
976053802.744284 8.359500 -4.610100 0.000000 0.000000 0.000000 -0.029843 0.999555
976053802.874284 8.359500 -4.610100 0.000000 0.000000 0.000000 -0.029843 0.999555
976053803.748284 8.359500 -4.610100 0.000000 0.000000 0.000000 -0.029843 0.999555
976053803.875284 8.359500 -4.610100 0.000000 0.000000 0.000000 -0.029843 0.999555
976053804.748284 8.359500 -4.610100 0.000000 0.000000 0.000000 -0.029843 0.999555
976053804.874284 8.359500 -4.610100 0.000000 0.000000 0.000000 -0.029843 0.999555
976053805.753284 8.359500 -4.610100 0.000000 0.000000 0.000000 -0.032914 0.999458
976053805.874284 8.359500 -4.610100 0.000000 0.000000 0.000000 -0.032914 0.999458
976053806.748284 8.359500 -4.610100 0.000000 0.000000 0.000000 -0.032914 0.999458
976053806.874284 8.359500 -4.610100 0.000000 0.000000 0.000000 -0.032914 0.999458
976053807.745284 8.359500 -4.610100 0.000000 0.000000 0.000000 -0.032914 0.999458
976053807.875284 8.360720 -4.609390 0.000000 0.000000 0.000000 -0.032914 0.999458
976053808.746284 8.367740 -4.610260 0.000000 0.000000 0.000000 -0.042126 0.999112
976053808.986284 8.538960 -4.624600 0.000000 0.000000 0.000000 -0.042126 0.999112
976053808.987284 8.606060 -4.629340 0.000000 0.000000 0.000000 -0.042126 0.999112
976053809.112284 8.655710 -4.633480 0.000000 0.000000 0.000000 -0.045196 0.998978
976053809.329284 8.699040 -4.637990 0.000000 0.000000 0.000000 -0.048265 0.998835
976053809.582284 8.754740 -4.642740 0.000000 0.000000 0.000000 -0.048265 0.998835
976053809.871284 8.825440 -4.649490 0.000000 0.000000 0.000000 -0.054403 0.998519
976053809.875284 8.891050 -4.655890 0.000000 0.000000 0.000000 -0.057471 0.998347
976053810.336284 8.944300 -4.662050 0.000000 0.000000 0.000000 -0.060538 0.998166
976053810.337284 8.992460 -4.667860 0.000000 0.000000 0.000000 -0.063605 0.997975
976053810.475284 9.051760 -4.674630 0.000000 0.000000 0.000000 -0.063605 0.997975
976053811.179284 9.114910 -4.682440 0.000000 0.000000 0.000000 -0.063605 0.997975
976053811.221284 9.178070 -4.690250 0.000000 0.000000 0.000000 -0.063605 0.997975
976053811.919284 9.235180 -4.697460 0.000000 0.000000 0.000000 -0.063605 0.997975
976053812.485284 9.530180 -4.624860 0.000000 0.000000 0.000000 -0.018068 0.999837
976053812.487284 9.584490 -4.626620 0.000000 0.000000 0.000000 -0.024212 0.999707
976053812.702284 9.698890 -4.631990 0.000000 0.000000 0.000000 -0.033427 0.999441
976053813.121284 9.759840 -4.636720 0.000000 0.000000 0.000000 -0.039569 0.999217
976053813.122284 9.820930 -4.640470 0.000000 0.000000 0.000000 -0.045708 0.998955
976053813.181284 9.849770 -4.643620 0.000000 0.000000 0.000000 -0.048778 0.998810
976053813.836284 9.904640 -4.648490 0.000000 0.000000 0.000000 -0.054915 0.998491
976053813.837284 9.960350 -4.654500 0.000000 0.000000 0.000000 -0.057983 0.998318
976053813.838284 10.016900 -4.661630 0.000000 0.000000 0.000000 -0.064117 0.997942
976053813.935284 10.053700 -4.665920 0.000000 0.000000 0.000000 -0.061051 0.998135
976053814.463284 10.060600 -4.666920 0.000000 0.000000 0.000000 -0.064117 0.997942
976053814.482284 10.055700 -4.666200 0.000000 0.000000 0.000000 -0.061051 0.998135
976053814.495284 10.052700 -4.665780 0.000000 0.000000 0.000000 -0.057983 0.998318
976053815.326284 10.040800 -4.664070 0.000000 0.000000 0.000000 -0.042639 0.999091
976053815.327284 10.028800 -4.663340 0.000000 0.000000 0.000000 -0.030356 0.999539
976053815.328284 10.006600 -4.663180 0.000000 0.000000 0.000000 0.003440 0.999994
976053815.329284 10.008600 -4.663460 0.000000 0.000000 0.000000 0.012658 0.999920
976053815.415284 10.010700 -4.662760 0.000000 0.000000 0.000000 0.015730 0.999876
976053815.920284 10.010700 -4.662760 0.000000 0.000000 0.000000 0.018803 0.999823
976053815.921284 10.010700 -4.662760 0.000000 0.000000 0.000000 0.015730 0.999876
976053816.235284 10.010700 -4.662760 0.000000 0.000000 0.000000 0.015730 0.999876
976053816.573284 10.011700 -4.662900 0.000000 0.000000 0.000000 0.006513 0.999979
976053816.574284 10.014600 -4.663330 0.000000 0.000000 0.000000 -0.008851 0.999961
976053816.575284 10.015600 -4.663470 0.000000 0.000000 0.000000 -0.024212 0.999707
976053816.736284 10.017800 -4.662770 0.000000 0.000000 0.000000 -0.048778 0.998810
976053817.262284 10.020700 -4.663190 0.000000 0.000000 0.000000 -0.077603 0.996984
976053817.282284 10.024500 -4.664750 0.000000 0.000000 0.000000 -0.111251 0.993792
976053817.296284 10.010200 -4.665900 0.000000 0.000000 0.000000 -0.102239 0.994760
976053817.887284 10.011100 -4.666970 0.000000 0.000000 0.000000 -0.123610 0.992331
976053817.888284 10.011100 -4.666970 0.000000 0.000000 0.000000 -0.147964 0.988993
976053817.895284 10.014100 -4.667180 0.000000 0.000000 0.000000 -0.187341 0.982295
976053818.635284 10.016000 -4.668320 0.000000 0.000000 0.000000 -0.217432 0.976076
976053818.652284 10.015000 -4.668250 0.000000 0.000000 0.000000 -0.244339 0.969690
976053818.653284 10.015000 -4.668250 0.000000 0.000000 0.000000 -0.256238 0.966614
976053818.656284 10.015000 -4.668250 0.000000 0.000000 0.000000 -0.282869 0.959159
976053819.302284 10.015000 -4.668250 0.000000 0.000000 0.000000 -0.315121 0.949052
976053819.303284 10.015000 -4.668250 0.000000 0.000000 0.000000 -0.349893 0.936790
976053819.304284 9.974350 -4.703070 0.000000 0.000000 0.000000 -0.381297 0.924453
976053819.522284 9.974350 -4.703070 0.000000 0.000000 0.000000 -0.403905 0.914801
976053819.918284 9.975340 -4.703140 0.000000 0.000000 0.000000 -0.423486 0.905902
976053819.919284 9.974350 -4.703070 0.000000 0.000000 0.000000 -0.448374 0.893846
976053820.920284 9.975340 -4.703140 0.000000 0.000000 0.000000 -0.481022 0.876709
976053821.875284 9.975270 -4.704140 0.000000 0.000000 0.000000 -0.531356 0.847149
976053821.991284 9.976190 -4.705210 0.000000 0.000000 0.000000 -0.554577 0.832132
976053822.357284 9.953980 -4.897560 0.000000 0.000000 0.000000 -0.694327 0.719659
976053822.358284 9.955120 -4.964810 0.000000 0.000000 0.000000 -0.696534 0.717524
976053822.456284 9.956490 -5.015040 0.000000 0.000000 0.000000 -0.703119 0.711072
976053822.972284 9.957010 -5.063210 0.000000 0.000000 0.000000 -0.703119 0.711072
976053822.973284 9.957100 -5.117360 0.000000 0.000000 0.000000 -0.705299 0.708910
976053823.563284 9.957170 -5.185540 0.000000 0.000000 0.000000 -0.703119 0.711072
976053823.687284 9.958390 -5.251800 0.000000 0.000000 0.000000 -0.703119 0.711072
976053823.688284 9.958550 -5.304950 0.000000 0.000000 0.000000 -0.703119 0.711072
976053823.689284 9.958990 -5.354110 0.000000 0.000000 0.000000 -0.705299 0.708910
976053823.892284 9.959010 -5.409260 0.000000 0.000000 0.000000 -0.707476 0.706738
976053824.310284 9.959300 -5.474450 0.000000 0.000000 0.000000 -0.709642 0.704562
976053824.362284 9.958740 -5.537570 0.000000 0.000000 0.000000 -0.707476 0.706738
976053824.542284 9.958680 -5.593720 0.000000 0.000000 0.000000 -0.707476 0.706738
976053825.703284 9.957980 -5.644800 0.000000 0.000000 0.000000 -0.709642 0.704562
976053825.727284 9.997730 -5.826630 0.000000 0.000000 0.000000 -0.701247 0.712919
976053825.762284 9.997820 -5.877630 0.000000 0.000000 0.000000 -0.705615 0.708596
976053825.860284 9.997760 -5.936640 0.000000 0.000000 0.000000 -0.709955 0.704247
976053826.436284 9.997630 -5.999650 0.000000 0.000000 0.000000 -0.712118 0.702060
976053826.437284 9.996580 -6.058640 0.000000 0.000000 0.000000 -0.716418 0.697671
976053826.492284 9.994580 -6.114610 0.000000 0.000000 0.000000 -0.720692 0.693255
976053826.732284 9.992590 -6.169590 0.000000 0.000000 0.000000 -0.722817 0.691040
976053827.975284 9.989550 -6.227540 0.000000 0.000000 0.000000 -0.724938 0.688814
976053828.494284 9.970290 -6.577250 0.000000 0.000000 0.000000 -0.727053 0.686581
976053828.542284 9.967270 -6.634210 0.000000 0.000000 0.000000 -0.724938 0.688814
976053828.544284 9.964280 -6.689160 0.000000 0.000000 0.000000 -0.724938 0.688814
976053828.657284 9.961190 -6.750120 0.000000 0.000000 0.000000 -0.724938 0.688814
976053829.145284 10.000600 -6.763820 0.000000 0.000000 0.000000 -0.696117 0.717928
976053829.146284 10.001900 -6.820840 0.000000 0.000000 0.000000 -0.698322 0.715784
976053829.257284 10.003200 -6.877860 0.000000 0.000000 0.000000 -0.700516 0.713637
976053829.754284 10.004600 -6.935880 0.000000 0.000000 0.000000 -0.704888 0.709319
976053829.812284 10.005000 -6.994960 0.000000 0.000000 0.000000 -0.704888 0.709319
976053829.892284 10.004300 -7.051090 0.000000 0.000000 0.000000 -0.707066 0.707148
976053830.391284 10.004600 -7.108170 0.000000 0.000000 0.000000 -0.711398 0.702790
976053830.392284 10.003000 -7.168360 0.000000 0.000000 0.000000 -0.713552 0.700602
976053830.456284 10.002400 -7.226490 0.000000 0.000000 0.000000 -0.713552 0.700602
976053831.226284 10.000700 -7.282690 0.000000 0.000000 0.000000 -0.717847 0.696201
976053831.237284 9.998080 -7.341940 0.000000 0.000000 0.000000 -0.722112 0.691777
976053831.571284 9.995500 -7.401190 0.000000 0.000000 0.000000 -0.726349 0.687326
976053831.701284 9.991760 -7.457500 0.000000 0.000000 0.000000 -0.728456 0.685093
976053831.723284 9.989370 -7.502710 0.000000 0.000000 0.000000 -0.728456 0.685093
976053831.724284 9.988350 -7.519800 0.000000 0.000000 0.000000 -0.726349 0.687326
976053831.858284 9.988350 -7.519800 0.000000 0.000000 0.000000 -0.726349 0.687326
976053832.341284 9.988350 -7.519800 0.000000 0.000000 0.000000 -0.726349 0.687326
976053832.383284 9.988350 -7.519800 0.000000 0.000000 0.000000 -0.728456 0.685093
976053832.462284 9.988350 -7.519800 0.000000 0.000000 0.000000 -0.734741 0.678348
976053832.946284 9.988470 -7.521790 0.000000 0.000000 0.000000 -0.740964 0.671545
976053832.962284 9.988470 -7.521790 0.000000 0.000000 0.000000 -0.755233 0.655456
976053833.578284 9.988350 -7.519800 0.000000 0.000000 0.000000 -0.773069 0.634322
976053833.621284 9.988350 -7.519800 0.000000 0.000000 0.000000 -0.788428 0.615126
976053833.623284 9.988410 -7.520800 0.000000 0.000000 0.000000 -0.815932 0.578147
976053833.682284 9.986590 -7.523910 0.000000 0.000000 0.000000 -0.841703 0.539940
976053833.922284 9.986590 -7.523910 0.000000 0.000000 0.000000 -0.851516 0.524328
976053834.276284 9.975010 -7.516280 0.000000 0.000000 0.000000 -0.838094 0.545526
976053834.292284 9.975860 -7.515150 0.000000 0.000000 0.000000 -0.857633 0.514261
976053834.492284 9.975860 -7.515150 0.000000 0.000000 0.000000 -0.874525 0.484981
976053835.414284 9.975860 -7.515150 0.000000 0.000000 0.000000 -0.886180 0.463341
976053835.627284 9.976720 -7.514030 0.000000 0.000000 0.000000 -0.897300 0.441421
976053835.637284 9.977580 -7.512910 0.000000 0.000000 0.000000 -0.907880 0.419229
976053835.662284 9.981150 -7.509400 0.000000 0.000000 0.000000 -0.941586 0.336772
976053835.892284 9.983860 -7.507030 0.000000 0.000000 0.000000 -0.952429 0.304760
976053836.210284 9.963190 -7.493580 0.000000 0.000000 0.000000 -0.957826 0.287347
976053836.273284 9.965170 -7.493270 0.000000 0.000000 0.000000 -0.965406 0.260752
976053836.675284 9.965010 -7.492280 0.000000 0.000000 0.000000 -0.972247 0.233958
976053836.732284 9.967970 -7.491810 0.000000 0.000000 0.000000 -0.979598 0.200968
976053836.858284 9.970780 -7.490350 0.000000 0.000000 0.000000 -0.984780 0.173804
976053837.296284 9.972750 -7.490040 0.000000 0.000000 0.000000 -0.988754 0.149548
976053837.297284 9.975560 -7.488580 0.000000 0.000000 0.000000 -0.992512 0.122151
976053837.458284 9.978520 -7.488110 0.000000 0.000000 0.000000 -0.996073 0.088540
976053838.939284 9.981480 -7.487630 0.000000 0.000000 0.000000 -0.997535 0.070164
976053839.281284 9.963430 -7.432620 0.000000 0.000000 0.000000 0.991632 0.129095
976053839.587284 9.965730 -7.434270 0.000000 0.000000 0.000000 0.988160 0.153428
976053839.589284 9.967860 -7.434930 0.000000 0.000000 0.000000 0.983539 0.180693
976053839.590284 9.940310 -7.393380 0.000000 0.000000 0.000000 0.980072 0.198641
976053839.805284 9.942460 -7.394000 0.000000 0.000000 0.000000 0.974205 0.225666
976053840.216284 9.943630 -7.394800 0.000000 0.000000 0.000000 0.970623 0.240607
976053840.217284 9.943630 -7.394800 0.000000 0.000000 0.000000 0.963598 0.267354
976053840.278284 9.943630 -7.394800 0.000000 0.000000 0.000000 0.954930 0.296830
976053840.841284 9.943630 -7.394800 0.000000 0.000000 0.000000 0.944354 0.328931
976053840.842284 9.944790 -7.395610 0.000000 0.000000 0.000000 0.931585 0.363523
976053840.843284 9.944790 -7.395610 0.000000 0.000000 0.000000 0.917550 0.397620
976053841.279284 9.944970 -7.396590 0.000000 0.000000 0.000000 0.906205 0.422839
976053841.544284 9.970130 -7.376500 0.000000 0.000000 0.000000 0.898282 0.439419
976053841.546284 9.970130 -7.376500 0.000000 0.000000 0.000000 0.884359 0.466807
976053841.558284 9.970130 -7.376500 0.000000 0.000000 0.000000 0.875604 0.483030
976053842.800284 9.970130 -7.376500 0.000000 0.000000 0.000000 0.861913 0.507057
976053843.189284 9.969750 -7.374540 0.000000 0.000000 0.000000 0.770258 0.637733
976053843.190284 10.024100 -7.334440 0.000000 0.000000 0.000000 0.759449 0.650567
976053843.282284 10.024900 -7.333250 0.000000 0.000000 0.000000 0.743230 0.669036
976053843.788284 10.024500 -7.331300 0.000000 0.000000 0.000000 0.720196 0.693771
976053843.789284 10.024100 -7.329340 0.000000 0.000000 0.000000 0.700737 0.713420
976053843.922284 10.023900 -7.328360 0.000000 0.000000 0.000000 0.682991 0.730427
976053844.582284 10.024400 -7.326200 0.000000 0.000000 0.000000 0.662533 0.749033
976053844.583284 10.024200 -7.325220 0.000000 0.000000 0.000000 0.646269 0.763110
976053844.584284 10.025000 -7.324040 0.000000 0.000000 0.000000 0.627315 0.778766
976053844.662284 10.025600 -7.321870 0.000000 0.000000 0.000000 0.600639 0.799520
976053845.916284 10.026200 -7.319710 0.000000 0.000000 0.000000 0.573277 0.819361
976053846.456284 10.081300 -7.312830 0.000000 0.000000 0.000000 0.459270 0.888297
976053846.457284 10.082000 -7.311610 0.000000 0.000000 0.000000 0.434532 0.900656
976053846.458284 10.083700 -7.310140 0.000000 0.000000 0.000000 0.403847 0.914826
976053846.638284 10.085400 -7.308680 0.000000 0.000000 0.000000 0.369848 0.929092
976053847.148284 10.135300 -7.339440 0.000000 0.000000 0.000000 0.350300 0.936638
976053847.150284 10.135300 -7.339440 0.000000 0.000000 0.000000 0.324266 0.945966
976053847.238284 10.137000 -7.337950 0.000000 0.000000 0.000000 0.303846 0.952721
976053847.773284 10.138000 -7.337690 0.000000 0.000000 0.000000 0.295051 0.955482
976053847.775284 10.138000 -7.337690 0.000000 0.000000 0.000000 0.289173 0.957277
976053847.839284 10.138700 -7.336460 0.000000 0.000000 0.000000 0.289173 0.957277
976053848.241284 10.138700 -7.336460 0.000000 0.000000 0.000000 0.289173 0.957277
976053848.283284 10.138700 -7.336460 0.000000 0.000000 0.000000 0.297985 0.954570
976053848.473284 10.138700 -7.336460 0.000000 0.000000 0.000000 0.309695 0.950836
976053848.712284 10.137000 -7.337950 0.000000 0.000000 0.000000 0.335868 0.941909
976053848.979284 10.137000 -7.337950 0.000000 0.000000 0.000000 0.367507 0.930021
976053849.627284 10.138000 -7.337690 0.000000 0.000000 0.000000 0.412769 0.910836
976053849.692284 10.155100 -7.326460 0.000000 0.000000 0.000000 0.488771 0.872412
976053850.147284 10.156500 -7.323170 0.000000 0.000000 0.000000 0.523220 0.852198
976053850.149284 10.158200 -7.320870 0.000000 0.000000 0.000000 0.564469 0.825454
976053850.239284 10.159500 -7.316590 0.000000 0.000000 0.000000 0.614100 0.789228
976053850.876284 10.159500 -7.316590 0.000000 0.000000 0.000000 0.645127 0.764075
976053850.877284 10.082300 -7.272530 0.000000 0.000000 0.000000 0.652660 0.757651
976053850.878284 10.083300 -7.272380 0.000000 0.000000 0.000000 0.650327 0.759654
976053851.381284 10.083300 -7.272380 0.000000 0.000000 0.000000 0.650327 0.759654
976053851.481284 10.082800 -7.269420 0.000000 0.000000 0.000000 0.650327 0.759654
976053851.482284 10.085700 -7.255810 0.000000 0.000000 0.000000 0.643299 0.765615
976053851.713284 10.091400 -7.220520 0.000000 0.000000 0.000000 0.640942 0.767589
976053851.982284 10.104800 -7.143570 0.000000 0.000000 0.000000 0.643299 0.765615
976053852.629284 10.118700 -7.063490 0.000000 0.000000 0.000000 0.645647 0.763636
976053852.632284 10.128900 -7.005240 0.000000 0.000000 0.000000 0.638579 0.769556
976053852.633284 10.137300 -6.961440 0.000000 0.000000 0.000000 0.631460 0.775408
976053852.639284 10.145500 -6.916650 0.000000 0.000000 0.000000 0.633838 0.773466
976053853.150284 10.158700 -6.851860 0.000000 0.000000 0.000000 0.631460 0.775408
976053853.151284 10.173200 -6.781820 0.000000 0.000000 0.000000 0.631460 0.775408
976053853.241284 10.185200 -6.722280 0.000000 0.000000 0.000000 0.633838 0.773466
976053853.908284 10.194800 -6.673230 0.000000 0.000000 0.000000 0.631460 0.775408
976053853.909284 10.204400 -6.624180 0.000000 0.000000 0.000000 0.631460 0.775408
976053853.910284 10.217000 -6.561520 0.000000 0.000000 0.000000 0.631460 0.775408
976053854.413284 10.230100 -6.495740 0.000000 0.000000 0.000000 0.633838 0.773466
976053854.556284 10.240600 -6.439470 0.000000 0.000000 0.000000 0.636213 0.771513
976053854.558284 10.250800 -6.388290 0.000000 0.000000 0.000000 0.636213 0.771513
976053854.673284 10.261200 -6.331030 0.000000 0.000000 0.000000 0.640942 0.767589
976053855.251284 10.270900 -6.269820 0.000000 0.000000 0.000000 0.643299 0.765615
976053855.253284 10.186200 -6.286300 0.000000 0.000000 0.000000 0.697691 0.716398
976053855.254284 10.187200 -6.227490 0.000000 0.000000 0.000000 0.697691 0.716398
976053855.439284 10.187800 -6.170880 0.000000 0.000000 0.000000 0.697691 0.716398
976053855.899284 10.189600 -6.114940 0.000000 0.000000 0.000000 0.697691 0.716398
976053855.923284 10.190300 -6.055170 0.000000 0.000000 0.000000 0.699891 0.714250
976053856.830284 10.191000 -5.995400 0.000000 0.000000 0.000000 0.697691 0.716398
976053857.377284 10.196800 -5.762720 0.000000 0.000000 0.000000 0.695489 0.718537
976053857.457284 10.203800 -5.586080 0.000000 0.000000 0.000000 0.691060 0.722797
976053857.937284 10.205400 -5.529180 0.000000 0.000000 0.000000 0.691060 0.722797
976053857.957284 10.208300 -5.469780 0.000000 0.000000 0.000000 0.691060 0.722797
976053858.927284 10.210900 -5.409430 0.000000 0.000000 0.000000 0.691060 0.722797
976053859.277284 10.146800 -5.191480 0.000000 0.000000 0.000000 0.722011 0.691881
976053859.287284 10.143600 -5.130530 0.000000 0.000000 0.000000 0.724132 0.689661
976053859.507284 10.136300 -5.017540 0.000000 0.000000 0.000000 0.728356 0.685199
976053859.977284 10.133400 -4.971450 0.000000 0.000000 0.000000 0.730460 0.682956
976053859.987284 10.131400 -4.949700 0.000000 0.000000 0.000000 0.730460 0.682956
976053860.387284 10.131600 -4.952860 0.000000 0.000000 0.000000 0.730460 0.682956
976053860.737284 10.131400 -4.949700 0.000000 0.000000 0.000000 0.730460 0.682956
976053860.917284 10.131600 -4.947480 0.000000 0.000000 0.000000 0.717746 0.696305
976053861.397284 10.132000 -4.948410 0.000000 0.000000 0.000000 0.706963 0.707250
976053861.467284 10.132000 -4.948410 0.000000 0.000000 0.000000 0.678156 0.734918
976053862.297284 10.132200 -4.946180 0.000000 0.000000 0.000000 0.657575 0.753389
976053862.307284 10.132200 -4.946180 0.000000 0.000000 0.000000 0.629353 0.777120
976053862.397284 10.131800 -4.945250 0.000000 0.000000 0.000000 0.597817 0.801633
976053862.717284 10.131800 -4.945250 0.000000 0.000000 0.000000 0.575422 0.817857
976053862.837284 10.183700 -4.915450 0.000000 0.000000 0.000000 0.532461 0.846455
976053863.407284 10.183700 -4.915450 0.000000 0.000000 0.000000 0.508851 0.860854
976053863.417284 10.183700 -4.915450 0.000000 0.000000 0.000000 0.457754 0.889079
976053864.137284 10.183700 -4.915450 0.000000 0.000000 0.000000 0.430223 0.902723
976053864.157284 10.183700 -4.915450 0.000000 0.000000 0.000000 0.413508 0.910501
976053864.217284 10.183700 -4.915450 0.000000 0.000000 0.000000 0.362542 0.931968
976053864.697284 10.183200 -4.916790 0.000000 0.000000 0.000000 0.333737 0.942666
976053864.727284 10.228000 -4.947870 0.000000 0.000000 0.000000 0.298659 0.954360
976053864.737284 10.228000 -4.947870 0.000000 0.000000 0.000000 0.275111 0.961412
976053865.367284 10.228000 -4.947870 0.000000 0.000000 0.000000 0.248422 0.968652
976053865.457284 10.228000 -4.947870 0.000000 0.000000 0.000000 0.181214 0.983444
976053865.837284 10.234400 -4.944940 0.000000 0.000000 0.000000 0.160021 0.987114
976053865.897284 10.261500 -4.936840 0.000000 0.000000 0.000000 0.129618 0.991564
976053866.197284 10.321400 -4.923530 0.000000 0.000000 0.000000 0.105206 0.994450
976053866.437284 10.402900 -4.906860 0.000000 0.000000 0.000000 0.108262 0.994122
976053866.497284 10.465600 -4.892290 0.000000 0.000000 0.000000 0.114369 0.993438
976053866.577284 10.490400 -4.886360 0.000000 0.000000 0.000000 0.111316 0.993785
976053867.257284 10.532700 -4.877860 0.000000 0.000000 0.000000 0.102151 0.994769
976053867.267284 10.611900 -4.923460 0.000000 0.000000 0.000000 0.104426 0.994533
976053867.387284 10.745700 -4.896140 0.000000 0.000000 0.000000 0.095254 0.995453
976053867.907284 10.801500 -4.885910 0.000000 0.000000 0.000000 0.089135 0.996020
976053868.097284 10.964000 -4.858630 0.000000 0.000000 0.000000 0.086074 0.996289
976053868.647284 10.995500 -4.852970 0.000000 0.000000 0.000000 0.083012 0.996549
976053868.677284 11.109700 -4.835730 0.000000 0.000000 0.000000 0.073822 0.997271
976053868.957284 11.161000 -4.827580 0.000000 0.000000 0.000000 0.070758 0.997494
976053869.337284 11.219000 -4.819670 0.000000 0.000000 0.000000 0.070758 0.997494
976053869.357284 11.282300 -4.811480 0.000000 0.000000 0.000000 0.067692 0.997706
976053869.457284 11.341200 -4.803140 0.000000 0.000000 0.000000 0.067692 0.997706
976053870.097284 11.394200 -4.796400 0.000000 0.000000 0.000000 0.067692 0.997706
976053870.107284 11.510100 -4.782790 0.000000 0.000000 0.000000 0.055425 0.998463
976053870.297284 11.569000 -4.776690 0.000000 0.000000 0.000000 0.049287 0.998785
976053870.957284 11.543700 -4.718070 0.000000 0.000000 0.000000 0.069613 0.997574
976053871.107284 11.715600 -4.697820 0.000000 0.000000 0.000000 0.051210 0.998688
976053871.587284 11.773200 -4.691670 0.000000 0.000000 0.000000 0.048141 0.998841
976053871.647284 11.830400 -4.686860 0.000000 0.000000 0.000000 0.042002 0.999118
976053871.837284 11.945700 -4.679020 0.000000 0.000000 0.000000 0.032790 0.999462
976053872.267284 11.991300 -4.675710 0.000000 0.000000 0.000000 0.032790 0.999462
976053872.327284 12.011800 -4.674090 0.000000 0.000000 0.000000 0.032790 0.999462
976053872.497284 12.008700 -4.674580 0.000000 0.000000 0.000000 0.029719 0.999558
976053873.637284 12.010100 -4.675000 0.000000 0.000000 0.000000 0.020504 0.999790
976053873.647284 12.012300 -4.674970 0.000000 0.000000 0.000000 0.008214 0.999966
976053873.657284 12.012300 -4.674970 0.000000 0.000000 0.000000 -0.013295 0.999912
976053873.787284 12.010100 -4.675000 0.000000 0.000000 0.000000 -0.065486 0.997854
976053873.837284 12.010900 -4.674550 0.000000 0.000000 0.000000 -0.102227 0.994761
976053874.207284 12.017700 -4.676690 0.000000 0.000000 0.000000 -0.163128 0.986605
976053874.617284 12.019000 -4.677120 0.000000 0.000000 0.000000 -0.190347 0.981717
976053874.637284 12.048300 -4.719520 0.000000 0.000000 0.000000 -0.168400 0.985719
976053874.817284 12.048900 -4.720360 0.000000 0.000000 0.000000 -0.234600 0.972092
976053875.317284 12.047500 -4.720050 0.000000 0.000000 0.000000 -0.273234 0.961948
976053875.447284 12.047000 -4.719210 0.000000 0.000000 0.000000 -0.314350 0.949307
976053875.967284 12.047500 -4.720050 0.000000 0.000000 0.000000 -0.346251 0.938142
976053875.997284 12.047500 -4.720050 0.000000 0.000000 0.000000 -0.369206 0.929348
976053876.207284 12.047500 -4.720050 0.000000 0.000000 0.000000 -0.394762 0.918783
976053876.637284 12.051000 -4.758170 0.000000 0.000000 0.000000 -0.422800 0.906223
976053876.817284 12.050500 -4.757320 0.000000 0.000000 0.000000 -0.501767 0.865003
976053877.267284 12.049400 -4.755630 0.000000 0.000000 0.000000 -0.530716 0.847550
976053877.497284 12.047800 -4.753100 0.000000 0.000000 0.000000 -0.571723 0.820446
976053877.947284 12.047200 -4.752250 0.000000 0.000000 0.000000 -0.594191 0.804324
976053878.217284 12.017400 -4.778630 0.000000 0.000000 0.000000 -0.625955 0.779859
976053878.447284 12.020600 -4.794450 0.000000 0.000000 0.000000 -0.637863 0.770150
976053878.507284 12.027600 -4.837750 0.000000 0.000000 0.000000 -0.654280 0.756253
976053878.617284 12.037500 -4.912690 0.000000 0.000000 0.000000 -0.661221 0.750191
976053879.897284 12.047700 -4.989840 0.000000 0.000000 0.000000 -0.656598 0.754240
976053880.367284 12.085700 -5.332560 0.000000 0.000000 0.000000 -0.677203 0.735796
976053880.387284 12.089600 -5.380280 0.000000 0.000000 0.000000 -0.681712 0.731621
976053880.437284 12.092900 -5.434380 0.000000 0.000000 0.000000 -0.683958 0.729521
976053881.157284 12.096200 -5.499300 0.000000 0.000000 0.000000 -0.690655 0.723184
976053881.237284 12.102900 -5.671010 0.000000 0.000000 0.000000 -0.699491 0.714641
976053881.757284 12.104000 -5.728980 0.000000 0.000000 0.000000 -0.703869 0.710330
976053881.787284 12.103700 -5.793880 0.000000 0.000000 0.000000 -0.708221 0.705991
976053881.817284 12.064300 -5.804520 0.000000 0.000000 0.000000 -0.694119 0.719861
976053882.487284 12.067500 -5.861580 0.000000 0.000000 0.000000 -0.696329 0.717723
976053882.717284 12.069600 -6.034430 0.000000 0.000000 0.000000 -0.705097 0.709111
976053883.137284 12.070300 -6.093240 0.000000 0.000000 0.000000 -0.705097 0.709111
976053883.147284 12.070200 -6.152650 0.000000 0.000000 0.000000 -0.707271 0.706943
976053883.227284 12.070400 -6.210660 0.000000 0.000000 0.000000 -0.709441 0.704765
976053883.797284 12.069900 -6.267860 0.000000 0.000000 0.000000 -0.713759 0.700392
976053883.857284 12.068200 -6.347040 0.000000 0.000000 0.000000 -0.709441 0.704765
976053884.487284 12.068300 -6.350640 0.000000 0.000000 0.000000 -0.702913 0.711276
976053884.527284 12.068500 -6.349240 0.000000 0.000000 0.000000 -0.694119 0.719861
976053884.627284 12.068800 -6.347850 0.000000 0.000000 0.000000 -0.662518 0.749046
976053885.157284 12.068500 -6.349240 0.000000 0.000000 0.000000 -0.620096 0.784526
976053885.227284 12.070100 -6.353070 0.000000 0.000000 0.000000 -0.524476 0.851425
976053885.797284 12.114200 -6.348660 0.000000 0.000000 0.000000 -0.524834 0.851205
976053885.807284 12.114800 -6.349500 0.000000 0.000000 0.000000 -0.479676 0.877446
976053885.827284 12.113700 -6.347830 0.000000 0.000000 0.000000 -0.427658 0.903941
976053886.937284 12.112300 -6.347540 0.000000 0.000000 0.000000 -0.391218 0.920298
976053887.187284 12.135600 -6.344560 0.000000 0.000000 0.000000 -0.227962 0.973670
976053887.207284 12.136100 -6.345410 0.000000 0.000000 0.000000 -0.191913 0.981412
976053887.217284 12.137500 -6.345720 0.000000 0.000000 0.000000 -0.155603 0.987820
976053887.907284 12.141600 -6.346640 0.000000 0.000000 0.000000 -0.131276 0.991346
976053887.927284 12.158200 -6.350330 0.000000 0.000000 0.000000 -0.119081 0.992885
976053888.127284 12.269600 -6.370770 0.000000 0.000000 0.000000 -0.073208 0.997317
976053888.547284 12.303500 -6.317660 0.000000 0.000000 0.000000 -0.032618 0.999468
976053888.627284 12.408800 -6.325180 0.000000 0.000000 0.000000 -0.041830 0.999125
976053889.917284 12.458300 -6.328870 0.000000 0.000000 0.000000 -0.035689 0.999363
976053889.927284 12.521900 -6.333020 0.000000 0.000000 0.000000 -0.029547 0.999563
976053890.427284 12.844600 -6.357900 0.000000 0.000000 0.000000 -0.054107 0.998535
976053890.477284 12.966100 -6.371850 0.000000 0.000000 0.000000 -0.057174 0.998364
976053891.147284 13.020000 -6.379700 0.000000 0.000000 0.000000 -0.066375 0.997795
976053891.207284 13.074700 -6.386940 0.000000 0.000000 0.000000 -0.066375 0.997795
976053891.247284 13.163600 -6.399420 0.000000 0.000000 0.000000 -0.078634 0.996904
976053891.757284 13.222900 -6.409410 0.000000 0.000000 0.000000 -0.081697 0.996657
976053891.837284 13.355000 -6.341340 0.000000 0.000000 0.000000 -0.056690 0.998392
976053892.477284 13.409100 -6.347550 0.000000 0.000000 0.000000 -0.062825 0.998025
976053892.607284 13.560000 -6.368160 0.000000 0.000000 0.000000 -0.068957 0.997620
976053893.127284 13.615500 -6.375890 0.000000 0.000000 0.000000 -0.072022 0.997403
976053893.317284 13.792100 -6.403410 0.000000 0.000000 0.000000 -0.081213 0.996697
976053893.857284 13.847300 -6.413950 0.000000 0.000000 0.000000 -0.087337 0.996179
976053894.107284 13.990600 -6.441080 0.000000 0.000000 0.000000 -0.099574 0.995030
976053894.637284 14.048600 -6.453260 0.000000 0.000000 0.000000 -0.105687 0.994399
976053894.647284 14.159500 -6.477940 0.000000 0.000000 0.000000 -0.108742 0.994070
976053895.127284 14.216000 -6.490000 0.000000 0.000000 0.000000 -0.108742 0.994070
976053895.147284 14.275900 -6.504450 0.000000 0.000000 0.000000 -0.111796 0.993731
976053895.247284 14.355400 -6.511620 0.000000 0.000000 0.000000 -0.074462 0.997224
976053895.807284 14.411200 -6.519420 0.000000 0.000000 0.000000 -0.071397 0.997448
976053895.857284 14.524300 -6.536430 0.000000 0.000000 0.000000 -0.074462 0.997224
976053896.357284 14.583700 -6.546350 0.000000 0.000000 0.000000 -0.080589 0.996747
976053896.377284 14.641000 -6.555560 0.000000 0.000000 0.000000 -0.086712 0.996233
976053896.407284 14.696900 -6.566180 0.000000 0.000000 0.000000 -0.092833 0.995682
976053896.907284 14.754100 -6.576810 0.000000 0.000000 0.000000 -0.095892 0.995392
976053897.457284 14.870800 -6.601600 0.000000 0.000000 0.000000 -0.108119 0.994138
976053897.487284 14.926700 -6.613640 0.000000 0.000000 0.000000 -0.111173 0.993801
976053897.527284 14.981800 -6.626380 0.000000 0.000000 0.000000 -0.120330 0.992734
976053897.607284 15.040500 -6.641250 0.000000 0.000000 0.000000 -0.123379 0.992360
976053898.107284 15.098500 -6.656830 0.000000 0.000000 0.000000 -0.126428 0.991976
976053898.117284 15.153600 -6.670990 0.000000 0.000000 0.000000 -0.132522 0.991180
976053898.207284 15.208800 -6.686560 0.000000 0.000000 0.000000 -0.135567 0.990768
976053898.647284 15.264600 -6.702850 0.000000 0.000000 0.000000 -0.138611 0.990347
976053898.857284 15.355400 -6.722390 0.000000 0.000000 0.000000 -0.124619 0.992205
976053899.187284 15.409600 -6.736110 0.000000 0.000000 0.000000 -0.127667 0.991817
976053899.207284 15.466000 -6.750460 0.000000 0.000000 0.000000 -0.127667 0.991817
976053899.407284 15.523900 -6.766180 0.000000 0.000000 0.000000 -0.127667 0.991817
976053899.747284 15.583900 -6.782540 0.000000 0.000000 0.000000 -0.127667 0.991817
976053899.817284 15.638800 -6.796940 0.000000 0.000000 0.000000 -0.130714 0.991420
976053900.347284 15.693800 -6.811340 0.000000 0.000000 0.000000 -0.130714 0.991420
976053900.407284 15.805200 -6.842920 0.000000 0.000000 0.000000 -0.136804 0.990598
976053900.797284 15.840200 -6.852340 0.000000 0.000000 0.000000 -0.133760 0.991014
976053900.807284 15.863800 -6.859320 0.000000 0.000000 0.000000 -0.142889 0.989739
976053901.207284 15.882400 -6.864350 0.000000 0.000000 0.000000 -0.142889 0.989739
976053901.237284 15.888100 -6.866980 0.000000 0.000000 0.000000 -0.142889 0.989739
976053901.407284 15.887400 -6.866300 0.000000 0.000000 0.000000 -0.142889 0.989739
976053901.847284 15.887400 -6.866300 0.000000 0.000000 0.000000 -0.145930 0.989295
976053902.297284 15.887400 -6.866300 0.000000 0.000000 0.000000 -0.145930 0.989295
976053902.407284 15.887400 -6.866300 0.000000 0.000000 0.000000 -0.152007 0.988379
976053902.687284 15.887400 -6.866300 0.000000 0.000000 0.000000 -0.164143 0.986436
976053902.907284 15.887400 -6.866300 0.000000 0.000000 0.000000 -0.188340 0.982104
976053903.207284 15.887400 -6.866300 0.000000 0.000000 0.000000 -0.212423 0.977178
976053903.407284 15.891000 -6.868300 0.000000 0.000000 0.000000 -0.274992 0.961446
976053903.827284 15.893200 -6.870350 0.000000 0.000000 0.000000 -0.304401 0.952544
976053904.237284 15.897500 -6.873030 0.000000 0.000000 0.000000 -0.350845 0.936433
976053904.267284 15.899000 -6.874400 0.000000 0.000000 0.000000 -0.376605 0.926374
976053904.407284 15.852200 -6.907810 0.000000 0.000000 0.000000 -0.355602 0.934637
976053904.797284 15.853200 -6.909790 0.000000 0.000000 0.000000 -0.384149 0.923271
976053904.807284 15.854800 -6.910960 0.000000 0.000000 0.000000 -0.403918 0.914795
976053905.127284 15.856400 -6.912130 0.000000 0.000000 0.000000 -0.429058 0.903277
976053905.207284 15.858300 -6.914700 0.000000 0.000000 0.000000 -0.459339 0.888261
976053905.657284 15.859300 -6.916680 0.000000 0.000000 0.000000 -0.486413 0.873729
976053905.707284 15.860300 -6.918670 0.000000 0.000000 0.000000 -0.499776 0.866155
976053905.807284 15.861400 -6.920650 0.000000 0.000000 0.000000 -0.526153 0.850390
976053906.397284 15.861600 -6.922050 0.000000 0.000000 0.000000 -0.564775 0.825245
976053906.427284 15.793700 -6.955250 0.000000 0.000000 0.000000 -0.582272 0.812994
976053906.607284 15.794000 -6.956640 0.000000 0.000000 0.000000 -0.619111 0.785304
976053907.137284 15.794000 -6.956640 0.000000 0.000000 0.000000 -0.642947 0.765911
976053907.297284 15.794000 -6.956640 0.000000 0.000000 0.000000 -0.686540 0.727092
976053907.737284 15.794000 -6.956640 0.000000 0.000000 0.000000 -0.708556 0.705654
976053907.817284 15.794000 -6.956640 0.000000 0.000000 0.000000 -0.750557 0.660805
976053908.357284 15.788900 -6.978890 0.000000 0.000000 0.000000 -0.779677 0.626182
976053908.377284 15.788500 -6.981100 0.000000 0.000000 0.000000 -0.796694 0.604383
976053908.457284 15.788000 -6.981910 0.000000 0.000000 0.000000 -0.811307 0.584620
976053909.977284 15.787400 -6.982720 0.000000 0.000000 0.000000 -0.827163 0.561962
976053910.287284 15.742300 -6.968640 0.000000 0.000000 0.000000 -0.920061 0.391776
976053910.467284 15.742300 -6.968640 0.000000 0.000000 0.000000 -0.934972 0.354722
976053910.867284 15.742300 -6.968640 0.000000 0.000000 0.000000 -0.943408 0.331635
976053911.537284 15.742300 -6.968640 0.000000 0.000000 0.000000 -0.964471 0.264187
976053911.637284 15.742300 -6.968640 0.000000 0.000000 0.000000 -0.983606 0.180329
976053912.317284 15.702000 -6.939420 0.000000 0.000000 0.000000 -0.986720 0.162433
976053912.327284 15.700600 -6.939700 0.000000 0.000000 0.000000 -0.989985 0.141173
976053912.827284 15.696500 -6.940530 0.000000 0.000000 0.000000 -0.996786 0.080105
976053913.117284 15.692300 -6.941360 0.000000 0.000000 0.000000 0.999983 0.005846
976053913.537284 15.692300 -6.941360 0.000000 0.000000 0.000000 0.999439 0.033495
976053913.607284 15.700000 -6.870390 0.000000 0.000000 0.000000 0.996414 0.084615
976053914.137284 15.700000 -6.870390 0.000000 0.000000 0.000000 0.993694 0.112130
976053914.217284 15.699200 -6.869860 0.000000 0.000000 0.000000 0.985457 0.169923
976053914.797284 15.698300 -6.869320 0.000000 0.000000 0.000000 0.982730 0.185044
976053914.817284 15.697500 -6.868780 0.000000 0.000000 0.000000 0.975241 0.221143
976053914.967284 15.697500 -6.868780 0.000000 0.000000 0.000000 0.965631 0.259917
976053915.437284 15.697500 -6.868780 0.000000 0.000000 0.000000 0.956296 0.292401
976053915.457284 15.697500 -6.868780 0.000000 0.000000 0.000000 0.945868 0.324550
976053915.517284 15.703900 -6.779020 0.000000 0.000000 0.000000 0.939208 0.343350
976053916.177284 15.704800 -6.779550 0.000000 0.000000 0.000000 0.930485 0.366330
976053916.297284 15.705600 -6.780090 0.000000 0.000000 0.000000 0.917572 0.397569
976053916.707284 15.707300 -6.781160 0.000000 0.000000 0.000000 0.910087 0.414416
976053916.857284 15.708800 -6.784450 0.000000 0.000000 0.000000 0.858776 0.512352
976053917.267284 15.709600 -6.784990 0.000000 0.000000 0.000000 0.844280 0.535902
976053917.477284 15.709900 -6.786370 0.000000 0.000000 0.000000 0.823952 0.566660
976053917.867284 15.741900 -6.753540 0.000000 0.000000 0.000000 0.801058 0.598587
976053917.877284 15.741900 -6.753540 0.000000 0.000000 0.000000 0.784199 0.620509
976053917.947284 15.742200 -6.754920 0.000000 0.000000 0.000000 0.772628 0.634859
976053918.447284 15.742200 -6.754920 0.000000 0.000000 0.000000 0.752757 0.658299
976053918.567284 15.742000 -6.757140 0.000000 0.000000 0.000000 0.700020 0.714124
976053919.157284 15.741400 -6.757990 0.000000 0.000000 0.000000 0.686733 0.726910
976053919.167284 15.741700 -6.759370 0.000000 0.000000 0.000000 0.654839 0.755768
976053919.267284 15.803700 -6.757390 0.000000 0.000000 0.000000 0.636325 0.771421
976053919.837284 15.803100 -6.758250 0.000000 0.000000 0.000000 0.619586 0.784929
976053919.847284 15.803500 -6.759620 0.000000 0.000000 0.000000 0.577755 0.816211
976053920.257284 15.803100 -6.758250 0.000000 0.000000 0.000000 0.552408 0.833574
976053920.517284 15.803100 -6.758250 0.000000 0.000000 0.000000 0.544699 0.838632
976053920.587284 15.803100 -6.758250 0.000000 0.000000 0.000000 0.542122 0.840300
976053921.127284 15.803700 -6.757390 0.000000 0.000000 0.000000 0.542122 0.840300
976053921.147284 15.803700 -6.757390 0.000000 0.000000 0.000000 0.542122 0.840300
976053921.377284 15.803700 -6.757390 0.000000 0.000000 0.000000 0.565150 0.824988
976053921.547284 15.803100 -6.758250 0.000000 0.000000 0.000000 0.590227 0.807237
976053922.817284 15.803100 -6.758250 0.000000 0.000000 0.000000 0.619586 0.784929
976053922.927284 15.803300 -6.745750 0.000000 0.000000 0.000000 0.626239 0.779631
976053922.997284 15.803300 -6.745750 0.000000 0.000000 0.000000 0.782054 0.623211
976053923.457284 15.758400 -6.750470 0.000000 0.000000 0.000000 0.798895 0.601471
976053923.547284 15.755400 -6.744460 0.000000 0.000000 0.000000 0.861974 0.506953
976053924.877284 15.752800 -6.741260 0.000000 0.000000 0.000000 0.882976 0.469418
976053924.887284 15.751800 -6.739260 0.000000 0.000000 0.000000 0.898335 0.439311
976053924.947284 15.700900 -6.764810 0.000000 0.000000 0.000000 0.965245 0.261346
976053925.397284 15.700900 -6.764810 0.000000 0.000000 0.000000 0.965245 0.261346
976053925.547284 15.700900 -6.764810 0.000000 0.000000 0.000000 0.965245 0.261346
976053926.487284 15.700900 -6.764810 0.000000 0.000000 0.000000 0.965245 0.261346
976053926.497284 15.700900 -6.764810 0.000000 0.000000 0.000000 0.967612 0.252440
976053926.697284 15.697900 -6.763780 0.000000 0.000000 0.000000 0.990853 0.134948
976053926.817284 15.656500 -6.856470 0.000000 0.000000 0.000000 0.994841 0.101447
976053927.277284 15.656500 -6.856470 0.000000 0.000000 0.000000 0.995148 0.098387
976053927.357284 15.656500 -6.856470 0.000000 0.000000 0.000000 0.995148 0.098387
976053927.947284 15.656500 -6.856470 0.000000 0.000000 0.000000 0.995148 0.098387
976053927.967284 15.656500 -6.856470 0.000000 0.000000 0.000000 0.995148 0.098387
976053928.147284 15.656500 -6.856470 0.000000 0.000000 0.000000 0.995148 0.098387
976053928.377284 15.656500 -6.856470 0.000000 0.000000 0.000000 0.995148 0.098387
976053928.557284 15.656500 -6.856470 0.000000 0.000000 0.000000 0.995148 0.098387
976053928.757284 15.656500 -6.856470 0.000000 0.000000 0.000000 0.995148 0.098387
976053928.997284 15.656500 -6.856470 0.000000 0.000000 0.000000 0.995148 0.098387
976053929.147284 15.656500 -6.856470 0.000000 0.000000 0.000000 0.994841 0.101447
976053929.347284 15.656500 -6.856470 0.000000 0.000000 0.000000 0.994525 0.104500
976053929.577284 15.656500 -6.856470 0.000000 0.000000 0.000000 0.994525 0.104500
976053929.747284 15.656500 -6.856470 0.000000 0.000000 0.000000 0.994525 0.104500
976053929.947284 15.649100 -6.854530 0.000000 0.000000 0.000000 0.993519 0.113665
976053930.147284 15.628600 -6.849930 0.000000 0.000000 0.000000 0.992802 0.119768
976053930.487284 15.572700 -6.835440 0.000000 0.000000 0.000000 0.991655 0.128917
976053930.547284 15.484500 -6.813520 0.000000 0.000000 0.000000 0.992429 0.122820
976053930.997284 15.415400 -6.796380 0.000000 0.000000 0.000000 0.992429 0.122820
976053931.187284 15.331600 -6.775350 0.000000 0.000000 0.000000 0.991655 0.128917
976053931.407284 15.278600 -6.761910 0.000000 0.000000 0.000000 0.992429 0.122820
976053931.547284 15.208800 -6.744150 0.000000 0.000000 0.000000 0.992429 0.122820
976053932.257284 15.141300 -6.728240 0.000000 0.000000 0.000000 0.992802 0.119768
976053932.267284 15.089100 -6.715420 0.000000 0.000000 0.000000 0.992429 0.122820
976053932.667284 14.990100 -6.692700 0.000000 0.000000 0.000000 0.992802 0.119768
976053932.747284 14.866700 -6.662290 0.000000 0.000000 0.000000 0.992047 0.125867
976053933.277284 14.811600 -6.648420 0.000000 0.000000 0.000000 0.991655 0.128917
976053933.347284 14.706900 -6.619980 0.000000 0.000000 0.000000 0.990845 0.135008
976053934.757284 14.653200 -6.605940 0.000000 0.000000 0.000000 0.990425 0.138049
976053934.767284 14.702900 -6.726220 0.000000 0.000000 0.000000 0.998024 0.062830
976053934.777284 14.641800 -6.718740 0.000000 0.000000 0.000000 0.997619 0.068962
976053934.787284 14.415900 -6.685090 0.000000 0.000000 0.000000 0.996696 0.081217
976053935.337284 14.354100 -6.674900 0.000000 0.000000 0.000000 0.996941 0.078152
976053935.437284 14.242500 -6.657680 0.000000 0.000000 0.000000 0.996696 0.081217
976053935.547284 14.186000 -6.648160 0.000000 0.000000 0.000000 0.996941 0.078152
976053936.747284 14.126800 -6.639410 0.000000 0.000000 0.000000 0.997177 0.075091
976053936.857284 14.069900 -6.630760 0.000000 0.000000 0.000000 0.997177 0.075091
976053937.487284 13.780100 -6.592650 0.000000 0.000000 0.000000 0.998213 0.059761
976053937.547284 13.656900 -6.591090 0.000000 0.000000 0.000000 0.999162 0.040935
976053938.947284 13.597800 -6.586650 0.000000 0.000000 0.000000 0.998891 0.047074
976053938.977284 13.254000 -6.547400 0.000000 0.000000 0.000000 0.997854 0.065479
976053939.447284 13.197200 -6.540700 0.000000 0.000000 0.000000 0.997854 0.065479
976053939.477284 13.137600 -6.532690 0.000000 0.000000 0.000000 0.998051 0.062411
976053939.547284 13.077700 -6.525570 0.000000 0.000000 0.000000 0.998051 0.062411
976053940.147284 13.023000 -6.518860 0.000000 0.000000 0.000000 0.998237 0.059346
976053940.897284 12.848000 -6.501050 0.000000 0.000000 0.000000 0.998742 0.050140
976053940.917284 12.790700 -6.495250 0.000000 0.000000 0.000000 0.998891 0.047074
976053941.887284 12.686900 -6.466950 0.000000 0.000000 0.000000 0.999665 0.025878
976053942.307284 12.483300 -6.455940 0.000000 0.000000 0.000000 0.999384 0.035094
976053942.417284 12.432100 -6.452520 0.000000 0.000000 0.000000 0.999487 0.032021
976053942.947284 12.433400 -6.452030 0.000000 0.000000 0.000000 0.999487 0.032021
976053942.967284 12.433400 -6.452030 0.000000 0.000000 0.000000 0.999487 0.032021
976053943.227284 12.433400 -6.452030 0.000000 0.000000 0.000000 0.999665 0.025878
976053943.657284 12.433400 -6.452030 0.000000 0.000000 0.000000 0.999861 0.016666
976053943.667284 12.433400 -6.452030 0.000000 0.000000 0.000000 -0.999969 0.007916
976053943.727284 12.434300 -6.452440 0.000000 0.000000 0.000000 -0.999253 0.038637
976053944.527284 12.434300 -6.452440 0.000000 0.000000 0.000000 -0.996412 0.084635
976053944.647284 12.425200 -6.508510 0.000000 0.000000 0.000000 -0.975352 0.220655
976053945.737284 12.425200 -6.508510 0.000000 0.000000 0.000000 -0.963329 0.268323
976053945.947284 12.424700 -6.509390 0.000000 0.000000 0.000000 -0.947024 0.321162
976053946.247284 12.420800 -6.518770 0.000000 0.000000 0.000000 -0.852469 0.522778
976053946.527284 12.420300 -6.519660 0.000000 0.000000 0.000000 -0.827477 0.561499
976053946.537284 12.420300 -6.519660 0.000000 0.000000 0.000000 -0.804394 0.594096
976053946.607284 12.420300 -6.519660 0.000000 0.000000 0.000000 -0.780028 0.625745
976053947.107284 12.420300 -6.519660 0.000000 0.000000 0.000000 -0.748333 0.663324
976053947.237284 12.474700 -6.555420 0.000000 0.000000 0.000000 -0.708471 0.705739
976053947.767284 12.474700 -6.555420 0.000000 0.000000 0.000000 -0.708471 0.705739
976053947.927284 12.474800 -6.563480 0.000000 0.000000 0.000000 -0.719231 0.694771
976053948.317284 12.473500 -6.588040 0.000000 0.000000 0.000000 -0.719231 0.694771
976053948.327284 12.471300 -6.648830 0.000000 0.000000 0.000000 -0.721361 0.692560
976053948.957284 12.468100 -6.735540 0.000000 0.000000 0.000000 -0.717091 0.696979
976053949.127284 12.461100 -6.890120 0.000000 0.000000 0.000000 -0.729818 0.683642
976053949.647284 12.457600 -6.949050 0.000000 0.000000 0.000000 -0.729818 0.683642
976053949.657284 12.452200 -7.019520 0.000000 0.000000 0.000000 -0.734005 0.679144
976053949.727284 12.447600 -7.082430 0.000000 0.000000 0.000000 -0.736090 0.676884
976053950.257284 12.442700 -7.133670 0.000000 0.000000 0.000000 -0.742299 0.670069
976053950.327284 12.431300 -7.241010 0.000000 0.000000 0.000000 -0.748442 0.663200
976053951.587284 12.422900 -7.308640 0.000000 0.000000 0.000000 -0.750478 0.660895
976053951.597284 12.415000 -7.367340 0.000000 0.000000 0.000000 -0.752503 0.658588
976053951.607284 12.406900 -7.420220 0.000000 0.000000 0.000000 -0.756539 0.653948
976053951.707284 12.389400 -7.532160 0.000000 0.000000 0.000000 -0.764519 0.644601
976053951.737284 12.544400 -7.592200 0.000000 0.000000 0.000000 -0.711774 0.702409
976053951.997284 12.543700 -7.648170 0.000000 0.000000 0.000000 -0.713930 0.700217
976053952.447284 12.543000 -7.704130 0.000000 0.000000 0.000000 -0.718219 0.695817
976053952.567284 12.539200 -7.822670 0.000000 0.000000 0.000000 -0.722482 0.691390
976053953.637284 12.536200 -7.882080 0.000000 0.000000 0.000000 -0.726717 0.686937
976053953.647284 12.532900 -7.939260 0.000000 0.000000 0.000000 -0.730924 0.682459
976053953.697284 12.524200 -8.050750 0.000000 0.000000 0.000000 -0.735104 0.677954
976053953.767284 12.515700 -8.170780 0.000000 0.000000 0.000000 -0.720352 0.693608
976053954.547284 12.515600 -8.228020 0.000000 0.000000 0.000000 -0.700897 0.713262
976053954.727284 12.530600 -8.458240 0.000000 0.000000 0.000000 -0.689860 0.723943
976053955.117284 12.533400 -8.516480 0.000000 0.000000 0.000000 -0.694295 0.719690
976053955.147284 12.534900 -8.572180 0.000000 0.000000 0.000000 -0.700897 0.713262
976053955.337284 12.589500 -8.651250 0.000000 0.000000 0.000000 -0.691819 0.722071
976053955.857284 12.592000 -8.711600 0.000000 0.000000 0.000000 -0.691819 0.722071
976053955.927284 12.595900 -8.828860 0.000000 0.000000 0.000000 -0.696243 0.717806
976053956.417284 12.597900 -8.883850 0.000000 0.000000 0.000000 -0.698443 0.715665
976053956.457284 12.599100 -8.941710 0.000000 0.000000 0.000000 -0.702828 0.711360
976053956.547284 12.599300 -9.002440 0.000000 0.000000 0.000000 -0.707186 0.707028
976053956.727284 12.599500 -9.060010 0.000000 0.000000 0.000000 -0.709357 0.704850
976053957.207284 12.598800 -9.117280 0.000000 0.000000 0.000000 -0.705012 0.709195
976053957.427284 12.604300 -9.236080 0.000000 0.000000 0.000000 -0.676128 0.736784
976053957.937284 12.610100 -9.292240 0.000000 0.000000 0.000000 -0.664728 0.747085
976053958.127284 12.627200 -9.465790 0.000000 0.000000 0.000000 -0.678387 0.734705
976053958.457284 12.631800 -9.522610 0.000000 0.000000 0.000000 -0.680643 0.732615
976053958.527284 12.636100 -9.580390 0.000000 0.000000 0.000000 -0.685132 0.728419
976053958.957284 12.638200 -9.638540 0.000000 0.000000 0.000000 -0.689595 0.724195
976053958.967284 12.676400 -9.545920 0.000000 0.000000 0.000000 -0.671899 0.740643
976053959.177284 12.682000 -9.603830 0.000000 0.000000 0.000000 -0.676438 0.736500
976053959.627284 12.686900 -9.660540 0.000000 0.000000 0.000000 -0.680951 0.732329
976053959.727284 12.694300 -9.779570 0.000000 0.000000 0.000000 -0.687674 0.726020
976053960.117284 12.697000 -9.836780 0.000000 0.000000 0.000000 -0.692122 0.721780
976053960.137284 12.699500 -9.894970 0.000000 0.000000 0.000000 -0.696544 0.717514
976053960.407284 12.700500 -9.950750 0.000000 0.000000 0.000000 -0.698747 0.715368
976053960.777284 12.702000 -10.008700 0.000000 0.000000 0.000000 -0.705310 0.708899
976053960.817284 12.702000 -10.068400 0.000000 0.000000 0.000000 -0.709653 0.704552
976053960.927284 12.701100 -10.127800 0.000000 0.000000 0.000000 -0.711816 0.702366
976053961.277284 12.699700 -10.185100 0.000000 0.000000 0.000000 -0.716118 0.697979
976053961.377284 12.698700 -10.240400 0.000000 0.000000 0.000000 -0.718261 0.695774
976053961.527284 12.696400 -10.301500 0.000000 0.000000 0.000000 -0.722523 0.691347
976053961.917284 12.693800 -10.359500 0.000000 0.000000 0.000000 -0.726758 0.686894
976053961.927284 12.690600 -10.415300 0.000000 0.000000 0.000000 -0.728863 0.684659
976053962.437284 12.686100 -10.472800 0.000000 0.000000 0.000000 -0.733057 0.680168
976053962.587284 12.717000 -10.560600 0.000000 0.000000 0.000000 -0.723922 0.689882
976053962.917284 12.714000 -10.615000 0.000000 0.000000 0.000000 -0.728147 0.685421
976053962.937284 12.710200 -10.673300 0.000000 0.000000 0.000000 -0.732345 0.680933
976053963.207284 12.705300 -10.732400 0.000000 0.000000 0.000000 -0.736516 0.676420
976053963.687284 12.699600 -10.790300 0.000000 0.000000 0.000000 -0.742718 0.669605
976053963.767284 12.687100 -10.906000 0.000000 0.000000 0.000000 -0.740659 0.671882
976053964.917284 12.682700 -10.962100 0.000000 0.000000 0.000000 -0.734432 0.678682
976053965.107284 12.703400 -11.254900 0.000000 0.000000 0.000000 -0.604936 0.796274
976053965.167284 12.720400 -11.311000 0.000000 0.000000 0.000000 -0.595104 0.803649
976053965.357284 12.736400 -11.366800 0.000000 0.000000 0.000000 -0.607377 0.794413
976053965.747284 12.807500 -11.412000 0.000000 0.000000 0.000000 -0.579793 0.814764
976053965.957284 12.844400 -11.521500 0.000000 0.000000 0.000000 -0.589763 0.807577
976053966.447284 12.861700 -11.577500 0.000000 0.000000 0.000000 -0.599643 0.800268
976053966.527284 12.886100 -11.661500 0.000000 0.000000 0.000000 -0.602101 0.798420
976053966.957284 12.901400 -11.717400 0.000000 0.000000 0.000000 -0.606996 0.794705
976053967.307284 12.930300 -11.826000 0.000000 0.000000 0.000000 -0.614297 0.789075
976053967.527284 12.944400 -11.883800 0.000000 0.000000 0.000000 -0.619134 0.785285
976053967.667284 12.970800 -11.997100 0.000000 0.000000 0.000000 -0.626344 0.779546
976053968.517284 12.983300 -12.051700 0.000000 0.000000 0.000000 -0.631127 0.775680
976053968.527284 12.989300 -12.080500 0.000000 0.000000 0.000000 -0.633505 0.773738
976053968.647284 13.012300 -12.197500 0.000000 0.000000 0.000000 -0.638248 0.769831
976053968.757284 13.032000 -12.308100 0.000000 0.000000 0.000000 -0.647661 0.761929
976053969.357284 13.041100 -12.365300 0.000000 0.000000 0.000000 -0.652330 0.757935
976053969.467284 13.070200 -12.466800 0.000000 0.000000 0.000000 -0.642641 0.766168
976053969.917284 13.080200 -12.521500 0.000000 0.000000 0.000000 -0.647337 0.762204
976053970.337284 13.106900 -12.696100 0.000000 0.000000 0.000000 -0.654337 0.756203
976053970.677284 13.114800 -12.753700 0.000000 0.000000 0.000000 -0.658971 0.752168
976053970.697284 13.121900 -12.809100 0.000000 0.000000 0.000000 -0.661277 0.750142
976053970.827284 13.128900 -12.864600 0.000000 0.000000 0.000000 -0.663581 0.748105
976053971.307284 13.135000 -12.919000 0.000000 0.000000 0.000000 -0.668165 0.744013
976053971.317284 13.141100 -12.973400 0.000000 0.000000 0.000000 -0.672725 0.739893
976053971.387284 13.146000 -13.031700 0.000000 0.000000 0.000000 -0.674997 0.737821
976053971.907284 13.150800 -13.091100 0.000000 0.000000 0.000000 -0.681767 0.731570
976053972.537284 13.159500 -13.208700 0.000000 0.000000 0.000000 -0.688483 0.725253
976053972.667284 13.161500 -13.264900 0.000000 0.000000 0.000000 -0.690710 0.723132
976053972.717284 13.164100 -13.309100 0.000000 0.000000 0.000000 -0.690710 0.723132
976053972.787284 13.207000 -13.317600 0.000000 0.000000 0.000000 -0.659043 0.752106
976053973.307284 13.207000 -13.320600 0.000000 0.000000 0.000000 -0.649750 0.760148
976053973.447284 13.207000 -13.320600 0.000000 0.000000 0.000000 -0.614033 0.789280
976053973.897284 13.208000 -13.322600 0.000000 0.000000 0.000000 -0.571986 0.820263
976053973.987284 13.209000 -13.325600 0.000000 0.000000 0.000000 -0.475237 0.879858
976053974.527284 13.208000 -13.323600 0.000000 0.000000 0.000000 -0.447981 0.894043
976053974.607284 13.244300 -13.346400 0.000000 0.000000 0.000000 -0.383763 0.923432
976053975.117284 13.244300 -13.346400 0.000000 0.000000 0.000000 -0.346579 0.938021
976053975.197284 13.245300 -13.346400 0.000000 0.000000 0.000000 -0.270613 0.962688
976053975.927284 13.245300 -13.346400 0.000000 0.000000 0.000000 -0.210977 0.977491
976053976.537284 13.264500 -13.277000 0.000000 0.000000 0.000000 -0.123619 0.992330
976053976.637284 13.284400 -13.279500 0.000000 0.000000 0.000000 -0.062440 0.998049
976053977.277284 13.327200 -13.283700 0.000000 0.000000 0.000000 -0.028676 0.999589
976053977.287284 13.404300 -13.287200 0.000000 0.000000 0.000000 -0.019461 0.999811
976053977.557284 13.534600 -13.293100 0.000000 0.000000 0.000000 -0.031748 0.999496
976053977.627284 13.581400 -13.296900 0.000000 0.000000 0.000000 -0.037889 0.999282
976053978.997284 13.629300 -13.300800 0.000000 0.000000 0.000000 -0.034818 0.999394
976053979.497284 14.026600 -13.216300 0.000000 0.000000 0.000000 -0.051878 0.998653
976053979.587284 14.137200 -13.228900 0.000000 0.000000 0.000000 -0.054947 0.998489
976053980.997284 14.190500 -13.234700 0.000000 0.000000 0.000000 -0.058014 0.998316
976053981.307284 14.534700 -13.283000 0.000000 0.000000 0.000000 -0.082536 0.996588
976053981.387284 14.656700 -13.305200 0.000000 0.000000 0.000000 -0.091718 0.995785
976053982.497284 14.712100 -13.315900 0.000000 0.000000 0.000000 -0.097836 0.995203
976053982.517284 14.765600 -13.326800 0.000000 0.000000 0.000000 -0.103950 0.994582
976053982.527284 14.821100 -13.338600 0.000000 0.000000 0.000000 -0.110061 0.993925
976053982.637284 14.910400 -13.330400 0.000000 0.000000 0.000000 -0.097515 0.995234
976053982.827284 15.019500 -13.353000 0.000000 0.000000 0.000000 -0.103629 0.994616
976053983.297284 15.074600 -13.364800 0.000000 0.000000 0.000000 -0.106685 0.994293
976053983.307284 15.134800 -13.378100 0.000000 0.000000 0.000000 -0.106685 0.994293
976053983.437284 15.195000 -13.391500 0.000000 0.000000 0.000000 -0.112793 0.993618
976053983.897284 15.249100 -13.403400 0.000000 0.000000 0.000000 -0.109740 0.993960
976053983.987284 15.359300 -13.427900 0.000000 0.000000 0.000000 -0.106685 0.994293
976053984.417284 15.419500 -13.440300 0.000000 0.000000 0.000000 -0.106685 0.994293
976053984.437284 15.476600 -13.452900 0.000000 0.000000 0.000000 -0.109740 0.993960
976053984.627284 15.530700 -13.464700 0.000000 0.000000 0.000000 -0.109740 0.993960
976053985.167284 15.585900 -13.477500 0.000000 0.000000 0.000000 -0.112793 0.993618
976053985.197284 15.645100 -13.491900 0.000000 0.000000 0.000000 -0.115846 0.993267
976053985.387284 15.755500 -13.518500 0.000000 0.000000 0.000000 -0.128045 0.991768
976053985.837284 15.808800 -13.533400 0.000000 0.000000 0.000000 -0.131092 0.991370
976053985.997284 15.908300 -13.538900 0.000000 0.000000 0.000000 -0.113287 0.993562
976053986.407284 15.965700 -13.552100 0.000000 0.000000 0.000000 -0.119391 0.992847
976053986.427284 16.019100 -13.565900 0.000000 0.000000 0.000000 -0.122441 0.992476
976053986.587284 16.074500 -13.579400 0.000000 0.000000 0.000000 -0.125490 0.992095
976053987.997284 16.132100 -13.594600 0.000000 0.000000 0.000000 -0.122441 0.992476
976053988.327284 16.325900 -13.645400 0.000000 0.000000 0.000000 -0.119391 0.992847
976053988.397284 16.325900 -13.645400 0.000000 0.000000 0.000000 -0.101067 0.994880
976053988.897284 16.325900 -13.645400 0.000000 0.000000 0.000000 -0.073519 0.997294
976053988.987284 16.328100 -13.646200 0.000000 0.000000 0.000000 0.018596 0.999827
976053989.417284 16.331000 -13.645700 0.000000 0.000000 0.000000 0.079968 0.996797
976053989.437284 16.333900 -13.644300 0.000000 0.000000 0.000000 0.125810 0.992054
976053989.587284 16.360400 -13.586100 0.000000 0.000000 0.000000 0.115935 0.993257
976053990.197284 16.360400 -13.586100 0.000000 0.000000 0.000000 0.158543 0.987352
976053990.207284 16.358400 -13.587200 0.000000 0.000000 0.000000 0.221881 0.975074
976053990.647284 16.354500 -13.589400 0.000000 0.000000 0.000000 0.281347 0.959606
976053990.687284 16.353600 -13.590400 0.000000 0.000000 0.000000 0.339752 0.940515
976053990.767284 16.325000 -13.534400 0.000000 0.000000 0.000000 0.346299 0.938124
976053991.367284 16.325000 -13.534400 0.000000 0.000000 0.000000 0.403262 0.915085
976053991.577284 16.327100 -13.531400 0.000000 0.000000 0.000000 0.515045 0.857163
976053991.997284 16.327100 -13.530400 0.000000 0.000000 0.000000 0.551432 0.834220
976053992.127284 16.275800 -13.514600 0.000000 0.000000 0.000000 0.643548 0.765406
976053992.667284 16.275800 -13.514600 0.000000 0.000000 0.000000 0.678130 0.734942
976053992.687284 16.275800 -13.513600 0.000000 0.000000 0.000000 0.715581 0.698530
976053993.187284 16.275700 -13.511600 0.000000 0.000000 0.000000 0.769830 0.638249
976053993.247284 16.244700 -13.527100 0.000000 0.000000 0.000000 0.780350 0.625343
976053993.737284 16.244700 -13.528100 0.000000 0.000000 0.000000 0.837971 0.545714
976053993.847284 16.244700 -13.528100 0.000000 0.000000 0.000000 0.878852 0.477095
976053994.367284 16.245700 -13.529100 0.000000 0.000000 0.000000 0.906494 0.422219
976053994.417284 16.178000 -13.500000 0.000000 0.000000 0.000000 0.910218 0.414130
976053994.607284 16.178000 -13.500000 0.000000 0.000000 0.000000 0.939316 0.343054
976053995.447284 16.177000 -13.499000 0.000000 0.000000 0.000000 0.955946 0.293543
976053995.457284 16.177000 -13.499000 0.000000 0.000000 0.000000 0.969969 0.243227
976053995.687284 16.179000 -13.500000 0.000000 0.000000 0.000000 0.986286 0.165043
976053995.697284 16.146700 -13.577600 0.000000 0.000000 0.000000 0.997291 0.073555
976053995.847284 16.145700 -13.577600 0.000000 0.000000 0.000000 0.997513 0.070488
976053996.417284 16.146700 -13.577600 0.000000 0.000000 0.000000 0.997513 0.070488
976053996.657284 16.141700 -13.577600 0.000000 0.000000 0.000000 0.995478 0.094988
976053996.987284 16.127700 -13.574500 0.000000 0.000000 0.000000 0.994236 0.107215
976053997.597284 16.110700 -13.570400 0.000000 0.000000 0.000000 0.993206 0.116372
976053997.657284 15.972900 -13.537800 0.000000 0.000000 0.000000 0.993558 0.113322
976053997.717284 15.906900 -13.523500 0.000000 0.000000 0.000000 0.993902 0.110267
976053997.777284 15.859000 -13.512300 0.000000 0.000000 0.000000 0.993902 0.110267
976053998.217284 15.817000 -13.503100 0.000000 0.000000 0.000000 0.993206 0.116372
976053998.257284 15.763100 -13.489800 0.000000 0.000000 0.000000 0.993206 0.116372
976053998.337284 15.693100 -13.474500 0.000000 0.000000 0.000000 0.993206 0.116372
976053998.817284 15.628200 -13.459200 0.000000 0.000000 0.000000 0.993206 0.116372
976053998.867284 15.576300 -13.446900 0.000000 0.000000 0.000000 0.993206 0.116372
976053998.957284 15.529300 -13.435700 0.000000 0.000000 0.000000 0.992843 0.119426
976053999.387284 15.475400 -13.422500 0.000000 0.000000 0.000000 0.992091 0.125524
976053999.407284 15.412500 -13.406200 0.000000 0.000000 0.000000 0.991300 0.131618
976053999.597284 15.350500 -13.388900 0.000000 0.000000 0.000000 0.990891 0.134666
976054000.247284 15.298600 -13.374600 0.000000 0.000000 0.000000 0.990045 0.140752
976054000.257284 15.249700 -13.361400 0.000000 0.000000 0.000000 0.990045 0.140752
976054000.707284 15.134800 -13.328900 0.000000 0.000000 0.000000 0.990473 0.137707
976054000.767284 15.141100 -13.377000 0.000000 0.000000 0.000000 0.996648 0.081805
976054000.957284 15.034700 -13.360300 0.000000 0.000000 0.000000 0.996895 0.078745
976054001.327284 14.979500 -13.352200 0.000000 0.000000 0.000000 0.997360 0.072612
976054001.357284 14.917200 -13.343900 0.000000 0.000000 0.000000 0.997788 0.066482
976054001.537284 14.858100 -13.336200 0.000000 0.000000 0.000000 0.998177 0.060350
976054002.337284 14.802100 -13.330200 0.000000 0.000000 0.000000 0.998358 0.057285
976054002.347284 14.748100 -13.324000 0.000000 0.000000 0.000000 0.998529 0.054215
976054002.557284 14.630100 -13.311600 0.000000 0.000000 0.000000 0.998691 0.051149
976054002.577284 14.572100 -13.305800 0.000000 0.000000 0.000000 0.998529 0.054215
976054002.737284 14.516200 -13.299800 0.000000 0.000000 0.000000 0.998529 0.054215
976054003.207284 14.459200 -13.293900 0.000000 0.000000 0.000000 0.998691 0.051149
976054003.337284 14.344400 -13.283200 0.000000 0.000000 0.000000 0.998529 0.054215
976054003.927284 14.285300 -13.276500 0.000000 0.000000 0.000000 0.998177 0.060350
976054003.947284 14.227100 -13.268700 0.000000 0.000000 0.000000 0.997788 0.066482
976054004.137284 14.170800 -13.311800 0.000000 0.000000 0.000000 0.999254 0.038612
976054004.527284 14.113400 -13.308500 0.000000 0.000000 0.000000 0.999254 0.038612
976054004.577284 14.056800 -13.304000 0.000000 0.000000 0.000000 0.999254 0.038612
976054004.767284 13.998200 -13.299800 0.000000 0.000000 0.000000 0.999368 0.035539
976054005.177284 13.941800 -13.296300 0.000000 0.000000 0.000000 0.999368 0.035539
976054005.337284 13.824900 -13.288900 0.000000 0.000000 0.000000 0.999473 0.032471
976054005.857284 13.767500 -13.285600 0.000000 0.000000 0.000000 0.999473 0.032471
976054005.937284 13.653600 -13.277700 0.000000 0.000000 0.000000 0.999368 0.035539
976054006.457284 13.590100 -13.274400 0.000000 0.000000 0.000000 0.999473 0.032471
976054006.517284 13.533700 -13.270900 0.000000 0.000000 0.000000 0.999473 0.032471
976054006.537284 13.480200 -13.266900 0.000000 0.000000 0.000000 0.999368 0.035539
976054007.167284 13.422800 -13.263500 0.000000 0.000000 0.000000 0.999254 0.038612
976054007.337284 13.246700 -13.248100 0.000000 0.000000 0.000000 0.998543 0.053960
976054007.697284 13.197000 -13.242400 0.000000 0.000000 0.000000 0.998543 0.053960
976054007.737284 13.210300 -13.223600 0.000000 0.000000 0.000000 0.999473 0.032456
976054008.287284 13.187300 -13.221700 0.000000 0.000000 0.000000 0.999369 0.035524
976054008.307284 13.139300 -13.218300 0.000000 0.000000 0.000000 0.999132 0.041664
976054008.337284 13.056700 -13.211600 0.000000 0.000000 0.000000 0.998999 0.044736
976054008.907284 12.986500 -13.205100 0.000000 0.000000 0.000000 0.999132 0.041664
976054008.937284 12.947700 -13.201600 0.000000 0.000000 0.000000 0.999255 0.038597
976054009.547284 12.947700 -13.201600 0.000000 0.000000 0.000000 0.999369 0.035524
976054009.557284 12.948000 -13.202600 0.000000 0.000000 0.000000 -0.999907 0.013631
976054009.737284 12.943800 -13.202500 0.000000 0.000000 0.000000 -0.998029 0.062755
976054010.217284 12.942900 -13.202700 0.000000 0.000000 0.000000 -0.992667 0.120885
976054010.267284 12.942900 -13.202700 0.000000 0.000000 0.000000 -0.986550 0.163460
976054010.337284 12.942900 -13.202700 0.000000 0.000000 0.000000 -0.979235 0.202726
976054010.797284 12.949100 -13.236600 0.000000 0.000000 0.000000 -0.975363 0.220607
976054010.827284 12.949100 -13.236600 0.000000 0.000000 0.000000 -0.963344 0.268270
976054010.947284 12.949100 -13.236600 0.000000 0.000000 0.000000 -0.954646 0.297742
976054011.397284 12.949100 -13.236600 0.000000 0.000000 0.000000 -0.943021 0.332734
976054011.597284 12.949100 -13.236600 0.000000 0.000000 0.000000 -0.899186 0.437567
976054012.217284 12.972600 -13.290800 0.000000 0.000000 0.000000 -0.885175 0.465258
976054012.257284 12.972000 -13.292900 0.000000 0.000000 0.000000 -0.865887 0.500240
976054012.697284 12.968800 -13.298500 0.000000 0.000000 0.000000 -0.805370 0.592772
976054012.717284 12.968700 -13.297500 0.000000 0.000000 0.000000 -0.782972 0.622056
976054012.737284 12.968800 -13.298500 0.000000 0.000000 0.000000 -0.749423 0.662092
976054013.397284 13.034700 -13.307900 0.000000 0.000000 0.000000 -0.726579 0.687083
976054013.447284 13.034200 -13.311000 0.000000 0.000000 0.000000 -0.726579 0.687083
976054013.537284 13.030300 -13.367200 0.000000 0.000000 0.000000 -0.734968 0.678101
976054013.877284 13.024500 -13.444800 0.000000 0.000000 0.000000 -0.730788 0.682605
976054013.937284 13.019700 -13.522400 0.000000 0.000000 0.000000 -0.728685 0.684849
976054014.447284 13.015700 -13.577500 0.000000 0.000000 0.000000 -0.734968 0.678101
976054014.537284 13.007300 -13.671700 0.000000 0.000000 0.000000 -0.739121 0.673572
976054014.957284 13.001300 -13.734300 0.000000 0.000000 0.000000 -0.741186 0.671300
976054014.967284 12.994200 -13.803000 0.000000 0.000000 0.000000 -0.743246 0.669018
976054015.137284 12.987900 -13.863600 0.000000 0.000000 0.000000 -0.745297 0.666733
976054015.627284 12.983000 -13.912800 0.000000 0.000000 0.000000 -0.747344 0.664438
976054015.647284 12.977000 -13.961200 0.000000 0.000000 0.000000 -0.747344 0.664438
976054015.737284 12.969700 -14.021900 0.000000 0.000000 0.000000 -0.749383 0.662137
976054016.337284 12.961500 -14.089800 0.000000 0.000000 0.000000 -0.749383 0.662137
976054016.397284 12.954100 -14.149500 0.000000 0.000000 0.000000 -0.749383 0.662137
976054016.597284 12.940900 -14.252500 0.000000 0.000000 0.000000 -0.755453 0.655203
976054016.967284 12.932600 -14.313400 0.000000 0.000000 0.000000 -0.757464 0.652877
976054016.987284 13.039700 -14.293700 0.000000 0.000000 0.000000 -0.708835 0.705374
976054017.137284 13.039400 -14.351300 0.000000 0.000000 0.000000 -0.713156 0.701005
976054017.627284 13.038000 -14.405000 0.000000 0.000000 0.000000 -0.715305 0.698813
976054017.717284 13.034800 -14.522000 0.000000 0.000000 0.000000 -0.721717 0.692188
976054018.197284 13.031600 -14.583600 0.000000 0.000000 0.000000 -0.723842 0.689965
976054018.217284 13.031100 -14.613000 0.000000 0.000000 0.000000 -0.725957 0.687740
976054018.277284 13.027800 -14.667300 0.000000 0.000000 0.000000 -0.730170 0.683266
976054018.827284 13.023500 -14.721900 0.000000 0.000000 0.000000 -0.734354 0.678766
976054018.837284 13.019100 -14.779700 0.000000 0.000000 0.000000 -0.734354 0.678766
976054019.657284 13.009600 -14.899700 0.000000 0.000000 0.000000 -0.738511 0.674241
976054019.667284 13.004300 -14.954600 0.000000 0.000000 0.000000 -0.740581 0.671967
976054019.677284 12.993000 -15.068800 0.000000 0.000000 0.000000 -0.742641 0.669690
976054019.757284 12.990300 -15.097800 0.000000 0.000000 0.000000 -0.742641 0.669690
976054020.177284 12.984700 -15.154900 0.000000 0.000000 0.000000 -0.742641 0.669690
976054020.197284 12.978400 -15.213300 0.000000 0.000000 0.000000 -0.744697 0.667403
976054020.317284 12.972400 -15.272600 0.000000 0.000000 0.000000 -0.742641 0.669690
976054020.827284 13.014500 -15.301900 0.000000 0.000000 0.000000 -0.724697 0.689067
976054020.907284 13.010400 -15.387400 0.000000 0.000000 0.000000 -0.726809 0.686839
976054021.367284 13.007000 -15.448200 0.000000 0.000000 0.000000 -0.728918 0.684601
976054021.447284 12.998600 -15.563000 0.000000 0.000000 0.000000 -0.733111 0.680109
976054021.937284 12.994900 -15.617500 0.000000 0.000000 0.000000 -0.737276 0.675591
976054021.997284 12.984400 -15.735100 0.000000 0.000000 0.000000 -0.741414 0.671048
976054022.647284 12.978000 -15.793800 0.000000 0.000000 0.000000 -0.745524 0.666479
976054022.707284 12.971000 -15.850600 0.000000 0.000000 0.000000 -0.749605 0.661886
976054022.787284 12.960500 -15.933100 0.000000 0.000000 0.000000 -0.753658 0.657267
976054023.167284 12.951900 -15.991600 0.000000 0.000000 0.000000 -0.757683 0.652623
976054023.367284 12.933500 -16.111000 0.000000 0.000000 0.000000 -0.763668 0.645610
976054023.777284 12.924100 -16.164400 0.000000 0.000000 0.000000 -0.765649 0.643258
976054023.807284 12.914200 -16.219000 0.000000 0.000000 0.000000 -0.769588 0.638541
976054023.917284 12.903700 -16.278100 0.000000 0.000000 0.000000 -0.769588 0.638541
976054024.447284 12.935400 -16.300700 0.000000 0.000000 0.000000 -0.743022 0.669267
976054024.607284 12.923700 -16.413100 0.000000 0.000000 0.000000 -0.745073 0.666982
976054024.997284 12.917500 -16.473300 0.000000 0.000000 0.000000 -0.745073 0.666982
976054025.117284 12.904500 -16.585200 0.000000 0.000000 0.000000 -0.747121 0.664688
976054025.767284 12.898000 -16.642300 0.000000 0.000000 0.000000 -0.751191 0.660085
976054025.777284 12.881200 -16.760400 0.000000 0.000000 0.000000 -0.757245 0.653131
976054025.917284 12.872900 -16.816100 0.000000 0.000000 0.000000 -0.761244 0.648465
976054026.307284 12.864200 -16.870800 0.000000 0.000000 0.000000 -0.763232 0.646125
976054026.317284 12.854900 -16.929200 0.000000 0.000000 0.000000 -0.765215 0.643775
976054026.847284 12.843400 -16.987500 0.000000 0.000000 0.000000 -0.771115 0.636696
976054026.947284 12.821500 -17.099100 0.000000 0.000000 0.000000 -0.776952 0.629560
976054027.397284 12.809600 -17.154300 0.000000 0.000000 0.000000 -0.780806 0.624773
976054027.447284 12.796300 -17.213400 0.000000 0.000000 0.000000 -0.782724 0.622370
976054027.527284 12.783000 -17.272500 0.000000 0.000000 0.000000 -0.780806 0.624773
976054027.977284 12.780200 -17.261200 0.000000 0.000000 0.000000 -0.776889 0.629637
976054028.117284 12.756300 -17.369600 0.000000 0.000000 0.000000 -0.780744 0.624852
976054028.777284 12.743700 -17.430300 0.000000 0.000000 0.000000 -0.782658 0.622452
976054028.917284 12.703600 -17.596700 0.000000 0.000000 0.000000 -0.790252 0.612782
976054029.257284 12.687800 -17.657800 0.000000 0.000000 0.000000 -0.792129 0.610353
976054029.327284 12.673800 -17.711400 0.000000 0.000000 0.000000 -0.794003 0.607914
976054029.827284 12.659900 -17.762700 0.000000 0.000000 0.000000 -0.795865 0.605474
976054029.927284 12.627900 -17.877300 0.000000 0.000000 0.000000 -0.799571 0.600572
976054030.307284 12.610300 -17.937100 0.000000 0.000000 0.000000 -0.799571 0.600572
976054030.337284 12.595500 -17.988800 0.000000 0.000000 0.000000 -0.801414 0.598111
976054030.537284 12.579800 -18.041000 0.000000 0.000000 0.000000 -0.803249 0.595643
976054030.927284 12.563200 -18.095800 0.000000 0.000000 0.000000 -0.806894 0.590696
976054031.117284 12.524900 -18.213500 0.000000 0.000000 0.000000 -0.808704 0.588216
976054031.727284 12.556700 -18.227700 0.000000 0.000000 0.000000 -0.787979 0.615702
976054031.747284 12.529000 -18.338900 0.000000 0.000000 0.000000 -0.789866 0.613280
976054032.597284 12.514400 -18.397200 0.000000 0.000000 0.000000 -0.791748 0.610848
976054032.937284 12.451500 -18.620500 0.000000 0.000000 0.000000 -0.804703 0.593678
976054032.947284 12.434900 -18.675300 0.000000 0.000000 0.000000 -0.804703 0.593678
976054033.137284 12.418200 -18.727900 0.000000 0.000000 0.000000 -0.808336 0.588722
976054033.547284 12.399900 -18.783800 0.000000 0.000000 0.000000 -0.811938 0.583743
976054033.717284 12.361000 -18.895700 0.000000 0.000000 0.000000 -0.819051 0.573721
976054034.117284 12.341500 -18.947600 0.000000 0.000000 0.000000 -0.824306 0.566145
976054034.737284 12.299800 -19.056600 0.000000 0.000000 0.000000 -0.827769 0.561069
976054034.977284 12.313400 -19.161500 0.000000 0.000000 0.000000 -0.805690 0.592337
976054035.337284 12.312400 -19.167000 0.000000 0.000000 0.000000 -0.805690 0.592337
976054035.627284 12.312700 -19.165600 0.000000 0.000000 0.000000 -0.805690 0.592337
976054035.917284 12.312700 -19.165600 0.000000 0.000000 0.000000 -0.803865 0.594812
976054036.117284 12.312700 -19.165600 0.000000 0.000000 0.000000 -0.794631 0.607092
976054036.337284 12.312400 -19.163400 0.000000 0.000000 0.000000 -0.781393 0.624039
976054036.537284 12.313200 -19.162800 0.000000 0.000000 0.000000 -0.759855 0.650093
976054036.847284 12.313500 -19.165100 0.000000 0.000000 0.000000 -0.724876 0.688879
976054036.917284 12.313000 -19.167800 0.000000 0.000000 0.000000 -0.676688 0.736270
976054037.307284 12.313000 -19.167800 0.000000 0.000000 0.000000 -0.646746 0.762706
976054037.317284 12.312700 -19.169200 0.000000 0.000000 0.000000 -0.620602 0.784126
976054037.757284 12.354800 -19.208700 0.000000 0.000000 0.000000 -0.603386 0.797449
976054037.777284 12.354800 -19.208700 0.000000 0.000000 0.000000 -0.558379 0.829586
976054037.917284 12.354800 -19.208700 0.000000 0.000000 0.000000 -0.535226 0.844709
976054038.277284 12.355300 -19.209500 0.000000 0.000000 0.000000 -0.506374 0.862314
976054038.317284 12.356300 -19.211300 0.000000 0.000000 0.000000 -0.452457 0.891786
976054038.847284 12.359200 -19.214200 0.000000 0.000000 0.000000 -0.402465 0.915435
976054038.957284 12.414600 -19.188900 0.000000 0.000000 0.000000 -0.352212 0.935920
976054039.407284 12.414100 -19.188000 0.000000 0.000000 0.000000 -0.297002 0.954877
976054039.437284 12.415100 -19.189700 0.000000 0.000000 0.000000 -0.249716 0.968319
976054039.627284 12.415100 -19.189700 0.000000 0.000000 0.000000 -0.207842 0.978162
976054040.137284 12.415100 -19.189700 0.000000 0.000000 0.000000 -0.162552 0.986700
976054040.147284 12.432700 -19.150600 0.000000 0.000000 0.000000 -0.120020 0.992771
976054040.207284 12.433200 -19.151400 0.000000 0.000000 0.000000 -0.104754 0.994498
976054040.747284 12.433200 -19.151400 0.000000 0.000000 0.000000 -0.107810 0.994172
976054040.777284 12.434500 -19.151800 0.000000 0.000000 0.000000 -0.107810 0.994172
976054040.957284 12.434500 -19.151800 0.000000 0.000000 0.000000 -0.107810 0.994172
976054041.277284 12.434500 -19.151800 0.000000 0.000000 0.000000 -0.107810 0.994172
976054041.317284 12.434500 -19.151800 0.000000 0.000000 0.000000 -0.110864 0.993836
976054041.537284 12.434500 -19.151800 0.000000 0.000000 0.000000 -0.110864 0.993836
976054041.787284 12.434500 -19.151800 0.000000 0.000000 0.000000 -0.110864 0.993836
976054041.937284 12.434500 -19.151800 0.000000 0.000000 0.000000 -0.110864 0.993836
976054042.167284 12.434500 -19.151800 0.000000 0.000000 0.000000 -0.110864 0.993836
976054042.317284 12.434500 -19.151800 0.000000 0.000000 0.000000 -0.110864 0.993836
976054042.517284 12.434500 -19.151800 0.000000 0.000000 0.000000 -0.110864 0.993836
976054042.717284 12.434500 -19.151800 0.000000 0.000000 0.000000 -0.107810 0.994172
976054042.897284 12.434500 -19.151800 0.000000 0.000000 0.000000 -0.104754 0.994498
976054043.977284 12.434500 -19.151800 0.000000 0.000000 0.000000 -0.101698 0.994815
976054044.157284 12.528800 -19.166600 0.000000 0.000000 0.000000 -0.071086 0.997470
976054044.217284 12.612200 -19.178200 0.000000 0.000000 0.000000 -0.071086 0.997470
976054044.507284 12.677100 -19.187600 0.000000 0.000000 0.000000 -0.074151 0.997247
976054044.657284 12.701900 -19.190900 0.000000 0.000000 0.000000 -0.077215 0.997014
976054044.937284 12.743900 -19.198300 0.000000 0.000000 0.000000 -0.086403 0.996260
976054045.417284 12.856800 -19.217500 0.000000 0.000000 0.000000 -0.089463 0.995990
976054045.607284 12.983700 -19.241400 0.000000 0.000000 0.000000 -0.095582 0.995422
976054045.967284 13.030300 -19.250800 0.000000 0.000000 0.000000 -0.104754 0.994498
976054046.107284 13.109900 -19.268100 0.000000 0.000000 0.000000 -0.110864 0.993836
976054046.477284 13.173300 -19.282900 0.000000 0.000000 0.000000 -0.116970 0.993135
976054046.487284 13.235300 -19.297400 0.000000 0.000000 0.000000 -0.120020 0.992771
976054046.677284 13.288800 -19.311000 0.000000 0.000000 0.000000 -0.123071 0.992398
976054047.127284 13.339600 -19.323800 0.000000 0.000000 0.000000 -0.123071 0.992398
976054047.207284 13.422500 -19.344900 0.000000 0.000000 0.000000 -0.129167 0.991623
976054047.607284 13.467700 -19.220600 0.000000 0.000000 0.000000 -0.063803 0.997963
976054047.647284 13.526600 -19.228700 0.000000 0.000000 0.000000 -0.063803 0.997963
976054047.737284 13.580600 -19.235400 0.000000 0.000000 0.000000 -0.066869 0.997762
976054048.297284 13.636000 -19.242300 0.000000 0.000000 0.000000 -0.063803 0.997963
976054048.337284 13.694900 -19.250300 0.000000 0.000000 0.000000 -0.069934 0.997552
976054048.497284 13.811000 -19.267700 0.000000 0.000000 0.000000 -0.076063 0.997103
976054048.947284 13.864800 -19.275800 0.000000 0.000000 0.000000 -0.082190 0.996617
976054049.967284 13.950500 -19.291100 0.000000 0.000000 0.000000 -0.091373 0.995817
976054050.577284 14.178200 -19.338000 0.000000 0.000000 0.000000 -0.112770 0.993621
976054050.587284 14.234200 -19.350700 0.000000 0.000000 0.000000 -0.118874 0.992909
976054050.627284 14.348800 -19.379300 0.000000 0.000000 0.000000 -0.124973 0.992160
976054050.657284 14.403900 -19.394000 0.000000 0.000000 0.000000 -0.124973 0.992160
976054051.337284 14.459400 -19.356900 0.000000 0.000000 0.000000 -0.087584 0.996157
976054051.457284 14.633300 -19.390900 0.000000 0.000000 0.000000 -0.102878 0.994694
976054051.827284 14.688600 -19.402800 0.000000 0.000000 0.000000 -0.108989 0.994043
976054052.277284 14.743200 -19.415300 0.000000 0.000000 0.000000 -0.115096 0.993354
976054052.587284 14.798500 -19.428700 0.000000 0.000000 0.000000 -0.118147 0.992996
976054052.657284 14.967700 -19.472300 0.000000 0.000000 0.000000 -0.136434 0.990649
976054053.107284 15.022200 -19.487700 0.000000 0.000000 0.000000 -0.142519 0.989792
976054053.257284 15.136600 -19.523000 0.000000 0.000000 0.000000 -0.151637 0.988436
976054053.767284 15.191600 -19.540600 0.000000 0.000000 0.000000 -0.154674 0.987966
976054053.897284 15.298200 -19.576200 0.000000 0.000000 0.000000 -0.163774 0.986498
976054054.387284 15.352500 -19.594500 0.000000 0.000000 0.000000 -0.163774 0.986498
976054054.457284 15.459100 -19.628200 0.000000 0.000000 0.000000 -0.108626 0.994083
976054054.807284 15.514900 -19.639100 0.000000 0.000000 0.000000 -0.078033 0.996951
976054054.857284 15.570700 -19.647100 0.000000 0.000000 0.000000 -0.059641 0.998220
976054055.317284 15.627200 -19.653100 0.000000 0.000000 0.000000 -0.059641 0.998220
976054055.347284 15.683100 -19.659700 0.000000 0.000000 0.000000 -0.062707 0.998032
976054055.457284 15.738200 -19.667100 0.000000 0.000000 0.000000 -0.068840 0.997628
976054055.957284 15.796100 -19.675800 0.000000 0.000000 0.000000 -0.071905 0.997411
976054056.617284 15.917000 -19.691300 0.000000 0.000000 0.000000 -0.047367 0.998878
976054056.657284 16.083100 -19.701300 0.000000 0.000000 0.000000 -0.035087 0.999384
976054057.217284 16.138200 -19.705900 0.000000 0.000000 0.000000 -0.038157 0.999272
976054057.237284 16.199700 -19.711100 0.000000 0.000000 0.000000 -0.044297 0.999018
976054057.337284 16.262600 -19.716400 0.000000 0.000000 0.000000 -0.047367 0.998878
976054057.687284 16.318500 -19.721600 0.000000 0.000000 0.000000 -0.053505 0.998568
976054057.707284 16.374300 -19.728300 0.000000 0.000000 0.000000 -0.053505 0.998568
976054057.857284 16.432900 -19.734900 0.000000 0.000000 0.000000 -0.056573 0.998398
976054058.297284 16.443400 -19.647700 0.000000 0.000000 0.000000 -0.031546 0.999502
976054058.457284 16.555000 -19.655400 0.000000 0.000000 0.000000 -0.034616 0.999401
976054058.927284 16.591200 -19.657100 0.000000 0.000000 0.000000 -0.028475 0.999595
976054058.947284 16.596900 -19.658300 0.000000 0.000000 0.000000 -0.028475 0.999595
976054059.617284 16.589100 -19.657900 0.000000 0.000000 0.000000 -0.022330 0.999751
976054059.657284 16.508200 -19.653600 0.000000 0.000000 0.000000 -0.040758 0.999169
976054060.317284 16.501800 -19.653200 0.000000 0.000000 0.000000 -0.046898 0.998900
976054060.457284 16.503200 -19.653100 0.000000 0.000000 0.000000 -0.037687 0.999290
976054060.897284 16.500400 -19.653300 0.000000 0.000000 0.000000 -0.022330 0.999751
976054061.137284 16.502500 -19.652500 0.000000 0.000000 0.000000 0.036042 0.999350
976054061.457284 16.502500 -19.652500 0.000000 0.000000 0.000000 0.088172 0.996105
976054061.517284 16.502500 -19.652500 0.000000 0.000000 0.000000 0.124833 0.992178
976054061.707284 16.506000 -19.651600 0.000000 0.000000 0.000000 0.170416 0.985372
976054062.917284 16.547200 -19.620600 0.000000 0.000000 0.000000 0.186292 0.982494
976054062.927284 16.547900 -19.619900 0.000000 0.000000 0.000000 0.234351 0.972152
976054062.967284 16.545700 -19.622000 0.000000 0.000000 0.000000 0.411400 0.911455
976054063.507284 16.481600 -19.508100 0.000000 0.000000 0.000000 0.450123 0.892966
976054063.657284 16.484000 -19.501900 0.000000 0.000000 0.000000 0.561304 0.827610
976054064.437284 16.484900 -19.499800 0.000000 0.000000 0.000000 0.591433 0.806354
976054064.607284 16.436700 -19.491300 0.000000 0.000000 0.000000 0.680222 0.733006
976054064.617284 16.436700 -19.491300 0.000000 0.000000 0.000000 0.698032 0.716067
976054064.657284 16.436700 -19.491300 0.000000 0.000000 0.000000 0.726071 0.687620
976054065.177284 16.436700 -19.491300 0.000000 0.000000 0.000000 0.766931 0.641730
976054065.257284 16.436700 -19.492700 0.000000 0.000000 0.000000 0.817473 0.575967
976054065.717284 16.383200 -19.502400 0.000000 0.000000 0.000000 0.845710 0.533642
976054065.867284 16.407100 -19.542900 0.000000 0.000000 0.000000 0.884170 0.467165
976054066.357284 16.409800 -19.547300 0.000000 0.000000 0.000000 0.892632 0.450787
976054066.407284 16.409800 -19.547300 0.000000 0.000000 0.000000 0.900790 0.434255
976054066.467284 16.410400 -19.548000 0.000000 0.000000 0.000000 0.916187 0.400751
976054066.977284 16.411800 -19.549500 0.000000 0.000000 0.000000 0.938434 0.345458
976054066.987284 16.407200 -19.551900 0.000000 0.000000 0.000000 0.951354 0.308101
976054067.127284 16.405900 -19.550300 0.000000 0.000000 0.000000 0.958639 0.284626
976054067.667284 16.404500 -19.550200 0.000000 0.000000 0.000000 0.966142 0.258009
976054067.867284 16.406600 -19.551100 0.000000 0.000000 0.000000 0.995775 0.091832
976054068.317284 16.384800 -19.667400 0.000000 0.000000 0.000000 0.998808 0.048817
976054068.537284 16.379800 -19.667700 0.000000 0.000000 0.000000 -0.999189 0.040265
976054068.937284 16.377700 -19.668300 0.000000 0.000000 0.000000 -0.996273 0.086259
976054069.667284 16.373300 -19.669400 0.000000 0.000000 0.000000 -0.983552 0.180624
976054069.867284 16.381300 -19.732600 0.000000 0.000000 0.000000 -0.941566 0.336828
976054070.187284 16.380500 -19.733200 0.000000 0.000000 0.000000 -0.930774 0.365594
976054070.367284 16.409500 -19.761300 0.000000 0.000000 0.000000 -0.896562 0.442919
976054070.827284 16.409400 -19.762700 0.000000 0.000000 0.000000 -0.875203 0.483756
976054070.837284 16.408600 -19.763300 0.000000 0.000000 0.000000 -0.845484 0.534002
976054070.987284 16.407700 -19.765400 0.000000 0.000000 0.000000 -0.825225 0.564804
976054071.497284 16.407600 -19.766800 0.000000 0.000000 0.000000 -0.816449 0.577417
976054071.507284 16.407500 -19.768200 0.000000 0.000000 0.000000 -0.790861 0.611995
976054071.737284 16.464500 -19.796500 0.000000 0.000000 0.000000 -0.727609 0.685992
976054072.127284 16.464900 -19.800100 0.000000 0.000000 0.000000 -0.697434 0.716649
976054072.247284 16.465200 -19.803600 0.000000 0.000000 0.000000 -0.633269 0.773932
976054072.737284 16.465700 -19.805800 0.000000 0.000000 0.000000 -0.594473 0.804116
976054072.767284 16.465500 -19.807200 0.000000 0.000000 0.000000 -0.569486 0.822001
976054072.997284 16.512400 -19.793100 0.000000 0.000000 0.000000 -0.568939 0.822380
976054073.287284 16.512400 -19.793100 0.000000 0.000000 0.000000 -0.573982 0.818868
976054073.347284 16.513100 -19.793900 0.000000 0.000000 0.000000 -0.586495 0.809953
976054073.777284 16.513700 -19.794700 0.000000 0.000000 0.000000 -0.606225 0.795293
976054073.787284 16.513500 -19.796100 0.000000 0.000000 0.000000 -0.625592 0.780150
976054073.977284 16.513500 -19.796100 0.000000 0.000000 0.000000 -0.635132 0.772403
976054074.387284 16.513700 -19.794700 0.000000 0.000000 0.000000 -0.656248 0.754546
976054074.417284 16.513700 -19.794700 0.000000 0.000000 0.000000 -0.679118 0.734029
976054074.497284 16.513900 -19.793300 0.000000 0.000000 0.000000 -0.699155 0.714970
976054074.957284 16.513700 -19.794700 0.000000 0.000000 0.000000 -0.720793 0.693151
976054074.987284 16.513500 -19.796100 0.000000 0.000000 0.000000 -0.741746 0.670681
976054075.867284 16.513100 -19.800300 0.000000 0.000000 0.000000 -0.758009 0.652244
976054075.947284 16.481900 -19.801800 0.000000 0.000000 0.000000 -0.788201 0.615418
976054076.337284 16.481200 -19.804000 0.000000 0.000000 0.000000 -0.808548 0.588430
976054076.477284 16.479000 -19.808900 0.000000 0.000000 0.000000 -0.849707 0.527255
976054076.997284 16.479700 -19.809600 0.000000 0.000000 0.000000 -0.862409 0.506212
976054077.807284 16.415800 -19.804900 0.000000 0.000000 0.000000 -0.887232 0.461323
976054078.767284 16.415100 -19.805600 0.000000 0.000000 0.000000 -0.928233 0.371999
976054078.807284 16.413700 -19.807000 0.000000 0.000000 0.000000 -0.959406 0.282027
976054078.887284 16.395200 -19.762700 0.000000 0.000000 0.000000 -0.975756 0.218860
976054079.287284 16.395200 -19.762700 0.000000 0.000000 0.000000 -0.980840 0.194813
976054079.477284 16.394500 -19.763400 0.000000 0.000000 0.000000 -0.990110 0.140292
976054079.927284 16.392400 -19.764100 0.000000 0.000000 0.000000 -0.993260 0.115910
976054080.807284 16.389600 -19.764200 0.000000 0.000000 0.000000 -0.997545 0.070024
976054081.157284 16.367000 -19.727400 0.000000 0.000000 0.000000 0.998505 0.054659
976054081.167284 16.362700 -19.727500 0.000000 0.000000 0.000000 0.996612 0.082248
976054081.387284 16.347800 -19.724300 0.000000 0.000000 0.000000 0.995231 0.097551
976054081.917284 16.306600 -19.715300 0.000000 0.000000 0.000000 0.992532 0.121982
976054081.937284 16.234000 -19.697100 0.000000 0.000000 0.000000 0.992153 0.125033
976054082.137284 16.101800 -19.664700 0.000000 0.000000 0.000000 0.992532 0.121982
976054082.567284 16.054100 -19.652300 0.000000 0.000000 0.000000 0.991365 0.131128
976054082.707284 15.948100 -19.625600 0.000000 0.000000 0.000000 0.991365 0.131128
976054083.167284 15.881200 -19.607300 0.000000 0.000000 0.000000 0.991365 0.131128
976054083.337284 15.771000 -19.577900 0.000000 0.000000 0.000000 0.990114 0.140262
976054083.797284 15.722500 -19.563400 0.000000 0.000000 0.000000 0.989679 0.143301
976054083.877284 15.600100 -19.526500 0.000000 0.000000 0.000000 0.988316 0.152420
976054084.397284 15.540300 -19.508100 0.000000 0.000000 0.000000 0.988780 0.149380
976054084.487284 15.442000 -19.479100 0.000000 0.000000 0.000000 0.988780 0.149380
976054085.897284 15.382200 -19.460600 0.000000 0.000000 0.000000 0.988780 0.149380
976054085.917284 15.372900 -19.385900 0.000000 0.000000 0.000000 0.989310 0.145824
976054085.927284 15.315100 -19.368400 0.000000 0.000000 0.000000 0.989310 0.145824
976054086.187284 15.092500 -19.304200 0.000000 0.000000 0.000000 0.990613 0.136697
976054086.287284 14.984100 -19.274900 0.000000 0.000000 0.000000 0.991028 0.133655
976054086.787284 14.927800 -19.260300 0.000000 0.000000 0.000000 0.990613 0.136697
976054086.887284 14.811500 -19.227600 0.000000 0.000000 0.000000 0.990613 0.136697
976054087.337284 14.757300 -19.212200 0.000000 0.000000 0.000000 0.990188 0.139742
976054087.557284 14.643200 -19.180200 0.000000 0.000000 0.000000 0.990188 0.139742
976054088.547284 14.587500 -19.164800 0.000000 0.000000 0.000000 0.991434 0.130607
976054088.567284 14.530500 -19.150900 0.000000 0.000000 0.000000 0.994014 0.109253
976054088.587284 14.447900 -19.178400 0.000000 0.000000 0.000000 0.998392 0.056686
976054088.677284 14.336200 -19.166600 0.000000 0.000000 0.000000 0.998213 0.059756
976054089.187284 14.275500 -19.159400 0.000000 0.000000 0.000000 0.998025 0.062820
976054089.197284 14.216300 -19.152100 0.000000 0.000000 0.000000 0.997827 0.065889
976054089.287284 14.157100 -19.144800 0.000000 0.000000 0.000000 0.997827 0.065889
976054089.807284 14.102000 -19.137000 0.000000 0.000000 0.000000 0.997620 0.068952
976054089.877284 13.985600 -19.121400 0.000000 0.000000 0.000000 0.997177 0.075081
976054090.407284 13.924600 -19.111500 0.000000 0.000000 0.000000 0.996443 0.084271
976054090.417284 13.865900 -19.102000 0.000000 0.000000 0.000000 0.996179 0.087335
976054090.487284 13.812100 -19.092600 0.000000 0.000000 0.000000 0.995906 0.090393
976054091.987284 13.754700 -19.082900 0.000000 0.000000 0.000000 0.995624 0.093455
976054092.437284 13.462300 -19.049000 0.000000 0.000000 0.000000 0.998832 0.048313
976054092.477284 13.290300 -19.033500 0.000000 0.000000 0.000000 0.999235 0.039101
976054093.617284 13.258100 -19.031400 0.000000 0.000000 0.000000 0.999235 0.039101
976054093.757284 13.253700 -19.030900 0.000000 0.000000 0.000000 0.999235 0.039101
976054093.827284 13.253700 -19.030900 0.000000 0.000000 0.000000 0.998976 0.045241
976054093.947284 13.256700 -19.031700 0.000000 0.000000 0.000000 0.994634 0.103456
976054094.417284 13.256700 -19.031700 0.000000 0.000000 0.000000 0.991791 0.127870
976054094.447284 13.252800 -19.030300 0.000000 0.000000 0.000000 0.984845 0.173435
976054094.467284 13.252800 -19.030300 0.000000 0.000000 0.000000 0.976476 0.215624
976054094.937284 13.252800 -19.030300 0.000000 0.000000 0.000000 0.971613 0.236577
976054094.947284 13.252800 -19.030300 0.000000 0.000000 0.000000 0.967087 0.254447
976054095.667284 13.252800 -19.030300 0.000000 0.000000 0.000000 0.957934 0.286988
976054096.937284 13.251400 -19.000600 0.000000 0.000000 0.000000 0.941441 0.337177
976054096.977284 13.251400 -19.000600 0.000000 0.000000 0.000000 0.929509 0.368799
976054097.287284 13.251400 -19.000600 0.000000 0.000000 0.000000 0.897110 0.441806
976054097.307284 13.251400 -19.000600 0.000000 0.000000 0.000000 0.897110 0.441806
976054097.527284 13.251400 -19.000600 0.000000 0.000000 0.000000 0.901146 0.433516
976054097.877284 13.251400 -19.000600 0.000000 0.000000 0.000000 0.905104 0.425190
976054098.227284 13.265000 -18.975900 0.000000 0.000000 0.000000 0.914060 0.405578
976054098.387284 13.264200 -18.975400 0.000000 0.000000 0.000000 0.922572 0.385824
976054098.407284 13.261700 -18.973700 0.000000 0.000000 0.000000 0.937244 0.348674
976054098.657284 13.261400 -18.972300 0.000000 0.000000 0.000000 0.953247 0.302192
976054099.667284 13.259800 -18.971200 0.000000 0.000000 0.000000 0.965680 0.259734
976054099.707284 13.232400 -19.021300 0.000000 0.000000 0.000000 0.998542 0.053980
976054100.337284 13.232400 -19.021300 0.000000 0.000000 0.000000 0.999969 0.007916
976054100.357284 13.232400 -19.021300 0.000000 0.000000 0.000000 -0.998727 0.050445
976054100.507284 13.217900 -19.042200 0.000000 0.000000 0.000000 -0.997834 0.065779
976054100.837284 13.178100 -19.048200 0.000000 0.000000 0.000000 -0.998032 0.062710
976054100.937284 13.102300 -19.057900 0.000000 0.000000 0.000000 -0.998032 0.062710
976054101.387284 13.023400 -19.066700 0.000000 0.000000 0.000000 -0.999272 0.038162
976054101.397284 12.967300 -19.069600 0.000000 0.000000 0.000000 -0.999972 0.007446
976054101.467284 12.944500 -19.070500 0.000000 0.000000 0.000000 0.999940 0.010991
976054101.927284 12.899600 -19.067900 0.000000 0.000000 0.000000 0.999472 0.032496
976054101.947284 12.840900 -19.064100 0.000000 0.000000 0.000000 0.999130 0.041709
976054102.637284 12.772000 -19.059100 0.000000 0.000000 0.000000 0.999130 0.041709
976054102.667284 12.602600 -19.045000 0.000000 0.000000 0.000000 0.998703 0.050914
976054103.307284 12.548700 -19.039600 0.000000 0.000000 0.000000 0.998371 0.057055
976054103.337284 12.485100 -19.032200 0.000000 0.000000 0.000000 0.998191 0.060120
976054103.467284 12.360100 -19.017900 0.000000 0.000000 0.000000 0.998371 0.057055
976054103.917284 12.310400 -19.011800 0.000000 0.000000 0.000000 0.998191 0.060120
976054104.637284 12.194800 -18.998100 0.000000 0.000000 0.000000 0.998002 0.063189
976054104.667284 12.096400 -19.060900 0.000000 0.000000 0.000000 1.000000 0.000841
976054105.177284 12.040000 -19.061600 0.000000 0.000000 0.000000 -0.999998 0.002231
976054105.287284 11.916300 -19.063700 0.000000 0.000000 0.000000 -0.999965 0.008376
976054105.777284 11.859400 -19.065200 0.000000 0.000000 0.000000 -0.999986 0.005301
976054105.867284 11.745700 -19.065900 0.000000 0.000000 0.000000 1.000000 0.000841
976054106.527284 11.684800 -19.066400 0.000000 0.000000 0.000000 0.999992 0.003916
976054106.667284 11.511200 -19.063600 0.000000 0.000000 0.000000 0.999814 0.019280
976054107.127284 11.450900 -19.060900 0.000000 0.000000 0.000000 0.999750 0.022349
976054107.267284 11.333900 -19.055200 0.000000 0.000000 0.000000 0.999400 0.034639
976054107.697284 11.279900 -19.051500 0.000000 0.000000 0.000000 0.999502 0.031566
976054107.957284 11.216300 -19.026200 0.000000 0.000000 0.000000 0.999985 0.005431
976054108.297284 11.222200 -19.025900 0.000000 0.000000 0.000000 -0.999951 0.009931
976054108.577284 11.222200 -19.025900 0.000000 0.000000 0.000000 -0.998431 0.055997
976054108.977284 11.220800 -19.026300 0.000000 0.000000 0.000000 -0.994472 0.104997
976054108.997284 11.216800 -19.027500 0.000000 0.000000 0.000000 -0.984576 0.174956
976054109.667284 11.215400 -19.028000 0.000000 0.000000 0.000000 -0.976141 0.217138
976054109.687284 11.215400 -19.028000 0.000000 0.000000 0.000000 -0.970509 0.241063
976054109.867284 11.224800 -19.082900 0.000000 0.000000 0.000000 -0.929127 0.369761
976054110.297284 11.225300 -19.082000 0.000000 0.000000 0.000000 -0.916101 0.400948
976054110.467284 11.225300 -19.082000 0.000000 0.000000 0.000000 -0.875304 0.483572
976054110.927284 11.236000 -19.113900 0.000000 0.000000 0.000000 -0.854197 0.519949
976054111.777284 11.236500 -19.113000 0.000000 0.000000 0.000000 -0.811775 0.583971
976054112.367284 11.311600 -19.106300 0.000000 0.000000 0.000000 -0.709973 0.704229
976054112.837284 11.311600 -19.106300 0.000000 0.000000 0.000000 -0.712135 0.702042
976054112.917284 11.305500 -19.285400 0.000000 0.000000 0.000000 -0.718574 0.695450
976054113.257284 11.303700 -19.350400 0.000000 0.000000 0.000000 -0.718574 0.695450
976054113.287284 11.302300 -19.397900 0.000000 0.000000 0.000000 -0.720709 0.693237
976054113.487284 11.300400 -19.440400 0.000000 0.000000 0.000000 -0.720709 0.693237
976054113.937284 11.298700 -19.495900 0.000000 0.000000 0.000000 -0.722838 0.691018
976054114.637284 11.293200 -19.636400 0.000000 0.000000 0.000000 -0.720709 0.693237
976054114.667284 11.285900 -19.791200 0.000000 0.000000 0.000000 -0.727070 0.686563
976054115.107284 11.282200 -19.857300 0.000000 0.000000 0.000000 -0.729175 0.684328
976054115.267284 11.275400 -19.973500 0.000000 0.000000 0.000000 -0.729175 0.684328
976054115.827284 11.271300 -20.025200 0.000000 0.000000 0.000000 -0.731275 0.682082
976054115.867284 11.262600 -20.148400 0.000000 0.000000 0.000000 -0.739603 0.673044
976054116.347284 11.385300 -20.147100 0.000000 0.000000 0.000000 -0.684268 0.729230
976054116.367284 11.389000 -20.200700 0.000000 0.000000 0.000000 -0.688737 0.725012
976054116.467284 11.391300 -20.254700 0.000000 0.000000 0.000000 -0.693179 0.720766
976054116.867284 11.393900 -20.313300 0.000000 0.000000 0.000000 -0.693179 0.720766
976054116.897284 11.396700 -20.374000 0.000000 0.000000 0.000000 -0.693179 0.720766
976054117.667284 11.398900 -20.433500 0.000000 0.000000 0.000000 -0.695388 0.718634
976054118.107284 11.403300 -20.664100 0.000000 0.000000 0.000000 -0.706348 0.707865
976054118.157284 11.403500 -20.720500 0.000000 0.000000 0.000000 -0.708521 0.705690
976054118.267284 11.403000 -20.778800 0.000000 0.000000 0.000000 -0.708521 0.705690
976054118.867284 11.403800 -20.836600 0.000000 0.000000 0.000000 -0.706348 0.707865
976054119.877284 11.404200 -21.009100 0.000000 0.000000 0.000000 -0.710684 0.703511
976054119.917284 11.469100 -21.159900 0.000000 0.000000 0.000000 -0.700052 0.714092
976054119.937284 11.470500 -21.214700 0.000000 0.000000 0.000000 -0.704427 0.709777
976054120.577284 11.470300 -21.247600 0.000000 0.000000 0.000000 -0.700052 0.714092
976054120.607284 11.470100 -21.242200 0.000000 0.000000 0.000000 -0.702244 0.711936
976054121.427284 11.470400 -21.217800 0.000000 0.000000 0.000000 -0.708775 0.705435
976054121.437284 11.470300 -21.197600 0.000000 0.000000 0.000000 -0.715249 0.698870
976054121.787284 11.478700 -21.092100 0.000000 0.000000 0.000000 -0.756821 0.653623
976054121.987284 11.486500 -21.047100 0.000000 0.000000 0.000000 -0.788028 0.615639
976054122.307284 11.486100 -21.051200 0.000000 0.000000 0.000000 -0.791797 0.610785
976054122.317284 11.483300 -21.061900 0.000000 0.000000 0.000000 -0.789918 0.613213
976054122.577284 11.472400 -21.103700 0.000000 0.000000 0.000000 -0.795535 0.605908
976054122.967284 11.452800 -21.175300 0.000000 0.000000 0.000000 -0.791797 0.610785
976054123.107284 11.418700 -21.307600 0.000000 0.000000 0.000000 -0.793671 0.608347
976054123.447284 11.413100 -21.329000 0.000000 0.000000 0.000000 -0.795535 0.605908
976054123.477284 11.412800 -21.329900 0.000000 0.000000 0.000000 -0.795535 0.605908
976054123.677284 11.413100 -21.329000 0.000000 0.000000 0.000000 -0.793671 0.608347
976054124.387284 11.413100 -21.329000 0.000000 0.000000 0.000000 -0.793671 0.608347
976054124.497284 11.413100 -21.329000 0.000000 0.000000 0.000000 -0.791797 0.610785
976054124.527284 11.413500 -21.328000 0.000000 0.000000 0.000000 -0.750765 0.660569
976054124.927284 11.401300 -21.333900 0.000000 0.000000 0.000000 -0.729130 0.684375
976054124.987284 11.401700 -21.338400 0.000000 0.000000 0.000000 -0.678986 0.734152
976054125.187284 11.401800 -21.340600 0.000000 0.000000 0.000000 -0.644436 0.764659
976054125.387284 11.401300 -21.339300 0.000000 0.000000 0.000000 -0.620641 0.784095
976054125.537284 11.401100 -21.337100 0.000000 0.000000 0.000000 -0.581357 0.813649
976054125.917284 11.400700 -21.338000 0.000000 0.000000 0.000000 -0.558636 0.829413
976054126.107284 11.527100 -21.300600 0.000000 0.000000 0.000000 -0.492252 0.870453
976054126.407284 11.527100 -21.300600 0.000000 0.000000 0.000000 -0.454361 0.890818
976054126.487284 11.527600 -21.301900 0.000000 0.000000 0.000000 -0.407229 0.913326
976054126.687284 11.528500 -21.302300 0.000000 0.000000 0.000000 -0.364714 0.931119
976054127.117284 11.530000 -21.304000 0.000000 0.000000 0.000000 -0.324334 0.945943
976054127.287284 11.570800 -21.266300 0.000000 0.000000 0.000000 -0.256474 0.966551
976054127.887284 11.572600 -21.267100 0.000000 0.000000 0.000000 -0.208663 0.977988
976054128.197284 11.580300 -21.269500 0.000000 0.000000 0.000000 -0.068806 0.997630
976054128.477284 11.556200 -21.240100 0.000000 0.000000 0.000000 -0.032034 0.999487
976054128.497284 11.558500 -21.240000 0.000000 0.000000 0.000000 0.007906 0.999969
976054128.747284 11.560700 -21.239900 0.000000 0.000000 0.000000 0.063174 0.998003
976054129.347284 11.562900 -21.239900 0.000000 0.000000 0.000000 0.112144 0.993692
976054129.857284 11.564300 -21.239400 0.000000 0.000000 0.000000 0.142620 0.989778
976054130.437284 11.559900 -21.185200 0.000000 0.000000 0.000000 0.306114 0.951995
976054130.867284 11.559900 -21.185200 0.000000 0.000000 0.000000 0.335217 0.942141
976054130.947284 11.543800 -21.141000 0.000000 0.000000 0.000000 0.508395 0.861124
976054131.357284 11.543800 -21.141000 0.000000 0.000000 0.000000 0.542378 0.840135
976054131.487284 11.544200 -21.140100 0.000000 0.000000 0.000000 0.634186 0.773181
976054131.977284 11.544200 -21.140100 0.000000 0.000000 0.000000 0.659956 0.751304
976054132.107284 11.487500 -21.126400 0.000000 0.000000 0.000000 0.723690 0.690125
976054132.457284 11.487500 -21.126400 0.000000 0.000000 0.000000 0.758736 0.651399
976054132.487284 11.487500 -21.126400 0.000000 0.000000 0.000000 0.786048 0.618165
976054132.797284 11.487000 -21.125100 0.000000 0.000000 0.000000 0.813695 0.581293
976054133.807284 11.486500 -21.123800 0.000000 0.000000 0.000000 0.837941 0.545760
976054133.857284 11.429400 -21.155600 0.000000 0.000000 0.000000 0.853182 0.521614
976054133.887284 11.426300 -21.152900 0.000000 0.000000 0.000000 0.916935 0.399037
976054134.237284 11.425900 -21.151600 0.000000 0.000000 0.000000 0.914463 0.404669
976054134.307284 11.425900 -21.151600 0.000000 0.000000 0.000000 0.910696 0.413078
976054134.797284 11.425400 -21.150200 0.000000 0.000000 0.000000 0.902926 0.429796
976054134.937284 11.423200 -21.148000 0.000000 0.000000 0.000000 0.880713 0.473651
976054135.397284 11.413600 -21.167800 0.000000 0.000000 0.000000 0.875891 0.482508
976054135.517284 11.413200 -21.168700 0.000000 0.000000 0.000000 0.847878 0.530191
976054135.917284 11.412700 -21.167400 0.000000 0.000000 0.000000 0.842954 0.537986
976054136.887284 11.389800 -21.111000 0.000000 0.000000 0.000000 0.829477 0.558541
976054137.847284 11.295700 -20.876700 0.000000 0.000000 0.000000 0.824292 0.566165
976054137.887284 11.188900 -20.602700 0.000000 0.000000 0.000000 0.824292 0.566165
976054138.347284 11.168400 -20.550700 0.000000 0.000000 0.000000 0.826029 0.563628
976054138.497284 11.122400 -20.431200 0.000000 0.000000 0.000000 0.827755 0.561089
976054138.897284 11.101400 -20.377900 0.000000 0.000000 0.000000 0.826029 0.563628
976054138.947284 11.081500 -20.327300 0.000000 0.000000 0.000000 0.826029 0.563628
976054139.127284 11.059600 -20.273600 0.000000 0.000000 0.000000 0.826029 0.563628
976054139.677284 11.038600 -20.218000 0.000000 0.000000 0.000000 0.824292 0.566165
976054139.697284 11.039100 -20.185100 0.000000 0.000000 0.000000 0.839577 0.543240
976054139.887284 10.992100 -20.079100 0.000000 0.000000 0.000000 0.839577 0.543240
976054140.227284 10.967700 -20.025700 0.000000 0.000000 0.000000 0.837903 0.545819
976054140.297284 10.945100 -19.973100 0.000000 0.000000 0.000000 0.837903 0.545819
976054140.817284 10.921600 -19.920100 0.000000 0.000000 0.000000 0.837903 0.545819
976054140.897284 10.874400 -19.811800 0.000000 0.000000 0.000000 0.836223 0.548389
976054141.397284 10.851500 -19.760100 0.000000 0.000000 0.000000 0.836223 0.548389
976054141.487284 10.805800 -19.653500 0.000000 0.000000 0.000000 0.837903 0.545819
976054142.367284 10.781700 -19.599200 0.000000 0.000000 0.000000 0.837903 0.545819
976054142.477284 10.758200 -19.546200 0.000000 0.000000 0.000000 0.837903 0.545819
976054142.637284 10.711200 -19.440200 0.000000 0.000000 0.000000 0.839577 0.543240
976054142.747284 10.663600 -19.332900 0.000000 0.000000 0.000000 0.839577 0.543240
976054143.217284 10.640300 -19.282100 0.000000 0.000000 0.000000 0.842900 0.538071
976054143.227284 10.602400 -19.289500 0.000000 0.000000 0.000000 0.860866 0.508831
976054143.287284 10.573100 -19.236200 0.000000 0.000000 0.000000 0.860866 0.508831
976054143.797284 10.542800 -19.182600 0.000000 0.000000 0.000000 0.860866 0.508831
976054143.917284 10.489000 -19.083800 0.000000 0.000000 0.000000 0.863977 0.503531
976054144.377284 10.460100 -19.032800 0.000000 0.000000 0.000000 0.865521 0.500872
976054144.507284 10.399900 -18.927800 0.000000 0.000000 0.000000 0.867055 0.498213
976054144.937284 10.371200 -18.878900 0.000000 0.000000 0.000000 0.868583 0.495544
976054145.987284 10.311400 -18.779300 0.000000 0.000000 0.000000 0.871611 0.490197
976054146.287284 10.198100 -18.596700 0.000000 0.000000 0.000000 0.876094 0.482141
976054146.387284 10.201700 -18.602100 0.000000 0.000000 0.000000 0.880500 0.474047
976054146.867284 10.201700 -18.602100 0.000000 0.000000 0.000000 0.884833 0.465909
976054146.947284 10.201700 -18.602100 0.000000 0.000000 0.000000 0.910510 0.413488
976054147.457284 10.201000 -18.600800 0.000000 0.000000 0.000000 0.931976 0.362521
976054147.537284 10.198500 -18.598900 0.000000 0.000000 0.000000 0.963063 0.269276
976054147.947284 10.220600 -18.635100 0.000000 0.000000 0.000000 0.958325 0.285680
976054147.967284 10.220600 -18.635100 0.000000 0.000000 0.000000 0.968969 0.247182
976054148.677284 10.220600 -18.635100 0.000000 0.000000 0.000000 0.981152 0.193238
976054148.737284 10.221500 -18.635400 0.000000 0.000000 0.000000 0.989640 0.143568
976054148.807284 10.221500 -18.635400 0.000000 0.000000 0.000000 0.994899 0.100879
976054149.257284 10.207400 -18.633200 0.000000 0.000000 0.000000 0.994260 0.106991
976054149.347284 10.090000 -18.606900 0.000000 0.000000 0.000000 0.994260 0.106991
976054149.837284 10.012600 -18.590700 0.000000 0.000000 0.000000 0.994584 0.103933
976054149.977284 9.915770 -18.569200 0.000000 0.000000 0.000000 0.992870 0.119202
976054150.357284 9.893670 -18.622900 0.000000 0.000000 0.000000 0.997304 0.073385
976054150.367284 9.825320 -18.614300 0.000000 0.000000 0.000000 0.998487 0.054989
976054150.517284 9.755160 -18.608400 0.000000 0.000000 0.000000 0.999331 0.036573
976054150.857284 9.697480 -18.606100 0.000000 0.000000 0.000000 0.999775 0.021215
976054150.907284 9.645840 -18.604600 0.000000 0.000000 0.000000 0.999775 0.021215
976054151.517284 9.593530 -18.601800 0.000000 0.000000 0.000000 0.999626 0.027358
976054151.537284 9.562770 -18.600100 0.000000 0.000000 0.000000 0.999537 0.030432
976054151.677284 9.442890 -18.593100 0.000000 0.000000 0.000000 0.999331 0.036573
976054152.137284 9.387690 -18.589500 0.000000 0.000000 0.000000 0.999439 0.033500
976054152.267284 9.273580 -18.584200 0.000000 0.000000 0.000000 0.999928 0.011996
976054152.627284 9.213140 -18.584300 0.000000 0.000000 0.000000 -0.999979 0.006436
976054152.667284 9.153100 -18.586500 0.000000 0.000000 0.000000 -0.999921 0.012586
976054153.207284 9.094580 -18.587100 0.000000 0.000000 0.000000 -0.999955 0.009511
976054153.267284 8.979570 -18.592000 0.000000 0.000000 0.000000 -0.999762 0.021800
976054153.717284 8.922410 -18.595100 0.000000 0.000000 0.000000 -0.999691 0.024874
976054153.897284 8.835940 -18.608900 0.000000 0.000000 0.000000 -0.998686 0.051244
976054154.397284 8.781130 -18.613800 0.000000 0.000000 0.000000 -0.998839 0.048178
976054154.457284 8.725110 -18.619400 0.000000 0.000000 0.000000 -0.998982 0.045106
976054154.647284 8.607000 -18.630200 0.000000 0.000000 0.000000 -0.999241 0.038966
976054155.607284 8.547100 -18.634900 0.000000 0.000000 0.000000 -0.999356 0.035894
976054155.647284 8.314030 -18.647900 0.000000 0.000000 0.000000 -0.999896 0.014391
976054156.657284 8.258980 -18.649700 0.000000 0.000000 0.000000 -0.999966 0.008246
976054156.887284 8.204900 -18.651700 0.000000 0.000000 0.000000 -0.999936 0.011321
976054157.387284 7.913130 -18.660400 0.000000 0.000000 0.000000 -0.999896 0.014391
976054157.467284 7.865330 -18.662700 0.000000 0.000000 0.000000 -0.999064 0.043253
976054157.937284 7.811000 -18.669100 0.000000 0.000000 0.000000 -0.998779 0.049396
976054157.957284 7.755690 -18.675300 0.000000 0.000000 0.000000 -0.998623 0.052462
976054158.287284 7.696260 -18.681700 0.000000 0.000000 0.000000 -0.998282 0.058598
976054158.487284 7.634280 -18.690600 0.000000 0.000000 0.000000 -0.997903 0.064731
976054158.667284 7.521100 -18.705600 0.000000 0.000000 0.000000 -0.997903 0.064731
976054159.667284 7.466570 -18.713000 0.000000 0.000000 0.000000 -0.997903 0.064731
976054159.687284 7.406740 -18.721400 0.000000 0.000000 0.000000 -0.997903 0.064731
976054159.827284 7.175490 -18.750300 0.000000 0.000000 0.000000 -0.998779 0.049396
976054160.407284 7.111940 -18.756900 0.000000 0.000000 0.000000 -0.998779 0.049396
976054160.427284 7.055840 -18.761900 0.000000 0.000000 0.000000 -0.998926 0.046325
976054160.647284 6.945410 -18.773400 0.000000 0.000000 0.000000 -0.998926 0.046325
976054161.197284 6.938210 -18.812300 0.000000 0.000000 0.000000 -0.995982 0.089551
976054161.287284 6.880410 -18.823200 0.000000 0.000000 0.000000 -0.995703 0.092608
976054161.507284 6.826710 -18.833600 0.000000 0.000000 0.000000 -0.995703 0.092608
976054161.687284 6.710860 -18.857400 0.000000 0.000000 0.000000 -0.995115 0.098725
976054162.137284 6.650830 -18.870100 0.000000 0.000000 0.000000 -0.994489 0.104843
976054162.257284 6.543040 -18.893900 0.000000 0.000000 0.000000 -0.994162 0.107896
976054162.687284 6.485000 -18.906800 0.000000 0.000000 0.000000 -0.993826 0.110952
976054162.827284 6.368780 -18.933600 0.000000 0.000000 0.000000 -0.994162 0.107896
976054163.397284 6.315940 -18.945200 0.000000 0.000000 0.000000 -0.994489 0.104843
976054163.417284 6.261990 -18.957600 0.000000 0.000000 0.000000 -0.994806 0.101785
976054163.437284 6.199970 -18.970000 0.000000 0.000000 0.000000 -0.995115 0.098725
976054163.857284 6.140930 -18.982800 0.000000 0.000000 0.000000 -0.995413 0.095670
976054163.877284 6.087230 -18.993200 0.000000 0.000000 0.000000 -0.995703 0.092608
976054164.297284 6.032530 -19.003500 0.000000 0.000000 0.000000 -0.995703 0.092608
976054164.457284 5.974730 -19.014400 0.000000 0.000000 0.000000 -0.995703 0.092608
976054164.477284 5.946040 -19.015200 0.000000 0.000000 0.000000 -0.993894 0.110341
976054164.647284 5.890740 -19.028700 0.000000 0.000000 0.000000 -0.993894 0.110341
976054165.977284 5.836520 -19.041200 0.000000 0.000000 0.000000 -0.993894 0.110341
976054165.997284 5.782380 -19.052800 0.000000 0.000000 0.000000 -0.994228 0.107284
976054166.477284 5.494420 -19.113300 0.000000 0.000000 0.000000 -0.996037 0.088939
976054166.627284 5.319220 -19.145000 0.000000 0.000000 0.000000 -0.996565 0.082816
976054166.967284 5.262260 -19.154300 0.000000 0.000000 0.000000 -0.997055 0.076691
976054167.297284 5.207290 -19.163800 0.000000 0.000000 0.000000 -0.997055 0.076691
976054167.457284 5.174740 -19.169200 0.000000 0.000000 0.000000 -0.996565 0.082816
976054167.477284 5.168670 -19.169700 0.000000 0.000000 0.000000 -0.996306 0.085875
976054167.677284 5.171750 -19.168900 0.000000 0.000000 0.000000 -0.995175 0.098118
976054168.697284 5.170670 -19.169800 0.000000 0.000000 0.000000 -0.994228 0.107284
976054168.707284 5.170670 -19.169800 0.000000 0.000000 0.000000 -0.991691 0.128644
976054168.857284 5.165440 -19.172400 0.000000 0.000000 0.000000 -0.947439 0.319935
976054169.387284 5.145510 -19.196700 0.000000 0.000000 0.000000 -0.931907 0.362698
976054169.407284 5.145510 -19.196700 0.000000 0.000000 0.000000 -0.909155 0.416458
976054169.487284 5.144330 -19.198600 0.000000 0.000000 0.000000 -0.890403 0.455173
976054169.847284 5.142160 -19.200400 0.000000 0.000000 0.000000 -0.876000 0.482311
976054169.867284 5.141980 -19.202400 0.000000 0.000000 0.000000 -0.854447 0.519539
976054170.957284 5.140810 -19.204300 0.000000 0.000000 0.000000 -0.824419 0.565980
976054170.977284 5.242630 -19.251400 0.000000 0.000000 0.000000 -0.763141 0.646232
976054170.997284 5.236710 -19.288000 0.000000 0.000000 0.000000 -0.765125 0.643882
976054171.197284 5.224020 -19.359900 0.000000 0.000000 0.000000 -0.765125 0.643882
976054171.527284 5.211380 -19.439000 0.000000 0.000000 0.000000 -0.763141 0.646232
976054172.767284 5.193830 -19.539500 0.000000 0.000000 0.000000 -0.771026 0.636804
976054173.927284 5.158820 -19.852600 0.000000 0.000000 0.000000 -0.730460 0.682956
976054174.167284 5.136300 -20.170500 0.000000 0.000000 0.000000 -0.738801 0.673923
976054174.187284 5.130290 -20.230200 0.000000 0.000000 0.000000 -0.742929 0.669371
976054174.327284 5.293640 -20.245800 0.000000 0.000000 0.000000 -0.698139 0.715962
976054174.867284 5.295750 -20.302800 0.000000 0.000000 0.000000 -0.700337 0.713812
976054174.877284 5.295800 -20.330800 0.000000 0.000000 0.000000 -0.702525 0.711659
976054175.237284 5.296900 -20.385800 0.000000 0.000000 0.000000 -0.706889 0.707325
976054175.507284 5.297010 -20.443800 0.000000 0.000000 0.000000 -0.709057 0.705151
976054175.527284 5.296120 -20.502800 0.000000 0.000000 0.000000 -0.713377 0.700781
976054175.677284 5.294340 -20.619800 0.000000 0.000000 0.000000 -0.717670 0.696384
976054176.607284 5.292450 -20.678800 0.000000 0.000000 0.000000 -0.719808 0.694174
976054176.617284 5.290550 -20.734800 0.000000 0.000000 0.000000 -0.721935 0.691961
976054177.757284 5.276980 -20.965900 0.000000 0.000000 0.000000 -0.732482 0.680787
976054177.997284 5.273080 -21.021900 0.000000 0.000000 0.000000 -0.734572 0.678531
976054178.587284 5.264290 -21.136900 0.000000 0.000000 0.000000 -0.736651 0.676273
976054178.777284 5.282990 -21.465100 0.000000 0.000000 0.000000 -0.729961 0.683489
976054179.677284 5.279240 -21.520600 0.000000 0.000000 0.000000 -0.734147 0.678990
976054179.767284 5.256930 -21.752000 0.000000 0.000000 0.000000 -0.748581 0.663043
976054180.287284 5.250190 -21.807700 0.000000 0.000000 0.000000 -0.752642 0.658430
976054180.397284 5.236310 -21.901000 0.000000 0.000000 0.000000 -0.756673 0.653793
976054180.707284 5.235850 -21.908000 0.000000 0.000000 0.000000 -0.758680 0.651463
976054180.797284 5.236390 -21.902000 0.000000 0.000000 0.000000 -0.758680 0.651463
976054181.407284 5.236470 -21.903000 0.000000 0.000000 0.000000 -0.756673 0.653793
976054181.417284 5.236540 -21.904000 0.000000 0.000000 0.000000 -0.756673 0.653793
976054181.567284 5.236540 -21.904000 0.000000 0.000000 0.000000 -0.742436 0.669917
976054181.767284 5.236620 -21.905000 0.000000 0.000000 0.000000 -0.723628 0.690190
976054182.217284 5.236620 -21.905000 0.000000 0.000000 0.000000 -0.693276 0.720672
976054182.537284 5.237160 -21.912000 0.000000 0.000000 0.000000 -0.602149 0.798384
976054182.597284 5.272570 -21.913800 0.000000 0.000000 0.000000 -0.586414 0.810011
976054183.167284 5.272510 -21.912800 0.000000 0.000000 0.000000 -0.553599 0.832783
976054183.177284 5.272510 -21.912800 0.000000 0.000000 0.000000 -0.498749 0.866746
976054183.507284 5.273570 -21.913700 0.000000 0.000000 0.000000 -0.422422 0.906399
976054183.587284 5.274690 -21.915600 0.000000 0.000000 0.000000 -0.385888 0.922546
976054184.197284 5.333820 -21.856600 0.000000 0.000000 0.000000 -0.357666 0.933850
976054184.387284 5.339930 -21.861500 0.000000 0.000000 0.000000 -0.222541 0.974923
976054184.717284 5.341930 -21.861500 0.000000 0.000000 0.000000 -0.183429 0.983033
976054184.797284 5.343960 -21.862400 0.000000 0.000000 0.000000 -0.137941 0.990440
976054185.187284 5.369220 -21.836000 0.000000 0.000000 0.000000 -0.095813 0.995399
976054185.407284 5.373220 -21.835900 0.000000 0.000000 0.000000 -0.003778 0.999993
976054185.767284 5.375220 -21.835800 0.000000 0.000000 0.000000 0.036161 0.999346
976054185.787284 5.377220 -21.835800 0.000000 0.000000 0.000000 0.079104 0.996866
976054185.967284 5.379220 -21.835700 0.000000 0.000000 0.000000 0.131046 0.991376
976054186.357284 5.366650 -21.775100 0.000000 0.000000 0.000000 0.171534 0.985178
976054186.377284 5.369640 -21.774100 0.000000 0.000000 0.000000 0.207736 0.978185
976054186.627284 5.372620 -21.772100 0.000000 0.000000 0.000000 0.246634 0.969109
976054187.827284 5.374600 -21.771100 0.000000 0.000000 0.000000 0.299831 0.953992
976054187.837284 5.378570 -21.768000 0.000000 0.000000 0.000000 0.349233 0.937036
976054188.187284 5.348140 -21.717200 0.000000 0.000000 0.000000 0.505788 0.862658
976054188.297284 5.348140 -21.717200 0.000000 0.000000 0.000000 0.539834 0.841771
976054188.617284 5.349110 -21.714200 0.000000 0.000000 0.000000 0.617449 0.786611
976054188.657284 5.304410 -21.702600 0.000000 0.000000 0.000000 0.639936 0.768428
976054188.857284 5.304470 -21.698600 0.000000 0.000000 0.000000 0.674664 0.738125
976054189.237284 5.304510 -21.695600 0.000000 0.000000 0.000000 0.705781 0.708430
976054189.477284 5.301030 -21.657500 0.000000 0.000000 0.000000 0.766025 0.642810
976054189.917284 5.287770 -21.602300 0.000000 0.000000 0.000000 0.792962 0.609271
976054189.947284 5.225060 -21.551000 0.000000 0.000000 0.000000 0.810266 0.586063
976054189.997284 5.205280 -21.488900 0.000000 0.000000 0.000000 0.808462 0.588548
976054190.387284 5.189040 -21.438500 0.000000 0.000000 0.000000 0.806649 0.591031
976054190.617284 5.157680 -21.340800 0.000000 0.000000 0.000000 0.806649 0.591031
976054191.127284 5.138860 -21.277600 0.000000 0.000000 0.000000 0.793753 0.608240
976054191.237284 5.124080 -21.215200 0.000000 0.000000 0.000000 0.772742 0.634720
976054191.557284 5.109300 -21.107700 0.000000 0.000000 0.000000 0.738549 0.674200
976054191.577284 5.104820 -21.051900 0.000000 0.000000 0.000000 0.738549 0.674200
976054192.587284 5.099160 -20.992100 0.000000 0.000000 0.000000 0.740618 0.671926
976054192.597284 5.093460 -20.931300 0.000000 0.000000 0.000000 0.738549 0.674200
976054192.777284 5.083510 -20.819600 0.000000 0.000000 0.000000 0.738549 0.674200
976054192.797284 5.078030 -20.763800 0.000000 0.000000 0.000000 0.740618 0.671926
976054193.937284 5.066720 -20.644200 0.000000 0.000000 0.000000 0.740618 0.671926
976054194.947284 5.066890 -20.411000 0.000000 0.000000 0.000000 0.747417 0.664356
976054195.297284 5.041340 -20.180100 0.000000 0.000000 0.000000 0.743320 0.668936
976054195.837284 5.034960 -20.122300 0.000000 0.000000 0.000000 0.743320 0.668936
976054195.887284 5.028630 -20.065600 0.000000 0.000000 0.000000 0.747417 0.664356
976054195.897284 5.006410 -19.891600 0.000000 0.000000 0.000000 0.753507 0.657440
976054195.967284 4.998080 -19.835000 0.000000 0.000000 0.000000 0.757533 0.652797
976054196.327284 4.989820 -19.779400 0.000000 0.000000 0.000000 0.757533 0.652797
976054196.347284 4.982610 -19.724700 0.000000 0.000000 0.000000 0.757533 0.652797
976054196.507284 4.974160 -19.666100 0.000000 0.000000 0.000000 0.755525 0.655120
976054196.947284 4.906160 -19.639600 0.000000 0.000000 0.000000 0.778928 0.627113
976054197.147284 4.888060 -19.529000 0.000000 0.000000 0.000000 0.743069 0.669215
976054197.597284 4.883470 -19.470000 0.000000 0.000000 0.000000 0.730607 0.682799
976054197.677284 4.876980 -19.380900 0.000000 0.000000 0.000000 0.734789 0.678296
976054198.107284 4.871880 -19.325000 0.000000 0.000000 0.000000 0.736871 0.676033
976054198.157284 4.867450 -19.266900 0.000000 0.000000 0.000000 0.736871 0.676033
976054198.237284 4.862530 -19.205900 0.000000 0.000000 0.000000 0.734789 0.678296
976054198.787284 4.857430 -19.150000 0.000000 0.000000 0.000000 0.736871 0.676033
976054198.847284 4.855690 -19.127000 0.000000 0.000000 0.000000 0.738943 0.673768
976054198.997284 4.845160 -19.013200 0.000000 0.000000 0.000000 0.741011 0.671493
976054199.377284 4.839100 -18.951400 0.000000 0.000000 0.000000 0.741011 0.671493
976054199.427284 4.832200 -18.890700 0.000000 0.000000 0.000000 0.741011 0.671493
976054199.617284 4.827430 -18.836700 0.000000 0.000000 0.000000 0.745124 0.666927
976054200.127284 4.821160 -18.786100 0.000000 0.000000 0.000000 0.747167 0.664636
976054200.137284 4.817640 -18.752200 0.000000 0.000000 0.000000 0.749208 0.662335
976054200.187284 4.817160 -18.749300 0.000000 0.000000 0.000000 0.743069 0.669215
976054200.557284 4.816980 -18.754300 0.000000 0.000000 0.000000 0.745124 0.666927
976054200.567284 4.817300 -18.756300 0.000000 0.000000 0.000000 0.743069 0.669215
976054200.677284 4.817300 -18.756300 0.000000 0.000000 0.000000 0.743069 0.669215
976054201.187284 4.817300 -18.756300 0.000000 0.000000 0.000000 0.743069 0.669215
976054201.197284 4.817300 -18.756300 0.000000 0.000000 0.000000 0.743069 0.669215
976054201.277284 4.817140 -18.755300 0.000000 0.000000 0.000000 0.745124 0.666927
976054201.397284 4.817140 -18.755300 0.000000 0.000000 0.000000 0.745124 0.666927
976054201.597284 4.817140 -18.755300 0.000000 0.000000 0.000000 0.745124 0.666927
976054201.847284 4.817140 -18.755300 0.000000 0.000000 0.000000 0.749208 0.662335
976054202.297284 4.817140 -18.755300 0.000000 0.000000 0.000000 0.755282 0.655399
976054202.447284 4.816980 -18.754300 0.000000 0.000000 0.000000 0.792236 0.610215
976054202.877284 4.816490 -18.751400 0.000000 0.000000 0.000000 0.821268 0.570543
976054202.887284 4.779630 -18.751700 0.000000 0.000000 0.000000 0.868246 0.496135
976054202.997284 4.778440 -18.751000 0.000000 0.000000 0.000000 0.892965 0.450126
976054203.317284 4.779630 -18.751700 0.000000 0.000000 0.000000 0.905070 0.425262
976054203.397284 4.778440 -18.751000 0.000000 0.000000 0.000000 0.923703 0.383110
976054203.667284 4.778230 -18.750000 0.000000 0.000000 0.000000 0.945490 0.325652
976054203.797284 4.763590 -18.783300 0.000000 0.000000 0.000000 0.956853 0.290574
976054204.307284 4.763800 -18.784300 0.000000 0.000000 0.000000 0.966126 0.258072
976054204.397284 4.763590 -18.783300 0.000000 0.000000 0.000000 0.988710 0.149840
976054204.897284 4.763800 -18.784300 0.000000 0.000000 0.000000 0.993562 0.113288
976054204.907284 4.761630 -18.783700 0.000000 0.000000 0.000000 0.996823 0.079647
976054204.997284 4.745210 -18.862200 0.000000 0.000000 0.000000 0.996574 0.082712
976054205.607284 4.721610 -18.857000 0.000000 0.000000 0.000000 0.996046 0.088834
976054205.617284 4.663240 -18.846900 0.000000 0.000000 0.000000 0.996574 0.082712
976054205.797284 4.513890 -18.822400 0.000000 0.000000 0.000000 0.996315 0.085771
976054206.127284 4.467110 -18.813900 0.000000 0.000000 0.000000 0.995769 0.091892
976054206.247284 4.422080 -18.804000 0.000000 0.000000 0.000000 0.994879 0.101068
976054206.637284 4.366640 -18.793300 0.000000 0.000000 0.000000 0.995186 0.098009
976054206.797284 4.235110 -18.766000 0.000000 0.000000 0.000000 0.994565 0.104122
976054207.197284 4.184770 -18.755300 0.000000 0.000000 0.000000 0.993905 0.110237
976054207.217284 4.137370 -18.743900 0.000000 0.000000 0.000000 0.993209 0.116342
976054207.397284 4.082290 -18.730000 0.000000 0.000000 0.000000 0.992476 0.122443
976054207.787284 4.016380 -18.713300 0.000000 0.000000 0.000000 0.992095 0.125490
976054207.797284 3.957950 -18.698100 0.000000 0.000000 0.000000 0.992095 0.125490
976054208.397284 3.906990 -18.684400 0.000000 0.000000 0.000000 0.991704 0.128540
976054208.457284 3.856030 -18.670700 0.000000 0.000000 0.000000 0.991305 0.131584
976054208.597284 3.737570 -18.637600 0.000000 0.000000 0.000000 0.990477 0.137678
976054208.977284 3.730050 -18.714200 0.000000 0.000000 0.000000 0.996864 0.079134
976054209.097284 3.700010 -18.709500 0.000000 0.000000 0.000000 0.997551 0.069939
976054209.197284 3.694630 -18.709200 0.000000 0.000000 0.000000 0.998154 0.060739
976054209.547284 3.702540 -18.710700 0.000000 0.000000 0.000000 0.998671 0.051538
976054209.607284 3.718660 -18.711700 0.000000 0.000000 0.000000 0.999229 0.039261
976054210.477284 3.737950 -18.712700 0.000000 0.000000 0.000000 0.999636 0.026973
976054210.487284 3.759450 -18.714000 0.000000 0.000000 0.000000 0.999783 0.020830
976054210.627284 3.761670 -18.714300 0.000000 0.000000 0.000000 0.999842 0.017760
976054210.797284 3.750920 -18.713600 0.000000 0.000000 0.000000 -0.999977 0.006821
976054211.327284 3.741750 -18.714600 0.000000 0.000000 0.000000 -0.999045 0.043682
976054211.337284 3.736690 -18.715200 0.000000 0.000000 0.000000 -0.995691 0.092728
976054211.417284 3.735740 -18.715500 0.000000 0.000000 0.000000 -0.990362 0.138505
976054211.877284 3.734790 -18.715800 0.000000 0.000000 0.000000 -0.983821 0.179154
976054212.597284 3.813920 -18.751500 0.000000 0.000000 0.000000 -0.965700 0.259661
976054213.107284 3.812260 -18.753000 0.000000 0.000000 0.000000 -0.901732 0.432295
976054213.197284 3.751670 -18.748300 0.000000 0.000000 0.000000 -0.856123 0.516772
976054213.707284 3.750970 -18.749500 0.000000 0.000000 0.000000 -0.833106 0.553113
976054213.847284 3.750970 -18.749500 0.000000 0.000000 0.000000 -0.782496 0.622655
976054214.417284 3.750970 -18.749500 0.000000 0.000000 0.000000 -0.748916 0.662665
976054214.427284 3.818480 -18.823900 0.000000 0.000000 0.000000 -0.719867 0.694113
976054214.647284 3.822530 -18.888900 0.000000 0.000000 0.000000 -0.673608 0.739089
976054215.217284 3.828280 -18.956600 0.000000 0.000000 0.000000 -0.678137 0.734935
976054215.227284 3.834530 -19.030300 0.000000 0.000000 0.000000 -0.680394 0.732847
976054215.247284 3.838550 -19.087000 0.000000 0.000000 0.000000 -0.684884 0.728652
976054215.527284 3.841580 -19.135800 0.000000 0.000000 0.000000 -0.698200 0.715903
976054215.597284 3.841940 -19.182100 0.000000 0.000000 0.000000 -0.706945 0.707268
976054216.457284 3.842340 -19.244900 0.000000 0.000000 0.000000 -0.709117 0.705091
976054216.467284 3.841800 -19.316200 0.000000 0.000000 0.000000 -0.709117 0.705091
976054216.607284 3.841590 -19.425600 0.000000 0.000000 0.000000 -0.711282 0.702907
976054216.837284 3.840650 -19.536200 0.000000 0.000000 0.000000 -0.711282 0.702907
976054217.397284 3.839370 -19.604600 0.000000 0.000000 0.000000 -0.713436 0.700720
976054217.597284 3.837590 -19.764900 0.000000 0.000000 0.000000 -0.715588 0.698523
976054217.937284 3.836300 -19.829200 0.000000 0.000000 0.000000 -0.719867 0.694113
976054217.997284 3.939890 -19.828700 0.000000 0.000000 0.000000 -0.688515 0.725222
976054218.417284 3.942180 -19.884900 0.000000 0.000000 0.000000 -0.708306 0.705906
976054218.437284 3.940740 -19.937300 0.000000 0.000000 0.000000 -0.725445 0.688281
976054218.617284 3.936530 -19.990800 0.000000 0.000000 0.000000 -0.746246 0.665670
976054219.107284 3.927700 -20.051600 0.000000 0.000000 0.000000 -0.764368 0.644781
976054219.197284 3.908170 -20.168500 0.000000 0.000000 0.000000 -0.766347 0.642427
976054219.637284 3.898400 -20.224200 0.000000 0.000000 0.000000 -0.766347 0.642427
976054219.687284 3.888620 -20.280000 0.000000 0.000000 0.000000 -0.768315 0.640072
976054219.797284 3.878670 -20.337900 0.000000 0.000000 0.000000 -0.770280 0.637706
976054220.397284 3.867960 -20.394100 0.000000 0.000000 0.000000 -0.776124 0.630581
976054220.607284 3.831220 -20.564300 0.000000 0.000000 0.000000 -0.781904 0.623398
976054220.917284 3.818280 -20.620300 0.000000 0.000000 0.000000 -0.783818 0.620991
976054221.697284 3.806280 -20.675900 0.000000 0.000000 0.000000 -0.785720 0.618582
976054221.977284 3.746040 -20.871900 0.000000 0.000000 0.000000 -0.778254 0.627950
976054221.997284 3.734170 -20.927900 0.000000 0.000000 0.000000 -0.780178 0.625558
976054222.407284 3.721800 -20.985100 0.000000 0.000000 0.000000 -0.782098 0.623156
976054222.427284 3.708520 -21.042800 0.000000 0.000000 0.000000 -0.780178 0.625558
976054222.577284 3.696640 -21.098800 0.000000 0.000000 0.000000 -0.780178 0.625558
976054223.197284 3.684930 -21.150300 0.000000 0.000000 0.000000 -0.780178 0.625558
976054223.417284 3.647740 -21.324300 0.000000 0.000000 0.000000 -0.780178 0.625558
976054223.657284 3.635530 -21.377200 0.000000 0.000000 0.000000 -0.782098 0.623156
976054223.707284 3.623240 -21.432200 0.000000 0.000000 0.000000 -0.782098 0.623156
976054224.137284 3.610790 -21.491700 0.000000 0.000000 0.000000 -0.782098 0.623156
976054224.257284 3.592070 -21.576100 0.000000 0.000000 0.000000 -0.782098 0.623156
976054224.697284 3.579370 -21.630200 0.000000 0.000000 0.000000 -0.782098 0.623156
976054224.877284 3.552310 -21.746900 0.000000 0.000000 0.000000 -0.787810 0.615919
976054225.177284 3.632510 -21.744600 0.000000 0.000000 0.000000 -0.768392 0.639979
976054225.217284 3.621880 -21.801300 0.000000 0.000000 0.000000 -0.770356 0.637613
976054225.777284 3.617220 -21.828700 0.000000 0.000000 0.000000 -0.770356 0.637613
976054225.797284 3.606530 -21.883100 0.000000 0.000000 0.000000 -0.774260 0.632868
976054226.657284 3.582680 -22.000000 0.000000 0.000000 0.000000 -0.778134 0.628098
976054226.777284 3.544030 -22.167900 0.000000 0.000000 0.000000 -0.787693 0.616068
976054226.957284 3.522970 -22.253900 0.000000 0.000000 0.000000 -0.785795 0.618487
976054227.707284 3.522200 -22.258800 0.000000 0.000000 0.000000 -0.789580 0.613647
976054227.857284 3.546510 -22.159800 0.000000 0.000000 0.000000 -0.785795 0.618487
976054228.297284 3.562620 -22.090000 0.000000 0.000000 0.000000 -0.787693 0.616068
976054228.457284 3.585330 -21.998600 0.000000 0.000000 0.000000 -0.795205 0.606341
976054228.947284 3.598830 -21.949500 0.000000 0.000000 0.000000 -0.797062 0.603897
976054229.157284 3.617710 -21.882800 0.000000 0.000000 0.000000 -0.798916 0.601443
976054229.897284 3.636220 -21.819700 0.000000 0.000000 0.000000 -0.802596 0.596523
976054230.557284 3.695140 -21.603300 0.000000 0.000000 0.000000 -0.818784 0.574101
976054230.747284 3.698080 -21.596000 0.000000 0.000000 0.000000 -0.818784 0.574101
976054230.847284 3.695550 -21.601900 0.000000 0.000000 0.000000 -0.820546 0.571581
976054230.857284 3.696430 -21.601400 0.000000 0.000000 0.000000 -0.820546 0.571581
976054231.557284 3.696430 -21.601400 0.000000 0.000000 0.000000 -0.824043 0.566528
976054231.657284 3.695960 -21.600600 0.000000 0.000000 0.000000 -0.844366 0.535767
976054231.867284 3.695960 -21.600600 0.000000 0.000000 0.000000 -0.857281 0.514849
976054232.157284 3.696430 -21.601400 0.000000 0.000000 0.000000 -0.869676 0.493623
976054232.267284 3.696430 -21.601400 0.000000 0.000000 0.000000 -0.882993 0.469387
976054232.587284 3.695550 -21.601900 0.000000 0.000000 0.000000 -0.896998 0.442035
976054232.717284 3.696840 -21.600100 0.000000 0.000000 0.000000 -0.910154 0.414271
976054233.157284 3.697730 -21.599600 0.000000 0.000000 0.000000 -0.918853 0.394599
976054233.257284 3.657990 -21.599800 0.000000 0.000000 0.000000 -0.935434 0.353501
976054233.687284 3.658860 -21.599300 0.000000 0.000000 0.000000 -0.945852 0.324598
976054233.927284 3.658860 -21.599300 0.000000 0.000000 0.000000 -0.965618 0.259965
976054234.367284 3.658860 -21.599300 0.000000 0.000000 0.000000 -0.972723 0.231969
976054234.387284 3.658860 -21.599300 0.000000 0.000000 0.000000 -0.978132 0.207987
976054234.457284 3.658860 -21.599300 0.000000 0.000000 0.000000 -0.982948 0.183884
976054234.817284 3.658860 -21.599300 0.000000 0.000000 0.000000 -0.988134 0.153596
976054234.907284 3.658860 -21.599300 0.000000 0.000000 0.000000 -0.992386 0.123168
976054235.307284 3.635780 -21.449300 0.000000 0.000000 0.000000 -0.993888 0.110391
976054235.347284 3.636630 -21.448800 0.000000 0.000000 0.000000 -0.996033 0.088988
976054235.457284 3.638010 -21.449100 0.000000 0.000000 0.000000 -0.997919 0.064482
976054235.867284 3.638010 -21.449100 0.000000 0.000000 0.000000 -0.999320 0.036863
976054235.887284 3.635780 -21.449300 0.000000 0.000000 0.000000 -0.999995 0.003071
976054236.567284 3.634400 -21.449000 0.000000 0.000000 0.000000 0.999528 0.030726
976054236.707284 3.630290 -21.447900 0.000000 0.000000 0.000000 0.992828 0.119555
976054237.327284 3.600930 -21.458900 0.000000 0.000000 0.000000 0.989890 0.141836
976054237.507284 3.600930 -21.458900 0.000000 0.000000 0.000000 0.973340 0.229366
976054237.887284 3.600930 -21.458900 0.000000 0.000000 0.000000 0.965835 0.259159
976054237.897284 3.599560 -21.458500 0.000000 0.000000 0.000000 0.957416 0.288712
976054238.607284 3.597670 -21.457300 0.000000 0.000000 0.000000 0.950031 0.312156
976054238.657284 3.634220 -21.418300 0.000000 0.000000 0.000000 0.923350 0.383960
976054238.997284 3.633680 -21.417500 0.000000 0.000000 0.000000 0.913632 0.406542
976054239.597284 3.633680 -21.417500 0.000000 0.000000 0.000000 0.898025 0.439944
976054240.557284 3.634220 -21.418300 0.000000 0.000000 0.000000 0.860049 0.510212
976054240.567284 3.634220 -21.418300 0.000000 0.000000 0.000000 0.828814 0.559524
976054240.707284 3.665320 -21.391800 0.000000 0.000000 0.000000 0.777500 0.628883
976054241.157284 3.662180 -21.376000 0.000000 0.000000 0.000000 0.755803 0.654799
976054241.257284 3.655610 -21.257500 0.000000 0.000000 0.000000 0.716310 0.697782
976054241.657284 3.652400 -21.180900 0.000000 0.000000 0.000000 0.722710 0.691152
976054241.677284 3.650050 -21.124000 0.000000 0.000000 0.000000 0.720585 0.693367
976054241.857284 3.648410 -21.077400 0.000000 0.000000 0.000000 0.716310 0.697782
976054242.347284 3.647360 -21.028000 0.000000 0.000000 0.000000 0.718449 0.695580
976054242.357284 3.644810 -20.965300 0.000000 0.000000 0.000000 0.716310 0.697782
976054242.457284 3.643430 -20.897000 0.000000 0.000000 0.000000 0.716310 0.697782
976054243.137284 3.641970 -20.836000 0.000000 0.000000 0.000000 0.716310 0.697782
976054243.367284 3.645620 -20.676300 0.000000 0.000000 0.000000 0.672103 0.740458
976054243.697284 3.653630 -20.611500 0.000000 0.000000 0.000000 0.656021 0.754742
976054243.857284 3.744960 -20.555100 0.000000 0.000000 0.000000 0.669128 0.743147
976054244.287284 3.750790 -20.501600 0.000000 0.000000 0.000000 0.666840 0.745201
976054244.297284 3.756840 -20.443000 0.000000 0.000000 0.000000 0.669128 0.743147
976054244.457284 3.763420 -20.381600 0.000000 0.000000 0.000000 0.669128 0.743147
976054244.837284 3.768900 -20.322200 0.000000 0.000000 0.000000 0.671406 0.741089
976054244.857284 3.774430 -20.266400 0.000000 0.000000 0.000000 0.671406 0.741089
976054245.307284 3.779960 -20.210600 0.000000 0.000000 0.000000 0.669128 0.743147
976054245.347284 3.786570 -20.152800 0.000000 0.000000 0.000000 0.671406 0.741089
976054245.457284 3.792320 -20.092000 0.000000 0.000000 0.000000 0.673682 0.739021
976054246.267284 3.796990 -20.033200 0.000000 0.000000 0.000000 0.678211 0.734868
976054246.307284 3.801420 -19.979300 0.000000 0.000000 0.000000 0.680467 0.732779
976054246.567284 3.805000 -19.922400 0.000000 0.000000 0.000000 0.680467 0.732779
976054246.707284 3.817600 -19.745600 0.000000 0.000000 0.000000 0.684957 0.728583
976054247.917284 3.820910 -19.690100 0.000000 0.000000 0.000000 0.684957 0.728583
976054247.927284 3.824740 -19.631800 0.000000 0.000000 0.000000 0.684957 0.728583
976054248.227284 3.759040 -19.371300 0.000000 0.000000 0.000000 0.705001 0.709206
976054248.267284 3.759440 -19.311500 0.000000 0.000000 0.000000 0.707179 0.707035
976054248.397284 3.758870 -19.253700 0.000000 0.000000 0.000000 0.707179 0.707035
976054249.257284 3.759600 -19.225300 0.000000 0.000000 0.000000 0.707179 0.707035
976054249.307284 3.759030 -19.167500 0.000000 0.000000 0.000000 0.707179 0.707035
976054249.317284 3.759250 -19.109100 0.000000 0.000000 0.000000 0.707179 0.707035
976054249.577284 3.759700 -18.992200 0.000000 0.000000 0.000000 0.705001 0.709206
976054249.677284 3.759860 -18.906000 0.000000 0.000000 0.000000 0.707179 0.707035
976054250.187284 3.759470 -18.846800 0.000000 0.000000 0.000000 0.705001 0.709206
976054250.197284 3.760480 -18.787800 0.000000 0.000000 0.000000 0.707179 0.707035
976054250.267284 3.759820 -18.736400 0.000000 0.000000 0.000000 0.707179 0.707035
976054250.687284 3.759760 -18.708600 0.000000 0.000000 0.000000 0.709346 0.704860
976054250.707284 3.760290 -18.704400 0.000000 0.000000 0.000000 0.709346 0.704860
976054250.807284 3.759760 -18.708600 0.000000 0.000000 0.000000 0.713664 0.700488
976054251.247284 3.760550 -18.708000 0.000000 0.000000 0.000000 0.717955 0.696090
976054251.297284 3.759930 -18.707200 0.000000 0.000000 0.000000 0.728565 0.684976
976054251.357284 3.759930 -18.707200 0.000000 0.000000 0.000000 0.736928 0.675971
976054251.607284 3.760110 -18.705800 0.000000 0.000000 0.000000 0.759351 0.650681
976054252.857284 3.759060 -18.702800 0.000000 0.000000 0.000000 0.790411 0.612577
976054252.867284 3.758190 -18.698400 0.000000 0.000000 0.000000 0.828268 0.560332
976054253.157284 3.657260 -18.732600 0.000000 0.000000 0.000000 0.921591 0.388162
976054253.177284 3.657260 -18.732600 0.000000 0.000000 0.000000 0.936357 0.351049
976054253.267284 3.657260 -18.732600 0.000000 0.000000 0.000000 0.952478 0.304608
976054253.817284 3.657260 -18.732600 0.000000 0.000000 0.000000 0.966297 0.257430
976054253.827284 3.654360 -18.783800 0.000000 0.000000 0.000000 0.975491 0.220041
976054254.117284 3.655760 -18.784000 0.000000 0.000000 0.000000 0.984051 0.177885
976054254.517284 3.655760 -18.784000 0.000000 0.000000 0.000000 0.991202 0.132357
976054254.527284 3.658570 -18.784400 0.000000 0.000000 0.000000 0.999178 0.040550
976054254.737284 3.657770 -18.785000 0.000000 0.000000 0.000000 0.999917 0.012906
976054255.307284 3.572940 -18.785700 0.000000 0.000000 0.000000 -0.998166 0.060539
976054255.477284 3.496800 -18.794500 0.000000 0.000000 0.000000 -0.998347 0.057470
976054255.857284 3.432240 -18.802100 0.000000 0.000000 0.000000 -0.998519 0.054404
976054255.877284 3.380080 -18.807800 0.000000 0.000000 0.000000 -0.998682 0.051334
976054256.267284 3.332500 -18.811300 0.000000 0.000000 0.000000 -0.998834 0.048268
976054256.277284 3.278930 -18.816900 0.000000 0.000000 0.000000 -0.998682 0.051334
976054256.757284 3.215170 -18.823900 0.000000 0.000000 0.000000 -0.998347 0.057470
976054256.767284 3.149820 -18.832100 0.000000 0.000000 0.000000 -0.998166 0.060539
976054256.877284 3.092660 -18.837800 0.000000 0.000000 0.000000 -0.998347 0.057470
976054257.417284 3.044090 -18.843300 0.000000 0.000000 0.000000 -0.998519 0.054404
976054257.477284 2.925360 -18.855700 0.000000 0.000000 0.000000 -0.998682 0.051334
976054258.967284 2.861000 -18.861900 0.000000 0.000000 0.000000 -0.998834 0.048268
976054258.977284 2.805240 -18.867800 0.000000 0.000000 0.000000 -0.998682 0.051334
976054258.987284 2.753070 -18.873500 0.000000 0.000000 0.000000 -0.998682 0.051334
976054259.167284 2.568010 -19.054200 0.000000 0.000000 0.000000 -0.999653 0.026348
976054259.187284 2.512730 -19.056300 0.000000 0.000000 0.000000 -0.999901 0.014061
976054259.277284 2.453220 -19.058300 0.000000 0.000000 0.000000 -0.999853 0.017130
976054259.797284 2.391610 -19.059500 0.000000 0.000000 0.000000 -0.999853 0.017130
976054259.877284 2.277550 -19.062900 0.000000 0.000000 0.000000 -0.999853 0.017130
976054260.297284 2.222270 -19.065000 0.000000 0.000000 0.000000 -0.999901 0.014061
976054260.307284 2.163490 -19.066300 0.000000 0.000000 0.000000 -0.999940 0.010986
976054260.477284 2.103300 -19.067500 0.000000 0.000000 0.000000 -0.999988 0.004841
976054261.187284 2.044570 -19.067400 0.000000 0.000000 0.000000 0.999999 0.001306
976054261.307284 1.872730 -19.064400 0.000000 0.000000 0.000000 0.999861 0.016666
976054261.717284 1.815520 -19.061500 0.000000 0.000000 0.000000 0.999665 0.025883
976054261.877284 1.698340 -19.054200 0.000000 0.000000 0.000000 0.999487 0.032026
976054262.387284 1.641190 -19.049900 0.000000 0.000000 0.000000 0.999271 0.038167
976054262.527284 1.553680 -19.094500 0.000000 0.000000 0.000000 -0.999881 0.015446
976054262.887284 1.493490 -19.096200 0.000000 0.000000 0.000000 -0.999957 0.009301
976054262.897284 1.433950 -19.097200 0.000000 0.000000 0.000000 -0.999957 0.009301
976054263.097284 1.377230 -19.097900 0.000000 0.000000 0.000000 -0.999981 0.006226
976054263.547284 1.321920 -19.098500 0.000000 0.000000 0.000000 -0.999995 0.003156
976054263.787284 1.204760 -19.098100 0.000000 0.000000 0.000000 0.999958 0.009136
976054264.247284 1.147790 -19.096000 0.000000 0.000000 0.000000 0.999926 0.012206
976054264.277284 1.091590 -19.094500 0.000000 0.000000 0.000000 0.999883 0.015281
976054264.587284 1.028220 -19.092300 0.000000 0.000000 0.000000 0.999883 0.015281
976054264.937284 1.036030 -19.092300 0.000000 0.000000 0.000000 0.999926 0.012206
976054265.787284 1.014650 -19.091300 0.000000 0.000000 0.000000 0.999770 0.021425
976054266.867284 0.765787 -19.078400 0.000000 0.000000 0.000000 0.999620 0.027568
976054266.887284 0.720853 -19.075900 0.000000 0.000000 0.000000 0.999323 0.036783
976054267.287284 0.519954 -19.025700 0.000000 0.000000 0.000000 0.999422 0.033990
976054267.337284 0.469451 -19.022500 0.000000 0.000000 0.000000 0.999522 0.030916
976054267.477284 0.360637 -19.015800 0.000000 0.000000 0.000000 0.999765 0.021700
976054267.927284 0.293858 -19.012900 0.000000 0.000000 0.000000 0.999765 0.021700
976054267.937284 0.233474 -19.010300 0.000000 0.000000 0.000000 0.999693 0.024774
976054268.127284 0.180148 -19.007200 0.000000 0.000000 0.000000 0.999612 0.027843
976054268.547284 0.130394 -19.004700 0.000000 0.000000 0.000000 0.999612 0.027843
976054268.787284 0.005878 -18.996100 0.000000 0.000000 0.000000 0.999313 0.037058
976054269.127284 -0.055344 -18.991500 0.000000 0.000000 0.000000 0.999067 0.043198
976054269.277284 -0.160849 -18.981000 0.000000 0.000000 0.000000 0.998626 0.052407
976054269.657284 -0.220085 -18.974100 0.000000 0.000000 0.000000 0.998285 0.058543
976054269.707284 -0.283644 -18.966000 0.000000 0.000000 0.000000 0.997906 0.064676
976054269.897284 -0.341557 -18.957600 0.000000 0.000000 0.000000 0.997703 0.067744
976054270.467284 -0.320133 -19.012000 0.000000 0.000000 0.000000 0.999505 0.031466
976054270.477284 -0.435525 -19.004100 0.000000 0.000000 0.000000 0.999293 0.037607
976054270.927284 -0.496921 -18.999200 0.000000 0.000000 0.000000 0.999172 0.040680
976054271.107284 -0.608915 -18.990100 0.000000 0.000000 0.000000 0.999172 0.040680
976054271.497284 -0.666711 -18.985500 0.000000 0.000000 0.000000 0.999172 0.040680
976054271.677284 -0.784503 -18.975800 0.000000 0.000000 0.000000 0.999293 0.037607
976054272.137284 -0.837900 -18.971900 0.000000 0.000000 0.000000 0.999403 0.034539
976054272.277284 -0.956293 -18.963000 0.000000 0.000000 0.000000 0.999042 0.043752
976054272.637284 -1.015690 -18.957200 0.000000 0.000000 0.000000 0.998903 0.046819
976054272.677284 -1.070080 -18.951300 0.000000 0.000000 0.000000 0.998755 0.049891
976054273.307284 -1.125880 -18.945700 0.000000 0.000000 0.000000 0.998429 0.056027
976054273.357284 -1.183870 -18.939700 0.000000 0.000000 0.000000 0.998429 0.056027
976054273.437284 -1.301660 -18.925000 0.000000 0.000000 0.000000 0.997871 0.065225
976054273.897284 -1.308990 -18.904700 0.000000 0.000000 0.000000 0.998766 0.049671
976054274.107284 -1.367670 -18.898000 0.000000 0.000000 0.000000 0.998442 0.055807
976054274.467284 -1.396190 -18.895300 0.000000 0.000000 0.000000 0.998608 0.052737
976054274.577284 -1.569450 -18.874800 0.000000 0.000000 0.000000 0.998080 0.061942
976054274.977284 -1.626170 -18.867000 0.000000 0.000000 0.000000 0.997680 0.068074
976054275.147284 -1.742080 -18.849900 0.000000 0.000000 0.000000 0.997010 0.077269
976054275.537284 -1.796830 -18.841000 0.000000 0.000000 0.000000 0.996517 0.083394
976054275.547284 -1.853230 -18.831100 0.000000 0.000000 0.000000 0.995985 0.089516
976054275.697284 -1.912670 -18.820300 0.000000 0.000000 0.000000 0.995416 0.095635
976054276.257284 -1.972360 -18.808000 0.000000 0.000000 0.000000 0.994810 0.101750
976054276.747284 -2.108540 -18.778000 0.000000 0.000000 0.000000 0.993129 0.117023
976054276.857284 -2.179230 -18.760500 0.000000 0.000000 0.000000 0.993484 0.113968
976054277.287284 -2.175370 -18.762000 0.000000 0.000000 0.000000 0.993830 0.110918
976054277.377284 -2.173160 -18.762300 0.000000 0.000000 0.000000 0.995705 0.092579
976054277.827284 -2.173980 -18.761800 0.000000 0.000000 0.000000 0.997243 0.074203
976054277.937284 -2.173980 -18.761800 0.000000 0.000000 0.000000 -0.999984 0.005621
976054278.337284 -2.177330 -18.763100 0.000000 0.000000 0.000000 -0.997541 0.070089
976054278.347284 -2.171800 -18.830500 0.000000 0.000000 0.000000 -0.995003 0.099850
976054278.617284 -2.172390 -18.831300 0.000000 0.000000 0.000000 -0.991861 0.127325
976054279.747284 -2.171800 -18.830500 0.000000 0.000000 0.000000 -0.984941 0.172888
976054279.827284 -2.172390 -18.831300 0.000000 0.000000 0.000000 -0.972464 0.233053
976054280.167284 -2.141220 -18.895900 0.000000 0.000000 0.000000 -0.898971 0.438008
976054280.307284 -2.143010 -18.898300 0.000000 0.000000 0.000000 -0.852594 0.522573
976054280.797284 -2.143990 -18.901300 0.000000 0.000000 0.000000 -0.831046 0.556204
976054280.807284 -2.117600 -18.934300 0.000000 0.000000 0.000000 -0.805989 0.591930
976054280.897284 -2.128980 -18.978500 0.000000 0.000000 0.000000 -0.773981 0.633208
976054281.387284 -2.141300 -19.048600 0.000000 0.000000 0.000000 -0.766141 0.642672
976054281.397284 -2.154660 -19.121600 0.000000 0.000000 0.000000 -0.770076 0.637952
976054281.507284 -2.165020 -19.179300 0.000000 0.000000 0.000000 -0.772034 0.635581
976054282.207284 -2.174460 -19.227500 0.000000 0.000000 0.000000 -0.775925 0.630825
976054282.217284 -2.182850 -19.272800 0.000000 0.000000 0.000000 -0.772034 0.635581
976054282.407284 -2.203770 -19.403200 0.000000 0.000000 0.000000 -0.748077 0.663612
976054282.697284 -2.208580 -19.465100 0.000000 0.000000 0.000000 -0.731541 0.681797
976054282.707284 -2.211250 -19.516100 0.000000 0.000000 0.000000 -0.714560 0.699574
976054283.887284 -2.210330 -19.567300 0.000000 0.000000 0.000000 -0.688287 0.725439
976054284.607284 -2.020960 -19.846800 0.000000 0.000000 0.000000 -0.643560 0.765396
976054284.797284 -1.989390 -20.021700 0.000000 0.000000 0.000000 -0.636475 0.771297
976054284.857284 -1.977330 -20.076200 0.000000 0.000000 0.000000 -0.619739 0.784808
976054284.897284 -1.962720 -20.132400 0.000000 0.000000 0.000000 -0.595337 0.803476
976054285.297284 -1.943130 -20.188100 0.000000 0.000000 0.000000 -0.570369 0.821389
976054285.327284 -1.921100 -20.241700 0.000000 0.000000 0.000000 -0.550009 0.835159
976054285.517284 -1.897700 -20.295100 0.000000 0.000000 0.000000 -0.552570 0.833466
976054285.907284 -1.875680 -20.348700 0.000000 0.000000 0.000000 -0.555131 0.831763
976054286.097284 -1.831430 -20.453800 0.000000 0.000000 0.000000 -0.550009 0.835159
976054286.487284 -1.806650 -20.506900 0.000000 0.000000 0.000000 -0.537112 0.843511
976054286.517284 -1.779330 -20.561500 0.000000 0.000000 0.000000 -0.518846 0.854868
976054287.237284 -1.688550 -20.534600 0.000000 0.000000 0.000000 -0.486282 0.873802
976054287.257284 -1.659880 -20.580600 0.000000 0.000000 0.000000 -0.486282 0.873802
976054287.717284 -1.596440 -20.678200 0.000000 0.000000 0.000000 -0.475505 0.879713
976054287.727284 -1.562540 -20.729200 0.000000 0.000000 0.000000 -0.470090 0.882619
976054287.917284 -1.499850 -20.821800 0.000000 0.000000 0.000000 -0.470090 0.882619
976054288.297284 -1.468480 -20.867000 0.000000 0.000000 0.000000 -0.472800 0.881170
976054288.307284 -1.447900 -20.898500 0.000000 0.000000 0.000000 -0.470090 0.882619
976054288.497284 -1.432890 -20.921300 0.000000 0.000000 0.000000 -0.486282 0.873802
976054288.947284 -1.411490 -20.955400 0.000000 0.000000 0.000000 -0.494314 0.869284
976054289.097284 -1.338830 -21.090800 0.000000 0.000000 0.000000 -0.539030 0.842287
976054289.477284 -1.316590 -21.142500 0.000000 0.000000 0.000000 -0.567186 0.823590
976054289.497284 -1.300790 -21.185000 0.000000 0.000000 0.000000 -0.592219 0.805777
976054289.987284 -1.287770 -21.230500 0.000000 0.000000 0.000000 -0.606976 0.794720
976054290.157284 -1.258060 -21.365600 0.000000 0.000000 0.000000 -0.649981 0.759950
976054290.757284 -1.204800 -21.375500 0.000000 0.000000 0.000000 -0.621186 0.783663
976054290.947284 -1.180820 -21.533200 0.000000 0.000000 0.000000 -0.686228 0.727387
976054291.307284 -1.179290 -21.600400 0.000000 0.000000 0.000000 -0.710417 0.703781
976054291.497284 -1.179700 -21.716200 0.000000 0.000000 0.000000 -0.708253 0.705959
976054291.887284 -1.180140 -21.766600 0.000000 0.000000 0.000000 -0.712577 0.701594
976054291.947284 -1.180510 -21.827700 0.000000 0.000000 0.000000 -0.710417 0.703781
976054292.377284 -1.180480 -21.893200 0.000000 0.000000 0.000000 -0.701714 0.712459
976054292.387284 -1.177900 -21.952300 0.000000 0.000000 0.000000 -0.686228 0.727387
976054292.547284 -1.172750 -22.004800 0.000000 0.000000 0.000000 -0.672702 0.739913
976054292.977284 -1.166310 -22.056700 0.000000 0.000000 0.000000 -0.642618 0.766187
976054293.157284 -1.192190 -22.116500 0.000000 0.000000 0.000000 -0.599511 0.800367
976054293.667284 -1.193140 -22.113800 0.000000 0.000000 0.000000 -0.582158 0.813076
976054293.737284 -1.193620 -22.112500 0.000000 0.000000 0.000000 -0.507491 0.861657
976054294.127284 -1.193620 -22.112500 0.000000 0.000000 0.000000 -0.459082 0.888394
976054294.357284 -1.081120 -22.118300 0.000000 0.000000 0.000000 -0.408937 0.912563
976054294.687284 -1.081120 -22.118300 0.000000 0.000000 0.000000 -0.349241 0.937033
976054294.707284 -1.080240 -22.118700 0.000000 0.000000 0.000000 -0.299839 0.953990
976054294.947284 -1.080240 -22.118700 0.000000 0.000000 0.000000 -0.273345 0.961916
976054295.307284 -1.080240 -22.118700 0.000000 0.000000 0.000000 -0.237699 0.971339
976054295.507284 -1.100380 -22.075100 0.000000 0.000000 0.000000 -0.130316 0.991473
976054296.297284 -1.100380 -22.075100 0.000000 0.000000 0.000000 -0.096735 0.995310
976054296.307284 -1.100380 -22.075100 0.000000 0.000000 0.000000 -0.050774 0.998710
976054296.317284 -1.098150 -22.075200 0.000000 0.000000 0.000000 0.010660 0.999943
976054296.507284 -1.088470 -22.014900 0.000000 0.000000 0.000000 0.068213 0.997671
976054297.737284 -1.088470 -22.014900 0.000000 0.000000 0.000000 0.108001 0.994151
976054297.747284 -1.088470 -22.014900 0.000000 0.000000 0.000000 0.168855 0.985641
976054297.797284 -1.088470 -22.014900 0.000000 0.000000 0.000000 0.246977 0.969021
976054297.927284 -1.097420 -21.973100 0.000000 0.000000 0.000000 0.311191 0.950347
976054297.937284 -1.093740 -21.970600 0.000000 0.000000 0.000000 0.386043 0.922481
976054298.107284 -1.092780 -21.968800 0.000000 0.000000 0.000000 0.433682 0.901066
976054298.477284 -1.091810 -21.967100 0.000000 0.000000 0.000000 0.469321 0.883028
976054298.487284 -1.090850 -21.965300 0.000000 0.000000 0.000000 0.509510 0.860465
976054298.637284 -1.160980 -21.946800 0.000000 0.000000 0.000000 0.554927 0.831899
976054299.877284 -1.159530 -21.944200 0.000000 0.000000 0.000000 0.590187 0.807267
976054299.887284 -1.157790 -21.934900 0.000000 0.000000 0.000000 0.695823 0.718213
976054299.957284 -1.220350 -21.909700 0.000000 0.000000 0.000000 0.749628 0.661859
976054300.367284 -1.223000 -21.886300 0.000000 0.000000 0.000000 0.747593 0.664158
976054300.587284 -1.238690 -21.749200 0.000000 0.000000 0.000000 0.745547 0.666453
976054300.857284 -1.247020 -21.677400 0.000000 0.000000 0.000000 0.749628 0.661859
976054300.927284 -1.253070 -21.627800 0.000000 0.000000 0.000000 0.743497 0.668739
976054301.327284 -1.254990 -21.607100 0.000000 0.000000 0.000000 0.737300 0.675565
976054301.367284 -1.259200 -21.564300 0.000000 0.000000 0.000000 0.739374 0.673295
976054301.487284 -1.265190 -21.498500 0.000000 0.000000 0.000000 0.739374 0.673295
976054301.957284 -1.272020 -21.424200 0.000000 0.000000 0.000000 0.737300 0.675565
976054301.967284 -1.277550 -21.365600 0.000000 0.000000 0.000000 0.737300 0.675565
976054302.507284 -1.281990 -21.319200 0.000000 0.000000 0.000000 0.737300 0.675565
976054302.647284 -1.285800 -21.269700 0.000000 0.000000 0.000000 0.737300 0.675565
976054302.657284 -1.291430 -21.205300 0.000000 0.000000 0.000000 0.737300 0.675565
976054302.667284 -1.297920 -21.140500 0.000000 0.000000 0.000000 0.739374 0.673295
976054302.857284 -1.300310 -21.112500 0.000000 0.000000 0.000000 0.737300 0.675565
976054303.257284 -1.303890 -21.066600 0.000000 0.000000 0.000000 0.733135 0.680083
976054303.327284 -1.312330 -20.951000 0.000000 0.000000 0.000000 0.728942 0.684576
976054303.777284 -1.315460 -20.882300 0.000000 0.000000 0.000000 0.722599 0.691267
976054303.817284 -1.471730 -20.922900 0.000000 0.000000 0.000000 0.770538 0.637394
976054303.977284 -1.480390 -20.874300 0.000000 0.000000 0.000000 0.766607 0.642117
976054304.367284 -1.489810 -20.822100 0.000000 0.000000 0.000000 0.766607 0.642117
976054304.377284 -1.495640 -20.790700 0.000000 0.000000 0.000000 0.766607 0.642117
976054304.487284 -1.507500 -20.725800 0.000000 0.000000 0.000000 0.768578 0.639756
976054304.927284 -1.517850 -20.667900 0.000000 0.000000 0.000000 0.768578 0.639756
976054304.987284 -1.528200 -20.615300 0.000000 0.000000 0.000000 0.770538 0.637394
976054305.117284 -1.539100 -20.561500 0.000000 0.000000 0.000000 0.774444 0.632643
976054305.677284 -1.550390 -20.503200 0.000000 0.000000 0.000000 0.774444 0.632643
976054305.727284 -1.563900 -20.445200 0.000000 0.000000 0.000000 0.785974 0.618260
976054305.737284 -1.578710 -20.387600 0.000000 0.000000 0.000000 0.799090 0.601211
976054305.927284 -1.597050 -20.330800 0.000000 0.000000 0.000000 0.817182 0.576380
976054306.317284 -1.617790 -20.277400 0.000000 0.000000 0.000000 0.832807 0.553563
976054306.487284 -1.661510 -20.170700 0.000000 0.000000 0.000000 0.825941 0.563756
976054306.907284 -1.682820 -20.116000 0.000000 0.000000 0.000000 0.827671 0.561214
976054306.917284 -1.705050 -20.060900 0.000000 0.000000 0.000000 0.827671 0.561214
976054307.107284 -1.725790 -20.007500 0.000000 0.000000 0.000000 0.829390 0.558670
976054307.487284 -1.779060 -19.987700 0.000000 0.000000 0.000000 0.848209 0.529661
976054307.687284 -1.831950 -19.882100 0.000000 0.000000 0.000000 0.853057 0.521819
976054308.877284 -1.858230 -19.830400 0.000000 0.000000 0.000000 0.853057 0.521819
976054308.947284 -1.934860 -19.675000 0.000000 0.000000 0.000000 0.846579 0.532263
976054308.967284 -1.960210 -19.620500 0.000000 0.000000 0.000000 0.841636 0.540046
976054308.977284 -1.984920 -19.567200 0.000000 0.000000 0.000000 0.838301 0.545207
976054309.837284 -2.007080 -19.515800 0.000000 0.000000 0.000000 0.834935 0.550348
976054310.167284 -2.100230 -19.301400 0.000000 0.000000 0.000000 0.829826 0.558023
976054310.287284 -2.138590 -19.193200 0.000000 0.000000 0.000000 0.806879 0.590716
976054310.797284 -2.156380 -19.134800 0.000000 0.000000 0.000000 0.803234 0.595663
976054310.917284 -2.201890 -19.051800 0.000000 0.000000 0.000000 0.828434 0.560087
976054311.397284 -2.221720 -19.003500 0.000000 0.000000 0.000000 0.831860 0.554986
976054311.487284 -2.239130 -18.962000 0.000000 0.000000 0.000000 0.833562 0.552426
976054312.107284 -2.237190 -18.966600 0.000000 0.000000 0.000000 0.835254 0.549864
976054312.157284 -2.237190 -18.966600 0.000000 0.000000 0.000000 0.835254 0.549864
976054312.167284 -2.237190 -18.966600 0.000000 0.000000 0.000000 0.836941 0.547293
976054312.287284 -2.237190 -18.966600 0.000000 0.000000 0.000000 0.840288 0.542140
976054312.627284 -2.237190 -18.966600 0.000000 0.000000 0.000000 0.845251 0.534369
976054312.757284 -2.237920 -18.965400 0.000000 0.000000 0.000000 0.858129 0.513434
976054312.887284 -2.237920 -18.965400 0.000000 0.000000 0.000000 0.876475 0.481448
976054313.397284 -2.240100 -18.961700 0.000000 0.000000 0.000000 0.900416 0.435030
976054313.517284 -2.241790 -18.960300 0.000000 0.000000 0.000000 0.940874 0.338758
976054313.977284 -2.280380 -18.965400 0.000000 0.000000 0.000000 0.945309 0.326177
976054314.847284 -2.280380 -18.965400 0.000000 0.000000 0.000000 0.973471 0.228811
976054315.347284 -2.281480 -18.991600 0.000000 0.000000 0.000000 0.998076 0.062007
976054315.357284 -2.281480 -18.991600 0.000000 0.000000 0.000000 0.999873 0.015956
976054315.537284 -2.299510 -18.992000 0.000000 0.000000 0.000000 0.999952 0.009806
976054315.837284 -2.341250 -18.990900 0.000000 0.000000 0.000000 0.999873 0.015956
976054315.887284 -2.420320 -18.988000 0.000000 0.000000 0.000000 0.999917 0.012881
976054316.387284 -2.496850 -18.987000 0.000000 0.000000 0.000000 0.999977 0.006736
976054316.397284 -2.553150 -18.985300 0.000000 0.000000 0.000000 0.999873 0.015956
976054316.487284 -2.597740 -18.983200 0.000000 0.000000 0.000000 0.999601 0.028243
976054316.947284 -2.646450 -18.980800 0.000000 0.000000 0.000000 0.999756 0.022100
976054317.097284 -2.781190 -18.974300 0.000000 0.000000 0.000000 0.999819 0.019025
976054317.537284 -2.839380 -18.972000 0.000000 0.000000 0.000000 0.999873 0.015956
976054317.547284 -2.889350 -18.970300 0.000000 0.000000 0.000000 0.999873 0.015956
976054317.687284 -2.941530 -18.968900 0.000000 0.000000 0.000000 0.999917 0.012881
976054318.327284 -3.002250 -18.967800 0.000000 0.000000 0.000000 0.999977 0.006736
976054318.337284 -3.066130 -18.966800 0.000000 0.000000 0.000000 1.000000 0.000591
976054318.487284 -3.182500 -18.968500 0.000000 0.000000 0.000000 -0.999891 0.014771
976054318.887284 -3.236890 -18.970500 0.000000 0.000000 0.000000 -0.999841 0.017845
976054319.157284 -3.299830 -19.099100 0.000000 0.000000 0.000000 -0.995851 0.091000
976054319.597284 -3.358000 -19.110300 0.000000 0.000000 0.000000 -0.995851 0.091000
976054319.687284 -3.468860 -19.130700 0.000000 0.000000 0.000000 -0.995851 0.091000
976054320.137284 -3.525850 -19.141100 0.000000 0.000000 0.000000 -0.995273 0.097118
976054320.157284 -3.585000 -19.152100 0.000000 0.000000 0.000000 -0.995566 0.094062
976054320.297284 -3.643170 -19.163300 0.000000 0.000000 0.000000 -0.995273 0.097118
976054320.697284 -3.687620 -19.172100 0.000000 0.000000 0.000000 -0.995273 0.097118
976054320.917284 -3.707790 -19.176400 0.000000 0.000000 0.000000 -0.994657 0.103232
976054321.597284 -3.706620 -19.175600 0.000000 0.000000 0.000000 -0.993663 0.112398
976054321.727284 -3.705640 -19.175700 0.000000 0.000000 0.000000 -0.981524 0.191339
976054322.117284 -3.702320 -19.174400 0.000000 0.000000 0.000000 -0.973803 0.227395
976054322.347284 -3.695480 -19.170600 0.000000 0.000000 0.000000 -0.957999 0.286773
976054322.797284 -3.695480 -19.170600 0.000000 0.000000 0.000000 -0.943769 0.330607
976054322.917284 -3.640080 -19.238200 0.000000 0.000000 0.000000 -0.915832 0.401562
976054323.377284 -3.640080 -19.238200 0.000000 0.000000 0.000000 -0.899065 0.437814
976054323.467284 -3.640320 -19.239100 0.000000 0.000000 0.000000 -0.853349 0.521341
976054323.987284 -3.640320 -19.239100 0.000000 0.000000 0.000000 -0.833548 0.552446
976054324.867284 -3.611080 -19.217900 0.000000 0.000000 0.000000 -0.777644 0.628705
976054325.197284 -3.612700 -19.316100 0.000000 0.000000 0.000000 -0.714322 0.699817
976054325.227284 -3.613570 -19.398100 0.000000 0.000000 0.000000 -0.712167 0.702010
976054325.417284 -3.613830 -19.434000 0.000000 0.000000 0.000000 -0.712167 0.702010
976054325.817284 -3.614570 -19.489300 0.000000 0.000000 0.000000 -0.716467 0.697621
976054326.247284 -3.616940 -19.586400 0.000000 0.000000 0.000000 -0.718609 0.695414
976054326.377284 -3.619510 -19.649500 0.000000 0.000000 0.000000 -0.720744 0.693201
976054326.587284 -3.623910 -19.776900 0.000000 0.000000 0.000000 -0.722869 0.690985
976054326.977284 -3.625670 -19.827900 0.000000 0.000000 0.000000 -0.724990 0.688759
976054326.987284 -3.628860 -19.880500 0.000000 0.000000 0.000000 -0.729209 0.684291
976054327.647284 -3.630430 -19.908900 0.000000 0.000000 0.000000 -0.729209 0.684291
976054327.677284 -3.638260 -20.033500 0.000000 0.000000 0.000000 -0.735483 0.677543
976054327.687284 -3.643120 -20.088800 0.000000 0.000000 0.000000 -0.735483 0.677543
976054327.867284 -3.646770 -20.143500 0.000000 0.000000 0.000000 -0.735483 0.677543
976054328.257284 -3.650890 -20.200000 0.000000 0.000000 0.000000 -0.737563 0.675278
976054328.387284 -3.524650 -20.251200 0.000000 0.000000 0.000000 -0.683798 0.729671
976054328.777284 -3.520520 -20.308800 0.000000 0.000000 0.000000 -0.683798 0.729671
976054328.947284 -3.511850 -20.418900 0.000000 0.000000 0.000000 -0.681555 0.731767
976054329.357284 -3.507730 -20.476500 0.000000 0.000000 0.000000 -0.681555 0.731767
976054329.377284 -3.502860 -20.537100 0.000000 0.000000 0.000000 -0.681555 0.731767
976054329.567284 -3.498820 -20.595600 0.000000 0.000000 0.000000 -0.683798 0.729671
976054329.937284 -3.494610 -20.652200 0.000000 0.000000 0.000000 -0.686038 0.727565
976054329.947284 -3.491400 -20.708700 0.000000 0.000000 0.000000 -0.686038 0.727565
976054330.117284 -3.487440 -20.768200 0.000000 0.000000 0.000000 -0.688269 0.725456
976054330.767284 -3.484400 -20.826700 0.000000 0.000000 0.000000 -0.690496 0.723336
976054330.867284 -3.476540 -20.969900 0.000000 0.000000 0.000000 -0.692717 0.721209
976054331.307284 -3.474320 -21.026300 0.000000 0.000000 0.000000 -0.697136 0.716939
976054331.527284 -3.470310 -21.144000 0.000000 0.000000 0.000000 -0.701528 0.712641
976054331.827284 -3.469260 -21.202300 0.000000 0.000000 0.000000 -0.703713 0.710484
976054331.867284 -3.461010 -21.185100 0.000000 0.000000 0.000000 -0.671936 0.740609
976054332.337284 -3.454510 -21.243000 0.000000 0.000000 0.000000 -0.669656 0.742672
976054332.467284 -3.441520 -21.357900 0.000000 0.000000 0.000000 -0.667369 0.744727
976054332.877284 -3.434000 -21.416900 0.000000 0.000000 0.000000 -0.667369 0.744727
976054333.647284 -3.421030 -21.529800 0.000000 0.000000 0.000000 -0.669656 0.742672
976054333.677284 -3.414520 -21.588700 0.000000 0.000000 0.000000 -0.674207 0.738543
976054333.877284 -3.401030 -21.760600 0.000000 0.000000 0.000000 -0.685474 0.728097
976054334.187284 -3.397510 -21.819600 0.000000 0.000000 0.000000 -0.689936 0.723871
976054334.267284 -3.394020 -21.876500 0.000000 0.000000 0.000000 -0.694371 0.719618
976054334.667284 -3.391500 -21.936500 0.000000 0.000000 0.000000 -0.698780 0.715337
976054334.687284 -3.390010 -21.993500 0.000000 0.000000 0.000000 -0.700976 0.713185
976054334.867284 -3.389500 -22.052500 0.000000 0.000000 0.000000 -0.705345 0.708864
976054335.247284 -3.389000 -22.109500 0.000000 0.000000 0.000000 -0.704036 0.710164
976054335.287284 -3.388500 -22.167500 0.000000 0.000000 0.000000 -0.706217 0.707996
976054335.507284 -3.382350 -22.183400 0.000000 0.000000 0.000000 -0.705161 0.709047
976054335.897284 -3.381670 -22.242400 0.000000 0.000000 0.000000 -0.705161 0.709047
976054336.657284 -3.382330 -22.357400 0.000000 0.000000 0.000000 -0.707334 0.706879
976054336.697284 -3.383340 -22.528400 0.000000 0.000000 0.000000 -0.709505 0.704701
976054337.877284 -3.383950 -22.561400 0.000000 0.000000 0.000000 -0.705161 0.709047
976054337.887284 -3.383910 -22.565400 0.000000 0.000000 0.000000 -0.707334 0.706879
976054338.767284 -3.383580 -22.421400 0.000000 0.000000 0.000000 -0.711665 0.702519
976054338.927284 -3.382270 -22.362400 0.000000 0.000000 0.000000 -0.715968 0.698133
976054339.337284 -3.367150 -22.115200 0.000000 0.000000 0.000000 -0.734999 0.678068
976054339.377284 -3.362640 -22.073100 0.000000 0.000000 0.000000 -0.737080 0.675805
976054339.467284 -3.359110 -22.032100 0.000000 0.000000 0.000000 -0.739155 0.673535
976054339.817284 -3.353770 -21.976000 0.000000 0.000000 0.000000 -0.743280 0.668981
976054339.867284 -3.344780 -21.955800 0.000000 0.000000 0.000000 -0.733699 0.679475
976054340.297284 -3.341250 -21.913500 0.000000 0.000000 0.000000 -0.733699 0.679475
976054340.347284 -3.338070 -21.882300 0.000000 0.000000 0.000000 -0.737861 0.674953
976054340.537284 -3.334360 -21.843000 0.000000 0.000000 0.000000 -0.744052 0.668122
976054340.847284 -3.328410 -21.790600 0.000000 0.000000 0.000000 -0.746100 0.665834
976054340.867284 -3.322350 -21.740100 0.000000 0.000000 0.000000 -0.750177 0.661237
976054341.317284 -3.317350 -21.705800 0.000000 0.000000 0.000000 -0.754230 0.656611
976054341.367284 -3.315170 -21.691600 0.000000 0.000000 0.000000 -0.756242 0.654292
976054341.467284 -3.315230 -21.690600 0.000000 0.000000 0.000000 -0.756242 0.654292
976054342.237284 -3.315230 -21.690600 0.000000 0.000000 0.000000 -0.758250 0.651964
976054342.247284 -3.315230 -21.690600 0.000000 0.000000 0.000000 -0.762242 0.647292
976054342.487284 -3.316000 -21.694700 0.000000 0.000000 0.000000 -0.783681 0.621163
976054342.687284 -3.316000 -21.694700 0.000000 0.000000 0.000000 -0.816822 0.576890
976054343.417284 -3.316000 -21.694700 0.000000 0.000000 0.000000 -0.835850 0.548957
976054343.827284 -3.315060 -21.693600 0.000000 0.000000 0.000000 -0.855520 0.517769
976054343.907284 -3.351530 -21.653900 0.000000 0.000000 0.000000 -0.891400 0.453217
976054344.097284 -3.350710 -21.651800 0.000000 0.000000 0.000000 -0.916327 0.400430
976054344.537284 -3.349710 -21.651700 0.000000 0.000000 0.000000 -0.927049 0.374939
976054344.597284 -3.349710 -21.651700 0.000000 0.000000 0.000000 -0.937062 0.349162
976054344.677284 -3.348800 -21.650600 0.000000 0.000000 0.000000 -0.947347 0.320210
976054344.997284 -3.349710 -21.651700 0.000000 0.000000 0.000000 -0.954930 0.296830
976054345.167284 -3.348800 -21.650600 0.000000 0.000000 0.000000 -0.960241 0.279172
976054345.557284 -3.347810 -21.650500 0.000000 0.000000 0.000000 -0.966813 0.255487
976054345.667284 -3.382760 -21.614300 0.000000 0.000000 0.000000 -0.980736 0.195337
976054346.107284 -3.379870 -21.613000 0.000000 0.000000 0.000000 -0.986777 0.162083
976054346.287284 -3.374900 -21.612600 0.000000 0.000000 0.000000 -0.993198 0.116442
976054346.627284 -3.373990 -21.611500 0.000000 0.000000 0.000000 -0.995472 0.095053
976054346.667284 -3.374990 -21.611600 0.000000 0.000000 0.000000 -0.997720 0.067490
976054347.377284 -3.373990 -21.611500 0.000000 0.000000 0.000000 -0.999431 0.033735
976054347.537284 -3.378250 -21.573200 0.000000 0.000000 0.000000 0.999062 0.043298
976054347.887284 -3.377150 -21.574100 0.000000 0.000000 0.000000 0.997696 0.067839
976054348.147284 -3.376160 -21.574000 0.000000 0.000000 0.000000 0.992420 0.122890
976054348.547284 -3.375170 -21.573900 0.000000 0.000000 0.000000 0.988643 0.150285
976054348.557284 -3.374070 -21.574800 0.000000 0.000000 0.000000 0.984109 0.177565
976054348.777284 -3.371970 -21.575600 0.000000 0.000000 0.000000 0.978189 0.207718
976054349.137284 -3.371970 -21.575600 0.000000 0.000000 0.000000 0.972071 0.234687
976054349.267284 -3.369880 -21.576300 0.000000 0.000000 0.000000 0.960226 0.279224
976054349.717284 -3.350410 -21.548400 0.000000 0.000000 0.000000 0.948805 0.315863
976054349.847284 -3.348210 -21.550100 0.000000 0.000000 0.000000 0.927613 0.373544
976054350.417284 -3.347100 -21.551000 0.000000 0.000000 0.000000 0.916929 0.399051
976054350.647284 -3.343570 -21.555700 0.000000 0.000000 0.000000 0.880708 0.473659
976054350.907284 -3.343570 -21.555700 0.000000 0.000000 0.000000 0.871825 0.489818
976054351.277284 -3.343570 -21.555700 0.000000 0.000000 0.000000 0.861088 0.508456
976054351.407284 -3.321920 -21.533800 0.000000 0.000000 0.000000 0.842283 0.539035
976054351.617284 -3.321820 -21.534800 0.000000 0.000000 0.000000 0.805770 0.592228
976054352.127284 -3.321820 -21.534800 0.000000 0.000000 0.000000 0.798431 0.602086
976054352.137284 -3.321820 -21.534800 0.000000 0.000000 0.000000 0.779555 0.626334
976054352.567284 -3.324600 -21.518000 0.000000 0.000000 0.000000 0.753921 0.656965
976054352.697284 -3.335010 -21.400400 0.000000 0.000000 0.000000 0.733380 0.679819
976054353.277284 -3.341220 -21.322700 0.000000 0.000000 0.000000 0.735467 0.677561
976054353.297284 -3.346000 -21.267900 0.000000 0.000000 0.000000 0.737547 0.675296
976054353.447284 -3.351260 -21.199000 0.000000 0.000000 0.000000 0.731289 0.682068
976054353.837284 -3.355050 -21.144100 0.000000 0.000000 0.000000 0.731289 0.682068
976054353.927284 -3.365150 -21.010400 0.000000 0.000000 0.000000 0.733380 0.679819
976054354.447284 -3.369050 -20.954500 0.000000 0.000000 0.000000 0.737547 0.675296
976054354.467284 -3.373990 -20.907800 0.000000 0.000000 0.000000 0.739616 0.673029
976054354.517284 -3.375830 -20.880900 0.000000 0.000000 0.000000 0.739616 0.673029
976054354.987284 -3.382240 -20.820200 0.000000 0.000000 0.000000 0.741682 0.670751
976054354.997284 -3.389280 -20.753600 0.000000 0.000000 0.000000 0.741682 0.670751
976054355.147284 -3.395480 -20.694900 0.000000 0.000000 0.000000 0.741682 0.670751
976054355.547284 -3.400730 -20.645200 0.000000 0.000000 0.000000 0.743738 0.668471
976054355.727284 -3.379820 -20.537600 0.000000 0.000000 0.000000 0.791289 0.611442
976054356.367284 -3.398560 -20.474900 0.000000 0.000000 0.000000 0.811500 0.584352
976054356.447284 -3.454960 -20.345500 0.000000 0.000000 0.000000 0.853953 0.520350
976054356.887284 -3.457770 -20.340900 0.000000 0.000000 0.000000 0.853953 0.520350
976054356.897284 -3.457600 -20.341800 0.000000 0.000000 0.000000 0.853953 0.520350
976054357.127284 -3.460740 -20.335300 0.000000 0.000000 0.000000 0.849122 0.528197
976054357.527284 -3.471320 -20.314800 0.000000 0.000000 0.000000 0.845860 0.533405
976054357.647284 -3.534970 -20.178500 0.000000 0.000000 0.000000 0.842563 0.538597
976054358.107284 -3.561580 -20.123100 0.000000 0.000000 0.000000 0.842563 0.538597
976054358.337284 -3.599120 -20.039200 0.000000 0.000000 0.000000 0.839238 0.543765
976054358.767284 -3.621770 -19.989300 0.000000 0.000000 0.000000 0.840906 0.541181
976054358.877284 -3.674850 -19.873500 0.000000 0.000000 0.000000 0.842563 0.538597
976054359.477284 -3.698650 -19.822800 0.000000 0.000000 0.000000 0.842563 0.538597
976054359.647284 -3.791780 -19.740300 0.000000 0.000000 0.000000 0.850347 0.526222
976054360.157284 -3.820390 -19.683800 0.000000 0.000000 0.000000 0.851961 0.523605
976054360.167284 -3.847040 -19.632100 0.000000 0.000000 0.000000 0.851961 0.523605
976054360.247284 -3.870560 -19.585800 0.000000 0.000000 0.000000 0.851961 0.523605
976054360.757284 -3.895450 -19.537700 0.000000 0.000000 0.000000 0.853565 0.520987
976054360.847284 -3.952470 -19.425700 0.000000 0.000000 0.000000 0.853565 0.520987
976054361.367284 -3.980100 -19.374100 0.000000 0.000000 0.000000 0.853565 0.520987
976054361.377284 -4.003420 -19.328800 0.000000 0.000000 0.000000 0.851961 0.523605
976054361.447284 -4.028510 -19.279800 0.000000 0.000000 0.000000 0.853565 0.520987
976054361.957284 -4.055750 -19.225000 0.000000 0.000000 0.000000 0.851961 0.523605
976054362.827284 -4.111010 -19.116800 0.000000 0.000000 0.000000 0.851961 0.523605
976054362.907284 -4.165680 -19.011400 0.000000 0.000000 0.000000 0.858332 0.513095
976054363.297284 -4.165680 -19.011400 0.000000 0.000000 0.000000 0.861469 0.507811
976054363.317284 -4.165680 -19.011400 0.000000 0.000000 0.000000 0.867645 0.497185
976054363.457284 -4.164510 -19.012200 0.000000 0.000000 0.000000 0.879604 0.475706
976054363.877284 -4.164510 -19.012200 0.000000 0.000000 0.000000 0.899247 0.437441
976054364.487284 -4.169410 -19.008100 0.000000 0.000000 0.000000 0.942042 0.335496
976054364.567284 -4.170590 -19.007300 0.000000 0.000000 0.000000 0.955599 0.294671
976054364.707284 -4.195270 -19.048400 0.000000 0.000000 0.000000 0.981886 0.189474
976054365.157284 -4.197440 -19.047800 0.000000 0.000000 0.000000 0.989125 0.147076
976054365.167284 -4.197440 -19.047800 0.000000 0.000000 0.000000 0.993531 0.113561
976054365.247284 -4.197440 -19.047800 0.000000 0.000000 0.000000 0.998105 0.061532
976054365.947284 -4.197440 -19.047800 0.000000 0.000000 0.000000 0.999995 0.003191
976054366.527284 -4.195530 -19.102500 0.000000 0.000000 0.000000 -0.993663 0.112398
976054366.877284 -4.256530 -19.129000 0.000000 0.000000 0.000000 -0.970935 0.239345
976054366.887284 -4.284010 -19.190700 0.000000 0.000000 0.000000 -0.961700 0.274102
976054367.627284 -4.350260 -19.231400 0.000000 0.000000 0.000000 -0.962539 0.271144
976054367.757284 -4.463020 -19.301000 0.000000 0.000000 0.000000 -0.963367 0.268188
976054368.827284 -4.503450 -19.325200 0.000000 0.000000 0.000000 -0.964996 0.262263
976054368.867284 -4.553120 -19.353800 0.000000 0.000000 0.000000 -0.964996 0.262263
976054368.927284 -4.559450 -19.357400 0.000000 0.000000 0.000000 -0.968147 0.250383
976054369.487284 -4.666040 -19.410000 0.000000 0.000000 0.000000 -0.978656 0.205507
976054369.647284 -4.828260 -19.475100 0.000000 0.000000 0.000000 -0.983964 0.178367
976054370.927284 -4.874460 -19.492500 0.000000 0.000000 0.000000 -0.984507 0.175345
976054370.937284 -4.935970 -19.514600 0.000000 0.000000 0.000000 -0.985042 0.172317
976054371.237284 -5.159020 -19.641800 0.000000 0.000000 0.000000 -0.975604 0.219538
976054371.267284 -5.215130 -19.668800 0.000000 0.000000 0.000000 -0.976274 0.216537
976054371.467284 -5.269110 -19.693000 0.000000 0.000000 0.000000 -0.977587 0.210534
976054371.997284 -5.318390 -19.715400 0.000000 0.000000 0.000000 -0.977587 0.210534
976054372.327284 -5.366740 -19.737500 0.000000 0.000000 0.000000 -0.978228 0.207532
976054372.497284 -5.421070 -19.760700 0.000000 0.000000 0.000000 -0.979485 0.201517
976054372.517284 -5.476330 -19.784200 0.000000 0.000000 0.000000 -0.981301 0.192478
976054372.537284 -5.532880 -19.807200 0.000000 0.000000 0.000000 -0.981889 0.189459
976054372.647284 -5.586020 -19.827800 0.000000 0.000000 0.000000 -0.983034 0.183422
976054373.887284 -5.636350 -19.847400 0.000000 0.000000 0.000000 -0.984143 0.177378
976054374.237284 -5.962060 -19.964200 0.000000 0.000000 0.000000 -0.985736 0.168297
976054374.267284 -6.019300 -19.985300 0.000000 0.000000 0.000000 -0.985214 0.171327
976054374.447284 -6.075940 -20.005100 0.000000 0.000000 0.000000 -0.984683 0.174356
976054375.127284 -6.099200 -20.047900 0.000000 0.000000 0.000000 -0.980169 0.198161
976054375.187284 -6.230440 -20.104700 0.000000 0.000000 0.000000 -0.978302 0.207185
976054375.557284 -6.311590 -20.141300 0.000000 0.000000 0.000000 -0.977660 0.210192
976054375.607284 -6.362740 -20.164100 0.000000 0.000000 0.000000 -0.978302 0.207185
976054376.997284 -6.386680 -20.174300 0.000000 0.000000 0.000000 -0.978933 0.204180
976054377.217284 -6.705420 -20.306300 0.000000 0.000000 0.000000 -0.980774 0.195146
976054377.297284 -6.787350 -20.341100 0.000000 0.000000 0.000000 -0.978933 0.204180
976054377.857284 -6.839430 -20.364300 0.000000 0.000000 0.000000 -0.977660 0.210192
976054377.917284 -6.891510 -20.387500 0.000000 0.000000 0.000000 -0.976350 0.216196
976054378.297284 -6.997640 -20.436900 0.000000 0.000000 0.000000 -0.976350 0.216196
976054378.437284 -6.969950 -20.486900 0.000000 0.000000 0.000000 -0.972100 0.234565
976054378.587284 -7.046460 -20.526200 0.000000 0.000000 0.000000 -0.972100 0.234565
976054379.937284 -7.098220 -20.552400 0.000000 0.000000 0.000000 -0.972100 0.234565
976054379.947284 -7.149070 -20.578200 0.000000 0.000000 0.000000 -0.972817 0.231575
976054380.147284 -7.410890 -20.702900 0.000000 0.000000 0.000000 -0.977573 0.210598
976054380.187284 -7.434730 -20.713300 0.000000 0.000000 0.000000 -0.978215 0.207596
976054380.267284 -7.474760 -20.731600 0.000000 0.000000 0.000000 -0.978848 0.204587
976054380.937284 -7.489590 -20.737700 0.000000 0.000000 0.000000 -0.978215 0.207596
976054381.297284 -7.486890 -20.736400 0.000000 0.000000 0.000000 -0.977573 0.210598
976054381.487284 -7.485990 -20.736000 0.000000 0.000000 0.000000 -0.977573 0.210598
976054381.587284 -7.485090 -20.735500 0.000000 0.000000 0.000000 -0.974910 0.222601
976054381.837284 -7.485090 -20.735500 0.000000 0.000000 0.000000 -0.972100 0.234565
976054381.987284 -7.484190 -20.735100 0.000000 0.000000 0.000000 -0.966830 0.255419
976054382.297284 -7.482390 -20.734200 0.000000 0.000000 0.000000 -0.958528 0.285000
976054382.437284 -7.481490 -20.733800 0.000000 0.000000 0.000000 -0.945384 0.325959
976054382.757284 -7.481490 -20.733800 0.000000 0.000000 0.000000 -0.922398 0.386240
976054382.837284 -7.481490 -20.733800 0.000000 0.000000 0.000000 -0.896934 0.442165
976054383.277284 -7.456750 -20.795800 0.000000 0.000000 0.000000 -0.887493 0.460822
976054383.467284 -7.456750 -20.795800 0.000000 0.000000 0.000000 -0.842962 0.537974
976054383.967284 -7.457160 -20.794900 0.000000 0.000000 0.000000 -0.811935 0.583747
976054384.227284 -7.456750 -20.795800 0.000000 0.000000 0.000000 -0.789863 0.613284
976054384.237284 -7.456750 -20.795800 0.000000 0.000000 0.000000 -0.764741 0.644337
976054384.537284 -7.397360 -20.806000 0.000000 0.000000 0.000000 -0.700148 0.713998
976054384.617284 -7.397360 -20.806000 0.000000 0.000000 0.000000 -0.677884 0.735169
976054384.977284 -7.397750 -20.805100 0.000000 0.000000 0.000000 -0.645639 0.763643
976054384.997284 -7.398530 -20.803200 0.000000 0.000000 0.000000 -0.599983 0.800013
976054385.247284 -7.399310 -20.801400 0.000000 0.000000 0.000000 -0.562482 0.826809
976054385.577284 -7.365930 -20.794800 0.000000 0.000000 0.000000 -0.515979 0.856601
976054385.597284 -7.366340 -20.793900 0.000000 0.000000 0.000000 -0.481359 0.876523
976054385.857284 -7.367170 -20.792100 0.000000 0.000000 0.000000 -0.443217 0.896414
976054386.617284 -7.367590 -20.791200 0.000000 0.000000 0.000000 -0.398628 0.917113
976054386.827284 -7.367170 -20.792100 0.000000 0.000000 0.000000 -0.353075 0.935595
976054386.847284 -7.367590 -20.791200 0.000000 0.000000 0.000000 -0.315430 0.948949
976054386.997284 -7.325040 -20.747500 0.000000 0.000000 0.000000 -0.181571 0.983378
976054387.327284 -7.325040 -20.747500 0.000000 0.000000 0.000000 -0.145195 0.989403
976054387.387284 -7.325040 -20.747500 0.000000 0.000000 0.000000 -0.142154 0.989845
976054387.897284 -7.325040 -20.747500 0.000000 0.000000 0.000000 -0.142154 0.989845
976054388.347284 -7.325040 -20.747500 0.000000 0.000000 0.000000 -0.102511 0.994732
976054388.497284 -7.325040 -20.747500 0.000000 0.000000 0.000000 -0.059638 0.998220
976054388.627284 -7.298690 -20.686900 0.000000 0.000000 0.000000 0.025476 0.999675
976054388.927284 -7.298690 -20.686900 0.000000 0.000000 0.000000 0.074573 0.997216
976054389.327284 -7.299600 -20.687300 0.000000 0.000000 0.000000 0.117390 0.993086
976054389.647284 -7.299600 -20.687300 0.000000 0.000000 0.000000 0.159989 0.987119
976054389.857284 -7.311080 -20.650300 0.000000 0.000000 0.000000 0.288722 0.957413
976054390.597284 -7.310170 -20.649900 0.000000 0.000000 0.000000 0.344095 0.938935
976054390.607284 -7.305510 -20.645600 0.000000 0.000000 0.000000 0.426288 0.904588
976054390.877284 -7.342070 -20.572600 0.000000 0.000000 0.000000 0.508287 0.861187
976054391.237284 -7.342070 -20.572600 0.000000 0.000000 0.000000 0.539691 0.841863
976054391.247284 -7.342070 -20.572600 0.000000 0.000000 0.000000 0.570361 0.821394
976054391.387284 -7.342070 -20.572600 0.000000 0.000000 0.000000 0.607600 0.794243
976054391.877284 -7.342070 -20.572600 0.000000 0.000000 0.000000 0.652906 0.757439
976054392.307284 -7.358340 -20.557100 0.000000 0.000000 0.000000 0.713429 0.700727
976054392.817284 -7.358340 -20.557100 0.000000 0.000000 0.000000 0.717722 0.696330
976054393.187284 -7.358340 -20.557100 0.000000 0.000000 0.000000 0.711275 0.702914
976054393.197284 -7.358340 -20.557100 0.000000 0.000000 0.000000 0.706942 0.707272
976054393.207284 -7.358730 -20.556200 0.000000 0.000000 0.000000 0.691566 0.722313
976054393.217284 -7.358600 -20.553900 0.000000 0.000000 0.000000 0.675870 0.737021
976054393.227284 -7.358460 -20.551700 0.000000 0.000000 0.000000 0.659862 0.751387
976054393.537284 -7.357540 -20.551300 0.000000 0.000000 0.000000 0.631712 0.775203
976054393.587284 -7.356880 -20.547800 0.000000 0.000000 0.000000 0.600251 0.799812
976054394.737284 -7.356220 -20.544200 0.000000 0.000000 0.000000 0.577906 0.816104
976054394.747284 -7.354780 -20.542500 0.000000 0.000000 0.000000 0.557673 0.830061
976054395.267284 -7.350780 -20.533700 0.000000 0.000000 0.000000 0.437808 0.899068
976054395.787284 -7.329650 -20.509200 0.000000 0.000000 0.000000 0.384602 0.923082
976054395.867284 -7.232180 -20.469400 0.000000 0.000000 0.000000 0.342025 0.939691
976054396.147284 -7.178690 -20.426000 0.000000 0.000000 0.000000 0.324643 0.945837
976054396.267284 -7.136210 -20.393500 0.000000 0.000000 0.000000 0.310074 0.950713
976054396.587284 -7.098440 -20.364900 0.000000 0.000000 0.000000 0.312993 0.949755
976054396.667284 -7.054590 -20.332900 0.000000 0.000000 0.000000 0.310074 0.950713
976054397.607284 -7.001710 -20.294400 0.000000 0.000000 0.000000 0.304225 0.952600
976054397.717284 -6.947090 -20.255000 0.000000 0.000000 0.000000 0.310074 0.950713
976054398.307284 -6.770100 -20.123400 0.000000 0.000000 0.000000 0.312993 0.949755
976054398.497284 -6.631520 -20.017300 0.000000 0.000000 0.000000 0.327548 0.944835
976054398.887284 -6.587800 -19.983000 0.000000 0.000000 0.000000 0.333348 0.942804
976054399.837284 -6.492460 -19.904100 0.000000 0.000000 0.000000 0.342025 0.939691
976054399.987284 -6.312750 -19.817000 0.000000 0.000000 0.000000 0.362546 0.931966
976054400.717284 -6.223990 -19.735000 0.000000 0.000000 0.000000 0.362546 0.931966
976054401.277284 -6.053800 -19.578100 0.000000 0.000000 0.000000 0.365407 0.930848
976054401.287284 -5.971770 -19.500500 0.000000 0.000000 0.000000 0.371121 0.928584
976054401.467284 -5.928920 -19.459800 0.000000 0.000000 0.000000 0.373973 0.927440
976054401.797284 -5.906620 -19.437200 0.000000 0.000000 0.000000 0.376821 0.926286
976054401.817284 -5.862640 -19.394700 0.000000 0.000000 0.000000 0.379665 0.925124
976054402.237284 -5.823700 -19.355400 0.000000 0.000000 0.000000 0.385343 0.922773
976054402.457284 -5.784750 -19.316100 0.000000 0.000000 0.000000 0.385343 0.922773
976054402.527284 -5.697550 -19.228000 0.000000 0.000000 0.000000 0.379665 0.925124
976054403.627284 -5.712200 -19.218800 0.000000 0.000000 0.000000 0.411236 0.911529
976054403.647284 -5.676260 -19.178300 0.000000 0.000000 0.000000 0.408433 0.912788
976054403.927284 -5.639710 -19.138600 0.000000 0.000000 0.000000 0.397183 0.917739
976054404.257284 -5.462550 -18.983100 0.000000 0.000000 0.000000 0.311017 0.950404
976054404.267284 -5.370100 -18.913000 0.000000 0.000000 0.000000 0.316851 0.948475
976054404.427284 -5.346030 -18.895100 0.000000 0.000000 0.000000 0.319765 0.947497
976054404.767284 -5.300110 -18.859600 0.000000 0.000000 0.000000 0.325582 0.945514
976054404.787284 -5.259590 -18.827000 0.000000 0.000000 0.000000 0.328485 0.944509
976054404.937284 -5.226500 -18.801100 0.000000 0.000000 0.000000 0.325582 0.945514
976054405.327284 -5.189390 -18.772200 0.000000 0.000000 0.000000 0.325582 0.945514
976054405.337284 -5.140050 -18.733000 0.000000 0.000000 0.000000 0.322675 0.946510
976054405.527284 -5.086100 -18.691600 0.000000 0.000000 0.000000 0.316851 0.948475
976054406.237284 -5.038770 -18.656400 0.000000 0.000000 0.000000 0.311017 0.950404
976054406.247284 -4.994860 -18.624900 0.000000 0.000000 0.000000 0.305171 0.952298
976054406.667284 -4.947500 -18.576800 0.000000 0.000000 0.000000 0.340611 0.940204
976054406.697284 -4.853460 -18.497500 0.000000 0.000000 0.000000 0.340611 0.940204
976054407.377284 -4.808660 -18.459100 0.000000 0.000000 0.000000 0.346382 0.938093
976054407.387284 -4.766150 -18.422600 0.000000 0.000000 0.000000 0.349263 0.937025
976054407.457284 -4.680900 -18.346900 0.000000 0.000000 0.000000 0.357887 0.933765
976054407.857284 -4.635120 -18.305100 0.000000 0.000000 0.000000 0.363618 0.931548
976054407.877284 -4.590000 -18.262400 0.000000 0.000000 0.000000 0.366479 0.930426
976054408.527284 -4.548790 -18.224500 0.000000 0.000000 0.000000 0.366479 0.930426
976054408.657284 -4.427310 -18.111100 0.000000 0.000000 0.000000 0.357887 0.933765
976054409.117284 -4.384680 -18.073300 0.000000 0.000000 0.000000 0.352141 0.935947
976054409.257284 -4.294440 -17.997200 0.000000 0.000000 0.000000 0.331930 0.943304
976054409.717284 -4.249100 -17.961000 0.000000 0.000000 0.000000 0.331930 0.943304
976054409.857284 -4.183550 -17.834000 0.000000 0.000000 0.000000 0.365111 0.930964
976054410.417284 -4.142780 -17.795600 0.000000 0.000000 0.000000 0.367970 0.929838
976054410.497284 -4.056220 -17.713900 0.000000 0.000000 0.000000 0.370825 0.928703
976054410.937284 -4.014720 -17.673400 0.000000 0.000000 0.000000 0.376525 0.926406
976054410.947284 -3.972500 -17.632200 0.000000 0.000000 0.000000 0.376525 0.926406
976054411.137284 -3.932420 -17.593100 0.000000 0.000000 0.000000 0.373677 0.927559
976054411.477284 -3.891630 -17.553300 0.000000 0.000000 0.000000 0.370825 0.928703
976054411.507284 -3.848000 -17.512100 0.000000 0.000000 0.000000 0.367970 0.929838
976054411.707284 -3.804370 -17.470900 0.000000 0.000000 0.000000 0.365111 0.930964
976054412.157284 -3.762180 -17.432500 0.000000 0.000000 0.000000 0.359382 0.933190
976054412.277284 -3.678520 -17.356400 0.000000 0.000000 0.000000 0.353641 0.935381
976054412.667284 -3.634210 -17.317400 0.000000 0.000000 0.000000 0.347886 0.937537
976054412.687284 -3.588490 -17.279700 0.000000 0.000000 0.000000 0.330543 0.943791
976054412.877284 -3.545660 -17.246300 0.000000 0.000000 0.000000 0.307245 0.951630
976054413.457284 -3.502880 -17.217100 0.000000 0.000000 0.000000 0.277863 0.960621
976054413.657284 -3.410910 -17.145000 0.000000 0.000000 0.000000 0.287512 0.957777
976054413.987284 -3.413600 -17.146700 0.000000 0.000000 0.000000 0.281621 0.959526
976054414.537284 -3.415010 -17.146800 0.000000 0.000000 0.000000 0.263884 0.964554
976054414.557284 -3.415650 -17.147600 0.000000 0.000000 0.000000 0.240096 0.970749
976054414.657284 -3.416290 -17.148400 0.000000 0.000000 0.000000 0.219161 0.975689
976054415.567284 -3.417700 -17.148500 0.000000 0.000000 0.000000 0.189082 0.981961
976054415.937284 -3.416290 -17.148400 0.000000 0.000000 0.000000 0.155790 0.987790
976054416.437284 -3.387840 -17.213400 0.000000 0.000000 0.000000 0.007933 0.999969
976054416.467284 -3.387840 -17.213400 0.000000 0.000000 0.000000 -0.025865 0.999665
976054416.667284 -3.389240 -17.213500 0.000000 0.000000 0.000000 -0.081088 0.996707
976054417.527284 -3.389240 -17.213500 0.000000 0.000000 0.000000 -0.114724 0.993397
976054417.537284 -3.389240 -17.213500 0.000000 0.000000 0.000000 -0.145190 0.989404
976054417.747284 -3.389240 -17.213500 0.000000 0.000000 0.000000 -0.193639 0.981073
976054417.857284 -3.391050 -17.252700 0.000000 0.000000 0.000000 -0.236401 0.971656
976054418.387284 -3.391050 -17.252700 0.000000 0.000000 0.000000 -0.263178 0.964747
976054418.547284 -3.406150 -17.241200 0.000000 0.000000 0.000000 -0.320187 0.947354
976054418.887284 -3.428410 -17.224200 0.000000 0.000000 0.000000 -0.340488 0.940249
976054419.547284 -3.445480 -17.208600 0.000000 0.000000 0.000000 -0.352019 0.935993
976054419.727284 -3.445480 -17.208600 0.000000 0.000000 0.000000 -0.352019 0.935993
976054419.857284 -3.444690 -17.209200 0.000000 0.000000 0.000000 -0.372068 0.928205
976054420.127284 -3.447870 -17.206800 0.000000 0.000000 0.000000 -0.394771 0.918780
976054420.287284 -3.446280 -17.208000 0.000000 0.000000 0.000000 -0.422812 0.906217
976054420.677284 -3.463830 -17.266200 0.000000 0.000000 0.000000 -0.442110 0.896961
976054420.957284 -3.466440 -17.263000 0.000000 0.000000 0.000000 -0.488339 0.872654
976054421.317284 -3.467450 -17.261000 0.000000 0.000000 0.000000 -0.520179 0.854058
976054421.337284 -3.468460 -17.259000 0.000000 0.000000 0.000000 -0.548743 0.835991
976054421.487284 -3.469470 -17.257000 0.000000 0.000000 0.000000 -0.566597 0.823995
976054421.937284 -3.469670 -17.255600 0.000000 0.000000 0.000000 -0.584189 0.811618
976054422.597284 -3.470680 -17.253600 0.000000 0.000000 0.000000 -0.630549 0.776150
976054422.687284 -3.512780 -17.251700 0.000000 0.000000 0.000000 -0.639882 0.768473
976054422.707284 -3.512780 -17.251700 0.000000 0.000000 0.000000 -0.653943 0.756544
976054422.967284 -3.512780 -17.251700 0.000000 0.000000 0.000000 -0.703553 0.710643
976054423.367284 -3.512780 -17.251700 0.000000 0.000000 0.000000 -0.725052 0.688694
976054423.477284 -3.511960 -17.252300 0.000000 0.000000 0.000000 -0.762016 0.647559
976054423.887284 -3.511960 -17.252300 0.000000 0.000000 0.000000 -0.775767 0.631019
976054424.547284 -3.512530 -17.253100 0.000000 0.000000 0.000000 -0.805841 0.592131
976054424.567284 -3.568100 -17.263700 0.000000 0.000000 0.000000 -0.820097 0.572225
976054424.587284 -3.568100 -17.263700 0.000000 0.000000 0.000000 -0.835606 0.549329
976054424.657284 -3.568100 -17.263700 0.000000 0.000000 0.000000 -0.848855 0.528626
976054425.167284 -3.568100 -17.263700 0.000000 0.000000 0.000000 -0.864696 0.502295
976054425.257284 -3.568670 -17.264500 0.000000 0.000000 0.000000 -0.891139 0.453730
976054425.877284 -3.568100 -17.263700 0.000000 0.000000 0.000000 -0.899354 0.437221
976054426.647284 -3.567540 -17.262900 0.000000 0.000000 0.000000 -0.934695 0.355451
976054426.687284 -3.619570 -17.211800 0.000000 0.000000 0.000000 -0.951948 0.306260
976054427.337284 -3.619020 -17.210900 0.000000 0.000000 0.000000 -0.961754 0.273915
976054427.347284 -3.618460 -17.210100 0.000000 0.000000 0.000000 -0.968960 0.247216
976054427.627284 -3.624290 -17.213400 0.000000 0.000000 0.000000 -0.981145 0.193272
976054427.717284 -3.711690 -17.238000 0.000000 0.000000 0.000000 -0.994124 0.108244
976054428.207284 -3.772730 -17.219400 0.000000 0.000000 0.000000 -0.993167 0.116700
976054428.277284 -3.862140 -17.240800 0.000000 0.000000 0.000000 -0.993167 0.116700
976054428.967284 -3.906850 -17.251500 0.000000 0.000000 0.000000 -0.993167 0.116700
976054429.357284 -4.085150 -17.293400 0.000000 0.000000 0.000000 -0.993866 0.110595
976054429.527284 -4.143970 -17.305700 0.000000 0.000000 0.000000 -0.994201 0.107538
976054429.537284 -4.167440 -17.311000 0.000000 0.000000 0.000000 -0.994843 0.101427
976054429.667284 -4.214140 -17.319200 0.000000 0.000000 0.000000 -0.996544 0.083070
976054430.207284 -4.271120 -17.326800 0.000000 0.000000 0.000000 -0.998626 0.052412
976054430.357284 -4.455190 -17.333100 0.000000 0.000000 0.000000 0.999996 0.002871
976054430.817284 -4.505960 -17.332800 0.000000 0.000000 0.000000 0.999996 0.002871
976054430.937284 -4.625840 -17.331200 0.000000 0.000000 0.000000 0.999959 0.009016
976054431.417284 -4.656370 -17.330800 0.000000 0.000000 0.000000 0.999959 0.009016
976054431.487284 -4.733120 -17.294400 0.000000 0.000000 0.000000 -0.999833 0.018270
976054432.127284 -4.790550 -17.296200 0.000000 0.000000 0.000000 -0.999833 0.018270
976054432.147284 -4.849830 -17.299200 0.000000 0.000000 0.000000 -0.999772 0.021345
976054432.297284 -4.965670 -17.304600 0.000000 0.000000 0.000000 -0.999622 0.027488
976054432.697284 -5.023220 -17.308600 0.000000 0.000000 0.000000 -0.999434 0.033630
976054432.937284 -5.140170 -17.318000 0.000000 0.000000 0.000000 -0.998946 0.045910
976054433.387284 -5.195110 -17.323500 0.000000 0.000000 0.000000 -0.998800 0.048982
976054433.507284 -5.314910 -17.335800 0.000000 0.000000 0.000000 -0.998800 0.048982
976054433.897284 -5.372580 -17.342100 0.000000 0.000000 0.000000 -0.998800 0.048982
976054434.747284 -5.481470 -17.351400 0.000000 0.000000 0.000000 -0.998946 0.045910
976054435.257284 -5.717490 -17.367800 0.000000 0.000000 0.000000 -0.999959 0.009056
976054435.317284 -5.706960 -17.396200 0.000000 0.000000 0.000000 -0.999836 0.018110
976054435.497284 -5.826350 -17.398100 0.000000 0.000000 0.000000 -0.999983 0.005821
976054435.877284 -5.880910 -17.398700 0.000000 0.000000 0.000000 -0.999960 0.008891
976054436.757284 -5.996730 -17.400000 0.000000 0.000000 0.000000 -0.999996 0.002746
976054437.117284 -6.227010 -17.404500 0.000000 0.000000 0.000000 -0.999887 0.015036
976054437.297284 -6.346790 -17.409400 0.000000 0.000000 0.000000 -0.999706 0.024254
976054437.687284 -6.399970 -17.411800 0.000000 0.000000 0.000000 -0.999627 0.027323
976054437.877284 -6.520610 -17.418600 0.000000 0.000000 0.000000 -0.999706 0.024254
976054438.427284 -6.579590 -17.421500 0.000000 0.000000 0.000000 -0.999706 0.024254
976054438.457284 -6.635010 -17.424000 0.000000 0.000000 0.000000 -0.999776 0.021180
976054438.477284 -6.689100 -17.425900 0.000000 0.000000 0.000000 -0.999836 0.018110
976054438.927284 -6.698730 -17.404900 0.000000 0.000000 0.000000 -0.999360 0.035769
976054439.947284 -6.816100 -17.407000 0.000000 0.000000 0.000000 0.999809 0.019530
976054440.357284 -7.190530 -17.375300 0.000000 0.000000 0.000000 0.999158 0.041030
976054440.797284 -7.251420 -17.371100 0.000000 0.000000 0.000000 0.999279 0.037962
976054440.957284 -7.360580 -17.363600 0.000000 0.000000 0.000000 0.999391 0.034889
976054441.527284 -7.419240 -17.359300 0.000000 0.000000 0.000000 0.999494 0.031816
976054441.607284 -7.539920 -17.353700 0.000000 0.000000 0.000000 0.999809 0.019530
976054441.957284 -7.593950 -17.351200 0.000000 0.000000 0.000000 0.999865 0.016461
976054441.987284 -7.648360 -17.349700 0.000000 0.000000 0.000000 0.999865 0.016461
976054442.157284 -7.668560 -17.350100 0.000000 0.000000 0.000000 0.999948 0.010221
976054442.557284 -7.728370 -17.349300 0.000000 0.000000 0.000000 0.999948 0.010221
976054442.597284 -7.786870 -17.348000 0.000000 0.000000 0.000000 0.999948 0.010221
976054442.797284 -7.841290 -17.347200 0.000000 0.000000 0.000000 0.999912 0.013291
976054443.117284 -7.897570 -17.345600 0.000000 0.000000 0.000000 0.999866 0.016366
976054443.157284 -7.957940 -17.343500 0.000000 0.000000 0.000000 0.999866 0.016366
976054443.647284 -8.017020 -17.340900 0.000000 0.000000 0.000000 0.999811 0.019435
976054443.667284 -8.074230 -17.338900 0.000000 0.000000 0.000000 0.999589 0.028652
976054443.867284 -8.130720 -17.335100 0.000000 0.000000 0.000000 0.999497 0.031726
976054444.447284 -8.190360 -17.331200 0.000000 0.000000 0.000000 0.999394 0.034794
976054444.557284 -8.363550 -17.318400 0.000000 0.000000 0.000000 0.999283 0.037867
976054444.907284 -8.418740 -17.314000 0.000000 0.000000 0.000000 0.999162 0.040935
976054445.417284 -8.475790 -17.308900 0.000000 0.000000 0.000000 0.999162 0.040935
976054445.617284 -8.652130 -17.296000 0.000000 0.000000 0.000000 0.999283 0.037867
976054445.987284 -8.652470 -17.393700 0.000000 0.000000 0.000000 -0.999677 0.025429
976054446.457284 -8.709280 -17.397300 0.000000 0.000000 0.000000 -0.999502 0.031571
976054446.567284 -8.827260 -17.405500 0.000000 0.000000 0.000000 -0.999289 0.037712
976054446.607284 -8.884320 -17.410100 0.000000 0.000000 0.000000 -0.999289 0.037712
976054446.807284 -8.942350 -17.414500 0.000000 0.000000 0.000000 -0.999400 0.034639
976054447.327284 -8.999410 -17.419100 0.000000 0.000000 0.000000 -0.999400 0.034639
976054447.367284 -9.044560 -17.421700 0.000000 0.000000 0.000000 -0.999502 0.031571
976054447.667284 -9.061560 -17.423400 0.000000 0.000000 0.000000 -0.999289 0.037712
976054447.937284 -9.048680 -17.421600 0.000000 0.000000 0.000000 -0.999400 0.034639
976054447.957284 -9.028780 -17.420700 0.000000 0.000000 0.000000 -0.999750 0.022354
976054448.397284 -9.024650 -17.420700 0.000000 0.000000 0.000000 -0.999814 0.019285
976054448.437284 -9.024650 -17.420700 0.000000 0.000000 0.000000 -0.999594 0.028497
976054448.557284 -9.024650 -17.420700 0.000000 0.000000 0.000000 -0.999502 0.031571
976054448.957284 -9.024650 -17.420700 0.000000 0.000000 0.000000 -0.999168 0.040785
976054448.997284 -9.024650 -17.420700 0.000000 0.000000 0.000000 -0.998060 0.062261
976054449.157284 -9.024650 -17.420700 0.000000 0.000000 0.000000 -0.995086 0.099014
976054449.557284 -9.023690 -17.421000 0.000000 0.000000 0.000000 -0.989907 0.141718
976054449.587284 -9.025880 -17.421400 0.000000 0.000000 0.000000 -0.979952 0.199234
976054449.787284 -9.023430 -17.420000 0.000000 0.000000 0.000000 -0.964256 0.264973
976054450.317284 -9.032680 -17.460200 0.000000 0.000000 0.000000 -0.962079 0.272770
976054450.347284 -9.034290 -17.461800 0.000000 0.000000 0.000000 -0.948490 0.316807
976054450.367284 -9.033960 -17.460800 0.000000 0.000000 0.000000 -0.931774 0.363038
976054450.777284 -9.034620 -17.462700 0.000000 0.000000 0.000000 -0.907719 0.419579
976054450.797284 -9.035900 -17.463300 0.000000 0.000000 0.000000 -0.884574 0.466400
976054450.957284 -8.995520 -17.442500 0.000000 0.000000 0.000000 -0.853231 0.521533
976054451.377284 -8.996090 -17.444500 0.000000 0.000000 0.000000 -0.828296 0.560290
976054451.387284 -8.996650 -17.446400 0.000000 0.000000 0.000000 -0.794194 0.607664
976054451.597284 -8.997220 -17.448300 0.000000 0.000000 0.000000 -0.763371 0.645961
976054452.277284 -8.997500 -17.449300 0.000000 0.000000 0.000000 -0.741105 0.671389
976054452.287284 -8.996540 -17.449500 0.000000 0.000000 0.000000 -0.709381 0.704825
976054452.967284 -8.929460 -17.465700 0.000000 0.000000 0.000000 -0.712914 0.701251
976054453.247284 -8.928750 -17.472400 0.000000 0.000000 0.000000 -0.569753 0.821816
976054453.287284 -8.927820 -17.472800 0.000000 0.000000 0.000000 -0.515576 0.856844
976054453.477284 -8.872860 -17.473300 0.000000 0.000000 0.000000 -0.447654 0.894207
976054453.857284 -8.873790 -17.473000 0.000000 0.000000 0.000000 -0.411586 0.911371
976054454.947284 -8.871330 -17.475000 0.000000 0.000000 0.000000 -0.299679 0.954040
976054455.277284 -8.847610 -17.443000 0.000000 0.000000 0.000000 -0.254318 0.967121
976054455.287284 -8.846670 -17.443300 0.000000 0.000000 0.000000 -0.233458 0.972367
976054455.607284 -8.842890 -17.444600 0.000000 0.000000 0.000000 -0.176323 0.984332
976054455.697284 -8.837230 -17.446600 0.000000 0.000000 0.000000 -0.102096 0.994775
976054456.357284 -8.835340 -17.447300 0.000000 0.000000 0.000000 -0.046948 0.998897
976054456.507284 -8.790030 -17.365800 0.000000 0.000000 0.000000 0.030968 0.999520
976054456.837284 -8.768130 -17.364700 0.000000 0.000000 0.000000 0.024825 0.999692
976054457.247284 -8.623360 -17.356600 0.000000 0.000000 0.000000 0.030968 0.999520
976054457.347284 -8.556360 -17.352600 0.000000 0.000000 0.000000 0.034039 0.999420
976054457.397284 -8.530930 -17.350600 0.000000 0.000000 0.000000 0.034039 0.999420
976054457.757284 -8.486770 -17.347400 0.000000 0.000000 0.000000 0.018681 0.999826
976054457.777284 -8.437940 -17.346000 0.000000 0.000000 0.000000 0.021753 0.999763
976054458.277284 -8.373170 -17.342200 0.000000 0.000000 0.000000 0.024825 0.999692
976054458.477284 -8.246780 -17.334500 0.000000 0.000000 0.000000 0.034039 0.999420
976054459.107284 -8.198160 -17.330800 0.000000 0.000000 0.000000 0.037110 0.999311
976054459.117284 -8.145090 -17.326800 0.000000 0.000000 0.000000 0.037110 0.999311
976054459.177284 -8.019840 -17.316500 0.000000 0.000000 0.000000 0.034039 0.999420
976054459.657284 -7.961380 -17.312400 0.000000 0.000000 0.000000 0.027897 0.999611
976054459.887284 -7.851870 -17.306700 0.000000 0.000000 0.000000 0.021753 0.999763
976054460.287284 -7.792850 -17.303800 0.000000 0.000000 0.000000 0.015609 0.999878
976054460.377284 -7.763720 -17.156200 0.000000 0.000000 0.000000 0.089045 0.996028
976054460.867284 -7.705390 -17.145800 0.000000 0.000000 0.000000 0.082922 0.996556
976054461.457284 -7.596610 -17.128600 0.000000 0.000000 0.000000 0.073733 0.997278
976054461.477284 -7.537500 -17.119500 0.000000 0.000000 0.000000 0.073733 0.997278
976054461.657284 -7.419300 -17.101200 0.000000 0.000000 0.000000 0.076796 0.997047
976054462.247284 -7.364310 -17.092200 0.000000 0.000000 0.000000 0.076796 0.997047
976054462.267284 -7.252180 -17.073600 0.000000 0.000000 0.000000 0.082922 0.996556
976054462.387284 -7.191690 -17.062700 0.000000 0.000000 0.000000 0.085984 0.996297
976054462.817284 -7.136510 -17.052800 0.000000 0.000000 0.000000 0.089045 0.996028
976054463.477284 -7.025930 -17.031900 0.000000 0.000000 0.000000 0.089045 0.996028
976054463.577284 -6.852900 -17.000500 0.000000 0.000000 0.000000 0.089045 0.996028
976054464.267284 -6.800510 -16.971300 0.000000 0.000000 0.000000 0.112977 0.993598
976054464.287284 -6.743650 -16.958400 0.000000 0.000000 0.000000 0.116030 0.993246
976054464.687284 -6.628460 -16.929700 0.000000 0.000000 0.000000 0.119081 0.992885
976054464.847284 -6.524940 -16.904200 0.000000 0.000000 0.000000 0.116030 0.993246
976054465.477284 -6.468910 -16.890100 0.000000 0.000000 0.000000 0.119081 0.992885
976054465.487284 -6.408610 -16.874700 0.000000 0.000000 0.000000 0.125181 0.992134
976054465.577284 -6.298510 -16.846200 0.000000 0.000000 0.000000 0.122131 0.992514
976054466.977284 -6.244620 -16.832800 0.000000 0.000000 0.000000 0.122131 0.992514
976054466.987284 -6.187440 -16.817900 0.000000 0.000000 0.000000 0.119081 0.992885
976054467.237284 -5.904960 -16.751900 0.000000 0.000000 0.000000 0.103813 0.994597
976054467.257284 -5.848270 -16.740000 0.000000 0.000000 0.000000 0.097699 0.995216
976054467.377284 -5.842800 -16.729500 0.000000 0.000000 0.000000 0.133440 0.991057
976054467.897284 -5.787300 -16.714200 0.000000 0.000000 0.000000 0.133440 0.991057
976054468.457284 -5.677290 -16.683400 0.000000 0.000000 0.000000 0.136485 0.990642
976054468.717284 -5.621700 -16.667100 0.000000 0.000000 0.000000 0.139528 0.990218
976054468.777284 -5.454930 -16.618100 0.000000 0.000000 0.000000 0.139528 0.990218
976054469.227284 -5.411640 -16.604700 0.000000 0.000000 0.000000 0.148650 0.988890
976054469.407284 -5.397260 -16.600900 0.000000 0.000000 0.000000 0.154724 0.987958
976054469.907284 -5.396180 -16.600000 0.000000 0.000000 0.000000 0.160793 0.986988
976054469.977284 -5.397260 -16.600900 0.000000 0.000000 0.000000 0.188023 0.982165
976054470.497284 -5.396180 -16.600000 0.000000 0.000000 0.000000 0.221107 0.975250
976054470.617284 -5.393020 -16.598300 0.000000 0.000000 0.000000 0.327417 0.944880
976054471.927284 -5.391860 -16.596400 0.000000 0.000000 0.000000 0.379151 0.925335
976054471.937284 -5.398060 -16.605900 0.000000 0.000000 0.000000 0.393034 0.919524
976054471.977284 -5.399420 -16.608700 0.000000 0.000000 0.000000 0.582739 0.812659
976054472.397284 -5.420730 -16.548000 0.000000 0.000000 0.000000 0.619433 0.785050
976054472.687284 -5.420730 -16.548000 0.000000 0.000000 0.000000 0.686838 0.726810
976054473.927284 -5.420590 -16.547000 0.000000 0.000000 0.000000 0.715315 0.698802
976054473.947284 -5.420170 -16.544000 0.000000 0.000000 0.000000 0.746755 0.665099
976054474.167284 -5.443620 -16.332600 0.000000 0.000000 0.000000 0.744707 0.667392
976054474.187284 -5.545510 -16.290400 0.000000 0.000000 0.000000 0.774978 0.631988
976054474.407284 -5.553690 -16.247100 0.000000 0.000000 0.000000 0.771080 0.636739
976054475.967284 -5.563670 -16.198600 0.000000 0.000000 0.000000 0.771080 0.636739
976054475.987284 -5.576920 -16.133000 0.000000 0.000000 0.000000 0.773031 0.634368
976054475.997284 -5.591090 -16.065300 0.000000 0.000000 0.000000 0.774978 0.631988
976054476.297284 -5.649430 -15.786600 0.000000 0.000000 0.000000 0.774978 0.631988
976054476.377284 -5.670870 -15.677600 0.000000 0.000000 0.000000 0.769118 0.639107
976054476.827284 -5.681550 -15.622100 0.000000 0.000000 0.000000 0.767149 0.641469
976054476.977284 -5.701650 -15.505200 0.000000 0.000000 0.000000 0.759208 0.650848
976054477.427284 -5.710370 -15.450800 0.000000 0.000000 0.000000 0.759208 0.650848
976054477.437284 -5.716110 -15.420500 0.000000 0.000000 0.000000 0.761206 0.648511
976054477.607284 -5.716850 -15.414500 0.000000 0.000000 0.000000 0.761206 0.648511
976054478.317284 -5.715980 -15.417500 0.000000 0.000000 0.000000 0.765176 0.643821
976054478.477284 -5.716020 -15.418500 0.000000 0.000000 0.000000 0.808730 0.588180
976054478.927284 -5.715980 -15.417500 0.000000 0.000000 0.000000 0.840009 0.542572
976054479.397284 -5.716900 -15.415500 0.000000 0.000000 0.000000 0.884961 0.465665
976054479.537284 -5.712670 -15.467000 0.000000 0.000000 0.000000 0.905476 0.424397
976054479.647284 -5.712670 -15.467000 0.000000 0.000000 0.000000 0.938595 0.345021
976054479.797284 -5.712670 -15.467000 0.000000 0.000000 0.000000 0.949718 0.313106
976054480.247284 -5.712670 -15.467000 0.000000 0.000000 0.000000 0.961466 0.274925
976054480.367284 -5.735870 -15.479600 0.000000 0.000000 0.000000 0.983379 0.181564
976054480.857284 -5.735870 -15.479600 0.000000 0.000000 0.000000 0.989845 0.142148
976054480.967284 -5.738860 -15.479500 0.000000 0.000000 0.000000 0.998878 0.047354
976054481.937284 -5.739860 -15.479400 0.000000 0.000000 0.000000 0.999945 0.010501
976054482.127284 -5.739860 -15.479400 0.000000 0.000000 0.000000 0.999945 0.010501
976054482.327284 -5.981630 -15.468600 0.000000 0.000000 0.000000 0.999806 0.019715
976054482.697284 -6.006590 -15.467300 0.000000 0.000000 0.000000 0.999665 0.025863
976054482.847284 -6.084780 -15.546900 0.000000 0.000000 0.000000 -0.999986 0.005381
976054483.277284 -6.146770 -15.548400 0.000000 0.000000 0.000000 -0.999986 0.005381
976054483.397284 -6.279760 -15.549700 0.000000 0.000000 0.000000 -0.999997 0.002306
976054483.787284 -6.329760 -15.550200 0.000000 0.000000 0.000000 0.999976 0.006911
976054483.847284 -6.375780 -15.548600 0.000000 0.000000 0.000000 0.999596 0.028418
976054483.957284 -6.432830 -15.543200 0.000000 0.000000 0.000000 0.998251 0.059112
976054484.677284 -6.501920 -15.533800 0.000000 0.000000 0.000000 0.996749 0.080569
976054484.827284 -6.663150 -15.510400 0.000000 0.000000 0.000000 0.997664 0.068313
976054485.207284 -6.722230 -15.502900 0.000000 0.000000 0.000000 0.997869 0.065245
976054485.357284 -6.848380 -15.488100 0.000000 0.000000 0.000000 0.998428 0.056047
976054485.757284 -6.900440 -15.481600 0.000000 0.000000 0.000000 0.998428 0.056047
976054485.797284 -6.953490 -15.476100 0.000000 0.000000 0.000000 0.998754 0.049911
976054485.967284 -7.014550 -15.470700 0.000000 0.000000 0.000000 0.998902 0.046839
976054486.327284 -7.076600 -15.465300 0.000000 0.000000 0.000000 0.999171 0.040700
976054486.367284 -7.064990 -15.487100 0.000000 0.000000 0.000000 -0.999981 0.006106
976054486.557284 -7.120210 -15.487400 0.000000 0.000000 0.000000 -0.999981 0.006106
976054486.907284 -7.178420 -15.488000 0.000000 0.000000 0.000000 -0.999981 0.006106
976054486.967284 -7.237630 -15.488800 0.000000 0.000000 0.000000 -0.999981 0.006106
976054487.777284 -7.295840 -15.489400 0.000000 0.000000 0.000000 -0.999981 0.006106
976054487.957284 -7.408190 -15.491300 0.000000 0.000000 0.000000 -0.999925 0.012256
976054488.277284 -7.407090 -15.492200 0.000000 0.000000 0.000000 -0.999925 0.012256
976054488.397284 -7.407090 -15.492200 0.000000 0.000000 0.000000 -0.999958 0.009181
976054488.767284 -7.408190 -15.491300 0.000000 0.000000 0.000000 0.999995 0.003111
976054488.827284 -7.406100 -15.492100 0.000000 0.000000 0.000000 0.999768 0.021545
976054488.967284 -7.404110 -15.491900 0.000000 0.000000 0.000000 0.999073 0.043043
976054489.347284 -7.406100 -15.492100 0.000000 0.000000 0.000000 0.997916 0.064521
976054489.407284 -7.406100 -15.492100 0.000000 0.000000 0.000000 0.996298 0.085970
976054489.557284 -7.408190 -15.491300 0.000000 0.000000 0.000000 0.992823 0.119589
976054490.707284 -7.408190 -15.491300 0.000000 0.000000 0.000000 0.987256 0.159142
976054490.827284 -7.407190 -15.491200 0.000000 0.000000 0.000000 0.984154 0.177314
976054490.887284 -7.408190 -15.491300 0.000000 0.000000 0.000000 0.972847 0.231448
976054490.967284 -7.420350 -15.472800 0.000000 0.000000 0.000000 0.959284 0.282444
976054491.287284 -7.421480 -15.471900 0.000000 0.000000 0.000000 0.951107 0.308862
976054491.357284 -7.423610 -15.471200 0.000000 0.000000 0.000000 0.941168 0.337939
976054491.747284 -7.423610 -15.471200 0.000000 0.000000 0.000000 0.931464 0.363835
976054491.797284 -7.423750 -15.470200 0.000000 0.000000 0.000000 0.922240 0.386618
976054491.967284 -7.423610 -15.471200 0.000000 0.000000 0.000000 0.908648 0.417563
976054492.367284 -7.423610 -15.471200 0.000000 0.000000 0.000000 0.895389 0.445284
976054492.377284 -7.374730 -15.427600 0.000000 0.000000 0.000000 0.880405 0.474223
976054492.557284 -7.374850 -15.426600 0.000000 0.000000 0.000000 0.871513 0.490372
976054492.967284 -7.375960 -15.425700 0.000000 0.000000 0.000000 0.857621 0.514283
976054493.157284 -7.376070 -15.424700 0.000000 0.000000 0.000000 0.827879 0.560907
976054493.737284 -7.376190 -15.423700 0.000000 0.000000 0.000000 0.815623 0.578584
976054493.787284 -7.376070 -15.424700 0.000000 0.000000 0.000000 0.799312 0.600916
976054493.967284 -7.376190 -15.423700 0.000000 0.000000 0.000000 0.766848 0.641829
976054494.337284 -7.376070 -15.424700 0.000000 0.000000 0.000000 0.746765 0.665088
976054494.367284 -7.331910 -15.392300 0.000000 0.000000 0.000000 0.728702 0.684831
976054494.667284 -7.332050 -15.391300 0.000000 0.000000 0.000000 0.711647 0.702537
976054495.407284 -7.332320 -15.389400 0.000000 0.000000 0.000000 0.694166 0.719815
976054495.557284 -7.332460 -15.388400 0.000000 0.000000 0.000000 0.678523 0.734579
976054495.617284 -7.332050 -15.391300 0.000000 0.000000 0.000000 0.636876 0.770966
976054495.657284 -7.332190 -15.390400 0.000000 0.000000 0.000000 0.615315 0.788282
976054495.757284 -7.331470 -15.388200 0.000000 0.000000 0.000000 0.593282 0.804995
976054496.267284 -7.330610 -15.387100 0.000000 0.000000 0.000000 0.573318 0.819333
976054496.357284 -7.268620 -15.388100 0.000000 0.000000 0.000000 0.543810 0.839209
976054497.697284 -7.267790 -15.387000 0.000000 0.000000 0.000000 0.517768 0.855521
976054497.707284 -7.267950 -15.386000 0.000000 0.000000 0.000000 0.493914 0.869511
976054497.717284 -7.267950 -15.386000 0.000000 0.000000 0.000000 0.477801 0.878468
976054498.717284 -7.266960 -15.385800 0.000000 0.000000 0.000000 0.375056 0.927002
976054498.837284 -7.265300 -15.383600 0.000000 0.000000 0.000000 0.349280 0.937018
976054499.247284 -7.225830 -15.409800 0.000000 0.000000 0.000000 0.251051 0.967974
976054499.707284 -7.225830 -15.409800 0.000000 0.000000 0.000000 0.221193 0.975230
976054499.887284 -7.216300 -15.406200 0.000000 0.000000 0.000000 0.166943 0.985967
976054499.897284 -7.131510 -15.385800 0.000000 0.000000 0.000000 0.084662 0.996410
976054499.967284 -7.055410 -15.374000 0.000000 0.000000 0.000000 0.074248 0.997240
976054500.327284 -7.010790 -15.400100 0.000000 0.000000 0.000000 0.057805 0.998328
976054500.407284 -6.958810 -15.395800 0.000000 0.000000 0.000000 0.039390 0.999224
976054500.927284 -6.912600 -15.393500 0.000000 0.000000 0.000000 0.014818 0.999890
976054500.967284 -6.791620 -15.396400 0.000000 0.000000 0.000000 -0.028196 0.999602
976054501.447284 -6.726370 -15.399100 0.000000 0.000000 0.000000 -0.025125 0.999684
976054501.497284 -6.670010 -15.403300 0.000000 0.000000 0.000000 -0.028196 0.999602
976054501.557284 -6.617910 -15.406100 0.000000 0.000000 0.000000 -0.028196 0.999602
976054502.547284 -6.562850 -15.408400 0.000000 0.000000 0.000000 -0.025125 0.999684
976054502.707284 -6.502540 -15.411900 0.000000 0.000000 0.000000 -0.025125 0.999684
976054503.307284 -6.377960 -15.418300 0.000000 0.000000 0.000000 -0.025125 0.999684
976054503.317284 -6.325710 -15.422100 0.000000 0.000000 0.000000 -0.031268 0.999511
976054503.327284 -6.272460 -15.425700 0.000000 0.000000 0.000000 -0.037410 0.999300
976054503.337284 -6.211830 -15.431200 0.000000 0.000000 0.000000 -0.043550 0.999051
976054503.467284 -6.089430 -15.443000 0.000000 0.000000 0.000000 -0.052757 0.998607
976054503.507284 -6.036860 -15.448800 0.000000 0.000000 0.000000 -0.058893 0.998264
976054504.587284 -6.017230 -15.355500 0.000000 0.000000 0.000000 -0.026829 0.999640
976054504.757284 -5.956630 -15.359500 0.000000 0.000000 0.000000 -0.032971 0.999456
976054504.767284 -5.924150 -15.362000 0.000000 0.000000 0.000000 -0.032971 0.999456
976054504.817284 -5.697320 -15.381600 0.000000 0.000000 0.000000 -0.051392 0.998679
976054505.327284 -5.631900 -15.388600 0.000000 0.000000 0.000000 -0.057528 0.998344
976054505.337284 -5.602110 -15.392800 0.000000 0.000000 0.000000 -0.060595 0.998162
976054505.417284 -5.548090 -15.399400 0.000000 0.000000 0.000000 -0.060595 0.998162
976054506.247284 -5.504490 -15.405400 0.000000 0.000000 0.000000 -0.060595 0.998162
976054506.297284 -5.485580 -15.407000 0.000000 0.000000 0.000000 -0.048323 0.998832
976054506.747284 -5.486560 -15.407200 0.000000 0.000000 0.000000 -0.032971 0.999456
976054506.867284 -5.488500 -15.407700 0.000000 0.000000 0.000000 0.010041 0.999950
976054507.317284 -5.487530 -15.407500 0.000000 0.000000 0.000000 0.059170 0.998248
976054507.417284 -5.478780 -15.405400 0.000000 0.000000 0.000000 0.182320 0.983239
976054507.917284 -5.473300 -15.383200 0.000000 0.000000 0.000000 0.201693 0.979449
976054508.547284 -5.473300 -15.383200 0.000000 0.000000 0.000000 0.255531 0.966801
976054508.617284 -5.474280 -15.383400 0.000000 0.000000 0.000000 0.374984 0.927031
976054509.437284 -5.473300 -15.383200 0.000000 0.000000 0.000000 0.428437 0.903572
976054509.447284 -5.509060 -15.298800 0.000000 0.000000 0.000000 0.472471 0.881346
976054509.567284 -5.507720 -15.295500 0.000000 0.000000 0.000000 0.591921 0.805996
976054509.957284 -5.507720 -15.295500 0.000000 0.000000 0.000000 0.628427 0.777868
976054509.977284 -5.507720 -15.295500 0.000000 0.000000 0.000000 0.652031 0.758192
976054510.247284 -5.553860 -15.285500 0.000000 0.000000 0.000000 0.686271 0.727346
976054510.637284 -5.553860 -15.285500 0.000000 0.000000 0.000000 0.721187 0.692740
976054510.747284 -5.554680 -15.281600 0.000000 0.000000 0.000000 0.750313 0.661083
976054511.247284 -5.556230 -15.264500 0.000000 0.000000 0.000000 0.754361 0.656460
976054511.257284 -5.563890 -15.223200 0.000000 0.000000 0.000000 0.772225 0.635350
976054511.347284 -5.579130 -15.150800 0.000000 0.000000 0.000000 0.778050 0.628203
976054511.797284 -5.595970 -15.075700 0.000000 0.000000 0.000000 0.776114 0.630592
976054511.947284 -5.617170 -14.974900 0.000000 0.000000 0.000000 0.772225 0.635350
976054512.667284 -5.627060 -14.927900 0.000000 0.000000 0.000000 0.774175 0.632972
976054512.677284 -5.639260 -14.865100 0.000000 0.000000 0.000000 0.766334 0.642443
976054512.747284 -5.655830 -14.737700 0.000000 0.000000 0.000000 0.740067 0.672533
976054513.197284 -5.740470 -14.729300 0.000000 0.000000 0.000000 0.774772 0.632240
976054513.397284 -5.764620 -14.618300 0.000000 0.000000 0.000000 0.776710 0.629859
976054513.787284 -5.778730 -14.553500 0.000000 0.000000 0.000000 0.778643 0.627467
976054513.947284 -5.802250 -14.447500 0.000000 0.000000 0.000000 0.776710 0.629859
976054514.457284 -5.813540 -14.394300 0.000000 0.000000 0.000000 0.774772 0.632240
976054514.477284 -5.825440 -14.333000 0.000000 0.000000 0.000000 0.772825 0.634620
976054514.547284 -5.837980 -14.272900 0.000000 0.000000 0.000000 0.770873 0.636989
976054515.817284 -5.848620 -14.215300 0.000000 0.000000 0.000000 0.770873 0.636989
976054515.827284 -5.859280 -14.160900 0.000000 0.000000 0.000000 0.770873 0.636989
976054515.947284 -5.882160 -14.050500 0.000000 0.000000 0.000000 0.774772 0.632240
976054516.587284 -5.894070 -13.992300 0.000000 0.000000 0.000000 0.776710 0.629859
976054516.687284 -5.906920 -13.934400 0.000000 0.000000 0.000000 0.780566 0.625074
976054516.787284 -5.919790 -13.879600 0.000000 0.000000 0.000000 0.782484 0.622671
976054517.157284 -5.922150 -13.649300 0.000000 0.000000 0.000000 0.769996 0.638049
976054517.177284 -5.932530 -13.593300 0.000000 0.000000 0.000000 0.756098 0.654459
976054517.347284 -5.939170 -13.536000 0.000000 0.000000 0.000000 0.739781 0.672848
976054517.857284 -5.944640 -13.476100 0.000000 0.000000 0.000000 0.731456 0.681888
976054517.877284 -5.948700 -13.419900 0.000000 0.000000 0.000000 0.731456 0.681888
976054517.947284 -5.953110 -13.362800 0.000000 0.000000 0.000000 0.735633 0.677381
976054518.477284 -5.958100 -13.307000 0.000000 0.000000 0.000000 0.737712 0.675116
976054518.637284 -5.970330 -13.186600 0.000000 0.000000 0.000000 0.737712 0.675116
976054519.337284 -5.975320 -13.130700 0.000000 0.000000 0.000000 0.737712 0.675116
976054519.387284 -5.979840 -13.079000 0.000000 0.000000 0.000000 0.735633 0.677381
976054519.547284 -5.997410 -12.901800 0.000000 0.000000 0.000000 0.743902 0.668289
976054520.547284 -6.003930 -12.847700 0.000000 0.000000 0.000000 0.743902 0.668289
976054520.657284 -6.010560 -12.790300 0.000000 0.000000 0.000000 0.747994 0.663705
976054521.497284 -6.056610 -12.747000 0.000000 0.000000 0.000000 0.766234 0.642561
976054521.777284 -6.116490 -12.408300 0.000000 0.000000 0.000000 0.737891 0.674920
976054521.787284 -6.120500 -12.355600 0.000000 0.000000 0.000000 0.718946 0.695066
976054521.967284 -6.120950 -12.296000 0.000000 0.000000 0.000000 0.701646 0.712526
976054522.707284 -6.119050 -12.234300 0.000000 0.000000 0.000000 0.692833 0.721098
976054522.737284 -6.116480 -12.176600 0.000000 0.000000 0.000000 0.697251 0.716827
976054522.747284 -6.115040 -12.062900 0.000000 0.000000 0.000000 0.697251 0.716827
976054523.257284 -6.112480 -12.005300 0.000000 0.000000 0.000000 0.695047 0.718964
976054523.347284 -6.109590 -11.889900 0.000000 0.000000 0.000000 0.695047 0.718964
976054523.857284 -6.107940 -11.832600 0.000000 0.000000 0.000000 0.695047 0.718964
976054523.947284 -6.118110 -11.741500 0.000000 0.000000 0.000000 0.728469 0.685078
976054524.477284 -6.122380 -11.687100 0.000000 0.000000 0.000000 0.732665 0.680589
976054524.637284 -6.132540 -11.568800 0.000000 0.000000 0.000000 0.738909 0.673805
976054525.317284 -6.138230 -11.511700 0.000000 0.000000 0.000000 0.743036 0.669252
976054525.327284 -6.145690 -11.455600 0.000000 0.000000 0.000000 0.747134 0.664673
976054526.757284 -6.160660 -11.341000 0.000000 0.000000 0.000000 0.755246 0.655441
976054526.767284 -6.169600 -11.280000 0.000000 0.000000 0.000000 0.759260 0.650788
976054526.777284 -6.178880 -11.222500 0.000000 0.000000 0.000000 0.761257 0.648450
976054526.787284 -6.188560 -11.166400 0.000000 0.000000 0.000000 0.763245 0.646110
976054527.257284 -6.239930 -10.893200 0.000000 0.000000 0.000000 0.769169 0.639045
976054527.377284 -6.271390 -10.824600 0.000000 0.000000 0.000000 0.784578 0.620030
976054527.837284 -6.278690 -10.795800 0.000000 0.000000 0.000000 0.769102 0.639126
976054527.927284 -6.296270 -10.661900 0.000000 0.000000 0.000000 0.749102 0.662455
976054528.387284 -6.303950 -10.598400 0.000000 0.000000 0.000000 0.751135 0.660148
976054528.427284 -6.307630 -10.573200 0.000000 0.000000 0.000000 0.751135 0.660148
976054528.527284 -6.313860 -10.528000 0.000000 0.000000 0.000000 0.751135 0.660148
976054529.337284 -6.321220 -10.477500 0.000000 0.000000 0.000000 0.757190 0.653195
976054529.357284 -6.331390 -10.412100 0.000000 0.000000 0.000000 0.757190 0.653195
976054529.447284 -6.357410 -10.240500 0.000000 0.000000 0.000000 0.761189 0.648530
976054529.877284 -6.366990 -10.186700 0.000000 0.000000 0.000000 0.763177 0.646190
976054529.887284 -6.372070 -10.157600 0.000000 0.000000 0.000000 0.765160 0.643840
976054530.257284 -6.382510 -10.097200 0.000000 0.000000 0.000000 0.769102 0.639126
976054530.537284 -6.395160 -10.037000 0.000000 0.000000 0.000000 0.771061 0.636762
976054530.587284 -6.416830 -9.927530 0.000000 0.000000 0.000000 0.773015 0.634388
976054531.127284 -6.427250 -9.874310 0.000000 0.000000 0.000000 0.773015 0.634388
976054531.137284 -6.439350 -9.814990 0.000000 0.000000 0.000000 0.771061 0.636762
976054531.327284 -6.415120 -9.709330 0.000000 0.000000 0.000000 0.787277 0.616600
976054531.797284 -6.418410 -9.693110 0.000000 0.000000 0.000000 0.787277 0.616600
976054531.887284 -6.420150 -9.685700 0.000000 0.000000 0.000000 0.787277 0.616600
976054532.887284 -6.420150 -9.685700 0.000000 0.000000 0.000000 0.787277 0.616600
976054532.897284 -6.420150 -9.685700 0.000000 0.000000 0.000000 0.789166 0.614180
976054533.597284 -6.420150 -9.685700 0.000000 0.000000 0.000000 0.809471 0.587160
976054534.817284 -6.421340 -9.684090 0.000000 0.000000 0.000000 0.914906 0.403667
976054534.827284 -6.458630 -9.678050 0.000000 0.000000 0.000000 0.918773 0.394787
976054535.587284 -6.458070 -9.678880 0.000000 0.000000 0.000000 0.983010 0.183550
976054535.607284 -6.456130 -9.719340 0.000000 0.000000 0.000000 0.997689 0.067939
976054536.297284 -6.475250 -9.717560 0.000000 0.000000 0.000000 0.999416 0.034185
976054536.307284 -6.518520 -9.717290 0.000000 0.000000 0.000000 -0.999888 0.014976
976054536.407284 -6.666680 -9.724980 0.000000 0.000000 0.000000 -0.999707 0.024189
976054536.797284 -6.724390 -9.728220 0.000000 0.000000 0.000000 -0.999628 0.027263
976054537.657284 -6.817890 -9.733470 0.000000 0.000000 0.000000 -0.999777 0.021120
976054538.447284 -7.059520 -9.742790 0.000000 0.000000 0.000000 -0.999961 0.008831
976054538.657284 -7.109450 -9.743320 0.000000 0.000000 0.000000 -0.999996 0.002681
976054538.667284 -7.289720 -9.742200 0.000000 0.000000 0.000000 0.999920 0.012681
976054538.867284 -7.345740 -9.740740 0.000000 0.000000 0.000000 0.999823 0.018825
976054539.597284 -7.402300 -9.738450 0.000000 0.000000 0.000000 0.999876 0.015751
976054539.617284 -7.476720 -9.897140 0.000000 0.000000 0.000000 -0.998602 0.052867
976054539.767284 -7.476720 -9.897140 0.000000 0.000000 0.000000 -0.998602 0.052867
976054540.127284 -7.476720 -9.897140 0.000000 0.000000 0.000000 -0.998602 0.052867
976054540.167284 -7.476720 -9.897140 0.000000 0.000000 0.000000 -0.998602 0.052867
976054540.687284 -7.476720 -9.897140 0.000000 0.000000 0.000000 -0.998434 0.055937
976054540.697284 -7.476720 -9.897140 0.000000 0.000000 0.000000 -0.997876 0.065135
976054540.797284 -7.477480 -9.897790 0.000000 0.000000 0.000000 -0.996758 0.080459
976054541.267284 -7.476720 -9.897140 0.000000 0.000000 0.000000 -0.994152 0.107990
976054541.367284 -7.484750 -9.900060 0.000000 0.000000 0.000000 -0.977470 0.211077
976054541.837284 -7.485510 -9.900700 0.000000 0.000000 0.000000 -0.967487 0.252919
976054541.857284 -7.486270 -9.901350 0.000000 0.000000 0.000000 -0.959261 0.282521
976054541.967284 -7.486270 -9.901350 0.000000 0.000000 0.000000 -0.944217 0.329323
976054542.887284 -7.447190 -9.887300 0.000000 0.000000 0.000000 -0.931587 0.363518
976054543.257284 -7.447010 -9.885890 0.000000 0.000000 0.000000 -0.853989 0.520291
976054543.477284 -7.447010 -9.885890 0.000000 0.000000 0.000000 -0.830826 0.556532
976054543.617284 -7.370820 -9.916460 0.000000 0.000000 0.000000 -0.785680 0.618633
976054544.257284 -7.371170 -9.919270 0.000000 0.000000 0.000000 -0.754331 0.656494
976054544.267284 -7.370900 -9.922860 0.000000 0.000000 0.000000 -0.719023 0.694987
976054544.517284 -7.371240 -9.925670 0.000000 0.000000 0.000000 -0.658956 0.752181
976054544.567284 -7.344200 -9.922520 0.000000 0.000000 0.000000 -0.628381 0.777906
976054545.107284 -7.344200 -9.922520 0.000000 0.000000 0.000000 -0.591873 0.806032
976054545.127284 -7.343580 -9.923310 0.000000 0.000000 0.000000 -0.548981 0.835835
976054545.207284 -7.343580 -9.923310 0.000000 0.000000 0.000000 -0.507241 0.861804
976054546.827284 -7.342960 -9.924100 0.000000 0.000000 0.000000 -0.472419 0.881374
976054546.837284 -7.343580 -9.923310 0.000000 0.000000 0.000000 -0.431308 0.902205
976054546.847284 -7.306510 -9.900180 0.000000 0.000000 0.000000 -0.401227 0.915979
976054546.857284 -7.305920 -9.900980 0.000000 0.000000 0.000000 -0.361463 0.932386
976054547.457284 -7.305320 -9.901780 0.000000 0.000000 0.000000 -0.181389 0.983411
976054547.667284 -7.279110 -9.875950 0.000000 0.000000 0.000000 -0.153561 0.988139
976054547.827284 -7.278290 -9.875390 0.000000 0.000000 0.000000 -0.000533 1.000000
976054548.187284 -7.278290 -9.875390 0.000000 0.000000 0.000000 0.008684 0.999962
976054548.407284 -7.279110 -9.875950 0.000000 0.000000 0.000000 0.045542 0.998962
976054549.137284 -7.280500 -9.875700 0.000000 0.000000 0.000000 0.076212 0.997092
976054549.167284 -7.162530 -9.838110 0.000000 0.000000 0.000000 0.163826 0.986489
976054549.637284 -7.088870 -9.813650 0.000000 0.000000 0.000000 0.160794 0.986988
976054549.667284 -7.026870 -9.793280 0.000000 0.000000 0.000000 0.154725 0.987958
976054549.767284 -6.976850 -9.778370 0.000000 0.000000 0.000000 0.145612 0.989342
976054550.247284 -6.932930 -9.765080 0.000000 0.000000 0.000000 0.142571 0.989785
976054550.457284 -6.816210 -9.731500 0.000000 0.000000 0.000000 0.133441 0.991057
976054550.877284 -6.753700 -9.715560 0.000000 0.000000 0.000000 0.127348 0.991858
976054551.267284 -6.648680 -9.689660 0.000000 0.000000 0.000000 0.115148 0.993348
976054551.517284 -6.594780 -9.677000 0.000000 0.000000 0.000000 0.112095 0.993698
976054551.537284 -6.534230 -9.663550 0.000000 0.000000 0.000000 0.105986 0.994368
976054551.617284 -6.473960 -9.651480 0.000000 0.000000 0.000000 0.099873 0.995000
976054552.587284 -6.417290 -9.639390 0.000000 0.000000 0.000000 0.099873 0.995000
976054552.747284 -6.252030 -9.512880 0.000000 0.000000 0.000000 0.138237 0.990399
976054553.927284 -6.196820 -9.497660 0.000000 0.000000 0.000000 0.129102 0.991631
976054554.297284 -6.085110 -9.468740 0.000000 0.000000 0.000000 0.171628 0.985162
976054554.307284 -6.084340 -9.468100 0.000000 0.000000 0.000000 0.189761 0.981830
976054554.507284 -6.081400 -9.466930 0.000000 0.000000 0.000000 0.285231 0.958459
976054554.917284 -6.079880 -9.465630 0.000000 0.000000 0.000000 0.317458 0.948272
976054555.117284 -6.084850 -9.454690 0.000000 0.000000 0.000000 0.373822 0.927500
976054555.907284 -6.085640 -9.455310 0.000000 0.000000 0.000000 0.416160 0.909291
976054555.927284 -6.084850 -9.454690 0.000000 0.000000 0.000000 0.465790 0.884895
976054555.987284 -6.085640 -9.455310 0.000000 0.000000 0.000000 0.550410 0.834895
976054556.357284 -6.084850 -9.454690 0.000000 0.000000 0.000000 0.593254 0.805015
976054556.557284 -6.102670 -9.383460 0.000000 0.000000 0.000000 0.662458 0.749099
976054556.947284 -6.102670 -9.383460 0.000000 0.000000 0.000000 0.691844 0.722047
976054557.107284 -6.102070 -9.384250 0.000000 0.000000 0.000000 0.732798 0.680446
976054557.597284 -6.101930 -9.377850 0.000000 0.000000 0.000000 0.726493 0.687174
976054557.717284 -6.105440 -9.323880 0.000000 0.000000 0.000000 0.722257 0.691625
976054558.257284 -6.109370 -9.246320 0.000000 0.000000 0.000000 0.726493 0.687174
976054558.487284 -6.120420 -9.072210 0.000000 0.000000 0.000000 0.724380 0.689401
976054559.187284 -6.121450 -9.047820 0.000000 0.000000 0.000000 0.724380 0.689401
976054559.207284 -6.125610 -8.988060 0.000000 0.000000 0.000000 0.726493 0.687174
976054559.357284 -6.139420 -8.797180 0.000000 0.000000 0.000000 0.732798 0.680446
976054559.687284 -6.143490 -8.747420 0.000000 0.000000 0.000000 0.734884 0.678193
976054559.757284 -6.147610 -8.692650 0.000000 0.000000 0.000000 0.734884 0.678193
976054560.257284 -6.154210 -8.629710 0.000000 0.000000 0.000000 0.734884 0.678193
976054560.377284 -6.164360 -8.507800 0.000000 0.000000 0.000000 0.734884 0.678193
976054560.827284 -6.169040 -8.457250 0.000000 0.000000 0.000000 0.734884 0.678193
976054561.687284 -6.178540 -8.341130 0.000000 0.000000 0.000000 0.734884 0.678193
976054562.327284 -6.330810 -8.286390 0.000000 0.000000 0.000000 0.797243 0.603658
976054562.387284 -6.330810 -8.286390 0.000000 0.000000 0.000000 0.804602 0.593814
976054562.547284 -6.334430 -8.280070 0.000000 0.000000 0.000000 0.885999 0.463686
976054562.907284 -6.335140 -8.279370 0.000000 0.000000 0.000000 0.906422 0.422373
976054562.967284 -6.334430 -8.280070 0.000000 0.000000 0.000000 0.918970 0.394328
976054563.467284 -6.362680 -8.349310 0.000000 0.000000 0.000000 0.921133 0.389249
976054563.607284 -6.362680 -8.349310 0.000000 0.000000 0.000000 0.955803 0.294007
976054564.157284 -6.362680 -8.349310 0.000000 0.000000 0.000000 0.968336 0.249652
976054564.167284 -6.364090 -8.349220 0.000000 0.000000 0.000000 0.979435 0.201762
976054564.657284 -6.405320 -8.424780 0.000000 0.000000 0.000000 0.991105 0.133080
976054564.677284 -6.408130 -8.424530 0.000000 0.000000 0.000000 0.995912 0.090333
976054564.747284 -6.409540 -8.424400 0.000000 0.000000 0.000000 0.999148 0.041280
976054565.667284 -6.412360 -8.424150 0.000000 0.000000 0.000000 -0.999999 0.001726
976054565.677284 -6.417350 -8.424420 0.000000 0.000000 0.000000 -0.999988 0.004801
976054565.767284 -6.547830 -8.422750 0.000000 0.000000 0.000000 0.999990 0.004421
976054566.207284 -6.627980 -8.422010 0.000000 0.000000 0.000000 0.999990 0.004421
976054566.347284 -6.729390 -8.420790 0.000000 0.000000 0.000000 0.999804 0.019780
976054566.787284 -6.775360 -8.418830 0.000000 0.000000 0.000000 0.999860 0.016711
976054566.797284 -6.841940 -8.417170 0.000000 0.000000 0.000000 0.999907 0.013636
976054566.947284 -6.913510 -8.415770 0.000000 0.000000 0.000000 0.999944 0.010566
976054567.357284 -6.971640 -8.414860 0.000000 0.000000 0.000000 0.999944 0.010566
976054567.387284 -7.019790 -8.413420 0.000000 0.000000 0.000000 0.999944 0.010566
976054567.547284 -7.072280 -8.413000 0.000000 0.000000 0.000000 0.999972 0.007491
976054567.987284 -7.136820 -8.412230 0.000000 0.000000 0.000000 0.999972 0.007491
976054568.147284 -7.262420 -8.411710 0.000000 0.000000 0.000000 -0.999999 0.001726
976054568.847284 -7.312870 -8.412190 0.000000 0.000000 0.000000 -0.999988 0.004801
976054568.967284 -7.427330 -8.414070 0.000000 0.000000 0.000000 -0.999940 0.010946
976054569.167284 -7.451630 -8.541200 0.000000 0.000000 0.000000 -0.997329 0.073041
976054569.477284 -7.504320 -8.549010 0.000000 0.000000 0.000000 -0.997548 0.069979
976054569.567284 -7.559830 -8.556970 0.000000 0.000000 0.000000 -0.997960 0.063848
976054569.987284 -7.617500 -8.564330 0.000000 0.000000 0.000000 -0.998151 0.060779
976054570.687284 -7.677990 -8.571860 0.000000 0.000000 0.000000 -0.998506 0.054644
976054570.747284 -7.907710 -8.592780 0.000000 0.000000 0.000000 -0.999344 0.036228
976054571.107284 -7.964120 -8.597240 0.000000 0.000000 0.000000 -0.999344 0.036228
976054571.147284 -8.024770 -8.601940 0.000000 0.000000 0.000000 -0.999344 0.036228
976054572.787284 -8.084000 -8.606560 0.000000 0.000000 0.000000 -0.999228 0.039296
976054572.797284 -8.140410 -8.611030 0.000000 0.000000 0.000000 -0.999102 0.042369
976054572.807284 -8.194000 -8.615340 0.000000 0.000000 0.000000 -0.999228 0.039296
976054572.817284 -8.251820 -8.619890 0.000000 0.000000 0.000000 -0.999344 0.036228
976054572.987284 -8.475410 -8.707400 0.000000 0.000000 0.000000 -0.999915 0.013001
976054573.707284 -8.532100 -8.709510 0.000000 0.000000 0.000000 -0.999951 0.009926
976054573.757284 -8.648440 -8.712640 0.000000 0.000000 0.000000 -0.999976 0.006856
976054574.127284 -8.647040 -8.712480 0.000000 0.000000 0.000000 -0.999976 0.006856
976054574.157284 -8.647040 -8.712480 0.000000 0.000000 0.000000 -0.999976 0.006856
976054574.457284 -8.647040 -8.712480 0.000000 0.000000 0.000000 -1.000000 0.000711
976054575.137284 -8.647040 -8.712480 0.000000 0.000000 0.000000 0.999933 0.011581
976054575.157284 -8.647040 -8.712480 0.000000 0.000000 0.000000 0.999453 0.033085
976054575.427284 -8.649230 -8.712020 0.000000 0.000000 0.000000 0.995534 0.094406
976054575.757284 -8.652190 -8.710930 0.000000 0.000000 0.000000 0.992164 0.124944
976054575.957284 -8.655790 -8.710620 0.000000 0.000000 0.000000 0.983739 0.179601
976054576.357284 -8.656570 -8.710000 0.000000 0.000000 0.000000 0.978397 0.206735
976054576.387284 -8.646340 -8.648420 0.000000 0.000000 0.000000 0.978050 0.208368
976054576.547284 -8.646340 -8.648420 0.000000 0.000000 0.000000 0.971915 0.235333
976054577.537284 -8.645530 -8.649000 0.000000 0.000000 0.000000 0.964227 0.265079
976054577.647284 -8.645530 -8.649000 0.000000 0.000000 0.000000 0.942075 0.335401
976054577.657284 -8.644720 -8.649590 0.000000 0.000000 0.000000 0.929070 0.369905
976054577.787284 -8.644720 -8.649590 0.000000 0.000000 0.000000 0.918486 0.395453
976054578.567284 -8.645530 -8.649000 0.000000 0.000000 0.000000 0.914801 0.403905
976054578.587284 -8.650020 -8.643270 0.000000 0.000000 0.000000 0.905902 0.423487
976054578.767284 -8.730420 -8.462480 0.000000 0.000000 0.000000 0.888447 0.458980
976054579.877284 -8.768730 -8.409000 0.000000 0.000000 0.000000 0.888447 0.458980
976054580.117284 -8.913420 -8.198560 0.000000 0.000000 0.000000 0.884180 0.467147
976054580.247284 -8.976730 -8.105730 0.000000 0.000000 0.000000 0.882739 0.469864
976054580.627284 -9.007720 -8.060990 0.000000 0.000000 0.000000 0.881292 0.472571
976054580.687284 -9.041350 -8.009540 0.000000 0.000000 0.000000 0.882739 0.469864
976054580.817284 -9.077440 -7.956380 0.000000 0.000000 0.000000 0.882739 0.469864
976054581.597284 -9.110580 -7.907710 0.000000 0.000000 0.000000 0.882739 0.469864
976054581.617284 -9.141820 -7.861590 0.000000 0.000000 0.000000 0.881292 0.472571
976054581.857284 -9.220920 -7.740690 0.000000 0.000000 0.000000 0.878372 0.477978
976054582.137284 -9.170360 -7.734300 0.000000 0.000000 0.000000 0.875391 0.483415
976054582.337284 -9.191700 -7.702100 0.000000 0.000000 0.000000 0.878345 0.478026
976054582.697284 -9.189820 -7.704650 0.000000 0.000000 0.000000 0.879811 0.475323
976054583.237284 -9.190880 -7.702680 0.000000 0.000000 0.000000 0.878345 0.478026
976054583.257284 -9.191700 -7.702100 0.000000 0.000000 0.000000 0.873903 0.486100
976054583.447284 -9.190880 -7.702680 0.000000 0.000000 0.000000 0.858555 0.512721
976054583.607284 -9.190880 -7.702680 0.000000 0.000000 0.000000 0.847329 0.531069
976054583.997284 -9.190880 -7.702680 0.000000 0.000000 0.000000 0.835713 0.549166
976054584.987284 -9.190880 -7.702680 0.000000 0.000000 0.000000 0.820208 0.572065
976054585.787284 -9.191600 -7.698500 0.000000 0.000000 0.000000 0.739761 0.672870
976054585.967284 -9.153560 -7.664730 0.000000 0.000000 0.000000 0.681061 0.732227
976054586.267284 -9.153870 -7.663350 0.000000 0.000000 0.000000 0.655927 0.754824
976054586.557284 -9.153340 -7.662500 0.000000 0.000000 0.000000 0.618038 0.786148
976054586.757284 -9.153340 -7.662500 0.000000 0.000000 0.000000 0.576150 0.817344
976054587.177284 -9.153340 -7.662500 0.000000 0.000000 0.000000 0.558437 0.829547
976054587.197284 -9.100700 -7.673520 0.000000 0.000000 0.000000 0.546212 0.837647
976054587.327284 -9.100700 -7.673520 0.000000 0.000000 0.000000 0.517593 0.855627
976054588.207284 -9.100700 -7.673520 0.000000 0.000000 0.000000 0.504385 0.863479
976054588.327284 -9.100700 -7.673520 0.000000 0.000000 0.000000 0.416065 0.909335
976054588.657284 -9.100700 -7.673520 0.000000 0.000000 0.000000 0.393588 0.919287
976054588.727284 -9.101210 -7.674380 0.000000 0.000000 0.000000 0.368018 0.929819
976054589.107284 -9.101720 -7.675240 0.000000 0.000000 0.000000 0.345052 0.938583
976054589.167284 -9.041920 -7.658360 0.000000 0.000000 0.000000 0.321782 0.946814
976054589.357284 -9.041920 -7.658360 0.000000 0.000000 0.000000 0.310121 0.950697
976054589.737284 -9.041920 -7.658360 0.000000 0.000000 0.000000 0.295478 0.955349
976054589.977284 -9.040550 -7.658010 0.000000 0.000000 0.000000 0.239231 0.970963
976054590.267284 -9.041060 -7.658870 0.000000 0.000000 0.000000 0.206281 0.978493
976054590.327284 -9.041060 -7.658870 0.000000 0.000000 0.000000 0.188207 0.982129
976054591.157284 -9.041920 -7.658360 0.000000 0.000000 0.000000 0.170069 0.985432
976054591.327284 -9.007750 -7.694510 0.000000 0.000000 0.000000 0.055569 0.998455
976054591.767284 -9.005530 -7.694690 0.000000 0.000000 0.000000 0.024868 0.999691
976054591.927284 -9.004670 -7.695210 0.000000 0.000000 0.000000 -0.036577 0.999331
976054592.317284 -9.004670 -7.695210 0.000000 0.000000 0.000000 -0.051925 0.998651
976054592.367284 -9.005530 -7.694690 0.000000 0.000000 0.000000 -0.079519 0.996833
976054592.557284 -9.004670 -7.695210 0.000000 0.000000 0.000000 -0.110107 0.993920
976054592.927284 -9.005530 -7.694690 0.000000 0.000000 0.000000 -0.134505 0.990913
976054592.937284 -9.004670 -7.695210 0.000000 0.000000 0.000000 -0.155785 0.987791
976054593.237284 -9.003810 -7.695730 0.000000 0.000000 0.000000 -0.180018 0.983663
976054593.627284 -8.984680 -7.751570 0.000000 0.000000 0.000000 -0.195687 0.980666
976054593.727284 -8.982070 -7.753040 0.000000 0.000000 0.000000 -0.237679 0.971344
976054594.557284 -8.981200 -7.753540 0.000000 0.000000 0.000000 -0.267409 0.963583
976054594.737284 -8.965150 -7.763750 0.000000 0.000000 0.000000 -0.285128 0.958489
976054595.717284 -8.927940 -7.789380 0.000000 0.000000 0.000000 -0.291013 0.956719
976054595.777284 -8.720740 -7.932890 0.000000 0.000000 0.000000 -0.305677 0.952135
976054596.167284 -8.681410 -7.960860 0.000000 0.000000 0.000000 -0.302750 0.953070
976054596.397284 -8.568640 -8.041810 0.000000 0.000000 0.000000 -0.308602 0.951191
976054596.667284 -8.521100 -8.075570 0.000000 0.000000 0.000000 -0.311523 0.950239
976054596.737284 -8.483130 -8.103920 0.000000 0.000000 0.000000 -0.317356 0.948306
976054597.517284 -8.441310 -8.135590 0.000000 0.000000 0.000000 -0.320269 0.947327
976054597.537284 -8.390890 -8.174420 0.000000 0.000000 0.000000 -0.317356 0.948306
976054597.727284 -8.252950 -8.279940 0.000000 0.000000 0.000000 -0.320269 0.947327
976054598.627284 -8.209870 -8.313470 0.000000 0.000000 0.000000 -0.323178 0.946338
976054598.807284 -8.132800 -8.386940 0.000000 0.000000 0.000000 -0.267742 0.963491
976054599.167284 -8.081500 -8.416910 0.000000 0.000000 0.000000 -0.258850 0.965918
976054599.447284 -7.977810 -8.471860 0.000000 0.000000 0.000000 -0.217070 0.976156
976054599.807284 -7.932490 -8.490500 0.000000 0.000000 0.000000 -0.177914 0.984046
976054599.927284 -7.901030 -8.500930 0.000000 0.000000 0.000000 -0.101870 0.994798
976054600.717284 -7.906010 -8.499850 0.000000 0.000000 0.000000 -0.074324 0.997234
976054600.727284 -7.850120 -8.464510 0.000000 0.000000 0.000000 0.034492 0.999405
976054601.537284 -7.829070 -8.463100 0.000000 0.000000 0.000000 0.028349 0.999598
976054601.547284 -7.688950 -8.456230 0.000000 0.000000 0.000000 0.028349 0.999598
976054601.587284 -7.619980 -8.451650 0.000000 0.000000 0.000000 0.031420 0.999506
976054601.797284 -7.571180 -8.448950 0.000000 0.000000 0.000000 0.025278 0.999680
976054602.237284 -7.528660 -8.447480 0.000000 0.000000 0.000000 0.025278 0.999680
976054602.367284 -7.400180 -8.441290 0.000000 0.000000 0.000000 0.019133 0.999817
976054602.827284 -7.333490 -8.438920 0.000000 0.000000 0.000000 0.019133 0.999817
976054602.927284 -7.235040 -8.436210 0.000000 0.000000 0.000000 0.016061 0.999871
976054603.847284 -7.178640 -8.434100 0.000000 0.000000 0.000000 0.019133 0.999817
976054603.857284 -7.113300 -8.432140 0.000000 0.000000 0.000000 0.019133 0.999817
976054603.927284 -6.943230 -8.426260 0.000000 0.000000 0.000000 0.016061 0.999871
976054604.387284 -6.885950 -8.424610 0.000000 0.000000 0.000000 0.022206 0.999753
976054604.587284 -6.821370 -8.247710 0.000000 0.000000 0.000000 0.110939 0.993827
976054605.157284 -6.767990 -8.235710 0.000000 0.000000 0.000000 0.113992 0.993482
976054605.167284 -6.716830 -8.224030 0.000000 0.000000 0.000000 0.113992 0.993482
976054605.697284 -6.625870 -8.203270 0.000000 0.000000 0.000000 0.120095 0.992762
976054605.877284 -6.623350 -8.201990 0.000000 0.000000 0.000000 0.132288 0.991211
976054606.277284 -6.623350 -8.201990 0.000000 0.000000 0.000000 0.141419 0.989950
976054606.297284 -6.623350 -8.201990 0.000000 0.000000 0.000000 0.168739 0.985661
976054606.437284 -6.623350 -8.201990 0.000000 0.000000 0.000000 0.207967 0.978136
976054607.317284 -6.629660 -8.205190 0.000000 0.000000 0.000000 0.255785 0.966734
976054607.347284 -6.637540 -8.209970 0.000000 0.000000 0.000000 0.279470 0.960154
976054607.357284 -6.702700 -8.261260 0.000000 0.000000 0.000000 0.346573 0.938023
976054607.557284 -6.706310 -8.203170 0.000000 0.000000 0.000000 0.343921 0.938999
976054608.137284 -6.705980 -8.202220 0.000000 0.000000 0.000000 0.349685 0.936867
976054608.267284 -6.705650 -8.201280 0.000000 0.000000 0.000000 0.364037 0.931385
976054608.587284 -6.702430 -8.198180 0.000000 0.000000 0.000000 0.439968 0.898013
976054608.677284 -6.700480 -8.195680 0.000000 0.000000 0.000000 0.512870 0.858466
976054609.167284 -6.700480 -8.195680 0.000000 0.000000 0.000000 0.554440 0.832224
976054609.297284 -6.736140 -8.139600 0.000000 0.000000 0.000000 0.595815 0.803122
976054609.687284 -6.735760 -8.138670 0.000000 0.000000 0.000000 0.632185 0.774817
976054609.797284 -6.736310 -8.137370 0.000000 0.000000 0.000000 0.662626 0.748950
976054610.677284 -6.735550 -8.135520 0.000000 0.000000 0.000000 0.660320 0.750984
976054610.797284 -6.721690 -8.033130 0.000000 0.000000 0.000000 0.658012 0.753008
976054611.147284 -6.715360 -7.986010 0.000000 0.000000 0.000000 0.655693 0.755028
976054611.207284 -6.705640 -7.912180 0.000000 0.000000 0.000000 0.655693 0.755028
976054611.707284 -6.695920 -7.838360 0.000000 0.000000 0.000000 0.658012 0.753008
976054611.837284 -6.682450 -7.736890 0.000000 0.000000 0.000000 0.646364 0.763029
976054612.287284 -6.674800 -7.689230 0.000000 0.000000 0.000000 0.651041 0.759043
976054612.467284 -6.654530 -7.552720 0.000000 0.000000 0.000000 0.651041 0.759043
976054612.937284 -6.645710 -7.496900 0.000000 0.000000 0.000000 0.653368 0.757040
976054612.997284 -6.632070 -7.397660 0.000000 0.000000 0.000000 0.655693 0.755028
976054613.867284 -6.623530 -7.332000 0.000000 0.000000 0.000000 0.658012 0.753008
976054613.887284 -6.615760 -7.268180 0.000000 0.000000 0.000000 0.660320 0.750984
976054613.997284 -6.597490 -7.104910 0.000000 0.000000 0.000000 0.669500 0.742812
976054614.497284 -6.705720 -7.035590 0.000000 0.000000 0.000000 0.713110 0.701052
976054614.507284 -6.706840 -6.979280 0.000000 0.000000 0.000000 0.713110 0.701052
976054614.647284 -6.707530 -6.925170 0.000000 0.000000 0.000000 0.710951 0.703241
976054615.107284 -6.709180 -6.870790 0.000000 0.000000 0.000000 0.710951 0.703241
976054615.197284 -6.712470 -6.750620 0.000000 0.000000 0.000000 0.715263 0.698856
976054615.657284 -6.714030 -6.692120 0.000000 0.000000 0.000000 0.717405 0.696656
976054615.697284 -6.716120 -6.635550 0.000000 0.000000 0.000000 0.717405 0.696656
976054615.867284 -6.718200 -6.578970 0.000000 0.000000 0.000000 0.717405 0.696656
976054616.287284 -6.720200 -6.518280 0.000000 0.000000 0.000000 0.715263 0.698856
976054616.337284 -6.721590 -6.462930 0.000000 0.000000 0.000000 0.715263 0.698856
976054616.417284 -6.723670 -6.406360 0.000000 0.000000 0.000000 0.713110 0.701052
976054617.417284 -6.724970 -6.346890 0.000000 0.000000 0.000000 0.715263 0.698856
976054617.477284 -6.727230 -6.287160 0.000000 0.000000 0.000000 0.717405 0.696656
976054617.667284 -6.736710 -6.057440 0.000000 0.000000 0.000000 0.721672 0.692235
976054617.947284 -6.743130 -6.029300 0.000000 0.000000 0.000000 0.748760 0.662841
976054617.997284 -6.750940 -5.975790 0.000000 0.000000 0.000000 0.752823 0.658223
976054618.577284 -6.758560 -5.921290 0.000000 0.000000 0.000000 0.754840 0.655909
976054618.817284 -6.778360 -5.799170 0.000000 0.000000 0.000000 0.760855 0.648922
976054619.207284 -6.787150 -5.745460 0.000000 0.000000 0.000000 0.760855 0.648922
976054619.497284 -6.815540 -5.573750 0.000000 0.000000 0.000000 0.762844 0.646583
976054619.887284 -6.825520 -5.515730 0.000000 0.000000 0.000000 0.764828 0.644234
976054619.997284 -6.847440 -5.404410 0.000000 0.000000 0.000000 0.770733 0.637159
976054620.857284 -6.858410 -5.346190 0.000000 0.000000 0.000000 0.772688 0.634786
976054620.917284 -6.870550 -5.288770 0.000000 0.000000 0.000000 0.772688 0.634786
976054621.097284 -6.903630 -5.120210 0.000000 0.000000 0.000000 0.772688 0.634786
976054621.497284 -6.916360 -5.060630 0.000000 0.000000 0.000000 0.774636 0.632407
976054621.647284 -6.908750 -4.987600 0.000000 0.000000 0.000000 0.792523 0.609842
976054622.107284 -6.923830 -4.930880 0.000000 0.000000 0.000000 0.794391 0.607406
976054622.197284 -6.956960 -4.817000 0.000000 0.000000 0.000000 0.796255 0.604961
976054622.667284 -6.970620 -4.764520 0.000000 0.000000 0.000000 0.790644 0.612276
976054622.687284 -6.984710 -4.707940 0.000000 0.000000 0.000000 0.779223 0.626747
976054622.797284 -6.996390 -4.648670 0.000000 0.000000 0.000000 0.757598 0.652722
976054623.307284 -7.004120 -4.589970 0.000000 0.000000 0.000000 0.739259 0.673421
976054623.397284 -7.011080 -4.476830 0.000000 0.000000 0.000000 0.722482 0.691390
976054624.377284 -7.013990 -4.419830 0.000000 0.000000 0.000000 0.724604 0.689165
976054624.397284 -7.017760 -4.361710 0.000000 0.000000 0.000000 0.726717 0.686937
976054624.647284 -7.032110 -4.131320 0.000000 0.000000 0.000000 0.724604 0.689165
976054624.927284 -7.035730 -4.072200 0.000000 0.000000 0.000000 0.724604 0.689165
976054624.997284 -7.037000 -4.040630 0.000000 0.000000 0.000000 0.747530 0.664229
976054625.507284 -7.042920 -3.986040 0.000000 0.000000 0.000000 0.747530 0.664229
976054625.597284 -7.058150 -3.868560 0.000000 0.000000 0.000000 0.747530 0.664229
976054626.107284 -7.064920 -3.811890 0.000000 0.000000 0.000000 0.749565 0.661930
976054626.197284 -7.080520 -3.699410 0.000000 0.000000 0.000000 0.749565 0.661930
976054626.707284 -7.088060 -3.639670 0.000000 0.000000 0.000000 0.749565 0.661930
976054626.827284 -7.103590 -3.526190 0.000000 0.000000 0.000000 0.755636 0.654991
976054627.657284 -7.112350 -3.469370 0.000000 0.000000 0.000000 0.755636 0.654991
976054627.707284 -7.121040 -3.411560 0.000000 0.000000 0.000000 0.755636 0.654991
976054627.797284 -7.148250 -3.240030 0.000000 0.000000 0.000000 0.757644 0.652669
976054628.147284 -7.156930 -3.182220 0.000000 0.000000 0.000000 0.753619 0.657312
976054628.217284 -7.165620 -3.124400 0.000000 0.000000 0.000000 0.751597 0.659622
976054628.677284 -7.173380 -3.067660 0.000000 0.000000 0.000000 0.751597 0.659622
976054628.717284 -7.182950 -3.059230 0.000000 0.000000 0.000000 0.785591 0.618747
976054628.887284 -7.196110 -3.001690 0.000000 0.000000 0.000000 0.783684 0.621159
976054629.307284 -7.210190 -2.946170 0.000000 0.000000 0.000000 0.785591 0.618747
976054629.387284 -7.238360 -2.835150 0.000000 0.000000 0.000000 0.789378 0.613908
976054629.867284 -7.252410 -2.780640 0.000000 0.000000 0.000000 0.789378 0.613908
976054629.937284 -7.283760 -2.664730 0.000000 0.000000 0.000000 0.791259 0.611481
976054630.877284 -7.297810 -2.610210 0.000000 0.000000 0.000000 0.793135 0.609045
976054631.977284 -7.368190 -2.360670 0.000000 0.000000 0.000000 0.800561 0.599252
976054632.487284 -7.421840 -2.183550 0.000000 0.000000 0.000000 0.809673 0.586881
976054632.567284 -7.421810 -2.184550 0.000000 0.000000 0.000000 0.827323 0.561727
976054633.767284 -7.421810 -2.184550 0.000000 0.000000 0.000000 0.847467 0.530848
976054633.777284 -7.422920 -2.181590 0.000000 0.000000 0.000000 0.869513 0.493910
976054633.967284 -7.424990 -2.179670 0.000000 0.000000 0.000000 0.882838 0.469678
976054634.797284 -7.423960 -2.180630 0.000000 0.000000 0.000000 0.906156 0.422944
976054634.817284 -7.423960 -2.180630 0.000000 0.000000 0.000000 0.924682 0.380740
976054634.827284 -7.462520 -2.180110 0.000000 0.000000 0.000000 0.939472 0.342627
976054634.837284 -7.462520 -2.180110 0.000000 0.000000 0.000000 0.955175 0.296042
976054634.847284 -7.462520 -2.180110 0.000000 0.000000 0.000000 0.966235 0.257662
976054635.507284 -7.448250 -2.215010 0.000000 0.000000 0.000000 0.993565 0.113268
976054635.677284 -7.449250 -2.215010 0.000000 0.000000 0.000000 0.997295 0.073500
976054635.747284 -7.621240 -2.223280 0.000000 0.000000 0.000000 -0.999423 0.033975
976054636.157284 -7.658230 -2.225340 0.000000 0.000000 0.000000 -0.999522 0.030906
976054636.177284 -7.716230 -2.229440 0.000000 0.000000 0.000000 -0.999423 0.033975
976054636.297284 -7.763220 -2.232510 0.000000 0.000000 0.000000 -0.999613 0.027833
976054637.247284 -7.810220 -2.234590 0.000000 0.000000 0.000000 -0.999693 0.024764
976054637.267284 -7.870210 -2.237680 0.000000 0.000000 0.000000 -0.999765 0.021690
976054637.327284 -8.053200 -2.244970 0.000000 0.000000 0.000000 0.999982 0.005961
976054637.697284 -8.103210 -2.243050 0.000000 0.000000 0.000000 0.999327 0.036683
976054637.897284 -8.199490 -2.357290 0.000000 0.000000 0.000000 0.999671 0.025644
976054638.377284 -8.260400 -2.354050 0.000000 0.000000 0.000000 0.999495 0.031786
976054638.387284 -8.314250 -2.350910 0.000000 0.000000 0.000000 0.999588 0.028717
976054638.497284 -8.366970 -2.348630 0.000000 0.000000 0.000000 0.999588 0.028717
976054638.977284 -8.423790 -2.345870 0.000000 0.000000 0.000000 0.999588 0.028717
976054638.997284 -8.486810 -2.341890 0.000000 0.000000 0.000000 0.999671 0.025644
976054639.957284 -8.546610 -2.339510 0.000000 0.000000 0.000000 0.999671 0.025644
976054640.737284 -8.775000 -2.327610 0.000000 0.000000 0.000000 0.999671 0.025644
976054640.897284 -9.063930 -2.315430 0.000000 0.000000 0.000000 0.999671 0.025644
976054641.227284 -9.120750 -2.312670 0.000000 0.000000 0.000000 0.999495 0.031786
976054641.307284 -9.180670 -2.309300 0.000000 0.000000 0.000000 0.999392 0.034859
976054641.787284 -9.187930 -2.305820 0.000000 0.000000 0.000000 0.999925 0.012221
976054641.807284 -9.219500 -2.305260 0.000000 0.000000 0.000000 0.999958 0.009146
976054641.897284 -9.225580 -2.305310 0.000000 0.000000 0.000000 0.999982 0.006076
976054642.367284 -9.223440 -2.305950 0.000000 0.000000 0.000000 -0.999995 0.003141
976054642.387284 -9.223440 -2.305950 0.000000 0.000000 0.000000 -0.999881 0.015436
976054642.497284 -9.222450 -2.305780 0.000000 0.000000 0.000000 -0.999072 0.043078
976054642.967284 -9.221470 -2.305610 0.000000 0.000000 0.000000 -0.996026 0.089063
976054642.987284 -9.224420 -2.306120 0.000000 0.000000 0.000000 -0.989579 0.143989
976054643.957284 -9.227210 -2.307630 0.000000 0.000000 0.000000 -0.980712 0.195460
976054644.157284 -9.230160 -2.308140 0.000000 0.000000 0.000000 -0.972839 0.231483
976054644.167284 -9.225680 -2.370370 0.000000 0.000000 0.000000 -0.961157 0.276001
976054644.297284 -9.221000 -2.366000 0.000000 0.000000 0.000000 -0.916417 0.400224
976054644.637284 -9.221920 -2.367080 0.000000 0.000000 0.000000 -0.897004 0.442022
976054644.707284 -9.223690 -2.370220 0.000000 0.000000 0.000000 -0.871197 0.490934
976054645.157284 -9.188060 -2.384970 0.000000 0.000000 0.000000 -0.844296 0.535877
976054645.207284 -9.188790 -2.388040 0.000000 0.000000 0.000000 -0.825705 0.564103
976054645.397284 -9.189520 -2.391120 0.000000 0.000000 0.000000 -0.800680 0.599092
976054645.737284 -9.191170 -2.395280 0.000000 0.000000 0.000000 -0.772225 0.635350
976054645.777284 -9.190990 -2.397270 0.000000 0.000000 0.000000 -0.742132 0.670254
976054645.917284 -9.190820 -2.399260 0.000000 0.000000 0.000000 -0.714773 0.699356
976054646.307284 -9.121170 -2.405410 0.000000 0.000000 0.000000 -0.681046 0.732241
976054646.347284 -9.120090 -2.406330 0.000000 0.000000 0.000000 -0.641886 0.766800
976054646.507284 -9.120090 -2.406330 0.000000 0.000000 0.000000 -0.608314 0.793696
976054647.447284 -9.120090 -2.406330 0.000000 0.000000 0.000000 -0.576133 0.817356
976054647.507284 -9.056440 -2.391900 0.000000 0.000000 0.000000 -0.427155 0.904179
976054647.927284 -9.056440 -2.391900 0.000000 0.000000 0.000000 -0.390705 0.920516
976054647.937284 -9.056440 -2.391900 0.000000 0.000000 0.000000 -0.347877 0.937540
976054648.197284 -9.055380 -2.392830 0.000000 0.000000 0.000000 -0.295516 0.955338
976054648.567284 -9.053330 -2.393710 0.000000 0.000000 0.000000 -0.254158 0.967163
976054648.577284 -9.046940 -2.401390 0.000000 0.000000 0.000000 -0.224482 0.974478
976054648.767284 -9.043860 -2.403270 0.000000 0.000000 0.000000 -0.182367 0.983231
976054649.217284 -9.040820 -2.404140 0.000000 0.000000 0.000000 -0.136871 0.990589
976054649.297284 -9.035780 -2.404940 0.000000 0.000000 0.000000 -0.051242 0.998686
976054649.747284 -9.033790 -2.404850 0.000000 0.000000 0.000000 -0.005172 0.999987
976054649.897284 -9.019030 -2.401180 0.000000 0.000000 0.000000 0.079115 0.996866
976054650.797284 -9.018030 -2.401160 0.000000 0.000000 0.000000 0.134102 0.990967
976054650.897284 -9.016930 -2.314110 0.000000 0.000000 0.000000 0.305127 0.952312
976054651.247284 -9.015930 -2.314110 0.000000 0.000000 0.000000 0.345799 0.938309
976054651.297284 -9.015930 -2.314110 0.000000 0.000000 0.000000 0.371613 0.928388
976054651.837284 -9.015930 -2.314110 0.000000 0.000000 0.000000 0.413994 0.910280
976054651.857284 -9.014930 -2.313100 0.000000 0.000000 0.000000 0.460958 0.887422
976054651.937284 -9.014930 -2.313100 0.000000 0.000000 0.000000 0.498697 0.866776
976054652.387284 -9.060370 -2.267450 0.000000 0.000000 0.000000 0.504511 0.863406
976054652.407284 -9.060370 -2.267450 0.000000 0.000000 0.000000 0.504511 0.863406
976054652.497284 -9.060370 -2.267450 0.000000 0.000000 0.000000 0.496529 0.868020
976054652.897284 -9.059370 -2.267450 0.000000 0.000000 0.000000 0.485823 0.874057
976054652.937284 -9.058370 -2.265450 0.000000 0.000000 0.000000 0.466911 0.884304
976054653.127284 -9.057380 -2.263440 0.000000 0.000000 0.000000 0.447784 0.894142
976054653.907284 -9.057380 -2.263440 0.000000 0.000000 0.000000 0.425671 0.904878
976054653.947284 -9.058380 -2.264450 0.000000 0.000000 0.000000 0.397670 0.917529
976054654.147284 -9.058380 -2.264450 0.000000 0.000000 0.000000 0.323176 0.946339
976054654.537284 -9.057380 -2.263440 0.000000 0.000000 0.000000 0.299818 0.953997
976054654.677284 -9.044300 -2.287910 0.000000 0.000000 0.000000 0.279671 0.960096
976054655.357284 -9.038550 -2.284450 0.000000 0.000000 0.000000 0.196134 0.980577
976054655.797284 -9.038550 -2.284450 0.000000 0.000000 0.000000 0.171973 0.985102
976054655.817284 -9.036630 -2.283300 0.000000 0.000000 0.000000 0.141627 0.989920
976054655.917284 -9.033640 -2.283060 0.000000 0.000000 0.000000 0.105037 0.994468
976054656.397284 -9.029730 -2.281760 0.000000 0.000000 0.000000 0.074435 0.997226
976054656.487284 -9.026740 -2.281520 0.000000 0.000000 0.000000 0.043762 0.999042
976054657.357284 -8.975800 -2.339420 0.000000 0.000000 0.000000 0.022355 0.999750
976054657.397284 -8.775270 -2.347390 0.000000 0.000000 0.000000 -0.026804 0.999641
976054657.747284 -8.717690 -2.351220 0.000000 0.000000 0.000000 -0.026804 0.999641
976054657.837284 -8.670250 -2.353960 0.000000 0.000000 0.000000 -0.036018 0.999351
976054658.267284 -8.625800 -2.356970 0.000000 0.000000 0.000000 -0.036018 0.999351
976054658.417284 -8.491360 -2.366900 0.000000 0.000000 0.000000 -0.039089 0.999236
976054658.807284 -8.430700 -2.371450 0.000000 0.000000 0.000000 -0.039089 0.999236
976054658.997284 -8.334650 -2.378830 0.000000 0.000000 0.000000 -0.042159 0.999111
976054659.487284 -8.304230 -2.382110 0.000000 0.000000 0.000000 -0.042159 0.999111
976054659.637284 -8.121170 -2.396680 0.000000 0.000000 0.000000 -0.045229 0.998977
976054660.607284 -8.068480 -2.401950 0.000000 0.000000 0.000000 -0.051367 0.998680
976054660.617284 -7.959080 -2.352500 0.000000 0.000000 0.000000 -0.040574 0.999177
976054660.817284 -7.846700 -2.362320 0.000000 0.000000 0.000000 -0.049782 0.998760
976054661.127284 -7.790440 -2.367720 0.000000 0.000000 0.000000 -0.055919 0.998435
976054661.197284 -7.731930 -2.374830 0.000000 0.000000 0.000000 -0.055919 0.998435
976054661.717284 -7.673420 -2.381940 0.000000 0.000000 0.000000 -0.062054 0.998073
976054661.827284 -7.558390 -2.396430 0.000000 0.000000 0.000000 -0.065121 0.997877
976054662.227284 -7.499880 -2.403540 0.000000 0.000000 0.000000 -0.065121 0.997877
976054662.247284 -7.442220 -2.411780 0.000000 0.000000 0.000000 -0.065121 0.997877
976054662.397284 -7.386680 -2.419300 0.000000 0.000000 0.000000 -0.065121 0.997877
976054662.877284 -7.327050 -2.427270 0.000000 0.000000 0.000000 -0.068187 0.997673
976054662.957284 -7.210880 -2.442620 0.000000 0.000000 0.000000 -0.065121 0.997877
976054663.937284 -7.156470 -2.449280 0.000000 0.000000 0.000000 -0.065121 0.997877
976054663.957284 -7.104040 -2.456220 0.000000 0.000000 0.000000 -0.065121 0.997877
976054664.157284 -7.064900 -2.461950 0.000000 0.000000 0.000000 -0.040574 0.999177
976054664.517284 -7.064900 -2.461950 0.000000 0.000000 0.000000 -0.025218 0.999682
976054664.557284 -7.065890 -2.462080 0.000000 0.000000 0.000000 0.008579 0.999963
976054665.947284 -7.064900 -2.461950 0.000000 0.000000 0.000000 0.054644 0.998506
976054665.957284 -7.060080 -2.460280 0.000000 0.000000 0.000000 0.121967 0.992534
976054666.107284 -7.062190 -2.395580 0.000000 0.000000 0.000000 0.196620 0.980480
976054666.277284 -7.063040 -2.396700 0.000000 0.000000 0.000000 0.241587 0.970379
976054666.357284 -7.063900 -2.397830 0.000000 0.000000 0.000000 0.423753 0.905778
976054667.297284 -7.081330 -2.386280 0.000000 0.000000 0.000000 0.457472 0.889224
976054667.377284 -7.081330 -2.386280 0.000000 0.000000 0.000000 0.605421 0.795905
976054667.767284 -7.081330 -2.386280 0.000000 0.000000 0.000000 0.639090 0.769132
976054667.777284 -7.118340 -2.392600 0.000000 0.000000 0.000000 0.672702 0.739913
976054667.957284 -7.117920 -2.387520 0.000000 0.000000 0.000000 0.697322 0.716758
976054668.407284 -7.117750 -2.371400 0.000000 0.000000 0.000000 0.697322 0.716758
976054668.557284 -7.113470 -2.259180 0.000000 0.000000 0.000000 0.695119 0.718895
976054668.977284 -7.111520 -2.179450 0.000000 0.000000 0.000000 0.699523 0.714610
976054669.157284 -7.107320 -2.075290 0.000000 0.000000 0.000000 0.688461 0.725273
976054669.667284 -7.105370 -2.030780 0.000000 0.000000 0.000000 0.692905 0.721029
976054669.787284 -7.096630 -1.895920 0.000000 0.000000 0.000000 0.672702 0.739913
976054670.637284 -7.089430 -1.835710 0.000000 0.000000 0.000000 0.651985 0.758231
976054670.657284 -7.080750 -1.788420 0.000000 0.000000 0.000000 0.633153 0.774027
976054670.757284 -7.041100 -1.615790 0.000000 0.000000 0.000000 0.621186 0.783663
976054671.197284 -7.026710 -1.556780 0.000000 0.000000 0.000000 0.616359 0.787466
976054671.357284 -7.001630 -1.459300 0.000000 0.000000 0.000000 0.611508 0.791238
976054671.887284 -6.986130 -1.401160 0.000000 0.000000 0.000000 0.611508 0.791238
976054671.897284 -7.118440 -1.356370 0.000000 0.000000 0.000000 0.674860 0.737946
976054671.957284 -7.113020 -1.295520 0.000000 0.000000 0.000000 0.672588 0.740017
976054672.457284 -7.108270 -1.243180 0.000000 0.000000 0.000000 0.672588 0.740017
976054672.647284 -7.097550 -1.131900 0.000000 0.000000 0.000000 0.681631 0.731696
976054673.117284 -7.094880 -1.068710 0.000000 0.000000 0.000000 0.699412 0.714718
976054673.147284 -7.094540 -1.008270 0.000000 0.000000 0.000000 0.718908 0.695105
976054673.157284 -7.097220 -0.951821 0.000000 0.000000 0.000000 0.731599 0.681735
976054674.227284 -7.101130 -0.894685 0.000000 0.000000 0.000000 0.727396 0.686218
976054674.237284 -7.111570 -0.662557 0.000000 0.000000 0.000000 0.718908 0.695105
976054674.467284 -7.113840 -0.603906 0.000000 0.000000 0.000000 0.718908 0.695105
976054674.757284 -7.114590 -0.546902 0.000000 0.000000 0.000000 0.716767 0.697313
976054674.777284 -7.116310 -0.490175 0.000000 0.000000 0.000000 0.712469 0.701704
976054674.957284 -7.116100 -0.432895 0.000000 0.000000 0.000000 0.710311 0.703888
976054675.467284 -7.115890 -0.375615 0.000000 0.000000 0.000000 0.705972 0.708239
976054675.487284 -7.202870 -0.329838 0.000000 0.000000 0.000000 0.722451 0.691423
976054675.607284 -7.205120 -0.272314 0.000000 0.000000 0.000000 0.720324 0.693637
976054676.357284 -7.207040 -0.215734 0.000000 0.000000 0.000000 0.720324 0.693637
976054676.377284 -7.208680 -0.156935 0.000000 0.000000 0.000000 0.718188 0.695849
976054676.667284 -7.212290 -0.038394 0.000000 0.000000 0.000000 0.718188 0.695849
976054676.687284 -7.213210 0.015357 0.000000 0.000000 0.000000 0.718188 0.695849
976054676.757284 -7.215130 0.071938 0.000000 0.000000 0.000000 0.716049 0.698051
976054677.737284 -7.216760 0.130736 0.000000 0.000000 0.000000 0.718188 0.695849
976054677.767284 -7.218130 0.191753 0.000000 0.000000 0.000000 0.722451 0.691423
976054677.967284 -7.227790 0.423733 0.000000 0.000000 0.000000 0.720324 0.693637
976054678.297284 -7.229760 0.483474 0.000000 0.000000 0.000000 0.718188 0.695849
976054678.357284 -7.231680 0.540055 0.000000 0.000000 0.000000 0.718188 0.695849
976054678.867284 -7.233270 0.595694 0.000000 0.000000 0.000000 0.716049 0.698051
976054678.907284 -7.234900 0.654492 0.000000 0.000000 0.000000 0.716049 0.698051
976054678.987284 -7.206020 0.680107 0.000000 0.000000 0.000000 0.737003 0.675890
976054679.457284 -7.210500 0.737804 0.000000 0.000000 0.000000 0.739074 0.673624
976054679.487284 -7.215510 0.794194 0.000000 0.000000 0.000000 0.737003 0.675890
976054679.567284 -7.219610 0.850968 0.000000 0.000000 0.000000 0.732835 0.680406
976054680.527284 -7.223550 0.909972 0.000000 0.000000 0.000000 0.728641 0.684896
976054680.677284 -7.227100 0.968053 0.000000 0.000000 0.000000 0.726531 0.687134
976054681.237284 -7.234760 1.140290 0.000000 0.000000 0.000000 0.722295 0.691585
976054681.317284 -7.240390 1.341530 0.000000 0.000000 0.000000 0.715888 0.698215
976054681.717284 -7.241560 1.401680 0.000000 0.000000 0.000000 0.715888 0.698215
976054681.757284 -7.243270 1.460530 0.000000 0.000000 0.000000 0.715888 0.698215
976054681.857284 -7.243820 1.516610 0.000000 0.000000 0.000000 0.713741 0.700410
976054682.347284 -7.244380 1.572690 0.000000 0.000000 0.000000 0.713741 0.700410
976054682.417284 -7.295500 1.664700 0.000000 0.000000 0.000000 0.726789 0.686861
976054682.957284 -7.296970 1.693820 0.000000 0.000000 0.000000 0.724673 0.689093
976054682.977284 -7.299070 1.750240 0.000000 0.000000 0.000000 0.722551 0.691318
976054683.167284 -7.302800 1.864410 0.000000 0.000000 0.000000 0.718289 0.695745
976054683.677284 -7.304360 1.924400 0.000000 0.000000 0.000000 0.716150 0.697947
976054683.757284 -7.305640 2.012120 0.000000 0.000000 0.000000 0.709684 0.704520
976054684.927284 -7.305030 2.069810 0.000000 0.000000 0.000000 0.705342 0.708868
976054685.687284 -7.296810 2.418100 0.000000 0.000000 0.000000 0.694367 0.719621
976054685.987284 -7.290290 2.564660 0.000000 0.000000 0.000000 0.692155 0.721749
976054686.227284 -7.283950 2.719720 0.000000 0.000000 0.000000 0.714661 0.699471
976054686.607284 -7.285040 2.777850 0.000000 0.000000 0.000000 0.712511 0.701661
976054686.777284 -7.285830 2.891450 0.000000 0.000000 0.000000 0.710350 0.703849
976054687.247284 -7.286500 2.950930 0.000000 0.000000 0.000000 0.708182 0.706030
976054687.297284 -7.285780 3.007750 0.000000 0.000000 0.000000 0.708182 0.706030
976054687.487284 -7.286400 3.041280 0.000000 0.000000 0.000000 0.712511 0.701661
976054688.357284 -7.286230 3.056050 0.000000 0.000000 0.000000 0.706011 0.708201
976054688.417284 -7.286610 3.076170 0.000000 0.000000 0.000000 0.703830 0.710368
976054688.607284 -7.280760 3.312890 0.000000 0.000000 0.000000 0.695047 0.718964
976054688.927284 -7.280300 3.312010 0.000000 0.000000 0.000000 0.697254 0.716824
976054688.977284 -7.280300 3.312010 0.000000 0.000000 0.000000 0.699452 0.714680
976054689.537284 -7.280720 3.310660 0.000000 0.000000 0.000000 0.703830 0.710368
976054689.557284 -7.280300 3.312010 0.000000 0.000000 0.000000 0.714661 0.699471
976054689.577284 -7.280720 3.310660 0.000000 0.000000 0.000000 0.737891 0.674920
976054690.147284 -7.280760 3.312890 0.000000 0.000000 0.000000 0.766234 0.642561
976054690.227284 -7.282200 3.317790 0.000000 0.000000 0.000000 0.839232 0.543773
976054691.617284 -7.329640 3.331590 0.000000 0.000000 0.000000 0.841309 0.540555
976054692.127284 -7.330060 3.332500 0.000000 0.000000 0.000000 0.860665 0.509171
976054692.227284 -7.330060 3.332500 0.000000 0.000000 0.000000 0.886076 0.463540
976054692.247284 -7.329640 3.331590 0.000000 0.000000 0.000000 0.907786 0.419434
976054692.257284 -7.326710 3.239200 0.000000 0.000000 0.000000 0.975137 0.221601
976054692.447284 -7.330750 3.240490 0.000000 0.000000 0.000000 0.997116 0.075888
976054693.247284 -7.330750 3.240490 0.000000 0.000000 0.000000 0.999111 0.042149
976054693.347284 -7.337010 3.218890 0.000000 0.000000 0.000000 -0.999985 0.005546
976054693.407284 -7.337890 3.218420 0.000000 0.000000 0.000000 -0.997957 0.063883
976054693.577284 -7.345020 3.216920 0.000000 0.000000 0.000000 -0.982597 0.185751
976054694.347284 -7.345900 3.216460 0.000000 0.000000 0.000000 -0.982021 0.188772
976054694.367284 -7.345900 3.216460 0.000000 0.000000 0.000000 -0.981436 0.191791
976054695.747284 -7.345020 3.216920 0.000000 0.000000 0.000000 -0.972994 0.230831
976054695.827284 -7.349040 3.078500 0.000000 0.000000 0.000000 -0.867587 0.497285
976054696.297284 -7.349540 3.077180 0.000000 0.000000 0.000000 -0.842100 0.539322
976054696.377284 -7.351050 3.073220 0.000000 0.000000 0.000000 -0.792642 0.609688
976054696.897284 -7.351150 3.070980 0.000000 0.000000 0.000000 -0.757725 0.652574
976054697.897284 -7.293690 3.043990 0.000000 0.000000 0.000000 -0.701040 0.713122
976054698.387284 -7.292240 3.035870 0.000000 0.000000 0.000000 -0.581153 0.813794
976054698.447284 -7.291830 3.034960 0.000000 0.000000 0.000000 -0.555875 0.831266
976054698.577284 -7.221180 3.067070 0.000000 0.000000 0.000000 -0.398464 0.917184
976054698.987284 -7.220790 3.066150 0.000000 0.000000 0.000000 -0.364382 0.931250
976054698.997284 -7.217390 3.063240 0.000000 0.000000 0.000000 -0.312344 0.949969
976054699.287284 -7.214770 3.062180 0.000000 0.000000 0.000000 -0.262317 0.964982
976054699.707284 -7.183150 3.113030 0.000000 0.000000 0.000000 -0.223622 0.974676
976054699.887284 -7.183150 3.113030 0.000000 0.000000 0.000000 -0.120759 0.992682
976054700.317284 -7.180530 3.111950 0.000000 0.000000 0.000000 -0.084082 0.996459
976054700.337284 -7.176070 3.111640 0.000000 0.000000 0.000000 -0.044221 0.999022
976054700.397284 -7.176070 3.111640 0.000000 0.000000 0.000000 -0.010435 0.999946
976054700.827284 -7.169080 3.142660 0.000000 0.000000 0.000000 0.001856 0.999998
976054700.837284 -7.169080 3.142660 0.000000 0.000000 0.000000 0.017219 0.999852
976054701.807284 -7.168160 3.143050 0.000000 0.000000 0.000000 0.029506 0.999565
976054701.947284 -7.168160 3.143050 0.000000 0.000000 0.000000 0.035648 0.999364
976054702.927284 -7.169080 3.142660 0.000000 0.000000 0.000000 0.004928 0.999988
976054703.247284 -7.169080 3.142660 0.000000 0.000000 0.000000 -0.096323 0.995350
976054703.487284 -7.167770 3.142120 0.000000 0.000000 0.000000 -0.172425 0.985023
976054703.897284 -7.171200 3.100360 0.000000 0.000000 0.000000 -0.161179 0.986925
976054703.977284 -7.166710 3.098160 0.000000 0.000000 0.000000 -0.218491 0.975839
976054704.497284 -7.162670 3.096840 0.000000 0.000000 0.000000 -0.245391 0.969424
976054704.507284 -7.162220 3.095950 0.000000 0.000000 0.000000 -0.269144 0.963100
976054704.577284 -7.162220 3.095950 0.000000 0.000000 0.000000 -0.286854 0.957974
976054705.587284 -7.162220 3.095950 0.000000 0.000000 0.000000 -0.310314 0.950634
976054705.757284 -7.172930 3.089860 0.000000 0.000000 0.000000 -0.442449 0.896794
976054706.267284 -7.172010 3.088090 0.000000 0.000000 0.000000 -0.464359 0.885647
976054706.377284 -7.170620 3.085420 0.000000 0.000000 0.000000 -0.504670 0.863312
976054706.837284 -7.170160 3.084540 0.000000 0.000000 0.000000 -0.530957 0.847399
976054706.917284 -7.168770 3.081880 0.000000 0.000000 0.000000 -0.574477 0.818521
976054707.447284 -7.168310 3.080990 0.000000 0.000000 0.000000 -0.604263 0.796785
976054707.517284 -7.197580 3.034440 0.000000 0.000000 0.000000 -0.622768 0.782407
976054707.977284 -7.197070 3.033570 0.000000 0.000000 0.000000 -0.639448 0.768834
976054708.457284 -7.196930 3.031340 0.000000 0.000000 0.000000 -0.667358 0.744737
976054709.447284 -7.196930 3.031340 0.000000 0.000000 0.000000 -0.669644 0.742682
976054709.457284 -7.196930 3.031340 0.000000 0.000000 0.000000 -0.669644 0.742682
976054709.467284 -7.196510 3.024640 0.000000 0.000000 0.000000 -0.671921 0.740622
976054709.477284 -7.193470 2.997500 0.000000 0.000000 0.000000 -0.676460 0.736480
976054709.487284 -7.189200 2.936380 0.000000 0.000000 0.000000 -0.680973 0.732309
976054709.577284 -7.176740 2.787500 0.000000 0.000000 0.000000 -0.680973 0.732309
976054709.717284 -7.171380 2.694630 0.000000 0.000000 0.000000 -0.687695 0.725999
976054710.217284 -7.167750 2.636610 0.000000 0.000000 0.000000 -0.687695 0.725999
976054710.297284 -7.162330 2.535680 0.000000 0.000000 0.000000 -0.689925 0.723881
976054710.527284 -7.159920 2.475780 0.000000 0.000000 0.000000 -0.689925 0.723881
976054710.897284 -7.156850 2.426690 0.000000 0.000000 0.000000 -0.692144 0.721760
976054710.917284 -7.155370 2.374350 0.000000 0.000000 0.000000 -0.692144 0.721760
976054711.797284 -7.151960 2.312730 0.000000 0.000000 0.000000 -0.692144 0.721760
976054711.807284 -7.142850 2.109870 0.000000 0.000000 0.000000 -0.692144 0.721760
976054712.847284 -7.140220 2.053570 0.000000 0.000000 0.000000 -0.692144 0.721760
976054712.857284 -7.199250 1.993520 0.000000 0.000000 0.000000 -0.694360 0.719628
976054713.977284 -7.195110 1.827090 0.000000 0.000000 0.000000 -0.700962 0.713199
976054714.967284 -7.193470 1.593290 0.000000 0.000000 0.000000 -0.709677 0.704527
976054715.277284 -7.202200 1.245930 0.000000 0.000000 0.000000 -0.720415 0.693544
976054715.297284 -7.204760 1.186620 0.000000 0.000000 0.000000 -0.722544 0.691325
976054715.367284 -7.206460 1.127810 0.000000 0.000000 0.000000 -0.724663 0.689104
976054716.357284 -7.209660 1.071600 0.000000 0.000000 0.000000 -0.724663 0.689104
976054716.407284 -7.211500 1.015030 0.000000 0.000000 0.000000 -0.724663 0.689104
976054716.417284 -7.151990 0.933311 0.000000 0.000000 0.000000 -0.702849 0.711339
976054716.567284 -7.150150 0.877261 0.000000 0.000000 0.000000 -0.702849 0.711339
976054717.137284 -7.149750 0.817899 0.000000 0.000000 0.000000 -0.705033 0.709174
976054717.157284 -7.149340 0.758537 0.000000 0.000000 0.000000 -0.707207 0.707006
976054717.167284 -7.149180 0.701397 0.000000 0.000000 0.000000 -0.711538 0.702647
976054717.687284 -7.150120 0.645935 0.000000 0.000000 0.000000 -0.713696 0.700456
976054717.767284 -7.153450 0.528092 0.000000 0.000000 0.000000 -0.720120 0.693850
976054718.287284 -7.155520 0.470702 0.000000 0.000000 0.000000 -0.722250 0.691632
976054718.297284 -7.158130 0.414148 0.000000 0.000000 0.000000 -0.726486 0.687181
976054718.367284 -7.161290 0.358434 0.000000 0.000000 0.000000 -0.728596 0.684944
976054718.907284 -7.165330 0.298571 0.000000 0.000000 0.000000 -0.730695 0.682704
976054718.967284 -7.173900 0.183286 0.000000 0.000000 0.000000 -0.734877 0.678201
976054720.187284 -7.178440 0.127866 0.000000 0.000000 0.000000 -0.736959 0.675938
976054720.207284 -7.183020 0.068840 0.000000 0.000000 0.000000 -0.736959 0.675938
976054720.217284 -7.139150 0.025659 0.000000 0.000000 0.000000 -0.721959 0.691935
976054720.227284 -7.141500 -0.029108 0.000000 0.000000 0.000000 -0.719832 0.694149
976054720.237284 -7.143490 -0.086082 0.000000 0.000000 0.000000 -0.721959 0.691935
976054720.627284 -7.147330 -0.203633 0.000000 0.000000 0.000000 -0.719832 0.694149
976054720.767284 -7.150280 -0.293395 0.000000 0.000000 0.000000 -0.713401 0.700756
976054721.227284 -7.150590 -0.299791 0.000000 0.000000 0.000000 -0.711247 0.702943
976054721.247284 -7.149920 -0.295601 0.000000 0.000000 0.000000 -0.702550 0.711634
976054721.397284 -7.149920 -0.295601 0.000000 0.000000 0.000000 -0.695963 0.718078
976054721.877284 -7.150510 -0.294792 0.000000 0.000000 0.000000 -0.678100 0.734969
976054721.967284 -7.149920 -0.295601 0.000000 0.000000 0.000000 -0.617283 0.786741
976054722.487284 -7.148390 -0.299429 0.000000 0.000000 0.000000 -0.565265 0.824909
976054722.497284 -7.148020 -0.301637 0.000000 0.000000 0.000000 -0.513535 0.858068
976054722.567284 -7.135360 -0.396908 0.000000 0.000000 0.000000 -0.511255 0.859429
976054723.617284 -7.135360 -0.396908 0.000000 0.000000 0.000000 -0.479227 0.877691
976054723.767284 -7.137290 -0.395775 0.000000 0.000000 0.000000 -0.266072 0.963953
976054724.107284 -7.118650 -0.329510 0.000000 0.000000 0.000000 -0.224422 0.974492
976054724.167284 -7.116730 -0.330655 0.000000 0.000000 0.000000 -0.191362 0.981520
976054724.627284 -7.114510 -0.330417 0.000000 0.000000 0.000000 -0.152012 0.988379
976054724.867284 -7.109820 -0.332167 0.000000 0.000000 0.000000 -0.054248 0.998527
976054725.297284 -7.106220 -0.332231 0.000000 0.000000 0.000000 -0.005111 0.999987
976054725.347284 -7.067920 -0.265621 0.000000 0.000000 0.000000 0.027019 0.999635
976054725.367284 -7.064840 -0.264893 0.000000 0.000000 0.000000 0.036233 0.999343
976054725.887284 -7.050100 -0.264001 0.000000 0.000000 0.000000 0.027019 0.999635
976054725.947284 -7.008970 -0.262059 0.000000 0.000000 0.000000 0.027019 0.999635
976054725.967284 -6.933380 -0.258779 0.000000 0.000000 0.000000 0.020875 0.999782
976054727.747284 -6.855560 -0.255300 0.000000 0.000000 0.000000 0.023948 0.999713
976054727.757284 -6.799680 -0.252466 0.000000 0.000000 0.000000 0.020875 0.999782
976054727.777284 -6.754940 -0.250645 0.000000 0.000000 0.000000 0.011659 0.999932
976054727.787284 -6.640760 -0.247003 0.000000 0.000000 0.000000 0.020875 0.999782
976054728.257284 -6.412000 -0.244173 0.000000 0.000000 0.000000 -0.074310 0.997235
976054728.267284 -6.352890 -0.252271 0.000000 0.000000 0.000000 -0.058981 0.998259
976054728.627284 -6.229440 -0.261707 0.000000 0.000000 0.000000 -0.040567 0.999177
976054728.867284 -6.130500 -0.110061 0.000000 0.000000 0.000000 0.031913 0.999491
976054729.237284 -6.074220 -0.106425 0.000000 0.000000 0.000000 0.028842 0.999584
976054729.247284 -6.014460 -0.103754 0.000000 0.000000 0.000000 0.022698 0.999742
976054729.367284 -5.952540 -0.100534 0.000000 0.000000 0.000000 0.019626 0.999807
976054730.327284 -5.894300 -0.099169 0.000000 0.000000 0.000000 0.013481 0.999909
976054730.347284 -5.840280 -0.097492 0.000000 0.000000 0.000000 0.010409 0.999946
976054730.367284 -5.662840 -0.095016 0.000000 0.000000 0.000000 0.007336 0.999973
976054730.767284 -5.604600 -0.093652 0.000000 0.000000 0.000000 0.007336 0.999973
976054730.967284 -5.496030 -0.092463 0.000000 0.000000 0.000000 0.004264 0.999991
976054731.317284 -5.433560 -0.091411 0.000000 0.000000 0.000000 0.007336 0.999973
976054731.387284 -5.369670 -0.090464 0.000000 0.000000 0.000000 0.010409 0.999946
976054731.887284 -5.315010 -0.089542 0.000000 0.000000 0.000000 0.010409 0.999946
976054732.987284 -5.207740 -0.086840 0.000000 0.000000 0.000000 0.010409 0.999946
976054733.467284 -5.051020 -0.050816 0.000000 0.000000 0.000000 0.027802 0.999613
976054733.487284 -4.995810 -0.047370 0.000000 0.000000 0.000000 0.021658 0.999765
976054733.497284 -4.818230 -0.042157 0.000000 0.000000 0.000000 0.006296 0.999980
976054733.737284 -4.762370 -0.042257 0.000000 0.000000 0.000000 0.003224 0.999995
976054733.997284 -4.702960 -0.041701 0.000000 0.000000 0.000000 -0.002922 0.999996
976054734.797284 -4.640020 -0.041903 0.000000 0.000000 0.000000 -0.002922 0.999996
976054735.757284 -4.440640 -0.044784 0.000000 0.000000 0.000000 -0.009068 0.999959
976054735.767284 -4.379830 -0.045662 0.000000 0.000000 0.000000 -0.009068 0.999959
976054735.777284 -4.154000 -0.040135 0.000000 0.000000 0.000000 0.024168 0.999708
976054736.867284 -4.092580 -0.036607 0.000000 0.000000 0.000000 0.027240 0.999629
976054736.877284 -3.982450 -0.030134 0.000000 0.000000 0.000000 0.030312 0.999540
976054737.247284 -3.750760 -0.019496 0.000000 0.000000 0.000000 0.014952 0.999888
976054737.307284 -3.694190 -0.018314 0.000000 0.000000 0.000000 0.008807 0.999961
976054737.427284 -3.631970 -0.016873 0.000000 0.000000 0.000000 0.005734 0.999984
976054737.887284 -3.571090 -0.016909 0.000000 0.000000 0.000000 0.002661 0.999996
976054738.297284 -3.459220 -0.017436 0.000000 0.000000 0.000000 -0.009630 0.999954
976054738.487284 -3.401110 -0.019014 0.000000 0.000000 0.000000 -0.015774 0.999876
976054738.627284 -3.283400 -0.023519 0.000000 0.000000 0.000000 -0.021919 0.999760
976054739.347284 -3.228780 -0.025967 0.000000 0.000000 0.000000 -0.021919 0.999760
976054739.367284 -3.169920 -0.028219 0.000000 0.000000 0.000000 -0.028062 0.999606
976054740.197284 -3.089020 -0.008746 0.000000 0.000000 0.000000 -0.007228 0.999974
976054740.257284 -3.032810 -0.009509 0.000000 0.000000 0.000000 -0.007228 0.999974
976054740.267284 -2.856200 -0.013136 0.000000 0.000000 0.000000 -0.004155 0.999991
976054740.427284 -2.799350 -0.013125 0.000000 0.000000 0.000000 -0.004155 0.999991
976054740.807284 -2.744540 -0.014030 0.000000 0.000000 0.000000 -0.007228 0.999974
976054740.837284 -2.685510 -0.014512 0.000000 0.000000 0.000000 -0.010300 0.999947
976054741.407284 -2.624930 -0.016260 0.000000 0.000000 0.000000 -0.013373 0.999911
976054741.517284 -2.511580 -0.019827 0.000000 0.000000 0.000000 -0.022590 0.999745
976054741.627284 -2.454450 -0.022631 0.000000 0.000000 0.000000 -0.025661 0.999671
976054741.987284 -2.395770 -0.026701 0.000000 0.000000 0.000000 -0.028733 0.999587
976054742.117284 -2.335050 -0.029857 0.000000 0.000000 0.000000 -0.034876 0.999392
976054742.307284 -2.278410 -0.034842 0.000000 0.000000 0.000000 -0.044086 0.999028
976054742.587284 -2.223950 -0.039335 0.000000 0.000000 0.000000 -0.050225 0.998738
976054742.647284 -2.166530 -0.044953 0.000000 0.000000 0.000000 -0.053294 0.998579
976054742.827284 -2.130120 0.028365 0.000000 0.000000 0.000000 -0.032956 0.999457
976054743.887284 -2.071710 0.024847 0.000000 0.000000 0.000000 -0.032956 0.999457
976054743.917284 -2.017490 0.020708 0.000000 0.000000 0.000000 -0.039097 0.999235
976054743.927284 -1.841020 0.006757 0.000000 0.000000 0.000000 -0.042168 0.999111
976054744.257284 -1.785990 0.002022 0.000000 0.000000 0.000000 -0.048307 0.998833
976054744.377284 -1.729360 -0.003906 0.000000 0.000000 0.000000 -0.048307 0.998833
976054744.427284 -1.671340 -0.009626 0.000000 0.000000 0.000000 -0.048307 0.998833
976054744.927284 -1.611310 -0.014337 0.000000 0.000000 0.000000 -0.045237 0.998976
976054744.937284 -1.554090 -0.019462 0.000000 0.000000 0.000000 -0.042168 0.999111
976054745.607284 -1.496860 -0.024586 0.000000 0.000000 0.000000 -0.045237 0.998976
976054745.627284 -1.324980 -0.041359 0.000000 0.000000 0.000000 -0.054444 0.998517
976054746.137284 -1.287960 -0.045181 0.000000 0.000000 0.000000 -0.054444 0.998517
976054746.237284 -1.280550 -0.046945 0.000000 0.000000 0.000000 -0.042168 0.999111
976054747.307284 -1.281350 -0.046349 0.000000 0.000000 0.000000 -0.032956 0.999457
976054747.327284 -1.282750 -0.046556 0.000000 0.000000 0.000000 -0.014525 0.999895
976054747.337284 -1.277960 -0.045133 0.000000 0.000000 0.000000 0.138665 0.990339
976054747.427284 -1.278560 -0.045936 0.000000 0.000000 0.000000 0.190184 0.981748
976054747.757284 -1.303040 -0.005083 0.000000 0.000000 0.000000 0.195901 0.980624
976054747.827284 -1.303040 -0.005083 0.000000 0.000000 0.000000 0.234906 0.972018
976054748.347284 -1.304450 -0.005237 0.000000 0.000000 0.000000 0.291223 0.956655
976054748.457284 -1.302410 -0.004303 0.000000 0.000000 0.000000 0.375202 0.926943
976054748.927284 -1.302410 -0.004303 0.000000 0.000000 0.000000 0.406313 0.913734
976054749.697284 -1.303160 0.038557 0.000000 0.000000 0.000000 0.480360 0.877071
976054750.707284 -1.301300 0.042236 0.000000 0.000000 0.000000 0.623444 0.781868
976054750.737284 -1.301300 0.042236 0.000000 0.000000 0.000000 0.658809 0.752310
976054750.877284 -1.335000 0.230135 0.000000 0.000000 0.000000 0.734578 0.678524
976054751.237284 -1.338420 0.295114 0.000000 0.000000 0.000000 0.719814 0.694167
976054751.497284 -1.337110 0.391645 0.000000 0.000000 0.000000 0.693737 0.720228
976054751.947284 -1.334260 0.448582 0.000000 0.000000 0.000000 0.691519 0.722358
976054752.307284 -1.327870 0.581654 0.000000 0.000000 0.000000 0.684830 0.728703
976054752.607284 -1.324050 0.635119 0.000000 0.000000 0.000000 0.682589 0.730802
976054752.627284 -1.316310 0.740637 0.000000 0.000000 0.000000 0.678086 0.734983
976054753.097284 -1.311070 0.803426 0.000000 0.000000 0.000000 0.678086 0.734983
976054753.107284 -1.305820 0.866215 0.000000 0.000000 0.000000 0.678086 0.734983
976054753.337284 -1.301350 0.920437 0.000000 0.000000 0.000000 0.673556 0.739136
976054754.287284 -1.296020 0.972596 0.000000 0.000000 0.000000 0.673556 0.739136
976054754.427284 -1.420800 1.200250 0.000000 0.000000 0.000000 0.729222 0.684277
976054754.747284 -1.424120 1.256180 0.000000 0.000000 0.000000 0.727118 0.686512
976054754.937284 -1.427920 1.317100 0.000000 0.000000 0.000000 0.725004 0.688745
976054755.327284 -1.430000 1.376970 0.000000 0.000000 0.000000 0.722883 0.690971
976054755.427284 -1.435270 1.489180 0.000000 0.000000 0.000000 0.720758 0.693187
976054755.867284 -1.436360 1.544920 0.000000 0.000000 0.000000 0.718623 0.695400
976054755.877284 -1.437930 1.605650 0.000000 0.000000 0.000000 0.714336 0.699803
976054756.267284 -1.438970 1.667230 0.000000 0.000000 0.000000 0.712184 0.701992
976054756.397284 -1.439870 1.725200 0.000000 0.000000 0.000000 0.710022 0.704179
976054756.477284 -1.439260 1.779910 0.000000 0.000000 0.000000 0.705682 0.708529
976054757.527284 -1.439310 1.837360 0.000000 0.000000 0.000000 0.705682 0.708529
976054757.577284 -1.439400 1.867890 0.000000 0.000000 0.000000 0.705682 0.708529
976054757.587284 -1.439360 2.042480 0.000000 0.000000 0.000000 0.710022 0.704179
976054757.727284 -1.419590 2.186730 0.000000 0.000000 0.000000 0.731606 0.681728
976054758.477284 -1.424350 2.242830 0.000000 0.000000 0.000000 0.735782 0.677219
976054758.597284 -1.432000 2.331250 0.000000 0.000000 0.000000 0.737861 0.674953
976054758.607284 -1.437080 2.390940 0.000000 0.000000 0.000000 0.739929 0.672685
976054758.737284 -1.441830 2.447050 0.000000 0.000000 0.000000 0.739929 0.672685
976054759.757284 -1.447070 2.502270 0.000000 0.000000 0.000000 0.739929 0.672685
976054759.807284 -1.467950 2.762990 0.000000 0.000000 0.000000 0.733699 0.679475
976054761.337284 -1.472230 2.819970 0.000000 0.000000 0.000000 0.731606 0.681728
976054761.347284 -1.476030 2.877830 0.000000 0.000000 0.000000 0.725293 0.688440
976054761.357284 -1.478950 2.935210 0.000000 0.000000 0.000000 0.725293 0.688440
976054761.367284 -1.482270 2.993940 0.000000 0.000000 0.000000 0.725293 0.688440
976054761.377284 -1.485110 3.053560 0.000000 0.000000 0.000000 0.723173 0.690667
976054761.387284 -1.486760 3.109100 0.000000 0.000000 0.000000 0.721045 0.692888
976054761.887284 -1.491100 3.064430 0.000000 0.000000 0.000000 0.737685 0.675145
976054761.927284 -1.506860 3.234170 0.000000 0.000000 0.000000 0.741820 0.670599
976054762.697284 -1.511010 3.276150 0.000000 0.000000 0.000000 0.743878 0.668315
976054763.227284 -1.511480 3.277490 0.000000 0.000000 0.000000 0.752036 0.659122
976054763.237284 -1.510580 3.277050 0.000000 0.000000 0.000000 0.760079 0.649830
976054764.317284 -1.511050 3.278390 0.000000 0.000000 0.000000 0.804070 0.594534
976054764.327284 -1.511980 3.281060 0.000000 0.000000 0.000000 0.834018 0.551738
976054764.407284 -1.585690 3.291140 0.000000 0.000000 0.000000 0.917510 0.397712
976054764.717284 -1.587930 3.293370 0.000000 0.000000 0.000000 0.937026 0.349260
976054764.917284 -1.590170 3.295600 0.000000 0.000000 0.000000 0.953058 0.302788
976054765.187284 -1.591960 3.296490 0.000000 0.000000 0.000000 0.962746 0.270408
976054765.207284 -1.593760 3.297380 0.000000 0.000000 0.000000 0.972777 0.231745
976054765.687284 -1.594650 3.297830 0.000000 0.000000 0.000000 0.982650 0.185471
976054765.697284 -1.624620 3.204040 0.000000 0.000000 0.000000 0.990992 0.133918
976054765.877284 -1.625960 3.203590 0.000000 0.000000 0.000000 0.995835 0.091175
976054766.317284 -1.626850 3.204040 0.000000 0.000000 0.000000 0.998682 0.051334
976054766.327284 -1.627750 3.204480 0.000000 0.000000 0.000000 0.999986 0.005266
976054766.407284 -1.631330 3.204030 0.000000 0.000000 0.000000 -0.999167 0.040815
976054767.567284 -1.632670 3.203580 0.000000 0.000000 0.000000 -0.996487 0.083748
976054767.577284 -1.611020 3.141970 0.000000 0.000000 0.000000 -0.975421 0.220348
976054767.647284 -1.611020 3.141970 0.000000 0.000000 0.000000 -0.954724 0.297494
976054768.107284 -1.611460 3.141070 0.000000 0.000000 0.000000 -0.937889 0.346935
976054768.207284 -1.590140 3.120420 0.000000 0.000000 0.000000 -0.901024 0.433769
976054768.717284 -1.590590 3.119530 0.000000 0.000000 0.000000 -0.882983 0.469405
976054768.807284 -1.590140 3.120420 0.000000 0.000000 0.000000 -0.839379 0.543546
976054769.257284 -1.589690 3.121310 0.000000 0.000000 0.000000 -0.815229 0.579138
976054769.287284 -1.575490 3.071320 0.000000 0.000000 0.000000 -0.785782 0.618503
976054769.407284 -1.575490 3.071320 0.000000 0.000000 0.000000 -0.754436 0.656373
976054769.927284 -1.575490 3.071320 0.000000 0.000000 0.000000 -0.729725 0.683741
976054769.937284 -1.575490 3.071320 0.000000 0.000000 0.000000 -0.701838 0.712336
976054770.797284 -1.575490 3.071320 0.000000 0.000000 0.000000 -0.659080 0.752073
976054771.217284 -1.575490 3.071320 0.000000 0.000000 0.000000 -0.621323 0.783555
976054771.237284 -1.514240 3.102230 0.000000 0.000000 0.000000 -0.593942 0.804508
976054771.247284 -1.513360 3.101770 0.000000 0.000000 0.000000 -0.527844 0.849341
976054771.497284 -1.513360 3.101770 0.000000 0.000000 0.000000 -0.402927 0.915232
976054771.837284 -1.447050 3.115770 0.000000 0.000000 0.000000 -0.357506 0.933911
976054772.107284 -1.446160 3.115300 0.000000 0.000000 0.000000 -0.278884 0.960325
976054772.457284 -1.445280 3.114830 0.000000 0.000000 0.000000 -0.237327 0.971430
976054772.467284 -1.440860 3.112500 0.000000 0.000000 0.000000 -0.186282 0.982496
976054772.677284 -1.437740 3.111980 0.000000 0.000000 0.000000 -0.137772 0.990464
976054773.117284 -1.403660 3.175170 0.000000 0.000000 0.000000 -0.098108 0.995176
976054773.307284 -1.403660 3.175170 0.000000 0.000000 0.000000 -0.055219 0.998474
976054773.717284 -1.404120 3.174290 0.000000 0.000000 0.000000 0.036927 0.999318
976054773.837284 -1.404120 3.174290 0.000000 0.000000 0.000000 0.095173 0.995461
976054775.337284 -1.404120 3.174290 0.000000 0.000000 0.000000 0.095173 0.995461
976054775.347284 -1.404120 3.174290 0.000000 0.000000 0.000000 0.089054 0.996027
976054775.357284 -1.404120 3.174290 0.000000 0.000000 0.000000 0.076805 0.997046
976054775.367284 -1.402510 3.226850 0.000000 0.000000 0.000000 0.062233 0.998062
976054775.377284 -1.402510 3.226850 0.000000 0.000000 0.000000 0.040753 0.999169
976054775.387284 -1.403400 3.227290 0.000000 0.000000 0.000000 0.016181 0.999869
976054775.517284 -1.404740 3.226840 0.000000 0.000000 0.000000 -0.042188 0.999110
976054775.607284 -1.403400 3.227290 0.000000 0.000000 0.000000 -0.066733 0.997771
976054776.127284 -1.402510 3.226850 0.000000 0.000000 0.000000 -0.082054 0.996628
976054776.137284 -1.401610 3.226400 0.000000 0.000000 0.000000 -0.109581 0.993978
976054776.207284 -1.399370 3.226410 0.000000 0.000000 0.000000 -0.143108 0.989707
976054776.607284 -1.396690 3.225080 0.000000 0.000000 0.000000 -0.173448 0.984843
976054776.617284 -1.402280 3.157240 0.000000 0.000000 0.000000 -0.175292 0.984516
976054777.127284 -1.398610 3.155650 0.000000 0.000000 0.000000 -0.199439 0.979910
976054777.237284 -1.394020 3.153660 0.000000 0.000000 0.000000 -0.241395 0.970427
976054778.387284 -1.392590 3.151950 0.000000 0.000000 0.000000 -0.274052 0.961715
976054778.397284 -1.392590 3.151950 0.000000 0.000000 0.000000 -0.303469 0.952841
976054778.407284 -1.391670 3.151550 0.000000 0.000000 0.000000 -0.349930 0.936776
976054778.847284 -1.421230 3.105860 0.000000 0.000000 0.000000 -0.416437 0.909164
976054779.107284 -1.417350 3.102120 0.000000 0.000000 0.000000 -0.463340 0.886181
976054779.517284 -1.416250 3.099520 0.000000 0.000000 0.000000 -0.487667 0.873030
976054779.607284 -1.414610 3.095610 0.000000 0.000000 0.000000 -0.540364 0.841431
976054780.167284 -1.414060 3.094300 0.000000 0.000000 0.000000 -0.563424 0.826168
976054780.237284 -1.412040 3.091320 0.000000 0.000000 0.000000 -0.603346 0.797480
976054780.817284 -1.412410 3.090390 0.000000 0.000000 0.000000 -0.622764 0.782410
976054781.207284 -1.471460 3.066200 0.000000 0.000000 0.000000 -0.674040 0.738694
976054782.207284 -1.470550 3.057300 0.000000 0.000000 0.000000 -0.689769 0.724029
976054782.387284 -1.487910 2.729180 0.000000 0.000000 0.000000 -0.735023 0.678043
976054782.717284 -1.492070 2.673010 0.000000 0.000000 0.000000 -0.737104 0.675779
976054782.767284 -1.498620 2.604910 0.000000 0.000000 0.000000 -0.743300 0.668958
976054783.187284 -1.505260 2.542200 0.000000 0.000000 0.000000 -0.743300 0.668958
976054783.307284 -1.512900 2.462750 0.000000 0.000000 0.000000 -0.745354 0.666669
976054783.807284 -1.519380 2.411750 0.000000 0.000000 0.000000 -0.749436 0.662077
976054783.867284 -1.535830 2.286450 0.000000 0.000000 0.000000 -0.757516 0.652816
976054784.357284 -1.543870 2.228540 0.000000 0.000000 0.000000 -0.759520 0.650484
976054784.437284 -1.561770 2.121970 0.000000 0.000000 0.000000 -0.767457 0.641100
976054785.617284 -1.572030 2.063840 0.000000 0.000000 0.000000 -0.769425 0.638738
976054785.627284 -1.555450 2.094340 0.000000 0.000000 0.000000 -0.749055 0.662507
976054785.807284 -1.586460 1.849870 0.000000 0.000000 0.000000 -0.747018 0.664804
976054786.537284 -1.589000 1.827650 0.000000 0.000000 0.000000 -0.740857 0.671663
976054786.607284 -1.588510 1.832730 0.000000 0.000000 0.000000 -0.730450 0.682967
976054786.737284 -1.587840 1.831480 0.000000 0.000000 0.000000 -0.702593 0.711592
976054787.157284 -1.587750 1.828320 0.000000 0.000000 0.000000 -0.666773 0.745261
976054787.187284 -1.586230 1.819510 0.000000 0.000000 0.000000 -0.634105 0.773247
976054787.347284 -1.580060 1.791520 0.000000 0.000000 0.000000 -0.610051 0.792362
976054787.897284 -1.564350 1.739770 0.000000 0.000000 0.000000 -0.580425 0.814314
976054788.697284 -1.444450 1.565030 0.000000 0.000000 0.000000 -0.582202 0.813044
976054789.167284 -1.430210 1.520370 0.000000 0.000000 0.000000 -0.584700 0.811250
976054789.177284 -1.392960 1.403580 0.000000 0.000000 0.000000 -0.594626 0.804003
976054789.227284 -1.342290 1.239250 0.000000 0.000000 0.000000 -0.602013 0.798486
976054789.567284 -1.327240 1.182920 0.000000 0.000000 0.000000 -0.609346 0.792905
976054789.647284 -1.311090 1.123150 0.000000 0.000000 0.000000 -0.611781 0.791027
976054790.157284 -1.294940 1.063380 0.000000 0.000000 0.000000 -0.611781 0.791027
976054790.227284 -1.267570 0.955667 0.000000 0.000000 0.000000 -0.619048 0.785353
976054790.657284 -1.254980 0.897963 0.000000 0.000000 0.000000 -0.623862 0.781534
976054790.717284 -1.241440 0.839984 0.000000 0.000000 0.000000 -0.628653 0.777686
976054790.917284 -1.230360 0.787914 0.000000 0.000000 0.000000 -0.631038 0.775752
976054791.237284 -1.223250 0.754666 0.000000 0.000000 0.000000 -0.635796 0.771857
976054791.287284 -1.220790 0.741477 0.000000 0.000000 0.000000 -0.633420 0.773808
976054791.437284 -1.220110 0.740240 0.000000 0.000000 0.000000 -0.633420 0.773808
976054792.577284 -1.220110 0.740240 0.000000 0.000000 0.000000 -0.633420 0.773808
976054792.587284 -1.220790 0.741477 0.000000 0.000000 0.000000 -0.633420 0.773808
976054792.597284 -1.222020 0.748071 0.000000 0.000000 0.000000 -0.628653 0.777686
976054792.637284 -1.232820 0.801103 0.000000 0.000000 0.000000 -0.633420 0.773808
976054792.987284 -1.237200 0.822123 0.000000 0.000000 0.000000 -0.635796 0.771857
976054793.097284 -1.237340 0.818003 0.000000 0.000000 0.000000 -0.633420 0.773808
976054793.407284 -1.236660 0.816766 0.000000 0.000000 0.000000 -0.633420 0.773808
976054793.427284 -1.235970 0.815529 0.000000 0.000000 0.000000 -0.633420 0.773808
976054793.917284 -1.235150 0.811132 0.000000 0.000000 0.000000 -0.635796 0.771857
976054794.097284 -1.216410 0.728159 0.000000 0.000000 0.000000 -0.641686 0.766967
976054794.407284 -1.201530 0.644951 0.000000 0.000000 0.000000 -0.644038 0.764994
976054794.447284 -1.191510 0.584946 0.000000 0.000000 0.000000 -0.660343 0.750964
976054794.627284 -1.187290 0.541137 0.000000 0.000000 0.000000 -0.683104 0.730321
976054795.787284 -1.184730 0.498835 0.000000 0.000000 0.000000 -0.694241 0.719742
976054795.817284 -1.183770 0.436201 0.000000 0.000000 0.000000 -0.705218 0.708991
976054795.827284 -1.182380 0.301727 0.000000 0.000000 0.000000 -0.705218 0.708991
976054796.267284 -1.193030 0.146761 0.000000 0.000000 0.000000 -0.759553 0.650446
976054796.457284 -1.219130 0.017997 0.000000 0.000000 0.000000 -0.784922 0.619595
976054796.717284 -1.232740 -0.037389 0.000000 0.000000 0.000000 -0.784922 0.619595
976054796.827284 -1.244180 -0.085078 0.000000 0.000000 0.000000 -0.784922 0.619595
976054797.307284 -1.256290 -0.138812 0.000000 0.000000 0.000000 -0.786820 0.617182
976054797.427284 -1.274730 -0.163600 0.000000 0.000000 0.000000 -0.768021 0.640425
976054797.957284 -1.284230 -0.217782 0.000000 0.000000 0.000000 -0.771942 0.635693
976054798.807284 -1.305600 -0.322631 0.000000 0.000000 0.000000 -0.777770 0.628549
976054799.197284 -1.318970 -0.386249 0.000000 0.000000 0.000000 -0.781618 0.623758
976054799.207284 -1.332560 -0.445749 0.000000 0.000000 0.000000 -0.783529 0.621355
976054799.217284 -1.357670 -0.548854 0.000000 0.000000 0.000000 -0.791106 0.611679
976054799.287284 -1.389340 -0.670038 0.000000 0.000000 0.000000 -0.792983 0.609244
976054799.597284 -1.403940 -0.724249 0.000000 0.000000 0.000000 -0.794853 0.606802
976054799.637284 -1.411620 -0.753318 0.000000 0.000000 0.000000 -0.796712 0.604359
976054799.837284 -1.412390 -0.757245 0.000000 0.000000 0.000000 -0.798567 0.601906
976054800.317284 -1.412580 -0.758227 0.000000 0.000000 0.000000 -0.798567 0.601906
976054800.467284 -1.412580 -0.758227 0.000000 0.000000 0.000000 -0.798567 0.601906
976054800.977284 -1.412580 -0.758227 0.000000 0.000000 0.000000 -0.798567 0.601906
976054801.417284 -1.412580 -0.758227 0.000000 0.000000 0.000000 -0.792983 0.609244
976054801.467284 -1.412580 -0.758227 0.000000 0.000000 0.000000 -0.773890 0.633320
976054801.627284 -1.412010 -0.755282 0.000000 0.000000 0.000000 -0.752045 0.659111
976054801.917284 -1.412010 -0.755282 0.000000 0.000000 0.000000 -0.727238 0.686385
976054802.807284 -1.412390 -0.757245 0.000000 0.000000 0.000000 -0.683710 0.729753
976054803.217284 -1.411190 -0.761553 0.000000 0.000000 0.000000 -0.628081 0.778148
976054803.267284 -1.379300 -0.769364 0.000000 0.000000 0.000000 -0.639486 0.768802
976054803.277284 -1.378640 -0.770615 0.000000 0.000000 0.000000 -0.581100 0.813832
976054803.477284 -1.378640 -0.770615 0.000000 0.000000 0.000000 -0.457927 0.888990
976054803.927284 -1.381740 -0.758792 0.000000 0.000000 0.000000 -0.392335 0.919823
976054804.317284 -1.380050 -0.760263 0.000000 0.000000 0.000000 -0.308921 0.951088
976054804.507284 -1.379090 -0.760515 0.000000 0.000000 0.000000 -0.267734 0.963493
976054804.667284 -1.375470 -0.762489 0.000000 0.000000 0.000000 -0.171854 0.985122
976054805.147284 -1.285940 -0.710370 0.000000 0.000000 0.000000 -0.143982 0.989580
976054805.227284 -1.278930 -0.711329 0.000000 0.000000 0.000000 -0.049209 0.998789
976054805.767284 -1.276050 -0.712152 0.000000 0.000000 0.000000 0.003008 0.999995
976054805.787284 -1.276050 -0.712152 0.000000 0.000000 0.000000 0.039871 0.999205
976054805.847284 -1.277010 -0.711878 0.000000 0.000000 0.000000 0.085867 0.996307
976054807.227284 -1.270740 -0.660265 0.000000 0.000000 0.000000 0.130035 0.991509
976054807.237284 -1.270740 -0.660265 0.000000 0.000000 0.000000 0.172555 0.985000
976054807.247284 -1.270740 -0.660265 0.000000 0.000000 0.000000 0.205744 0.978606
976054807.417284 -1.312620 -0.619134 0.000000 0.000000 0.000000 0.406079 0.913838
976054807.747284 -1.310790 -0.616555 0.000000 0.000000 0.000000 0.458709 0.888586
976054807.847284 -1.310790 -0.616555 0.000000 0.000000 0.000000 0.501823 0.864970
976054808.307284 -1.311090 -0.617512 0.000000 0.000000 0.000000 0.535965 0.844240
976054808.427284 -1.310790 -0.616555 0.000000 0.000000 0.000000 0.611405 0.791318
976054808.837284 -1.365320 -0.578227 0.000000 0.000000 0.000000 0.651887 0.758316
976054809.167284 -1.365030 -0.577271 0.000000 0.000000 0.000000 0.714637 0.699496
976054809.517284 -1.364740 -0.576314 0.000000 0.000000 0.000000 0.754236 0.656603
976054809.577284 -1.365400 -0.575066 0.000000 0.000000 0.000000 0.783687 0.621156
976054809.587284 -1.364740 -0.576314 0.000000 0.000000 0.000000 0.802402 0.596783
976054809.807284 -1.369550 -0.580552 0.000000 0.000000 0.000000 0.817939 0.575304
976054810.877284 -1.370230 -0.579311 0.000000 0.000000 0.000000 0.851728 0.523984
976054810.947284 -1.370900 -0.578070 0.000000 0.000000 0.000000 0.877924 0.478799
976054810.957284 -1.371580 -0.576829 0.000000 0.000000 0.000000 0.889429 0.457073
976054811.117284 -1.433450 -0.593205 0.000000 0.000000 0.000000 0.945327 0.326125
976054811.387284 -1.433450 -0.593205 0.000000 0.000000 0.000000 0.955809 0.293988
976054811.577284 -1.436290 -0.592226 0.000000 0.000000 0.000000 0.982421 0.186680
976054811.917284 -1.437230 -0.591900 0.000000 0.000000 0.000000 0.982421 0.186680
976054811.937284 -1.444470 -0.588343 0.000000 0.000000 0.000000 0.980659 0.195725
976054812.127284 -1.467770 -0.579236 0.000000 0.000000 0.000000 0.980052 0.198739
976054812.557284 -1.524740 -0.554271 0.000000 0.000000 0.000000 0.980659 0.195725
976054812.567284 -1.562840 -0.538996 0.000000 0.000000 0.000000 0.981255 0.192713
976054812.797284 -1.632100 -0.509787 0.000000 0.000000 0.000000 0.981255 0.192713
976054813.217284 -1.682780 -0.488051 0.000000 0.000000 0.000000 0.980052 0.198739
976054813.237284 -1.725280 -0.470199 0.000000 0.000000 0.000000 0.978179 0.207762
976054813.297284 -1.771860 -0.448825 0.000000 0.000000 0.000000 0.978813 0.204758
976054814.517284 -1.831660 -0.422880 0.000000 0.000000 0.000000 0.978813 0.204758
976054814.527284 -1.943720 -0.373601 0.000000 0.000000 0.000000 0.978179 0.207762
976054814.677284 -2.132550 -0.436817 0.000000 0.000000 0.000000 0.986351 0.164658
976054814.997284 -2.190590 -0.416398 0.000000 0.000000 0.000000 0.985841 0.167685
976054815.717284 -2.220090 -0.406086 0.000000 0.000000 0.000000 0.985320 0.170716
976054815.817284 -2.432250 -0.326581 0.000000 0.000000 0.000000 0.983148 0.182812
976054816.237284 -2.488900 -0.304412 0.000000 0.000000 0.000000 0.983148 0.182812
976054816.247284 -2.541630 -0.283068 0.000000 0.000000 0.000000 0.982581 0.185835
976054816.417284 -2.592610 -0.263115 0.000000 0.000000 0.000000 0.982006 0.188850
976054816.987284 -2.645340 -0.241771 0.000000 0.000000 0.000000 0.980827 0.194881
976054817.137284 -2.757800 -0.193519 0.000000 0.000000 0.000000 0.978988 0.203916
976054818.317284 -2.810110 -0.170218 0.000000 0.000000 0.000000 0.978358 0.206921
976054818.327284 -3.039630 -0.038684 0.000000 0.000000 0.000000 0.983173 0.182675
976054818.417284 -3.093930 -0.018158 0.000000 0.000000 0.000000 0.983730 0.179656
976054818.807284 -3.150040 0.003693 0.000000 0.000000 0.000000 0.983730 0.179656
976054818.817284 -3.205330 0.024389 0.000000 0.000000 0.000000 0.983730 0.179656
976054819.127284 -3.259630 0.044915 0.000000 0.000000 0.000000 0.984277 0.176630
976054819.517284 -3.312940 0.065271 0.000000 0.000000 0.000000 0.985864 0.167547
976054819.617284 -3.426680 0.100104 0.000000 0.000000 0.000000 0.992537 0.121947
976054820.167284 -3.483490 0.111931 0.000000 0.000000 0.000000 0.996357 0.085278
976054820.227284 -3.599170 0.123759 0.000000 0.000000 0.000000 0.999491 0.031906
976054820.737284 -3.656360 0.127532 0.000000 0.000000 0.000000 0.998883 0.047259
976054820.917284 -3.774000 0.139701 0.000000 0.000000 0.000000 0.998573 0.053396
976054822.247284 -3.832820 0.145785 0.000000 0.000000 0.000000 0.998405 0.056466
976054822.257284 -4.123160 0.120130 0.000000 0.000000 0.000000 -0.999868 0.016241
976054822.467284 -4.297930 0.107222 0.000000 0.000000 0.000000 -0.999288 0.037742
976054822.677284 -4.355670 0.101201 0.000000 0.000000 0.000000 -0.998245 0.059227
976054822.817284 -4.416750 0.091455 0.000000 0.000000 0.000000 -0.995954 0.089870
976054823.337284 -4.473010 0.079284 0.000000 0.000000 0.000000 -0.992348 0.123475
976054823.437284 -4.581600 0.042553 0.000000 0.000000 0.000000 -0.984004 0.178145
976054823.837284 -4.638650 0.021415 0.000000 0.000000 0.000000 -0.986625 0.163006
976054824.617284 -4.749400 -0.017135 0.000000 0.000000 0.000000 -0.984547 0.175119
976054825.707284 -4.807530 -0.039183 0.000000 0.000000 0.000000 -0.984004 0.178145
976054825.767284 -4.807530 -0.039183 0.000000 0.000000 0.000000 -0.983453 0.181165
976054825.777284 -4.808530 -0.039096 0.000000 0.000000 0.000000 -0.981152 0.193238
976054825.817284 -4.752890 -0.083684 0.000000 0.000000 0.000000 -0.956338 0.292262
976054826.137284 -4.756060 -0.085402 0.000000 0.000000 0.000000 -0.931088 0.364794
976054826.247284 -4.756060 -0.085402 0.000000 0.000000 0.000000 -0.915778 0.401685
976054826.597284 -4.753880 -0.083593 0.000000 0.000000 0.000000 -0.906926 0.421289
976054826.617284 -4.755060 -0.085493 0.000000 0.000000 0.000000 -0.885126 0.465351
976054827.427284 -4.702500 -0.186611 0.000000 0.000000 0.000000 -0.875116 0.483914
976054827.547284 -4.722700 -0.222117 0.000000 0.000000 0.000000 -0.861400 0.507927
976054827.717284 -4.819920 -0.401202 0.000000 0.000000 0.000000 -0.862955 0.505280
976054828.937284 -4.843940 -0.442226 0.000000 0.000000 0.000000 -0.867577 0.497302
976054828.947284 -4.934940 -0.598964 0.000000 0.000000 0.000000 -0.870617 0.491962
976054829.197284 -5.017750 -0.733636 0.000000 0.000000 0.000000 -0.879538 0.475829
976054829.367284 -5.052370 -0.785271 0.000000 0.000000 0.000000 -0.882445 0.470415
976054829.417284 -5.089540 -0.840585 0.000000 0.000000 0.000000 -0.883888 0.467700
976054830.367284 -5.121760 -0.889532 0.000000 0.000000 0.000000 -0.882445 0.470415
976054830.377284 -5.150030 -0.931971 0.000000 0.000000 0.000000 -0.882445 0.470415
976054830.387284 -5.179700 -0.977240 0.000000 0.000000 0.000000 -0.880997 0.473122
976054830.727284 -5.125260 -1.006090 0.000000 0.000000 0.000000 -0.848461 0.529258
976054830.817284 -5.171370 -1.100560 0.000000 0.000000 0.000000 -0.851697 0.524035
976054831.327284 -5.199000 -1.155240 0.000000 0.000000 0.000000 -0.853302 0.521418
976054831.417284 -5.255270 -1.263600 0.000000 0.000000 0.000000 -0.861212 0.508246
976054832.667284 -5.280810 -1.310300 0.000000 0.000000 0.000000 -0.862771 0.505595
976054832.677284 -5.308380 -1.358980 0.000000 0.000000 0.000000 -0.865862 0.500284
976054832.687284 -5.339010 -1.412630 0.000000 0.000000 0.000000 -0.867393 0.497623
976054832.817284 -5.414480 -1.538760 0.000000 0.000000 0.000000 -0.871945 0.489605
976054833.267284 -5.413470 -1.537770 0.000000 0.000000 0.000000 -0.871945 0.489605
976054833.487284 -5.428770 -1.563600 0.000000 0.000000 0.000000 -0.877896 0.478852
976054833.867284 -5.463370 -1.615200 0.000000 0.000000 0.000000 -0.880822 0.473448
976054833.887284 -5.510220 -1.687660 0.000000 0.000000 0.000000 -0.880822 0.473448
976054834.167284 -5.544840 -1.741260 0.000000 0.000000 0.000000 -0.880822 0.473448
976054834.527284 -5.569280 -1.778980 0.000000 0.000000 0.000000 -0.883714 0.468027
976054834.597284 -5.588440 -1.843370 0.000000 0.000000 0.000000 -0.866990 0.498326
976054834.797284 -5.623410 -1.903250 0.000000 0.000000 0.000000 -0.866990 0.498326
976054835.367284 -5.708190 -2.045800 0.000000 0.000000 0.000000 -0.876031 0.482254
976054836.597284 -5.738730 -2.094430 0.000000 0.000000 0.000000 -0.877508 0.479563
976054836.607284 -5.773060 -2.147270 0.000000 0.000000 0.000000 -0.880438 0.474161
976054836.617284 -5.806490 -2.198050 0.000000 0.000000 0.000000 -0.883335 0.468742
976054836.637284 -5.917310 -2.359970 0.000000 0.000000 0.000000 -0.889031 0.457846
976054837.187284 -5.952740 -2.410860 0.000000 0.000000 0.000000 -0.890433 0.455115
976054837.717284 -5.987330 -2.458700 0.000000 0.000000 0.000000 -0.891828 0.452375
976054837.827284 -6.106190 -2.620020 0.000000 0.000000 0.000000 -0.891828 0.452375
976054838.347284 -6.142620 -2.670960 0.000000 0.000000 0.000000 -0.891828 0.452375
976054838.517284 -6.175370 -2.839800 0.000000 0.000000 0.000000 -0.879997 0.474980
976054839.727284 -6.209050 -2.890760 0.000000 0.000000 0.000000 -0.881453 0.472272
976054839.857284 -6.243610 -2.942810 0.000000 0.000000 0.000000 -0.882899 0.469564
976054840.427284 -6.306640 -3.038200 0.000000 0.000000 0.000000 -0.882899 0.469564
976054840.437284 -6.337770 -3.084850 0.000000 0.000000 0.000000 -0.882899 0.469564
976054840.517284 -6.499380 -3.327800 0.000000 0.000000 0.000000 -0.884338 0.466846
976054840.837284 -6.531390 -3.375550 0.000000 0.000000 0.000000 -0.884338 0.466846
976054840.917284 -6.562520 -3.422200 0.000000 0.000000 0.000000 -0.885767 0.464129
976054841.417284 -6.593870 -3.466860 0.000000 0.000000 0.000000 -0.887190 0.461403
976054841.427284 -6.624220 -3.511420 0.000000 0.000000 0.000000 -0.888603 0.458677
976054841.517284 -6.645150 -3.540860 0.000000 0.000000 0.000000 -0.888603 0.458677
976054842.187284 -6.608880 -3.449910 0.000000 0.000000 0.000000 -0.884240 0.467032
976054842.197284 -6.607160 -3.447660 0.000000 0.000000 0.000000 -0.882800 0.469749
976054842.627284 -6.607160 -3.447660 0.000000 0.000000 0.000000 -0.878432 0.477868
976054842.717284 -6.608020 -3.448790 0.000000 0.000000 0.000000 -0.853885 0.520461
976054843.967284 -6.607890 -3.449780 0.000000 0.000000 0.000000 -0.834120 0.551583
976054843.977284 -6.610190 -3.455130 0.000000 0.000000 0.000000 -0.798669 0.601771
976054844.167284 -6.606500 -3.545510 0.000000 0.000000 0.000000 -0.678541 0.734562
976054844.867284 -6.606420 -3.548510 0.000000 0.000000 0.000000 -0.678541 0.734562
976054845.817284 -6.605070 -3.562480 0.000000 0.000000 0.000000 -0.683042 0.730379
976054845.927284 -6.602990 -3.605440 0.000000 0.000000 0.000000 -0.685281 0.728278
976054846.127284 -6.581630 -3.977030 0.000000 0.000000 0.000000 -0.696390 0.717663
976054846.147284 -6.578940 -4.043980 0.000000 0.000000 0.000000 -0.698594 0.715519
976054846.317284 -6.577530 -4.099960 0.000000 0.000000 0.000000 -0.698594 0.715519
976054847.637284 -6.576300 -4.148950 0.000000 0.000000 0.000000 -0.698594 0.715519
976054847.647284 -6.568950 -4.440850 0.000000 0.000000 0.000000 -0.700787 0.713371
976054847.737284 -6.567590 -4.494840 0.000000 0.000000 0.000000 -0.698594 0.715519
976054847.967284 -6.565160 -4.551790 0.000000 0.000000 0.000000 -0.696390 0.717663
976054848.117284 -6.418050 -4.443330 0.000000 0.000000 0.000000 -0.628287 0.777981
976054848.457284 -6.405280 -4.500940 0.000000 0.000000 0.000000 -0.628287 0.777981
976054848.567284 -6.392720 -4.557580 0.000000 0.000000 0.000000 -0.628287 0.777981
976054848.727284 -6.380760 -4.611270 0.000000 0.000000 0.000000 -0.628287 0.777981
976054849.617284 -6.368400 -4.666920 0.000000 0.000000 0.000000 -0.630673 0.776049
976054849.767284 -6.320310 -4.892870 0.000000 0.000000 0.000000 -0.633056 0.774106
976054851.267284 -6.308730 -4.949700 0.000000 0.000000 0.000000 -0.635434 0.772155
976054851.277284 -6.298130 -5.006730 0.000000 0.000000 0.000000 -0.637801 0.770201
976054851.287284 -6.286350 -5.064540 0.000000 0.000000 0.000000 -0.642522 0.766267
976054851.297284 -6.276530 -5.122760 0.000000 0.000000 0.000000 -0.644875 0.764288
976054851.307284 -6.266720 -5.175870 0.000000 0.000000 0.000000 -0.647219 0.762305
976054851.317284 -6.256900 -5.234080 0.000000 0.000000 0.000000 -0.647219 0.762305
976054851.447284 -6.238040 -5.351680 0.000000 0.000000 0.000000 -0.649560 0.760311
976054851.517284 -6.228820 -5.406950 0.000000 0.000000 0.000000 -0.649560 0.760311
976054852.237284 -6.185350 -5.492770 0.000000 0.000000 0.000000 -0.632262 0.774754
976054852.347284 -6.173530 -5.550650 0.000000 0.000000 0.000000 -0.637011 0.770854
976054852.497284 -6.151100 -5.665690 0.000000 0.000000 0.000000 -0.634642 0.772806
976054852.517284 -6.139530 -5.722610 0.000000 0.000000 0.000000 -0.634642 0.772806
976054852.727284 -6.128460 -5.777580 0.000000 0.000000 0.000000 -0.632262 0.774754
976054853.107284 -6.115920 -5.834250 0.000000 0.000000 0.000000 -0.629881 0.776692
976054853.117284 -6.103600 -5.894060 0.000000 0.000000 0.000000 -0.632262 0.774754
976054854.487284 -6.091780 -5.951950 0.000000 0.000000 0.000000 -0.634642 0.772806
976054854.537284 -6.080710 -6.006920 0.000000 0.000000 0.000000 -0.639379 0.768892
976054854.547284 -6.070610 -6.062150 0.000000 0.000000 0.000000 -0.644091 0.764948
976054854.717284 -6.024870 -6.347770 0.000000 0.000000 0.000000 -0.658083 0.752945
976054855.397284 -6.017420 -6.404720 0.000000 0.000000 0.000000 -0.658083 0.752945
976054855.467284 -5.961780 -6.441560 0.000000 0.000000 0.000000 -0.626750 0.779221
976054855.517284 -5.962470 -6.439680 0.000000 0.000000 0.000000 -0.636283 0.771456
976054856.457284 -5.961870 -6.438400 0.000000 0.000000 0.000000 -0.648057 0.761592
976054856.467284 -5.961870 -6.438400 0.000000 0.000000 0.000000 -0.659682 0.751545
976054856.527284 -5.962220 -6.437460 0.000000 0.000000 0.000000 -0.695819 0.718217
976054856.547284 -5.961870 -6.438400 0.000000 0.000000 0.000000 -0.717555 0.696502
976054856.717284 -5.962710 -6.441910 0.000000 0.000000 0.000000 -0.732369 0.680908
976054857.917284 -5.963860 -6.456180 0.000000 0.000000 0.000000 -0.742745 0.669575
976054857.977284 -5.968230 -6.499340 0.000000 0.000000 0.000000 -0.752944 0.658084
976054858.117284 -6.005220 -6.798500 0.000000 0.000000 0.000000 -0.750917 0.660396
976054858.447284 -6.013010 -6.864230 0.000000 0.000000 0.000000 -0.748886 0.662698
976054858.517284 -6.021640 -6.933470 0.000000 0.000000 0.000000 -0.748886 0.662698
976054858.967284 -6.024860 -6.962360 0.000000 0.000000 0.000000 -0.748886 0.662698
976054858.987284 -6.033640 -7.036980 0.000000 0.000000 0.000000 -0.748886 0.662698
976054859.977284 -6.036970 -7.062710 0.000000 0.000000 0.000000 -0.746845 0.664998
976054860.127284 -6.063510 -7.300490 0.000000 0.000000 0.000000 -0.746845 0.664998
976054860.217284 -6.076610 -7.409720 0.000000 0.000000 0.000000 -0.746845 0.664998
976054861.467284 -6.052420 -7.423510 0.000000 0.000000 0.000000 -0.732087 0.681212
976054861.477284 -6.056110 -7.483770 0.000000 0.000000 0.000000 -0.734174 0.678961
976054861.617284 -6.077080 -7.738330 0.000000 0.000000 0.000000 -0.740403 0.672163
976054861.857284 -6.082340 -7.794910 0.000000 0.000000 0.000000 -0.740403 0.672163
976054861.897284 -6.084900 -7.822080 0.000000 0.000000 0.000000 -0.740403 0.672163
976054862.247284 -6.089100 -7.876040 0.000000 0.000000 0.000000 -0.738333 0.674437
976054862.297284 -6.094890 -7.933930 0.000000 0.000000 0.000000 -0.740403 0.672163
976054862.787284 -6.100030 -7.995890 0.000000 0.000000 0.000000 -0.740403 0.672163
976054862.887284 -6.110010 -8.107740 0.000000 0.000000 0.000000 -0.742463 0.669887
976054863.287284 -6.116190 -8.164720 0.000000 0.000000 0.000000 -0.746566 0.665312
976054863.417284 -6.130010 -8.287980 0.000000 0.000000 0.000000 -0.746566 0.665312
976054864.697284 -6.133100 -8.316470 0.000000 0.000000 0.000000 -0.746566 0.665312
976054864.737284 -6.136620 -8.622220 0.000000 0.000000 0.000000 -0.735886 0.677105
976054865.527284 -6.140760 -8.679520 0.000000 0.000000 0.000000 -0.735886 0.677105
976054865.577284 -6.156350 -8.847460 0.000000 0.000000 0.000000 -0.744152 0.668010
976054865.927284 -6.162230 -8.907920 0.000000 0.000000 0.000000 -0.744152 0.668010
976054865.947284 -6.168150 -8.966140 0.000000 0.000000 0.000000 -0.746203 0.665719
976054866.157284 -6.174150 -9.017660 0.000000 0.000000 0.000000 -0.748246 0.663421
976054866.537284 -6.180980 -9.074110 0.000000 0.000000 0.000000 -0.750280 0.661121
976054866.557284 -6.189130 -9.132360 0.000000 0.000000 0.000000 -0.754328 0.656498
976054866.737284 -6.197250 -9.192850 0.000000 0.000000 0.000000 -0.756343 0.654175
976054867.817284 -6.204510 -9.250650 0.000000 0.000000 0.000000 -0.754328 0.656498
976054867.867284 -6.211400 -9.302620 0.000000 0.000000 0.000000 -0.758348 0.651850
976054867.937284 -6.207080 -9.347630 0.000000 0.000000 0.000000 -0.743571 0.668657
976054868.327284 -6.207010 -9.341800 0.000000 0.000000 0.000000 -0.735297 0.677745
976054868.337284 -6.206500 -9.342670 0.000000 0.000000 0.000000 -0.731119 0.682250
976054868.797284 -6.207010 -9.341800 0.000000 0.000000 0.000000 -0.718418 0.695612
976054868.937284 -6.206650 -9.340440 0.000000 0.000000 0.000000 -0.667503 0.744607
976054869.387284 -6.205500 -9.344390 0.000000 0.000000 0.000000 -0.620512 0.784197
976054869.537284 -6.197860 -9.365410 0.000000 0.000000 0.000000 -0.558499 0.829505
976054869.927284 -6.184540 -9.398160 0.000000 0.000000 0.000000 -0.553391 0.832922
976054869.937284 -6.129080 -9.470260 0.000000 0.000000 0.000000 -0.552775 0.833331
976054871.137284 -6.097380 -9.543170 0.000000 0.000000 0.000000 -0.550214 0.835024
976054871.197284 -6.075440 -9.595170 0.000000 0.000000 0.000000 -0.555334 0.831627
976054871.337284 -5.977760 -9.864400 0.000000 0.000000 0.000000 -0.583121 0.812385
976054871.667284 -5.962420 -9.910970 0.000000 0.000000 0.000000 -0.590582 0.806978
976054871.737284 -5.947820 -9.960270 0.000000 0.000000 0.000000 -0.605362 0.795951
976054872.247284 -5.932040 -10.021600 0.000000 0.000000 0.000000 -0.627139 0.778907
976054872.337284 -5.912780 -10.141000 0.000000 0.000000 0.000000 -0.671518 0.740989
976054872.847284 -5.909210 -10.193200 0.000000 0.000000 0.000000 -0.687300 0.726374
976054872.937284 -5.903110 -10.309700 0.000000 0.000000 0.000000 -0.687300 0.726374
976054873.457284 -5.899130 -10.368600 0.000000 0.000000 0.000000 -0.689530 0.724257
976054873.537284 -5.900850 -10.419300 0.000000 0.000000 0.000000 -0.678119 0.734952
976054874.917284 -5.899620 -10.423200 0.000000 0.000000 0.000000 -0.678119 0.734952
976054874.937284 -5.885120 -10.724900 0.000000 0.000000 0.000000 -0.700380 0.713770
976054875.267284 -5.883880 -10.771100 0.000000 0.000000 0.000000 -0.700380 0.713770
976054875.337284 -5.882640 -10.838300 0.000000 0.000000 0.000000 -0.704753 0.709453
976054875.727284 -5.882730 -10.911000 0.000000 0.000000 0.000000 -0.709099 0.705109
976054875.737284 -5.882240 -10.969300 0.000000 0.000000 0.000000 -0.711261 0.702928
976054876.167284 -5.883040 -11.017800 0.000000 0.000000 0.000000 -0.713419 0.700738
976054876.337284 -5.885730 -11.128500 0.000000 0.000000 0.000000 -0.719846 0.694134
976054876.737284 -5.888420 -11.196900 0.000000 0.000000 0.000000 -0.724101 0.689694
976054878.237284 -5.892670 -11.305000 0.000000 0.000000 0.000000 -0.721977 0.691917
976054878.247284 -5.894990 -11.356800 0.000000 0.000000 0.000000 -0.724101 0.689694
976054878.257284 -5.822790 -11.382700 0.000000 0.000000 0.000000 -0.699277 0.714851
976054878.267284 -5.820130 -11.446200 0.000000 0.000000 0.000000 -0.701471 0.712698
976054878.277284 -5.819360 -11.503600 0.000000 0.000000 0.000000 -0.701471 0.712698
976054878.287284 -5.818730 -11.557400 0.000000 0.000000 0.000000 -0.701471 0.712698
976054878.477284 -5.817200 -11.672300 0.000000 0.000000 0.000000 -0.705838 0.708374
976054878.537284 -5.817100 -11.733900 0.000000 0.000000 0.000000 -0.708013 0.706200
976054878.867284 -5.816200 -11.794900 0.000000 0.000000 0.000000 -0.710177 0.704023
976054878.937284 -5.816970 -11.848500 0.000000 0.000000 0.000000 -0.712339 0.701836
976054879.317284 -5.817960 -11.903500 0.000000 0.000000 0.000000 -0.716638 0.697445
976054879.347284 -5.819390 -11.961300 0.000000 0.000000 0.000000 -0.720910 0.693028
976054879.537284 -5.821510 -12.023300 0.000000 0.000000 0.000000 -0.723035 0.690812
976054879.917284 -5.824570 -12.082200 0.000000 0.000000 0.000000 -0.727269 0.686352
976054879.947284 -5.827180 -12.138400 0.000000 0.000000 0.000000 -0.731473 0.681870
976054881.397284 -5.831770 -12.193500 0.000000 0.000000 0.000000 -0.735649 0.677362
976054881.607284 -5.823950 -12.540000 0.000000 0.000000 0.000000 -0.715053 0.699070
976054881.877284 -5.825630 -12.600100 0.000000 0.000000 0.000000 -0.717199 0.696868
976054881.937284 -5.826550 -12.659600 0.000000 0.000000 0.000000 -0.717199 0.696868
976054882.207284 -5.827870 -12.714100 0.000000 0.000000 0.000000 -0.717199 0.696868
976054882.337284 -5.829370 -12.771300 0.000000 0.000000 0.000000 -0.719335 0.694663
976054882.667284 -5.830960 -12.830100 0.000000 0.000000 0.000000 -0.721468 0.692448
976054882.747284 -5.833210 -12.888000 0.000000 0.000000 0.000000 -0.725709 0.688001
976054883.117284 -5.836120 -12.945200 0.000000 0.000000 0.000000 -0.725709 0.688001
976054883.137284 -5.839030 -13.002400 0.000000 0.000000 0.000000 -0.727818 0.685770
976054884.587284 -5.841940 -13.059600 0.000000 0.000000 0.000000 -0.725709 0.688001
976054884.727284 -5.830210 -13.401300 0.000000 0.000000 0.000000 -0.737216 0.675658
976054885.177284 -5.835570 -13.462000 0.000000 0.000000 0.000000 -0.741354 0.671115
976054885.827284 -5.841480 -13.519100 0.000000 0.000000 0.000000 -0.747506 0.664255
976054886.287284 -5.874230 -13.778800 0.000000 0.000000 0.000000 -0.753599 0.657335
976054886.357284 -5.890240 -13.891400 0.000000 0.000000 0.000000 -0.759627 0.650359
976054887.707284 -5.898130 -13.944900 0.000000 0.000000 0.000000 -0.761620 0.648023
976054887.727284 -5.907670 -14.003900 0.000000 0.000000 0.000000 -0.761620 0.648023
976054887.877284 -5.929560 -14.155900 0.000000 0.000000 0.000000 -0.741354 0.671115
976054888.857284 -5.929560 -14.155900 0.000000 0.000000 0.000000 -0.739286 0.673391
976054889.867284 -5.929620 -14.157300 0.000000 0.000000 0.000000 -0.680940 0.732340
976054889.887284 -5.928380 -14.161600 0.000000 0.000000 0.000000 -0.629916 0.776663
976054891.277284 -5.852860 -14.261400 0.000000 0.000000 0.000000 -0.579488 0.814981
976054891.427284 -5.823410 -14.341600 0.000000 0.000000 0.000000 -0.576983 0.816756
976054891.437284 -5.800500 -14.405100 0.000000 0.000000 0.000000 -0.574469 0.818526
976054891.447284 -5.784020 -14.450200 0.000000 0.000000 0.000000 -0.579488 0.814981
976054891.457284 -5.770710 -14.490200 0.000000 0.000000 0.000000 -0.584485 0.811405
976054891.467284 -5.753250 -14.541200 0.000000 0.000000 0.000000 -0.584485 0.811405
976054891.917284 -5.742230 -14.573900 0.000000 0.000000 0.000000 -0.584485 0.811405
976054892.397284 -5.650010 -14.848100 0.000000 0.000000 0.000000 -0.589464 0.807795
976054892.527284 -5.627960 -14.913600 0.000000 0.000000 0.000000 -0.589464 0.807795
976054892.637284 -5.592910 -15.023300 0.000000 0.000000 0.000000 -0.589464 0.807795
976054893.157284 -5.577960 -15.069800 0.000000 0.000000 0.000000 -0.591941 0.805981
976054893.167284 -5.560060 -15.124300 0.000000 0.000000 0.000000 -0.591941 0.805981
976054893.237284 -5.481500 -15.063100 0.000000 0.000000 0.000000 -0.548630 0.836065
976054894.747284 -5.456760 -15.119700 0.000000 0.000000 0.000000 -0.548630 0.836065
976054894.837284 -5.307810 -15.481000 0.000000 0.000000 0.000000 -0.563949 0.825810
976054895.167284 -5.285900 -15.537800 0.000000 0.000000 0.000000 -0.561411 0.827537
976054895.247284 -5.261780 -15.598000 0.000000 0.000000 0.000000 -0.563949 0.825810
976054895.697284 -5.239910 -15.653400 0.000000 0.000000 0.000000 -0.566486 0.824072
976054895.877284 -5.202090 -15.752900 0.000000 0.000000 0.000000 -0.571539 0.820575
976054896.367284 -5.180180 -15.809600 0.000000 0.000000 0.000000 -0.571539 0.820575
976054896.507284 -5.140630 -15.921800 0.000000 0.000000 0.000000 -0.579080 0.815271
976054896.957284 -5.120930 -15.975100 0.000000 0.000000 0.000000 -0.576570 0.817047
976054897.407284 -5.092130 -16.026600 0.000000 0.000000 0.000000 -0.558520 0.829491
976054898.527284 -5.069580 -16.081600 0.000000 0.000000 0.000000 -0.563606 0.826044
976054898.677284 -4.927440 -16.465200 0.000000 0.000000 0.000000 -0.583738 0.811942
976054898.977284 -4.910090 -16.517100 0.000000 0.000000 0.000000 -0.583738 0.811942
976054899.827284 -4.892840 -16.567600 0.000000 0.000000 0.000000 -0.586232 0.810143
976054900.137284 -4.837350 -16.740700 0.000000 0.000000 0.000000 -0.593673 0.804707
976054900.347284 -4.789320 -16.899500 0.000000 0.000000 0.000000 -0.603521 0.797347
976054900.817284 -4.728940 -16.904900 0.000000 0.000000 0.000000 -0.579968 0.814639
976054900.837284 -4.692670 -17.010600 0.000000 0.000000 0.000000 -0.589936 0.807450
976054902.457284 -4.675540 -17.064000 0.000000 0.000000 0.000000 -0.589936 0.807450
976054902.467284 -4.576110 -17.401700 0.000000 0.000000 0.000000 -0.612038 0.790828
976054902.687284 -4.547510 -17.514100 0.000000 0.000000 0.000000 -0.619303 0.785152
976054902.977284 -4.534390 -17.569400 0.000000 0.000000 0.000000 -0.621711 0.783247
976054903.437284 -4.521090 -17.626200 0.000000 0.000000 0.000000 -0.626512 0.779412
976054903.557284 -4.508210 -17.685100 0.000000 0.000000 0.000000 -0.628906 0.777482
976054903.707284 -4.484600 -17.797500 0.000000 0.000000 0.000000 -0.636047 0.771650
976054904.167284 -4.472710 -17.854400 0.000000 0.000000 0.000000 -0.638413 0.769694
976054904.247284 -4.461370 -17.929200 0.000000 0.000000 0.000000 -0.634108 0.773244
976054904.777284 -4.450230 -17.984000 0.000000 0.000000 0.000000 -0.638848 0.769333
976054904.937284 -4.428550 -18.102900 0.000000 0.000000 0.000000 -0.643564 0.765393
976054906.437284 -4.418580 -18.159400 0.000000 0.000000 0.000000 -0.648255 0.761424
976054906.507284 -4.409650 -18.213800 0.000000 0.000000 0.000000 -0.650593 0.759427
976054906.647284 -4.356240 -18.617800 0.000000 0.000000 0.000000 -0.671343 0.741146
976054906.977284 -4.350450 -18.674800 0.000000 0.000000 0.000000 -0.673616 0.739082
976054907.437284 -4.345130 -18.729100 0.000000 0.000000 0.000000 -0.673616 0.739082
976054907.507284 -4.339570 -18.784800 0.000000 0.000000 0.000000 -0.675885 0.737007
976054907.647284 -4.331640 -18.849300 0.000000 0.000000 0.000000 -0.661989 0.749513
976054908.157284 -4.324630 -18.907000 0.000000 0.000000 0.000000 -0.664287 0.747477
976054908.277284 -4.310600 -19.018800 0.000000 0.000000 0.000000 -0.668868 0.743381
976054908.767284 -4.304140 -19.077400 0.000000 0.000000 0.000000 -0.668868 0.743381
976054908.907284 -4.294480 -19.170600 0.000000 0.000000 0.000000 -0.671151 0.741321
976054910.217284 -4.293390 -19.176200 0.000000 0.000000 0.000000 -0.671151 0.741321
976054910.267284 -4.293670 -19.174800 0.000000 0.000000 0.000000 -0.671151 0.741321
976054910.427284 -4.292290 -19.178100 0.000000 0.000000 0.000000 -0.552362 0.833604
976054910.727284 -4.291190 -19.180000 0.000000 0.000000 0.000000 -0.523876 0.851795
976054910.807284 -4.292020 -19.179500 0.000000 0.000000 0.000000 -0.478685 0.877987
976054911.277284 -4.291190 -19.180000 0.000000 0.000000 0.000000 -0.454224 0.890888
976054911.467284 -4.241020 -19.172400 0.000000 0.000000 0.000000 -0.360252 0.932855
976054911.877284 -4.241860 -19.171800 0.000000 0.000000 0.000000 -0.313972 0.949432
976054911.897284 -4.241020 -19.172400 0.000000 0.000000 0.000000 -0.278757 0.960362
976054911.957284 -4.241020 -19.172400 0.000000 0.000000 0.000000 -0.240183 0.970728
976054912.167284 -4.241020 -19.172400 0.000000 0.000000 0.000000 -0.216251 0.976338
976054912.657284 -4.209990 -19.142800 0.000000 0.000000 0.000000 -0.171567 0.985172
976054912.667284 -4.209990 -19.142800 0.000000 0.000000 0.000000 -0.086276 0.996271
976054914.187284 -4.211380 -19.143100 0.000000 0.000000 0.000000 -0.049489 0.998775
976054914.387284 -4.008980 -19.075100 0.000000 0.000000 0.000000 0.045311 0.998973
976054914.697284 -3.953370 -19.069400 0.000000 0.000000 0.000000 0.045311 0.998973
976054914.747284 -3.908960 -19.065300 0.000000 0.000000 0.000000 0.036101 0.999348
976054915.967284 -3.861550 -19.062200 0.000000 0.000000 0.000000 0.045311 0.998973
976054916.237284 -3.568700 -19.037400 0.000000 0.000000 0.000000 0.029959 0.999551
976054916.317284 -3.477290 -19.032400 0.000000 0.000000 0.000000 0.017672 0.999844
976054917.747284 -3.410290 -19.031600 0.000000 0.000000 0.000000 -0.003837 0.999993
976054917.937284 -3.070560 -18.937900 0.000000 0.000000 0.000000 0.009810 0.999952
976054918.157284 -3.013280 -18.936400 0.000000 0.000000 0.000000 0.003665 0.999993
976054918.307284 -2.951990 -18.935800 0.000000 0.000000 0.000000 0.000592 1.000000
976054918.757284 -2.891160 -18.936100 0.000000 0.000000 0.000000 0.000592 1.000000
976054918.867284 -2.781100 -18.935100 0.000000 0.000000 0.000000 0.006738 0.999977
976054919.437284 -2.723820 -18.933500 0.000000 0.000000 0.000000 0.012883 0.999917
976054919.637284 -2.602540 -18.930500 0.000000 0.000000 0.000000 0.009810 0.999952
976054920.137284 -2.545260 -18.928900 0.000000 0.000000 0.000000 0.003665 0.999993
976054920.237284 -2.489790 -18.928700 0.000000 0.000000 0.000000 0.000592 1.000000
976054920.927284 -2.432550 -18.929300 0.000000 0.000000 0.000000 -0.005553 0.999985
976054921.547284 -2.373960 -18.929600 0.000000 0.000000 0.000000 -0.008626 0.999963
976054921.567284 -2.316720 -18.930200 0.000000 0.000000 0.000000 -0.014771 0.999891
976054921.687284 -1.997390 -18.896900 0.000000 0.000000 0.000000 -0.009564 0.999954
976054921.937284 -1.936870 -18.898200 0.000000 0.000000 0.000000 -0.012636 0.999920
976054922.647284 -1.880810 -18.899700 0.000000 0.000000 0.000000 -0.018781 0.999824
976054922.667284 -1.708450 -18.907200 0.000000 0.000000 0.000000 -0.031068 0.999517
976054923.117284 -1.650950 -18.910500 0.000000 0.000000 0.000000 -0.031068 0.999517
976054923.267284 -1.536370 -18.917900 0.000000 0.000000 0.000000 -0.040280 0.999188
976054923.607284 -1.477440 -18.922900 0.000000 0.000000 0.000000 -0.046420 0.998922
976054923.667284 -1.418000 -18.929200 0.000000 0.000000 0.000000 -0.052558 0.998618
976054925.947284 -1.362620 -18.934800 0.000000 0.000000 0.000000 -0.052558 0.998618
976054926.267284 -0.866880 -18.982000 0.000000 0.000000 0.000000 -0.044492 0.999010
976054926.467284 -0.770718 -18.990900 0.000000 0.000000 0.000000 -0.044492 0.999010
976054926.807284 -0.704504 -18.996900 0.000000 0.000000 0.000000 -0.047562 0.998868
976054926.967284 -0.636067 -19.002600 0.000000 0.000000 0.000000 -0.050631 0.998717
976054928.237284 -0.580623 -19.008800 0.000000 0.000000 0.000000 -0.053700 0.998557
976054928.297284 -0.532076 -19.013400 0.000000 0.000000 0.000000 -0.053700 0.998557
976054928.497284 -0.203452 -19.050900 0.000000 0.000000 0.000000 -0.007206 0.999974
976054928.757284 -0.144322 -19.050200 0.000000 0.000000 0.000000 0.017375 0.999849
976054928.867284 -0.083312 -19.046900 0.000000 0.000000 0.000000 0.020448 0.999791
976054929.187284 -0.023872 -19.045200 0.000000 0.000000 0.000000 0.014303 0.999898
976054929.337284 0.033356 -19.043800 0.000000 0.000000 0.000000 0.008158 0.999967
976054929.667284 0.087422 -19.042500 0.000000 0.000000 0.000000 0.005085 0.999987
976054929.877284 0.203805 -19.043500 0.000000 0.000000 0.000000 -0.007206 0.999974
976054930.197284 0.265788 -19.043700 0.000000 0.000000 0.000000 -0.013351 0.999911
976054930.277284 0.322732 -19.046400 0.000000 0.000000 0.000000 -0.022568 0.999745
976054931.737284 0.376822 -19.048200 0.000000 0.000000 0.000000 -0.025640 0.999671
976054931.917284 0.785955 -19.080300 0.000000 0.000000 0.000000 -0.050204 0.998739
976054932.187284 0.812412 -19.063500 0.000000 0.000000 0.000000 -0.018193 0.999835
976054932.267284 0.866735 -19.065000 0.000000 0.000000 0.000000 -0.021265 0.999774
976054932.587284 0.922746 -19.068000 0.000000 0.000000 0.000000 -0.021265 0.999774
976054932.757284 0.985064 -19.070500 0.000000 0.000000 0.000000 -0.021265 0.999774
976054933.757284 1.045450 -19.072500 0.000000 0.000000 0.000000 -0.027408 0.999624
976054933.767284 1.099270 -19.075900 0.000000 0.000000 0.000000 -0.033551 0.999437
976054933.847284 1.285460 -19.090500 0.000000 0.000000 0.000000 -0.048902 0.998804
976054935.137284 1.280370 -19.090200 0.000000 0.000000 0.000000 -0.045832 0.998949
976054935.167284 1.278440 -19.089700 0.000000 0.000000 0.000000 -0.042763 0.999085
976054935.367284 1.279400 -19.090000 0.000000 0.000000 0.000000 0.095354 0.995443
976054935.907284 1.284740 -19.089300 0.000000 0.000000 0.000000 0.159345 0.987223
976054936.727284 1.293010 -19.085200 0.000000 0.000000 0.000000 0.186582 0.982439
976054936.747284 1.295180 -19.035000 0.000000 0.000000 0.000000 0.144303 0.989534
976054937.267284 1.562540 -18.958000 0.000000 0.000000 0.000000 0.119937 0.992781
976054937.277284 1.671060 -18.930100 0.000000 0.000000 0.000000 0.126036 0.992026
976054937.507284 1.736870 -18.913200 0.000000 0.000000 0.000000 0.122987 0.992408
976054938.897284 1.766930 -18.905300 0.000000 0.000000 0.000000 0.122987 0.992408
976054938.907284 1.817550 -18.892800 0.000000 0.000000 0.000000 0.119937 0.992781
976054938.927284 1.867220 -18.879900 0.000000 0.000000 0.000000 0.116886 0.993145
976054939.167284 2.206690 -18.798700 0.000000 0.000000 0.000000 0.107726 0.994181
976054939.497284 2.234220 -18.792100 0.000000 0.000000 0.000000 0.104670 0.994507
976054939.727284 2.293380 -18.779200 0.000000 0.000000 0.000000 0.098557 0.995131
976054940.227284 2.350610 -18.745500 0.000000 0.000000 0.000000 0.138983 0.990295
976054940.437284 2.405910 -18.728700 0.000000 0.000000 0.000000 0.142026 0.989863
976054940.447284 2.457590 -18.714100 0.000000 0.000000 0.000000 0.132895 0.991130
976054940.717284 2.540260 -18.694400 0.000000 0.000000 0.000000 0.096266 0.995356
976054940.807284 2.659570 -18.676100 0.000000 0.000000 0.000000 0.053372 0.998575
976054941.377284 2.715270 -18.670700 0.000000 0.000000 0.000000 0.050303 0.998734
976054941.667284 2.889380 -18.650900 0.000000 0.000000 0.000000 0.056440 0.998406
976054943.407284 2.948470 -18.644100 0.000000 0.000000 0.000000 0.056440 0.998406
976054943.417284 3.003430 -18.637500 0.000000 0.000000 0.000000 0.059507 0.998228
976054943.427284 3.057410 -18.630600 0.000000 0.000000 0.000000 0.056440 0.998406
976054943.437284 3.116500 -18.623900 0.000000 0.000000 0.000000 0.053372 0.998575
976054943.447284 3.175360 -18.618200 0.000000 0.000000 0.000000 0.041094 0.999155
976054943.457284 3.233760 -18.614400 0.000000 0.000000 0.000000 0.016523 0.999863
976054943.467284 3.289300 -18.614100 0.000000 0.000000 0.000000 -0.014204 0.999899
976054943.507284 3.380930 -18.593800 0.000000 0.000000 0.000000 -0.021635 0.999766
976054943.567284 3.436980 -18.597000 0.000000 0.000000 0.000000 -0.027778 0.999614
976054944.107284 3.496140 -18.599600 0.000000 0.000000 0.000000 -0.024707 0.999695
976054944.167284 3.612330 -18.605500 0.000000 0.000000 0.000000 -0.033921 0.999425
976054944.817284 3.669250 -18.609800 0.000000 0.000000 0.000000 -0.040062 0.999197
976054944.967284 3.841860 -18.624000 0.000000 0.000000 0.000000 -0.052340 0.998629
976054945.487284 3.900500 -18.630500 0.000000 0.000000 0.000000 -0.061544 0.998104
976054945.597284 4.012580 -18.644900 0.000000 0.000000 0.000000 -0.067676 0.997707
976054947.717284 4.071960 -18.653600 0.000000 0.000000 0.000000 -0.076871 0.997041
976054947.737284 4.131340 -18.662200 0.000000 0.000000 0.000000 -0.079934 0.996800
976054947.747284 4.187620 -18.671500 0.000000 0.000000 0.000000 -0.076871 0.997041
976054947.757284 4.242040 -18.679500 0.000000 0.000000 0.000000 -0.079934 0.996800
976054947.767284 4.299300 -18.688900 0.000000 0.000000 0.000000 -0.079934 0.996800
976054947.777284 4.303900 -18.737500 0.000000 0.000000 0.000000 -0.086656 0.996238
976054947.787284 4.362090 -18.747400 0.000000 0.000000 0.000000 -0.086656 0.996238
976054948.777284 4.590200 -18.769400 0.000000 0.000000 0.000000 0.008491 0.999964
976054948.887284 4.650150 -18.766500 0.000000 0.000000 0.000000 0.039209 0.999231
976054949.297284 4.938250 -18.748200 0.000000 0.000000 0.000000 0.029996 0.999550
976054949.307284 4.995230 -18.744900 0.000000 0.000000 0.000000 0.036138 0.999347
976054949.367284 5.050350 -18.740300 0.000000 0.000000 0.000000 0.036138 0.999347
976054950.857284 5.106470 -18.735800 0.000000 0.000000 0.000000 0.039209 0.999231
976054951.417284 5.487570 -18.654400 0.000000 0.000000 0.000000 0.053470 0.998569
976054951.987284 5.654670 -18.638100 0.000000 0.000000 0.000000 0.050401 0.998729
976054952.167284 5.832160 -18.617700 0.000000 0.000000 0.000000 0.053470 0.998569
976054952.667284 5.885840 -18.612400 0.000000 0.000000 0.000000 0.044263 0.999020
976054952.827284 6.002970 -18.604800 0.000000 0.000000 0.000000 0.019694 0.999806
976054953.297284 6.063360 -18.603100 0.000000 0.000000 0.000000 0.004332 0.999991
976054953.367284 6.174630 -18.604900 0.000000 0.000000 0.000000 -0.020249 0.999795
976054954.887284 6.232670 -18.607100 0.000000 0.000000 0.000000 -0.023321 0.999728
976054954.967284 6.584040 -18.627900 0.000000 0.000000 0.000000 -0.017179 0.999852
976054955.287284 6.640010 -18.630000 0.000000 0.000000 0.000000 -0.020251 0.999795
976054955.367284 6.699970 -18.632300 0.000000 0.000000 0.000000 -0.023323 0.999728
976054955.917284 6.757940 -18.634500 0.000000 0.000000 0.000000 -0.026395 0.999652
976054955.957284 6.815880 -18.637700 0.000000 0.000000 0.000000 -0.029466 0.999566
976054955.967284 6.871830 -18.640900 0.000000 0.000000 0.000000 -0.029466 0.999566
976054956.547284 6.929780 -18.644100 0.000000 0.000000 0.000000 -0.026395 0.999652
976054956.627284 7.047690 -18.649500 0.000000 0.000000 0.000000 -0.029466 0.999566
976054957.157284 7.102630 -18.652700 0.000000 0.000000 0.000000 -0.035609 0.999366
976054957.167284 7.220460 -18.662100 0.000000 0.000000 0.000000 -0.044819 0.998995
976054958.727284 7.280370 -18.667400 0.000000 0.000000 0.000000 -0.050957 0.998701
976054958.747284 7.324920 -18.656700 0.000000 0.000000 0.000000 -0.038607 0.999254
976054958.817284 7.666540 -18.692200 0.000000 0.000000 0.000000 -0.072354 0.997379
976054959.497284 7.725680 -18.700200 0.000000 0.000000 0.000000 -0.072354 0.997379
976054959.677284 7.842980 -18.718300 0.000000 0.000000 0.000000 -0.081545 0.996670
976054959.747284 7.954310 -18.737500 0.000000 0.000000 0.000000 -0.087669 0.996150
976054960.247284 8.015480 -18.747500 0.000000 0.000000 0.000000 -0.087669 0.996150
976054960.297284 8.071650 -18.757600 0.000000 0.000000 0.000000 -0.090729 0.995876
976054960.347284 8.125820 -18.767700 0.000000 0.000000 0.000000 -0.093789 0.995592
976054960.977284 8.178990 -18.777900 0.000000 0.000000 0.000000 -0.093789 0.995592
976054961.167284 8.321470 -18.805300 0.000000 0.000000 0.000000 -0.079973 0.996797
976054962.507284 8.376230 -18.814500 0.000000 0.000000 0.000000 -0.086097 0.996287
976054962.517284 8.432990 -18.823700 0.000000 0.000000 0.000000 -0.089158 0.996017
976054962.527284 8.604750 -18.858000 0.000000 0.000000 0.000000 -0.107505 0.994205
976054962.587284 8.744230 -18.889500 0.000000 0.000000 0.000000 -0.119717 0.992808
976054962.907284 8.804390 -18.904500 0.000000 0.000000 0.000000 -0.122767 0.992436
976054962.997284 8.859500 -18.918700 0.000000 0.000000 0.000000 -0.128863 0.991662
976054963.457284 8.912540 -18.932100 0.000000 0.000000 0.000000 -0.128863 0.991662
976054963.527284 8.997190 -18.953400 0.000000 0.000000 0.000000 -0.113613 0.993525
976054964.957284 9.056080 -18.964400 0.000000 0.000000 0.000000 -0.089158 0.996017
976054964.967284 9.114840 -18.973400 0.000000 0.000000 0.000000 -0.067716 0.997705
976054964.977284 9.170460 -18.980600 0.000000 0.000000 0.000000 -0.064649 0.997908
976054966.267284 9.419610 -18.979800 0.000000 0.000000 0.000000 -0.078312 0.996929
976054966.277284 9.526810 -18.997600 0.000000 0.000000 0.000000 -0.087499 0.996165
976054966.387284 9.783580 -19.045100 0.000000 0.000000 0.000000 -0.102793 0.994703
976054966.687284 9.834890 -19.056200 0.000000 0.000000 0.000000 -0.105849 0.994382
976054966.787284 9.892360 -19.068700 0.000000 0.000000 0.000000 -0.111958 0.993713
976054967.277284 9.956100 -19.083600 0.000000 0.000000 0.000000 -0.111958 0.993713
976054967.297284 10.016700 -19.096900 0.000000 0.000000 0.000000 -0.108904 0.994052
976054967.387284 10.067000 -19.108100 0.000000 0.000000 0.000000 -0.111958 0.993713
976054967.957284 10.119200 -19.118100 0.000000 0.000000 0.000000 -0.096678 0.995316
976054968.437284 10.241400 -19.135400 0.000000 0.000000 0.000000 -0.050716 0.998713
976054968.537284 10.291900 -19.086700 0.000000 0.000000 0.000000 -0.023202 0.999731
976054968.547284 10.344000 -19.088900 0.000000 0.000000 0.000000 -0.029345 0.999569
976054968.627284 10.400400 -19.092400 0.000000 0.000000 0.000000 -0.032416 0.999474
976054970.137284 10.461900 -19.096100 0.000000 0.000000 0.000000 -0.038558 0.999256
976054970.227284 10.863100 -19.139900 0.000000 0.000000 0.000000 -0.044698 0.999001
976054970.487284 10.921500 -19.143000 0.000000 0.000000 0.000000 -0.017057 0.999855
976054970.667284 10.980300 -19.143100 0.000000 0.000000 0.000000 0.007524 0.999972
976054971.797284 11.038900 -19.141200 0.000000 0.000000 0.000000 0.013669 0.999907
976054971.857284 11.210800 -19.138000 0.000000 0.000000 0.000000 0.010597 0.999944
976054972.947284 11.367500 -19.069700 0.000000 0.000000 0.000000 0.044963 0.998989
976054974.117284 11.599400 -19.050800 0.000000 0.000000 0.000000 0.026538 0.999648
976054974.137284 11.657200 -19.047400 0.000000 0.000000 0.000000 0.020394 0.999792
976054974.197284 12.007700 -19.039400 0.000000 0.000000 0.000000 -0.004186 0.999991
976054974.517284 12.063300 -19.039600 0.000000 0.000000 0.000000 -0.004186 0.999991
976054974.617284 12.119800 -19.039600 0.000000 0.000000 0.000000 -0.007259 0.999974
976054975.107284 12.178700 -19.041000 0.000000 0.000000 0.000000 -0.010331 0.999947
976054975.247284 12.295100 -19.042200 0.000000 0.000000 0.000000 -0.013404 0.999910
976054975.817284 12.328200 -19.047500 0.000000 0.000000 0.000000 0.004940 0.999988
976054975.827284 12.446400 -19.046300 0.000000 0.000000 0.000000 0.001867 0.999998
976054976.477284 12.504600 -19.046500 0.000000 0.000000 0.000000 0.004940 0.999988
976054976.517284 12.560400 -19.045300 0.000000 0.000000 0.000000 0.004940 0.999988
976054976.587284 12.676600 -19.044700 0.000000 0.000000 0.000000 -0.004279 0.999991
976054978.107284 12.735800 -19.044600 0.000000 0.000000 0.000000 -0.007351 0.999973
976054978.227284 12.973500 -19.051200 0.000000 0.000000 0.000000 -0.019641 0.999807
976054978.517284 12.973500 -19.051200 0.000000 0.000000 0.000000 -0.016569 0.999863
976054978.587284 12.973500 -19.051200 0.000000 0.000000 0.000000 -0.010424 0.999946
976054979.917284 12.973500 -19.051200 0.000000 0.000000 0.000000 0.008012 0.999968
976054979.927284 12.973500 -19.051200 0.000000 0.000000 0.000000 0.035660 0.999364
976054980.387284 12.976000 -18.975400 0.000000 0.000000 0.000000 0.250763 0.968048
976054980.407284 12.976200 -18.976400 0.000000 0.000000 0.000000 0.295100 0.955466
976054980.587284 12.976000 -18.975400 0.000000 0.000000 0.000000 0.398774 0.917049
976054982.967284 12.976900 -18.975200 0.000000 0.000000 0.000000 0.423979 0.905672
976054982.977284 12.933400 -18.932200 0.000000 0.000000 0.000000 0.466689 0.884422
976054982.987284 12.935500 -18.928500 0.000000 0.000000 0.000000 0.517499 0.855684
976054982.997284 12.935800 -18.929500 0.000000 0.000000 0.000000 0.558926 0.829218
976054983.197284 12.901100 -18.924900 0.000000 0.000000 0.000000 0.768411 0.639956
976054983.617284 12.901100 -18.924900 0.000000 0.000000 0.000000 0.768411 0.639956
976054983.797284 12.901100 -18.924900 0.000000 0.000000 0.000000 0.766440 0.642316
976054984.307284 12.901100 -18.924900 0.000000 0.000000 0.000000 0.766440 0.642316
976054984.317284 12.901100 -18.924900 0.000000 0.000000 0.000000 0.764464 0.644666
976054984.437284 12.901100 -18.924900 0.000000 0.000000 0.000000 0.764464 0.644666
976054984.667284 12.901100 -18.924900 0.000000 0.000000 0.000000 0.764464 0.644666
976054984.877284 12.901100 -18.924900 0.000000 0.000000 0.000000 0.764464 0.644666
976054985.487284 12.901100 -18.924900 0.000000 0.000000 0.000000 0.764464 0.644666
976054985.687284 12.901100 -18.924900 0.000000 0.000000 0.000000 0.764464 0.644666
976054985.707284 12.901100 -18.924900 0.000000 0.000000 0.000000 0.764464 0.644666
976054985.727284 12.901100 -18.924900 0.000000 0.000000 0.000000 0.764464 0.644666
976054985.897284 12.901100 -18.924900 0.000000 0.000000 0.000000 0.764464 0.644666
976054986.887284 12.901100 -18.924900 0.000000 0.000000 0.000000 0.764464 0.644666
976054987.927284 12.901100 -18.924900 0.000000 0.000000 0.000000 0.764464 0.644666
976054987.967284 12.895900 -18.892200 0.000000 0.000000 0.000000 0.756484 0.654012
976054989.247284 12.887800 -18.832600 0.000000 0.000000 0.000000 0.754469 0.656335
976054989.447284 12.830700 -18.430400 0.000000 0.000000 0.000000 0.748386 0.663264
976054989.787284 12.824000 -18.372500 0.000000 0.000000 0.000000 0.746346 0.665558
976054989.837284 12.820800 -18.348600 0.000000 0.000000 0.000000 0.744296 0.667850
976054990.647284 12.815700 -18.302600 0.000000 0.000000 0.000000 0.746346 0.665558
976054990.887284 12.787400 -18.063100 0.000000 0.000000 0.000000 0.746346 0.665558
976054990.937284 12.781200 -18.012200 0.000000 0.000000 0.000000 0.740178 0.672411
976054991.267284 12.776800 -17.954800 0.000000 0.000000 0.000000 0.729763 0.683700
976054991.357284 12.697900 -17.968600 0.000000 0.000000 0.000000 0.751676 0.659532
976054992.767284 12.694400 -17.938000 0.000000 0.000000 0.000000 0.741458 0.671000
976054992.777284 12.693900 -17.649200 0.000000 0.000000 0.000000 0.694439 0.719552
976054992.907284 12.698900 -17.535900 0.000000 0.000000 0.000000 0.687775 0.725924
976054993.187284 12.701500 -17.480800 0.000000 0.000000 0.000000 0.685540 0.728035
976054993.317284 12.705500 -17.420900 0.000000 0.000000 0.000000 0.683302 0.730136
976054993.677284 12.709300 -17.363200 0.000000 0.000000 0.000000 0.678802 0.734321
976054993.847284 12.719000 -17.248200 0.000000 0.000000 0.000000 0.672003 0.740549
976054994.247284 12.724900 -17.187600 0.000000 0.000000 0.000000 0.672003 0.740549
976054994.457284 12.736600 -17.075100 0.000000 0.000000 0.000000 0.669726 0.742608
976054994.797284 12.742400 -17.019900 0.000000 0.000000 0.000000 0.669726 0.742608
976054994.847284 12.765700 -17.018800 0.000000 0.000000 0.000000 0.684338 0.729165
976054996.347284 12.770100 -16.957700 0.000000 0.000000 0.000000 0.684338 0.729165
976054996.547284 12.794300 -16.553200 0.000000 0.000000 0.000000 0.682096 0.731263
976054996.797284 12.797700 -16.500000 0.000000 0.000000 0.000000 0.684338 0.729165
976054996.887284 12.801500 -16.440200 0.000000 0.000000 0.000000 0.682096 0.731263
976054997.547284 12.805400 -16.380400 0.000000 0.000000 0.000000 0.682096 0.731263
976054997.717284 12.816000 -16.209000 0.000000 0.000000 0.000000 0.684338 0.729165
976054997.847284 12.818700 -16.151800 0.000000 0.000000 0.000000 0.684338 0.729165
976054998.247284 12.822600 -16.092000 0.000000 0.000000 0.000000 0.684338 0.729165
976054998.557284 12.813700 -16.045700 0.000000 0.000000 0.000000 0.707119 0.707095
976054999.927284 12.814200 -15.991100 0.000000 0.000000 0.000000 0.704945 0.709262
976054999.937284 12.814600 -15.934300 0.000000 0.000000 0.000000 0.700573 0.713581
976054999.947284 12.817900 -15.816300 0.000000 0.000000 0.000000 0.693964 0.720010
976055000.107284 12.829200 -15.585700 0.000000 0.000000 0.000000 0.682820 0.730587
976055000.317284 12.834200 -15.524500 0.000000 0.000000 0.000000 0.680573 0.732680
976055000.457284 12.838300 -15.466000 0.000000 0.000000 0.000000 0.680573 0.732680
976055000.787284 12.841900 -15.413300 0.000000 0.000000 0.000000 0.678317 0.734769
976055000.857284 12.846800 -15.356500 0.000000 0.000000 0.000000 0.676058 0.736848
976055001.197284 12.852300 -15.296300 0.000000 0.000000 0.000000 0.673789 0.738924
976055001.247284 12.857300 -15.235100 0.000000 0.000000 0.000000 0.676058 0.736848
976055001.757284 12.862200 -15.178300 0.000000 0.000000 0.000000 0.676058 0.736848
976055001.767284 12.866700 -15.125200 0.000000 0.000000 0.000000 0.676058 0.736848
976055001.887284 12.871100 -15.069800 0.000000 0.000000 0.000000 0.676058 0.736848
976055003.287284 12.856800 -14.974900 0.000000 0.000000 0.000000 0.702323 0.711859
976055003.447284 12.861300 -14.567400 0.000000 0.000000 0.000000 0.702323 0.711859
976055003.777284 12.862900 -14.512700 0.000000 0.000000 0.000000 0.700134 0.714012
976055003.847284 12.863500 -14.454000 0.000000 0.000000 0.000000 0.700134 0.714012
976055004.177284 12.864900 -14.394900 0.000000 0.000000 0.000000 0.697935 0.716161
976055004.247284 12.866400 -14.337900 0.000000 0.000000 0.000000 0.695733 0.718300
976055004.587284 12.867900 -14.281000 0.000000 0.000000 0.000000 0.693521 0.720436
976055004.667284 12.870200 -14.221400 0.000000 0.000000 0.000000 0.691306 0.722562
976055005.917284 12.873400 -14.161300 0.000000 0.000000 0.000000 0.689081 0.724684
976055005.927284 12.876300 -14.104700 0.000000 0.000000 0.000000 0.686853 0.726796
976055006.667284 12.882400 -13.990300 0.000000 0.000000 0.000000 0.684615 0.728905
976055006.687284 12.869700 -13.962800 0.000000 0.000000 0.000000 0.705955 0.708257
976055006.957284 12.870700 -13.615800 0.000000 0.000000 0.000000 0.705955 0.708257
976055007.197284 12.870400 -13.560100 0.000000 0.000000 0.000000 0.708129 0.706083
976055007.267284 12.869600 -13.503500 0.000000 0.000000 0.000000 0.710297 0.703902
976055007.597284 12.869100 -13.441900 0.000000 0.000000 0.000000 0.710297 0.703902
976055007.647284 12.868300 -13.381700 0.000000 0.000000 0.000000 0.708129 0.706083
976055008.277284 12.867400 -13.328700 0.000000 0.000000 0.000000 0.708129 0.706083
976055008.567284 12.867500 -13.210800 0.000000 0.000000 0.000000 0.705955 0.708257
976055008.657284 12.867300 -13.094300 0.000000 0.000000 0.000000 0.703777 0.710421
976055010.747284 12.867800 -13.038000 0.000000 0.000000 0.000000 0.703777 0.710421
976055010.767284 12.868700 -12.980300 0.000000 0.000000 0.000000 0.701589 0.712582
976055010.777284 12.877600 -12.946200 0.000000 0.000000 0.000000 0.720487 0.693468
976055010.787284 12.873800 -12.831100 0.000000 0.000000 0.000000 0.718352 0.695680
976055010.797284 12.871700 -12.774300 0.000000 0.000000 0.000000 0.718352 0.695680
976055010.807284 12.869400 -12.715300 0.000000 0.000000 0.000000 0.718352 0.695680
976055011.917284 12.861500 -12.486600 0.000000 0.000000 0.000000 0.718352 0.695680
976055011.927284 12.859000 -12.424000 0.000000 0.000000 0.000000 0.720487 0.693468
976055012.267284 12.846300 -12.161600 0.000000 0.000000 0.000000 0.724735 0.689028
976055012.437284 12.840500 -12.050500 0.000000 0.000000 0.000000 0.720487 0.693468
976055013.837284 12.839800 -12.022500 0.000000 0.000000 0.000000 0.720487 0.693468
976055013.857284 12.837400 -11.963500 0.000000 0.000000 0.000000 0.720487 0.693468
976055014.447284 12.771900 -11.525100 0.000000 0.000000 0.000000 0.728962 0.684554
976055014.867284 12.762700 -11.384400 0.000000 0.000000 0.000000 0.731061 0.682313
976055014.947284 12.754700 -11.270100 0.000000 0.000000 0.000000 0.728962 0.684554
976055015.537284 12.750600 -11.213600 0.000000 0.000000 0.000000 0.728962 0.684554
976055015.767284 12.740600 -11.065700 0.000000 0.000000 0.000000 0.731061 0.682313
976055017.577284 12.737000 -11.011400 0.000000 0.000000 0.000000 0.733155 0.680061
976055017.757284 12.732300 -10.954200 0.000000 0.000000 0.000000 0.735240 0.677807
976055017.767284 12.671200 -10.617400 0.000000 0.000000 0.000000 0.752503 0.658588
976055017.787284 12.661100 -10.537800 0.000000 0.000000 0.000000 0.748442 0.663200
976055018.837284 12.654500 -10.481000 0.000000 0.000000 0.000000 0.748442 0.663200
976055019.267284 12.615100 -10.193200 0.000000 0.000000 0.000000 0.754522 0.656275
976055019.277284 12.606500 -10.134100 0.000000 0.000000 0.000000 0.756536 0.653952
976055019.347284 12.597800 -10.076600 0.000000 0.000000 0.000000 0.758540 0.651626
976055019.937284 12.589100 -10.019000 0.000000 0.000000 0.000000 0.760540 0.649291
976055019.947284 12.589100 -9.964490 0.000000 0.000000 0.000000 0.774633 0.632411
976055021.487284 12.577800 -9.907910 0.000000 0.000000 0.000000 0.774633 0.632411
976055021.547284 12.566600 -9.852740 0.000000 0.000000 0.000000 0.774633 0.632411
976055021.557284 12.503400 -9.510410 0.000000 0.000000 0.000000 0.762841 0.646587
976055021.757284 12.494300 -9.453130 0.000000 0.000000 0.000000 0.760852 0.648925
976055022.657284 12.484500 -9.395130 0.000000 0.000000 0.000000 0.758853 0.651262
976055022.787284 12.452300 -9.164570 0.000000 0.000000 0.000000 0.750792 0.660539
976055023.277284 12.445300 -9.109410 0.000000 0.000000 0.000000 0.750792 0.660539
976055023.287284 12.438300 -9.052830 0.000000 0.000000 0.000000 0.750792 0.660539
976055023.357284 12.429900 -8.993420 0.000000 0.000000 0.000000 0.750792 0.660539
976055023.907284 12.406100 -8.956650 0.000000 0.000000 0.000000 0.765218 0.643771
976055023.917284 12.396600 -8.900440 0.000000 0.000000 0.000000 0.763235 0.646121
976055023.977284 12.387300 -8.847050 0.000000 0.000000 0.000000 0.761248 0.648461
976055025.627284 12.378400 -8.788690 0.000000 0.000000 0.000000 0.757249 0.653127
976055025.757284 12.316900 -8.329160 0.000000 0.000000 0.000000 0.745077 0.666979
976055026.117284 12.310900 -8.272090 0.000000 0.000000 0.000000 0.743026 0.669263
976055026.167284 12.304100 -8.211520 0.000000 0.000000 0.000000 0.743026 0.669263
976055026.677284 12.298000 -8.153030 0.000000 0.000000 0.000000 0.745077 0.666979
976055026.807284 12.283900 -8.039690 0.000000 0.000000 0.000000 0.747124 0.664684
976055027.287284 12.277300 -7.983350 0.000000 0.000000 0.000000 0.749161 0.662388
976055027.347284 12.255600 -7.946750 0.000000 0.000000 0.000000 0.779160 0.626825
976055027.357284 12.243200 -7.889950 0.000000 0.000000 0.000000 0.775294 0.631601
976055027.957284 12.232100 -7.832950 0.000000 0.000000 0.000000 0.773348 0.633982
976055027.967284 12.220700 -7.778150 0.000000 0.000000 0.000000 0.771398 0.636353
976055028.167284 12.198700 -7.664160 0.000000 0.000000 0.000000 0.769437 0.638722
976055029.647284 12.187500 -7.605760 0.000000 0.000000 0.000000 0.767473 0.641081
976055029.797284 12.121400 -7.208780 0.000000 0.000000 0.000000 0.759533 0.650469
976055030.117284 12.112000 -7.152980 0.000000 0.000000 0.000000 0.757533 0.652797
976055030.157284 12.104000 -7.096980 0.000000 0.000000 0.000000 0.755522 0.655124
976055030.697284 12.095000 -7.038980 0.000000 0.000000 0.000000 0.755522 0.655124
976055030.767284 12.046500 -6.961430 0.000000 0.000000 0.000000 0.768913 0.639353
976055031.297284 12.035600 -6.904480 0.000000 0.000000 0.000000 0.768913 0.639353
976055031.357284 12.013200 -6.791420 0.000000 0.000000 0.000000 0.772831 0.634612
976055031.917284 12.001200 -6.732530 0.000000 0.000000 0.000000 0.772831 0.634612
976055031.937284 11.990000 -6.674200 0.000000 0.000000 0.000000 0.770876 0.636985
976055031.957284 11.979600 -6.620030 0.000000 0.000000 0.000000 0.770876 0.636985
976055033.497284 11.968900 -6.564480 0.000000 0.000000 0.000000 0.768913 0.639353
976055033.557284 11.958500 -6.506710 0.000000 0.000000 0.000000 0.766947 0.641710
976055033.767284 11.896200 -6.103220 0.000000 0.000000 0.000000 0.750940 0.660370
976055034.167284 11.889500 -6.045480 0.000000 0.000000 0.000000 0.750940 0.660370
976055034.337284 11.859500 -5.987160 0.000000 0.000000 0.000000 0.770710 0.637186
976055034.767284 11.854000 -5.957180 0.000000 0.000000 0.000000 0.768747 0.639553
976055034.787284 11.842500 -5.898080 0.000000 0.000000 0.000000 0.768747 0.639553
976055034.897284 11.831800 -5.841720 0.000000 0.000000 0.000000 0.768747 0.639553
976055035.457284 11.821000 -5.785350 0.000000 0.000000 0.000000 0.768747 0.639553
976055035.507284 11.810400 -5.726760 0.000000 0.000000 0.000000 0.768747 0.639553
976055035.727284 11.788500 -5.612660 0.000000 0.000000 0.000000 0.768747 0.639553
976055036.217284 11.777200 -5.557150 0.000000 0.000000 0.000000 0.768747 0.639553
976055036.257284 11.756800 -5.440480 0.000000 0.000000 0.000000 0.762821 0.646609
976055037.927284 11.747400 -5.383760 0.000000 0.000000 0.000000 0.760829 0.648952
976055037.937284 11.695100 -5.011040 0.000000 0.000000 0.000000 0.750769 0.660565
976055037.977284 11.647300 -4.983170 0.000000 0.000000 0.000000 0.773063 0.634330
976055038.307284 11.635000 -4.924630 0.000000 0.000000 0.000000 0.773063 0.634330
976055038.337284 11.623200 -4.867440 0.000000 0.000000 0.000000 0.773063 0.634330
976055038.537284 11.612700 -4.812020 0.000000 0.000000 0.000000 0.773063 0.634330
976055039.187284 11.600900 -4.757050 0.000000 0.000000 0.000000 0.773063 0.634330
976055039.197284 11.595400 -4.727560 0.000000 0.000000 0.000000 0.775006 0.631954
976055039.737284 11.570300 -4.611380 0.000000 0.000000 0.000000 0.776946 0.629567
976055039.857284 11.533900 -4.441580 0.000000 0.000000 0.000000 0.773063 0.634330
976055040.367284 11.528500 -4.414320 0.000000 0.000000 0.000000 0.773063 0.634330
976055040.417284 11.506600 -4.303040 0.000000 0.000000 0.000000 0.769150 0.639068
976055042.297284 11.495200 -4.244950 0.000000 0.000000 0.000000 0.769150 0.639068
976055042.307284 11.484200 -4.185960 0.000000 0.000000 0.000000 0.769150 0.639068
976055042.317284 11.474600 -4.130990 0.000000 0.000000 0.000000 0.767181 0.641430
976055042.327284 11.464100 -4.075570 0.000000 0.000000 0.000000 0.767181 0.641430
976055042.337284 11.453200 -4.018820 0.000000 0.000000 0.000000 0.767181 0.641430
976055042.347284 11.473400 -3.991730 0.000000 0.000000 0.000000 0.792154 0.610321
976055042.557284 11.458500 -3.936490 0.000000 0.000000 0.000000 0.792154 0.610321
976055042.567284 11.443700 -3.881250 0.000000 0.000000 0.000000 0.792154 0.610321
976055042.707284 11.390400 -3.683090 0.000000 0.000000 0.000000 0.792154 0.610321
976055043.647284 11.376600 -3.630440 0.000000 0.000000 0.000000 0.790276 0.612750
976055043.687284 11.347500 -3.515880 0.000000 0.000000 0.000000 0.786496 0.617595
976055043.717284 11.333400 -3.458770 0.000000 0.000000 0.000000 0.784593 0.620011
976055043.897284 11.307400 -3.349760 0.000000 0.000000 0.000000 0.780769 0.624820
976055044.437284 11.294900 -3.291150 0.000000 0.000000 0.000000 0.776914 0.629606
976055044.527284 11.271100 -3.176550 0.000000 0.000000 0.000000 0.771076 0.636743
976055046.187284 11.261300 -3.122210 0.000000 0.000000 0.000000 0.769118 0.639107
976055046.197284 11.218700 -2.787790 0.000000 0.000000 0.000000 0.778552 0.627580
976055046.387284 11.194600 -2.675430 0.000000 0.000000 0.000000 0.780475 0.625187
976055046.757284 11.185700 -2.637340 0.000000 0.000000 0.000000 0.782394 0.622784
976055046.987284 11.183900 -2.630350 0.000000 0.000000 0.000000 0.782394 0.622784
976055047.337284 11.183900 -2.630350 0.000000 0.000000 0.000000 0.782394 0.622784
976055047.347284 11.183900 -2.630350 0.000000 0.000000 0.000000 0.784302 0.620379
976055047.497284 11.183900 -2.630350 0.000000 0.000000 0.000000 0.786206 0.617965
976055047.697284 11.184200 -2.632570 0.000000 0.000000 0.000000 0.793741 0.608256
976055047.897284 11.184200 -2.632570 0.000000 0.000000 0.000000 0.804822 0.593517
976055048.967284 11.184800 -2.633850 0.000000 0.000000 0.000000 0.824419 0.565980
976055050.487284 11.141000 -2.660300 0.000000 0.000000 0.000000 0.927280 0.374369
976055050.497284 10.874800 -2.491900 0.000000 0.000000 0.000000 0.960413 0.278581
976055050.847284 10.836100 -2.467270 0.000000 0.000000 0.000000 0.962106 0.272674
976055050.927284 10.782600 -2.433700 0.000000 0.000000 0.000000 0.960413 0.278581
976055051.457284 10.719600 -2.394300 0.000000 0.000000 0.000000 0.960413 0.278581
976055051.827284 10.668500 -2.362750 0.000000 0.000000 0.000000 0.960413 0.278581
976055052.217284 10.627300 -2.336100 0.000000 0.000000 0.000000 0.960413 0.278581
976055052.327284 10.424900 -2.205240 0.000000 0.000000 0.000000 0.957803 0.287424
976055052.807284 10.385100 -2.178020 0.000000 0.000000 0.000000 0.955114 0.296238
976055052.937284 10.297600 -2.113080 0.000000 0.000000 0.000000 0.939401 0.342819
976055054.437284 10.266400 -2.192300 0.000000 0.000000 0.000000 0.955196 0.295975
976055054.497284 9.962690 -1.921610 0.000000 0.000000 0.000000 0.928529 0.371261
976055054.867284 9.922490 -1.883740 0.000000 0.000000 0.000000 0.929666 0.368404
976055054.897284 9.881510 -1.844690 0.000000 0.000000 0.000000 0.929666 0.368404
976055055.267284 9.839350 -1.806420 0.000000 0.000000 0.000000 0.930793 0.365548
976055055.297284 9.795640 -1.765790 0.000000 0.000000 0.000000 0.931912 0.362684
976055055.527284 9.753480 -1.727520 0.000000 0.000000 0.000000 0.931912 0.362684
976055055.977284 9.714640 -1.692990 0.000000 0.000000 0.000000 0.933021 0.359821
976055056.957284 9.628560 -1.615060 0.000000 0.000000 0.000000 0.933021 0.359821
976055058.327284 9.483660 -1.484500 0.000000 0.000000 0.000000 0.937556 0.347835
976055058.337284 9.212030 -1.176520 0.000000 0.000000 0.000000 0.900222 0.435430
976055058.497284 9.176040 -1.131050 0.000000 0.000000 0.000000 0.901555 0.432665
976055058.877284 9.142450 -1.089950 0.000000 0.000000 0.000000 0.900222 0.435430
976055058.907284 9.107300 -1.045600 0.000000 0.000000 0.000000 0.900222 0.435430
976055059.117284 9.068610 -0.997723 0.000000 0.000000 0.000000 0.900222 0.435430
976055059.487284 9.032760 -0.951251 0.000000 0.000000 0.000000 0.900222 0.435430
976055059.507284 8.995770 -0.905637 0.000000 0.000000 0.000000 0.900222 0.435430
976055059.767284 8.960480 -0.862282 0.000000 0.000000 0.000000 0.901555 0.432665
976055060.147284 8.924350 -0.817793 0.000000 0.000000 0.000000 0.901555 0.432665
976055060.317284 8.866360 -0.706240 0.000000 0.000000 0.000000 0.921729 0.387835
976055060.807284 8.825330 -0.664220 0.000000 0.000000 0.000000 0.921729 0.387835
976055061.427284 8.744220 -0.581231 0.000000 0.000000 0.000000 0.921729 0.387835
976055062.597284 8.704090 -0.541260 0.000000 0.000000 0.000000 0.921729 0.387835
976055062.607284 8.465430 -0.299520 0.000000 0.000000 0.000000 0.924095 0.382163
976055062.667284 8.401430 -0.235372 0.000000 0.000000 0.000000 0.922915 0.385003
976055063.327284 8.357500 -0.191208 0.000000 0.000000 0.000000 0.922915 0.385003
976055063.337284 8.317380 -0.151236 0.000000 0.000000 0.000000 0.922915 0.385003
976055063.547284 8.239070 -0.072388 0.000000 0.000000 0.000000 0.922915 0.385003
976055063.557284 8.197050 -0.030320 0.000000 0.000000 0.000000 0.924095 0.382163
976055064.747284 8.162350 -0.021093 0.000000 0.000000 0.000000 0.941516 0.336970
976055064.757284 8.139400 -0.002191 0.000000 0.000000 0.000000 0.941516 0.336970
976055064.927284 7.915140 0.182080 0.000000 0.000000 0.000000 0.941516 0.336970
976055066.407284 7.872380 0.217033 0.000000 0.000000 0.000000 0.941516 0.336970
976055066.467284 7.829620 0.251990 0.000000 0.000000 0.000000 0.941516 0.336970
976055066.567284 7.536800 0.486971 0.000000 0.000000 0.000000 0.945586 0.325373
976055066.837284 7.513850 0.505874 0.000000 0.000000 0.000000 0.946582 0.322464
976055066.917284 7.466050 0.541585 0.000000 0.000000 0.000000 0.946582 0.322464
976055067.317284 7.419250 0.577341 0.000000 0.000000 0.000000 0.947567 0.319556
976055067.347284 7.372270 0.545279 0.000000 0.000000 0.000000 0.963185 0.268838
976055067.587284 7.324410 0.574507 0.000000 0.000000 0.000000 0.963185 0.268838
976055067.997284 7.283370 0.598688 0.000000 0.000000 0.000000 0.963185 0.268838
976055068.117284 7.265620 0.609167 0.000000 0.000000 0.000000 0.965622 0.259951
976055068.617284 7.267750 0.608476 0.000000 0.000000 0.000000 0.967978 0.251037
976055068.627284 7.267750 0.608476 0.000000 0.000000 0.000000 0.970990 0.239122
976055068.677284 7.266610 0.609316 0.000000 0.000000 0.000000 0.977230 0.212181
976055070.367284 7.266610 0.609316 0.000000 0.000000 0.000000 0.985451 0.169957
976055070.377284 7.253030 0.561163 0.000000 0.000000 0.000000 -0.999997 0.002331
976055070.477284 7.246060 0.560538 0.000000 0.000000 0.000000 0.999976 0.006886
976055070.817284 7.221890 0.561380 0.000000 0.000000 0.000000 0.999950 0.009961
976055070.877284 7.159510 0.562811 0.000000 0.000000 0.000000 0.999915 0.013031
976055071.217284 7.072960 0.565090 0.000000 0.000000 0.000000 0.999870 0.016106
976055071.457284 7.009590 0.566429 0.000000 0.000000 0.000000 0.999870 0.016106
976055071.807284 6.963230 0.568294 0.000000 0.000000 0.000000 0.999752 0.022249
976055071.887284 6.859310 0.574031 0.000000 0.000000 0.000000 0.999679 0.025319
976055072.347284 6.789780 0.576829 0.000000 0.000000 0.000000 0.999752 0.022249
976055072.477284 6.671910 0.581314 0.000000 0.000000 0.000000 0.999915 0.013031
976055074.947284 6.625640 0.582184 0.000000 0.000000 0.000000 0.999950 0.009961
976055074.967284 6.570330 0.583247 0.000000 0.000000 0.000000 0.999976 0.006886
976055074.977284 6.502060 0.583147 0.000000 0.000000 0.000000 1.000000 0.000741
976055074.987284 6.437780 0.583405 0.000000 0.000000 0.000000 1.000000 0.000741
976055074.997284 6.385630 0.582744 0.000000 0.000000 0.000000 1.000000 0.000741
976055075.967284 5.978180 0.434541 0.000000 0.000000 0.000000 -0.999977 0.006791
976055076.647284 5.806380 0.431914 0.000000 0.000000 0.000000 -0.999993 0.003716
976055076.757284 5.750290 0.431954 0.000000 0.000000 0.000000 0.999997 0.002426
976055076.777284 5.689100 0.431993 0.000000 0.000000 0.000000 0.999985 0.005501
976055077.667284 5.625760 0.432628 0.000000 0.000000 0.000000 0.999932 0.011646
976055077.717284 5.568300 0.434429 0.000000 0.000000 0.000000 0.999932 0.011646
976055077.727284 5.228820 0.434074 0.000000 0.000000 0.000000 -0.999916 0.012936
976055077.907284 5.230600 0.403642 0.000000 0.000000 0.000000 -0.998631 0.052302
976055078.137284 5.171330 0.396616 0.000000 0.000000 0.000000 -0.998291 0.058438
976055078.337284 5.113990 0.390123 0.000000 0.000000 0.000000 -0.997913 0.064571
976055078.617284 5.058150 0.381972 0.000000 0.000000 0.000000 -0.997497 0.070707
976055078.677284 5.002310 0.373813 0.000000 0.000000 0.000000 -0.997275 0.073769
976055079.117284 4.943570 0.364864 0.000000 0.000000 0.000000 -0.997275 0.073769
976055079.287284 4.829960 0.348019 0.000000 0.000000 0.000000 -0.997275 0.073769
976055079.747284 4.773150 0.339602 0.000000 0.000000 0.000000 -0.997275 0.073769
976055079.877284 4.656640 0.321963 0.000000 0.000000 0.000000 -0.997275 0.073769
976055081.457284 4.602720 0.314339 0.000000 0.000000 0.000000 -0.997710 0.067640
976055081.467284 4.371570 0.302396 0.000000 0.000000 0.000000 0.999700 0.024489
976055081.517284 4.333130 0.341080 0.000000 0.000000 0.000000 -0.999958 0.009141
976055081.727284 4.275900 0.340120 0.000000 0.000000 0.000000 -0.999958 0.009141
976055081.887284 4.220880 0.338926 0.000000 0.000000 0.000000 -0.999958 0.009141
976055082.307284 4.163990 0.337027 0.000000 0.000000 0.000000 -0.999883 0.015286
976055082.477284 4.044240 0.332091 0.000000 0.000000 0.000000 -0.999700 0.024499
976055082.937284 3.987700 0.329253 0.000000 0.000000 0.000000 -0.999530 0.030647
976055082.947284 3.932440 0.325833 0.000000 0.000000 0.000000 -0.999431 0.033715
976055083.867284 3.874370 0.321366 0.000000 0.000000 0.000000 -0.999205 0.039856
976055085.347284 3.644670 0.302326 0.000000 0.000000 0.000000 -0.999205 0.039856
976055085.367284 3.469520 0.288578 0.000000 0.000000 0.000000 -0.999431 0.033715
976055085.437284 3.208940 0.275150 0.000000 0.000000 0.000000 -0.999832 0.018355
976055085.647284 3.186080 0.244741 0.000000 0.000000 0.000000 -0.998745 0.050090
976055085.797284 3.126320 0.238564 0.000000 0.000000 0.000000 -0.998745 0.050090
976055086.687284 3.068370 0.233213 0.000000 0.000000 0.000000 -0.998894 0.047024
976055086.827284 2.837920 0.211311 0.000000 0.000000 0.000000 -0.998745 0.050090
976055087.277284 2.780390 0.205049 0.000000 0.000000 0.000000 -0.998586 0.053161
976055087.377284 2.665740 0.191614 0.000000 0.000000 0.000000 -0.998053 0.062366
976055088.977284 2.608630 0.184439 0.000000 0.000000 0.000000 -0.997651 0.068498
976055088.987284 2.290670 0.144907 0.000000 0.000000 0.000000 -0.999164 0.040885
976055089.587284 2.292620 0.124897 0.000000 0.000000 0.000000 -0.999533 0.030572
976055089.807284 2.142570 0.115110 0.000000 0.000000 0.000000 -0.999622 0.027498
976055089.817284 2.087630 0.111864 0.000000 0.000000 0.000000 -0.999772 0.021355
976055090.287284 2.033100 0.109973 0.000000 0.000000 0.000000 -0.999833 0.018285
976055090.297284 1.974570 0.107082 0.000000 0.000000 0.000000 -0.999833 0.018285
976055090.447284 1.912450 0.104544 0.000000 0.000000 0.000000 -0.999772 0.021355
976055090.827284 1.853920 0.101654 0.000000 0.000000 0.000000 -0.999772 0.021355
976055090.847284 1.799390 0.099761 0.000000 0.000000 0.000000 -0.999833 0.018285
976055090.937284 1.743980 0.097399 0.000000 0.000000 0.000000 -0.999702 0.024429
976055092.607284 1.715390 0.095752 0.000000 0.000000 0.000000 -0.999622 0.027498
976055092.617284 1.653330 0.090975 0.000000 0.000000 0.000000 -0.999434 0.033645
976055092.627284 1.333750 0.063281 0.000000 0.000000 0.000000 -0.998945 0.045925
976055092.777284 1.244650 0.044494 0.000000 0.000000 0.000000 -0.997786 0.066512
976055093.117284 1.186490 0.036602 0.000000 0.000000 0.000000 -0.997985 0.063444
976055093.177284 1.129700 0.028368 0.000000 0.000000 0.000000 -0.998175 0.060380
976055093.507284 1.074980 0.022522 0.000000 0.000000 0.000000 -0.998356 0.057310
976055093.617284 1.017160 0.016004 0.000000 0.000000 0.000000 -0.998690 0.051174
976055094.857284 0.955746 0.009667 0.000000 0.000000 0.000000 -0.998985 0.045036
976055094.977284 0.896907 0.004867 0.000000 0.000000 0.000000 -0.999243 0.038897
976055096.397284 0.609589 -0.015048 0.000000 0.000000 0.000000 -0.999358 0.035824
976055096.407284 0.440623 -0.028444 0.000000 0.000000 0.000000 -0.999119 0.041964
976055096.577284 0.238970 -0.044054 0.000000 0.000000 0.000000 -0.999226 0.039341
976055096.857284 0.180474 -0.048548 0.000000 0.000000 0.000000 -0.999449 0.033200
976055097.667284 0.124197 -0.052755 0.000000 0.000000 0.000000 -0.999342 0.036268
976055097.807284 -0.049635 -0.065115 0.000000 0.000000 0.000000 -0.999546 0.030127
976055097.937284 -0.123940 -0.069423 0.000000 0.000000 0.000000 -0.999449 0.033200
976055098.467284 -0.120337 -0.069398 0.000000 0.000000 0.000000 -0.999449 0.033200
976055098.537284 -0.120337 -0.069398 0.000000 0.000000 0.000000 -0.999449 0.033200
976055100.137284 -0.120337 -0.069398 0.000000 0.000000 0.000000 -0.999449 0.033200
976055100.197284 -0.120337 -0.069398 0.000000 0.000000 0.000000 -0.999449 0.033200
976055100.207284 -0.120337 -0.069398 0.000000 0.000000 0.000000 -0.999449 0.033200
976055100.337284 -0.120337 -0.069398 0.000000 0.000000 0.000000 -0.999100 0.042414
976055100.617284 -0.119508 -0.068839 0.000000 0.000000 0.000000 -0.998331 0.057754
976055100.817284 -0.117290 -0.068551 0.000000 0.000000 0.000000 -0.997096 0.076153
976055101.147284 -0.117290 -0.068551 0.000000 0.000000 0.000000 -0.996352 0.085337
976055101.447284 -0.117290 -0.068551 0.000000 0.000000 0.000000 -0.996352 0.085337
976055101.747284 -0.117290 -0.068551 0.000000 0.000000 0.000000 -0.996352 0.085337
976055101.947284 -0.131422 -0.070851 0.000000 0.000000 0.000000 -0.997756 0.066956
976055102.147284 -0.174937 -0.076090 0.000000 0.000000 0.000000 -0.998667 0.051618
976055102.467284 -0.255044 -0.084314 0.000000 0.000000 0.000000 -0.998821 0.048552
976055102.557284 -0.332109 -0.091684 0.000000 0.000000 0.000000 -0.998821 0.048552
976055102.857284 -0.385611 -0.096426 0.000000 0.000000 0.000000 -0.999100 0.042414
976055102.937284 -0.431074 -0.100568 0.000000 0.000000 0.000000 -0.999342 0.036268
976055104.527284 -0.478755 -0.104999 0.000000 0.000000 0.000000 -0.999100 0.042414
976055104.587284 -0.543899 -0.110367 0.000000 0.000000 0.000000 -0.998965 0.045481
976055104.597284 -0.850770 -0.198957 0.000000 0.000000 0.000000 -0.995746 0.092145
976055104.777284 -0.910025 -0.210529 0.000000 0.000000 0.000000 -0.995161 0.098263
976055105.597284 -0.962694 -0.220818 0.000000 0.000000 0.000000 -0.995161 0.098263
976055105.617284 -1.136070 -0.254677 0.000000 0.000000 0.000000 -0.995746 0.092145
976055105.967284 -1.195320 -0.266252 0.000000 0.000000 0.000000 -0.995746 0.092145
976055105.997284 -1.250190 -0.276966 0.000000 0.000000 0.000000 -0.995746 0.092145
976055106.187284 -1.302070 -0.286645 0.000000 0.000000 0.000000 -0.996293 0.086025
976055106.677284 -1.362540 -0.296631 0.000000 0.000000 0.000000 -0.996553 0.082961
976055106.737284 -1.481910 -0.315388 0.000000 0.000000 0.000000 -0.997275 0.073774
976055108.477284 -1.524830 -0.321948 0.000000 0.000000 0.000000 -0.997275 0.073774
976055108.507284 -1.542990 -0.324586 0.000000 0.000000 0.000000 -0.997044 0.076836
976055108.517284 -1.541590 -0.324767 0.000000 0.000000 0.000000 -0.996024 0.089083
976055108.537284 -1.540800 -0.324157 0.000000 0.000000 0.000000 -0.994854 0.101322
976055108.867284 -1.539400 -0.324338 0.000000 0.000000 0.000000 -0.992063 0.125743
976055108.937284 -1.538600 -0.323728 0.000000 0.000000 0.000000 -0.986250 0.165260
976055109.347284 -1.543170 -0.325988 0.000000 0.000000 0.000000 -0.972834 0.231502
976055109.547284 -1.550710 -0.325187 0.000000 0.000000 0.000000 -0.958535 0.284976
976055109.957284 -1.551550 -0.325727 0.000000 0.000000 0.000000 -0.951240 0.308453
976055109.977284 -1.551550 -0.325727 0.000000 0.000000 0.000000 -0.931622 0.363429
976055110.137284 -1.550710 -0.325187 0.000000 0.000000 0.000000 -0.906247 0.422749
976055110.547284 -1.550710 -0.325187 0.000000 0.000000 0.000000 -0.888642 0.458602
976055110.577284 -1.491030 -0.367811 0.000000 0.000000 0.000000 -0.866746 0.498750
976055110.737284 -1.491840 -0.368391 0.000000 0.000000 0.000000 -0.837848 0.545903
976055112.437284 -1.492890 -0.370365 0.000000 0.000000 0.000000 -0.806389 0.591386
976055112.447284 -1.467480 -0.372863 0.000000 0.000000 0.000000 -0.713216 0.700945
976055112.557284 -1.468620 -0.406683 0.000000 0.000000 0.000000 -0.723897 0.689908
976055112.887284 -1.472070 -0.466799 0.000000 0.000000 0.000000 -0.726016 0.687678
976055112.927284 -1.476170 -0.552146 0.000000 0.000000 0.000000 -0.721776 0.692127
976055113.397284 -1.477920 -0.588726 0.000000 0.000000 0.000000 -0.721776 0.692127
976055113.477284 -1.483010 -0.691247 0.000000 0.000000 0.000000 -0.730228 0.683204
976055114.367284 -1.485880 -0.739172 0.000000 0.000000 0.000000 -0.728123 0.685446
976055114.567284 -1.490050 -0.805656 0.000000 0.000000 0.000000 -0.728123 0.685446
976055114.577284 -1.494850 -0.874892 0.000000 0.000000 0.000000 -0.730228 0.683204
976055114.687284 -1.500320 -0.959930 0.000000 0.000000 0.000000 -0.736496 0.676442
976055114.697284 -1.504890 -1.008920 0.000000 0.000000 0.000000 -0.738569 0.674178
976055114.757284 -1.510790 -1.067030 0.000000 0.000000 0.000000 -0.740638 0.671904
976055116.647284 -1.516880 -1.132350 0.000000 0.000000 0.000000 -0.744753 0.667340
976055116.657284 -1.403040 -1.467470 0.000000 0.000000 0.000000 -0.700241 0.713907
976055116.867284 -1.398760 -1.690010 0.000000 0.000000 0.000000 -0.702433 0.711750
976055117.147284 -1.398260 -1.721890 0.000000 0.000000 0.000000 -0.704615 0.709590
976055117.217284 -1.398370 -1.779950 0.000000 0.000000 0.000000 -0.706793 0.707420
976055117.527284 -1.398200 -1.832350 0.000000 0.000000 0.000000 -0.708962 0.705247
976055117.607284 -1.398990 -1.889660 0.000000 0.000000 0.000000 -0.711127 0.703064
976055117.857284 -1.399320 -1.951950 0.000000 0.000000 0.000000 -0.711127 0.703064
976055117.957284 -1.400170 -2.010670 0.000000 0.000000 0.000000 -0.717579 0.696477
976055118.347284 -1.401630 -2.067240 0.000000 0.000000 0.000000 -0.715434 0.698680
976055118.367284 -1.402940 -2.120980 0.000000 0.000000 0.000000 -0.715434 0.698680
976055120.137284 -1.404550 -2.180370 0.000000 0.000000 0.000000 -0.719714 0.694271
976055120.187284 -1.407240 -2.247500 0.000000 0.000000 0.000000 -0.717579 0.696477
976055120.197284 -1.396020 -2.469070 0.000000 0.000000 0.000000 -0.713054 0.701109
976055120.357284 -1.400090 -2.644400 0.000000 0.000000 0.000000 -0.715207 0.698913
976055120.687284 -1.401190 -2.700260 0.000000 0.000000 0.000000 -0.717353 0.696710
976055120.857284 -1.403640 -2.746200 0.000000 0.000000 0.000000 -0.721620 0.692289
976055121.687284 -1.405420 -2.797100 0.000000 0.000000 0.000000 -0.721620 0.692289
976055122.137284 -1.418480 -3.044500 0.000000 0.000000 0.000000 -0.732168 0.681124
976055122.147284 -1.423110 -3.099630 0.000000 0.000000 0.000000 -0.734259 0.678869
976055122.187284 -1.427770 -3.158990 0.000000 0.000000 0.000000 -0.738417 0.674344
976055123.867284 -1.433870 -3.221180 0.000000 0.000000 0.000000 -0.740487 0.672070
976055123.877284 -1.445280 -3.334940 0.000000 0.000000 0.000000 -0.746649 0.665218
976055123.977284 -1.367500 -3.624680 0.000000 0.000000 0.000000 -0.748412 0.663234
976055124.227284 -1.372190 -3.663810 0.000000 0.000000 0.000000 -0.748412 0.663234
976055124.457284 -1.373300 -3.670930 0.000000 0.000000 0.000000 -0.750448 0.660929
976055124.697284 -1.373360 -3.669520 0.000000 0.000000 0.000000 -0.752474 0.658622
976055124.757284 -1.372680 -3.668780 0.000000 0.000000 0.000000 -0.756507 0.653986
976055125.517284 -1.372680 -3.668780 0.000000 0.000000 0.000000 -0.762504 0.646983
976055125.607284 -1.372680 -3.668780 0.000000 0.000000 0.000000 -0.785838 0.618432
976055125.627284 -1.372750 -3.667370 0.000000 0.000000 0.000000 -0.798958 0.601387
976055125.767284 -1.372750 -3.667370 0.000000 0.000000 0.000000 -0.817055 0.576559
976055127.407284 -1.372750 -3.667370 0.000000 0.000000 0.000000 -0.834384 0.551183
976055127.467284 -1.372750 -3.667370 0.000000 0.000000 0.000000 -0.850923 0.525290
976055127.477284 -1.404020 -3.692310 0.000000 0.000000 0.000000 -0.902864 0.429926
976055127.667284 -1.405290 -3.693860 0.000000 0.000000 0.000000 -0.918098 0.396353
976055127.907284 -1.406570 -3.695400 0.000000 0.000000 0.000000 -0.930970 0.365096
976055127.997284 -1.407200 -3.696170 0.000000 0.000000 0.000000 -0.941746 0.336325
976055128.287284 -1.407840 -3.696940 0.000000 0.000000 0.000000 -0.950686 0.310155
976055128.367284 -1.409880 -3.697850 0.000000 0.000000 0.000000 -0.958022 0.286696
976055128.687284 -1.410510 -3.698620 0.000000 0.000000 0.000000 -0.964780 0.263059
976055128.767284 -1.461440 -3.691130 0.000000 0.000000 0.000000 -0.968668 0.248360
976055129.337284 -1.461440 -3.691130 0.000000 0.000000 0.000000 -0.975841 0.218480
976055129.367284 -1.461440 -3.691130 0.000000 0.000000 0.000000 -0.981510 0.191413
976055129.567284 -1.460030 -3.690970 0.000000 0.000000 0.000000 -0.989731 0.142945
976055131.317284 -1.459410 -3.690190 0.000000 0.000000 0.000000 -0.992945 0.118577
976055131.327284 -1.456600 -3.689860 0.000000 0.000000 0.000000 -0.997573 0.069635
976055131.337284 -1.481950 -3.645280 0.000000 0.000000 0.000000 0.998460 0.055473
976055131.367284 -1.540560 -3.637180 0.000000 0.000000 0.000000 0.996795 0.080001
976055131.647284 -1.621060 -3.624530 0.000000 0.000000 0.000000 0.997268 0.073874
976055131.767284 -1.689840 -3.614770 0.000000 0.000000 0.000000 0.997268 0.073874
976055132.257284 -1.738450 -3.606920 0.000000 0.000000 0.000000 0.996795 0.080001
976055132.377284 -1.840970 -3.594710 0.000000 0.000000 0.000000 0.999522 0.030916
976055132.887284 -1.910170 -3.593540 0.000000 0.000000 0.000000 -0.999996 0.002881
976055133.737284 -2.029930 -3.598280 0.000000 0.000000 0.000000 -0.999885 0.015171
976055135.207284 -2.262920 -3.602740 0.000000 0.000000 0.000000 1.000000 0.000196
976055135.227284 -2.321330 -3.602450 0.000000 0.000000 0.000000 0.999980 0.006341
976055135.447284 -2.673300 -3.620130 0.000000 0.000000 0.000000 0.999774 0.021260
976055135.707284 -2.730960 -3.618340 0.000000 0.000000 0.000000 0.999704 0.024329
976055135.907284 -2.792460 -3.615050 0.000000 0.000000 0.000000 0.999704 0.024329
976055136.167284 -2.853150 -3.612340 0.000000 0.000000 0.000000 0.999704 0.024329
976055136.247284 -2.911040 -3.609160 0.000000 0.000000 0.000000 0.999704 0.024329
976055136.557284 -2.967310 -3.607140 0.000000 0.000000 0.000000 0.999704 0.024329
976055136.647284 -3.025790 -3.604770 0.000000 0.000000 0.000000 0.999704 0.024329
976055137.697284 -3.075660 -3.602400 0.000000 0.000000 0.000000 0.999774 0.021260
976055137.707284 -3.100880 -3.601610 0.000000 0.000000 0.000000 0.999835 0.018185
976055138.957284 -3.094490 -3.601260 0.000000 0.000000 0.000000 0.999886 0.015116
976055139.767284 -3.094490 -3.601260 0.000000 0.000000 0.000000 0.999886 0.015116
976055139.877284 -3.094490 -3.601260 0.000000 0.000000 0.000000 0.999996 0.002821
976055139.967284 -3.094490 -3.601260 0.000000 0.000000 0.000000 -0.999980 0.006396
976055140.277284 -3.080860 -3.629690 0.000000 0.000000 0.000000 -0.878790 0.477209
976055140.357284 -3.050010 -3.648150 0.000000 0.000000 0.000000 -0.856435 0.516254
976055140.857284 -3.050010 -3.648150 0.000000 0.000000 0.000000 -0.843486 0.537151
976055140.907284 -3.050010 -3.648150 0.000000 0.000000 0.000000 -0.808904 0.587941
976055142.767284 -3.050010 -3.648150 0.000000 0.000000 0.000000 -0.769310 0.638876
976055142.827284 -3.050660 -3.648920 0.000000 0.000000 0.000000 -0.736982 0.675912
976055142.837284 -3.011220 -3.667490 0.000000 0.000000 0.000000 -0.584383 0.811478
976055142.957284 -2.969010 -3.675100 0.000000 0.000000 0.000000 -0.425704 0.904863
976055143.217284 -2.969010 -3.675100 0.000000 0.000000 0.000000 -0.375030 0.927013
976055143.307284 -2.969010 -3.675100 0.000000 0.000000 0.000000 -0.346373 0.938097
976055143.647284 -2.969010 -3.675100 0.000000 0.000000 0.000000 -0.302782 0.953060
976055143.757284 -2.956180 -3.627690 0.000000 0.000000 0.000000 -0.257711 0.966222
976055144.117284 -2.953200 -3.628760 0.000000 0.000000 0.000000 -0.215919 0.976411
976055144.137284 -2.950230 -3.629830 0.000000 0.000000 0.000000 -0.158578 0.987346
976055144.287284 -2.948030 -3.630280 0.000000 0.000000 0.000000 -0.115970 0.993253
976055144.817284 -2.945850 -3.630720 0.000000 0.000000 0.000000 -0.079276 0.996853
976055144.827284 -2.947250 -3.630890 0.000000 0.000000 0.000000 -0.030190 0.999544
976055144.867284 -2.917560 -3.600670 0.000000 0.000000 0.000000 0.008279 0.999966
976055146.807284 -2.918320 -3.600030 0.000000 0.000000 0.000000 0.051275 0.998685
976055146.827284 -2.931600 -3.542470 0.000000 0.000000 0.000000 0.278025 0.960574
976055146.887284 -2.934870 -3.546250 0.000000 0.000000 0.000000 0.445011 0.895525
976055147.257284 -2.935520 -3.547010 0.000000 0.000000 0.000000 0.483112 0.875559
976055147.477284 -2.981140 -3.513020 0.000000 0.000000 0.000000 0.522653 0.852545
976055147.667284 -2.982870 -3.518120 0.000000 0.000000 0.000000 0.603824 0.797118
976055148.337284 -2.983940 -3.522460 0.000000 0.000000 0.000000 0.635175 0.772368
976055148.977284 -2.984370 -3.526040 0.000000 0.000000 0.000000 0.667804 0.744337
976055150.597284 -3.024490 -3.528930 0.000000 0.000000 0.000000 0.686118 0.727490
976055150.647284 -3.024590 -3.526110 0.000000 0.000000 0.000000 0.670313 0.742079
976055150.657284 -3.025220 -3.528250 0.000000 0.000000 0.000000 0.579296 0.815117
976055150.667284 -3.027160 -3.533270 0.000000 0.000000 0.000000 0.535948 0.844251
976055150.937284 -3.027790 -3.535420 0.000000 0.000000 0.000000 0.515032 0.857171
976055151.647284 -3.029780 -3.539030 0.000000 0.000000 0.000000 0.491133 0.871085
976055151.907284 -2.987240 -3.532680 0.000000 0.000000 0.000000 0.498346 0.866978
976055152.657284 -2.987240 -3.532680 0.000000 0.000000 0.000000 0.454043 0.890980
976055152.667284 -2.989450 -3.536010 0.000000 0.000000 0.000000 0.370098 0.928993
976055154.427284 -2.990830 -3.536290 0.000000 0.000000 0.000000 0.355782 0.934569
976055154.457284 -2.991380 -3.537130 0.000000 0.000000 0.000000 0.332704 0.943031
976055154.467284 -2.969840 -3.569800 0.000000 0.000000 0.000000 0.197223 0.980359
976055154.667284 -2.973170 -3.571180 0.000000 0.000000 0.000000 0.133595 0.991036
976055154.937284 -2.974560 -3.571460 0.000000 0.000000 0.000000 0.106141 0.994351
976055155.657284 -2.974560 -3.571460 0.000000 0.000000 0.000000 0.078605 0.996906
976055155.967284 -2.904730 -3.623480 0.000000 0.000000 0.000000 -0.000889 1.000000
976055156.877284 -2.752940 -3.624940 0.000000 0.000000 0.000000 0.002184 0.999998
976055158.477284 -2.534670 -3.622350 0.000000 0.000000 0.000000 0.011402 0.999935
976055158.487284 -2.244080 -3.615860 0.000000 0.000000 0.000000 0.011402 0.999935
976055158.667284 -2.009700 -3.614010 0.000000 0.000000 0.000000 -0.003961 0.999992
976055158.907284 -1.950870 -3.614580 0.000000 0.000000 0.000000 -0.003961 0.999992
976055159.677284 -1.918160 -3.631380 0.000000 0.000000 0.000000 0.028805 0.999585
976055159.817284 -1.750250 -3.619130 0.000000 0.000000 0.000000 0.041089 0.999156
976055159.887284 -1.689650 -3.614940 0.000000 0.000000 0.000000 0.044159 0.999025
976055160.377284 -1.626330 -3.609970 0.000000 0.000000 0.000000 0.041089 0.999156
976055160.517284 -1.514450 -3.599870 0.000000 0.000000 0.000000 0.041089 0.999156
976055162.287284 -1.456960 -3.595100 0.000000 0.000000 0.000000 0.044159 0.999025
976055162.297284 -1.164360 -3.566120 0.000000 0.000000 0.000000 0.053366 0.998575
976055162.537284 -0.930804 -3.546760 0.000000 0.000000 0.000000 0.010372 0.999946
976055162.787284 -0.895683 -3.540270 0.000000 0.000000 0.000000 0.023196 0.999731
976055162.867284 -0.838037 -3.537730 0.000000 0.000000 0.000000 0.026267 0.999655
976055163.177284 -0.779957 -3.534280 0.000000 0.000000 0.000000 0.029339 0.999570
976055163.247284 -0.722308 -3.531730 0.000000 0.000000 0.000000 0.029339 0.999570
976055163.677284 -0.662895 -3.527810 0.000000 0.000000 0.000000 0.032410 0.999475
976055163.917284 -0.548972 -3.520960 0.000000 0.000000 0.000000 0.026267 0.999655
976055164.257284 -0.520386 -3.519020 0.000000 0.000000 0.000000 0.026267 0.999655
976055164.407284 -0.399284 -3.513370 0.000000 0.000000 0.000000 0.026267 0.999655
976055166.177284 -0.342539 -3.510390 0.000000 0.000000 0.000000 0.029339 0.999570
976055166.187284 0.090792 -3.483460 0.000000 0.000000 0.000000 0.020123 0.999798
976055166.507284 0.151231 -3.468760 0.000000 0.000000 0.000000 0.034477 0.999405
976055166.747284 0.208359 -3.465130 0.000000 0.000000 0.000000 0.034477 0.999405
976055166.807284 0.277966 -3.460350 0.000000 0.000000 0.000000 0.037548 0.999295
976055167.127284 0.292677 -3.459080 0.000000 0.000000 0.000000 0.037548 0.999295
976055167.207284 0.289528 -3.458810 0.000000 0.000000 0.000000 0.040618 0.999175
976055167.597284 0.290446 -3.459210 0.000000 0.000000 0.000000 0.046758 0.998906
976055167.767284 0.291363 -3.459600 0.000000 0.000000 0.000000 0.077425 0.996998
976055168.147284 0.292677 -3.459080 0.000000 0.000000 0.000000 0.111073 0.993812
976055168.327284 0.293991 -3.458560 0.000000 0.000000 0.000000 0.217107 0.976148
976055170.157284 0.293991 -3.458560 0.000000 0.000000 0.000000 0.261852 0.965108
976055170.167284 0.300985 -3.399970 0.000000 0.000000 0.000000 0.347414 0.937712
976055170.397284 0.225172 -3.368390 0.000000 0.000000 0.000000 0.574031 0.818834
976055170.607284 0.224728 -3.369280 0.000000 0.000000 0.000000 0.618420 0.785848
976055170.757284 0.225172 -3.368390 0.000000 0.000000 0.000000 0.658606 0.752488
976055171.167284 0.224728 -3.369280 0.000000 0.000000 0.000000 0.685900 0.727696
976055171.427284 0.186186 -3.371560 0.000000 0.000000 0.000000 0.743888 0.668304
976055171.487284 0.185720 -3.372450 0.000000 0.000000 0.000000 0.773890 0.633320
976055171.957284 0.186137 -3.373800 0.000000 0.000000 0.000000 0.794850 0.606806
976055171.977284 0.186971 -3.376500 0.000000 0.000000 0.000000 0.820211 0.572061
976055172.897284 0.187389 -3.377850 0.000000 0.000000 0.000000 0.850581 0.525843
976055173.907284 0.188693 -3.379670 0.000000 0.000000 0.000000 0.873906 0.486096
976055173.917284 0.140334 -3.398540 0.000000 0.000000 0.000000 0.929474 0.368887
976055174.907284 0.133225 -3.435510 0.000000 0.000000 0.000000 0.991994 0.126283
976055174.967284 0.126312 -3.488540 0.000000 0.000000 0.000000 -0.997534 0.070179
976055175.307284 0.128541 -3.488680 0.000000 0.000000 0.000000 -0.992880 0.119118
976055175.487284 0.130416 -3.487460 0.000000 0.000000 0.000000 -0.976391 0.216010
976055175.827284 0.132288 -3.486240 0.000000 0.000000 0.000000 -0.965401 0.260772
976055175.897284 0.133651 -3.485880 0.000000 0.000000 0.000000 -0.952361 0.304974
976055177.747284 0.152255 -3.474950 0.000000 0.000000 0.000000 -0.941034 0.338311
976055177.777284 0.152255 -3.474950 0.000000 0.000000 0.000000 -0.924448 0.381309
976055177.787284 0.151738 -3.475810 0.000000 0.000000 0.000000 -0.842208 0.539153
976055177.887284 0.208230 -3.525720 0.000000 0.000000 0.000000 -0.736763 0.676151
976055178.187284 0.208773 -3.524880 0.000000 0.000000 0.000000 -0.711338 0.702850
976055178.287284 0.208773 -3.524880 0.000000 0.000000 0.000000 -0.711338 0.702850
976055178.617284 0.208347 -3.532930 0.000000 0.000000 0.000000 -0.719922 0.694055
976055178.727284 0.207354 -3.558460 0.000000 0.000000 0.000000 -0.726287 0.687391
976055179.177284 0.203619 -3.621490 0.000000 0.000000 0.000000 -0.726287 0.687391
976055179.287284 0.247542 -3.706830 0.000000 0.000000 0.000000 -0.700947 0.713213
976055179.727284 0.248470 -3.754710 0.000000 0.000000 0.000000 -0.705320 0.708889
976055179.797284 0.248591 -3.797650 0.000000 0.000000 0.000000 -0.705320 0.708889
976055179.927284 0.248426 -3.856240 0.000000 0.000000 0.000000 -0.707493 0.706720
976055181.657284 0.248026 -3.928250 0.000000 0.000000 0.000000 -0.711823 0.702359
976055181.717284 0.246857 -3.993080 0.000000 0.000000 0.000000 -0.716125 0.697972
976055181.727284 0.236502 -4.220120 0.000000 0.000000 0.000000 -0.730972 0.682408
976055181.907284 0.218550 -4.446570 0.000000 0.000000 0.000000 -0.741370 0.671096
976055182.107284 0.211560 -4.511740 0.000000 0.000000 0.000000 -0.745480 0.666528
976055182.327284 0.205116 -4.571570 0.000000 0.000000 0.000000 -0.745480 0.666528
976055182.667284 0.197866 -4.626450 0.000000 0.000000 0.000000 -0.745480 0.666528
976055182.687284 0.192387 -4.682260 0.000000 0.000000 0.000000 -0.745480 0.666528
976055183.907284 0.232421 -4.749220 0.000000 0.000000 0.000000 -0.726507 0.687159
976055183.917284 0.228838 -4.807980 0.000000 0.000000 0.000000 -0.728617 0.684922
976055185.457284 0.211779 -5.041800 0.000000 0.000000 0.000000 -0.741119 0.671374
976055185.467284 0.200872 -5.143360 0.000000 0.000000 0.000000 -0.786678 0.617363
976055185.527284 0.200459 -5.144270 0.000000 0.000000 0.000000 -0.803449 0.595374
976055185.807284 0.199721 -5.148330 0.000000 0.000000 0.000000 -0.819604 0.572930
976055185.997284 0.199308 -5.149240 0.000000 0.000000 0.000000 -0.836818 0.547481
976055186.227284 0.198070 -5.151970 0.000000 0.000000 0.000000 -0.851637 0.524133
976055186.577284 0.197244 -5.153790 0.000000 0.000000 0.000000 -0.867339 0.497719
976055186.887284 0.194679 -5.157020 0.000000 0.000000 0.000000 -0.886523 0.462685
976055186.897284 0.176702 -5.159610 0.000000 0.000000 0.000000 -0.892798 0.450456
976055187.987284 0.176702 -5.159610 0.000000 0.000000 0.000000 -0.915102 0.403223
976055189.297284 0.177106 -5.158700 0.000000 0.000000 0.000000 -0.942323 0.334704
976055189.347284 0.177106 -5.158700 0.000000 0.000000 0.000000 -0.950265 0.311443
976055189.357284 0.178428 -5.158190 0.000000 0.000000 0.000000 -0.979463 0.201625
976055189.457284 0.142098 -5.114890 0.000000 0.000000 0.000000 -0.993948 0.109849
976055189.737284 0.142098 -5.114890 0.000000 0.000000 0.000000 -0.996606 0.082323
976055189.917284 0.142098 -5.114890 0.000000 0.000000 0.000000 -0.998146 0.060869
976055190.187284 0.142098 -5.114890 0.000000 0.000000 0.000000 -0.998665 0.051663
976055190.217284 0.136712 -5.114820 0.000000 0.000000 0.000000 -0.999340 0.036313
976055190.427284 0.108097 -5.115940 0.000000 0.000000 0.000000 -0.999962 0.008666
976055190.877284 0.047179 -5.116660 0.000000 0.000000 0.000000 0.999993 0.003621
976055190.997284 -0.101589 -5.117740 0.000000 0.000000 0.000000 -0.999984 0.005596
976055191.527284 -0.127591 -5.117780 0.000000 0.000000 0.000000 -0.999997 0.002521
976055191.747284 -0.289740 -5.119810 0.000000 0.000000 0.000000 -0.999962 0.008666
976055193.597284 -0.357353 -5.121000 0.000000 0.000000 0.000000 -0.999931 0.011741
976055193.607284 -0.415502 -5.122860 0.000000 0.000000 0.000000 -0.999890 0.014811
976055193.617284 -0.541712 -5.073930 0.000000 0.000000 0.000000 -0.998435 0.055927
976055193.747284 -0.860974 -5.112180 0.000000 0.000000 0.000000 -0.998760 0.049791
976055194.947284 -0.890769 -5.115380 0.000000 0.000000 0.000000 -0.998760 0.049791
976055195.397284 -1.182880 -5.139940 0.000000 0.000000 0.000000 -0.999407 0.034445
976055195.547284 -1.299110 -5.147440 0.000000 0.000000 0.000000 -0.999600 0.028298
976055195.707284 -1.341210 -5.149450 0.000000 0.000000 0.000000 -0.999508 0.031371
976055197.517284 -1.341210 -5.149450 0.000000 0.000000 0.000000 -0.999600 0.028298
976055197.577284 -1.341210 -5.149450 0.000000 0.000000 0.000000 -0.999296 0.037513
976055197.587284 -1.339330 -5.150120 0.000000 0.000000 0.000000 -0.988121 0.153675
976055197.707284 -1.330670 -5.184440 0.000000 0.000000 0.000000 -0.968506 0.248989
976055198.347284 -1.332330 -5.185930 0.000000 0.000000 0.000000 -0.961251 0.275675
976055198.417284 -1.333630 -5.186500 0.000000 0.000000 0.000000 -0.927263 0.374411
976055198.517284 -1.334000 -5.187430 0.000000 0.000000 0.000000 -0.909026 0.416740
976055198.877284 -1.333630 -5.186500 0.000000 0.000000 0.000000 -0.894423 0.447221
976055198.977284 -1.307580 -5.221250 0.000000 0.000000 0.000000 -0.873029 0.487668
976055199.547284 -1.307950 -5.222180 0.000000 0.000000 0.000000 -0.843085 0.537780
976055199.557284 -1.308310 -5.223110 0.000000 0.000000 0.000000 -0.834723 0.550670
976055199.727284 -1.308310 -5.223110 0.000000 0.000000 0.000000 -0.834723 0.550670
976055201.597284 -1.308310 -5.223110 0.000000 0.000000 0.000000 -0.834723 0.550670
976055201.647284 -1.308310 -5.223110 0.000000 0.000000 0.000000 -0.833029 0.553230
976055201.657284 -1.309050 -5.224970 0.000000 0.000000 0.000000 -0.778564 0.627565
976055201.707284 -1.309410 -5.225900 0.000000 0.000000 0.000000 -0.776634 0.629952
976055202.257284 -1.309410 -5.225900 0.000000 0.000000 0.000000 -0.784317 0.620360
976055202.457284 -1.289530 -5.248420 0.000000 0.000000 0.000000 -0.796292 0.604913
976055202.557284 -1.290170 -5.250310 0.000000 0.000000 0.000000 -0.809115 0.587650
976055202.917284 -1.290800 -5.252210 0.000000 0.000000 0.000000 -0.825055 0.565052
976055202.937284 -1.291120 -5.253160 0.000000 0.000000 0.000000 -0.838696 0.544599
976055203.127284 -1.291120 -5.253160 0.000000 0.000000 0.000000 -0.850216 0.526434
976055203.517284 -1.292380 -5.253790 0.000000 0.000000 0.000000 -0.862897 0.505379
976055203.747284 -1.294600 -5.257270 0.000000 0.000000 0.000000 -0.889516 0.456904
976055205.547284 -1.293650 -5.257590 0.000000 0.000000 0.000000 -0.901810 0.432133
976055205.807284 -1.293020 -5.255690 0.000000 0.000000 0.000000 -0.910896 0.412636
976055205.817284 -1.476600 -5.369770 0.000000 0.000000 0.000000 -0.938772 0.344538
976055205.907284 -1.592710 -5.469660 0.000000 0.000000 0.000000 -0.937709 0.347423
976055206.177284 -1.641280 -5.511050 0.000000 0.000000 0.000000 -0.939826 0.341654
976055206.407284 -1.693610 -5.554410 0.000000 0.000000 0.000000 -0.942936 0.332974
976055206.797284 -1.739730 -5.591320 0.000000 0.000000 0.000000 -0.941907 0.335872
976055206.817284 -1.779290 -5.624000 0.000000 0.000000 0.000000 -0.943954 0.330078
976055206.947284 -1.823570 -5.658350 0.000000 0.000000 0.000000 -0.946957 0.321361
976055207.447284 -1.870940 -5.695920 0.000000 0.000000 0.000000 -0.946957 0.321361
976055207.507284 -1.967300 -5.769510 0.000000 0.000000 0.000000 -0.946957 0.321361
976055209.587284 -2.011580 -5.803860 0.000000 0.000000 0.000000 -0.946957 0.321361
976055209.597284 -2.104830 -5.874230 0.000000 0.000000 0.000000 -0.946957 0.321361
976055209.737284 -2.082530 -5.899780 0.000000 0.000000 0.000000 -0.977947 0.208852
976055209.937284 -2.082530 -5.899780 0.000000 0.000000 0.000000 -0.983348 0.181731
976055210.117284 -2.082530 -5.899780 0.000000 0.000000 0.000000 -0.988928 0.148396
976055210.427284 -2.081280 -5.899130 0.000000 0.000000 0.000000 -0.992653 0.120994
976055210.517284 -2.081280 -5.899130 0.000000 0.000000 0.000000 -0.995619 0.093500
976055211.767284 -2.081280 -5.899130 0.000000 0.000000 0.000000 -0.998022 0.062865
976055211.917284 -2.092550 -5.877360 0.000000 0.000000 0.000000 -0.997881 0.065070
976055213.767284 -2.305620 -5.890410 0.000000 0.000000 0.000000 -0.999510 0.031311
976055213.827284 -2.363680 -5.894160 0.000000 0.000000 0.000000 -0.999510 0.031311
976055213.837284 -2.590870 -5.909560 0.000000 0.000000 0.000000 -0.999601 0.028238
976055213.907284 -2.878220 -5.925020 0.000000 0.000000 0.000000 -0.999819 0.019025
976055214.167284 -2.940140 -5.927720 0.000000 0.000000 0.000000 -0.999873 0.015951
976055214.307284 -2.997680 -5.929540 0.000000 0.000000 0.000000 -0.999873 0.015951
976055214.577284 -3.053030 -5.930940 0.000000 0.000000 0.000000 -0.999917 0.012881
976055214.737284 -3.110570 -5.932770 0.000000 0.000000 0.000000 -0.999952 0.009806
976055215.607284 -3.080620 -5.859030 0.000000 0.000000 0.000000 -0.998964 0.045516
976055215.617284 -3.141800 -5.864180 0.000000 0.000000 0.000000 -0.998819 0.048587
976055215.737284 -3.264760 -5.877420 0.000000 0.000000 0.000000 -0.998329 0.057789
976055217.717284 -3.264760 -5.877420 0.000000 0.000000 0.000000 -0.998146 0.060859
976055217.727284 -3.263780 -5.877620 0.000000 0.000000 0.000000 -0.996855 0.079248
976055217.817284 -3.255440 -5.951520 0.000000 0.000000 0.000000 -0.943491 0.331399
976055218.337284 -3.255440 -5.951520 0.000000 0.000000 0.000000 -0.922547 0.385884
976055218.397284 -3.255440 -5.951520 0.000000 0.000000 0.000000 -0.887396 0.461008
976055218.537284 -3.255440 -5.951520 0.000000 0.000000 0.000000 -0.869797 0.493410
976055218.927284 -3.203660 -5.979000 0.000000 0.000000 0.000000 -0.843212 0.537582
976055219.897284 -3.203660 -5.979000 0.000000 0.000000 0.000000 -0.821068 0.570830
976055221.657284 -3.261220 -6.184170 0.000000 0.000000 0.000000 -0.792023 0.610492
976055221.687284 -3.275290 -6.239480 0.000000 0.000000 0.000000 -0.792023 0.610492
976055221.697284 -3.337240 -6.462130 0.000000 0.000000 0.000000 -0.799469 0.600708
976055221.947284 -3.423470 -6.735870 0.000000 0.000000 0.000000 -0.810406 0.585868
976055222.187284 -3.441360 -6.790000 0.000000 0.000000 0.000000 -0.812204 0.583374
976055222.297284 -3.458960 -6.843170 0.000000 0.000000 0.000000 -0.812204 0.583374
976055222.607284 -3.477510 -6.896050 0.000000 0.000000 0.000000 -0.813991 0.580878
976055222.707284 -3.496880 -6.954960 0.000000 0.000000 0.000000 -0.812204 0.583374
976055222.967284 -3.397150 -6.964390 0.000000 0.000000 0.000000 -0.777540 0.628833
976055223.117284 -3.408940 -7.021190 0.000000 0.000000 0.000000 -0.777540 0.628833
976055223.427284 -3.420720 -7.077990 0.000000 0.000000 0.000000 -0.775603 0.631221
976055223.497284 -3.430270 -7.123000 0.000000 0.000000 0.000000 -0.775603 0.631221
976055223.697284 -3.433990 -7.142650 0.000000 0.000000 0.000000 -0.773662 0.633599
976055225.707284 -3.433620 -7.140690 0.000000 0.000000 0.000000 -0.779470 0.626439
976055225.717284 -3.433990 -7.142650 0.000000 0.000000 0.000000 -0.873731 0.486410
976055225.897284 -3.433810 -7.141670 0.000000 0.000000 0.000000 -0.909762 0.415131
976055226.107284 -3.473720 -7.135290 0.000000 0.000000 0.000000 -0.899608 0.436699
976055226.417284 -3.478310 -7.140850 0.000000 0.000000 0.000000 -0.903596 0.428386
976055226.737284 -3.496590 -7.162080 0.000000 0.000000 0.000000 -0.913851 0.406049
976055226.897284 -3.596030 -7.268440 0.000000 0.000000 0.000000 -0.917556 0.397606
976055227.217284 -3.640160 -7.316170 0.000000 0.000000 0.000000 -0.915096 0.403237
976055227.287284 -3.674100 -7.352880 0.000000 0.000000 0.000000 -0.917556 0.397606
976055227.567284 -3.703450 -7.384030 0.000000 0.000000 0.000000 -0.919982 0.391960
976055227.717284 -3.741790 -7.424310 0.000000 0.000000 0.000000 -0.918773 0.394787
976055229.647284 -3.790410 -7.476600 0.000000 0.000000 0.000000 -0.917556 0.397606
976055229.667284 -3.837830 -7.527000 0.000000 0.000000 0.000000 -0.917556 0.397606
976055229.677284 -3.944260 -7.642690 0.000000 0.000000 0.000000 -0.917556 0.397606
976055229.717284 -3.992880 -7.694970 0.000000 0.000000 0.000000 -0.904907 0.425610
976055229.917284 -3.991790 -7.694080 0.000000 0.000000 0.000000 -0.891405 0.453208
976055230.157284 -3.990480 -7.691200 0.000000 0.000000 0.000000 -0.871089 0.491125
976055230.457284 -3.990590 -7.692200 0.000000 0.000000 0.000000 -0.847536 0.530738
976055230.497284 -3.991690 -7.693090 0.000000 0.000000 0.000000 -0.813340 0.581789
976055231.457284 -3.928600 -7.659300 0.000000 0.000000 0.000000 -0.801871 0.597497
976055231.477284 -3.928440 -7.658310 0.000000 0.000000 0.000000 -0.779298 0.626653
976055231.937284 -3.928440 -7.658310 0.000000 0.000000 0.000000 -0.751630 0.659585
976055233.727284 -3.885520 -7.623950 0.000000 0.000000 0.000000 -0.613701 0.789538
976055233.787284 -3.886220 -7.621830 0.000000 0.000000 0.000000 -0.569116 0.822257
976055233.797284 -3.889310 -7.615310 0.000000 0.000000 0.000000 -0.464012 0.885829
976055233.997284 -3.836790 -7.613800 0.000000 0.000000 0.000000 -0.220495 0.975388
976055234.227284 -3.835800 -7.613960 0.000000 0.000000 0.000000 -0.175319 0.984512
976055234.297284 -3.798770 -7.578680 0.000000 0.000000 0.000000 -0.114881 0.993379
976055234.607284 -3.797780 -7.578820 0.000000 0.000000 0.000000 -0.068989 0.997617
976055234.697284 -3.795800 -7.579090 0.000000 0.000000 0.000000 -0.019879 0.999802
976055235.177284 -3.793820 -7.579360 0.000000 0.000000 0.000000 0.023137 0.999732
976055235.937284 -3.791830 -7.579630 0.000000 0.000000 0.000000 0.059976 0.998200
976055237.707284 -3.798050 -7.531100 0.000000 0.000000 0.000000 0.231642 0.972801
976055237.727284 -3.795920 -7.530410 0.000000 0.000000 0.000000 0.282119 0.959379
976055237.737284 -3.815680 -7.471940 0.000000 0.000000 0.000000 0.431194 0.902259
976055237.917284 -3.693940 -7.265420 0.000000 0.000000 0.000000 0.501823 0.864970
976055238.217284 -3.667360 -7.219000 0.000000 0.000000 0.000000 0.496498 0.868038
976055238.307284 -3.642710 -7.178350 0.000000 0.000000 0.000000 0.491155 0.871072
976055238.607284 -3.614160 -7.132240 0.000000 0.000000 0.000000 0.491155 0.871072
976055238.677284 -3.579780 -7.074910 0.000000 0.000000 0.000000 0.488478 0.872576
976055239.167284 -3.544730 -7.019710 0.000000 0.000000 0.000000 0.488478 0.872576
976055239.587284 -3.487790 -6.928480 0.000000 0.000000 0.000000 0.477716 0.878514
976055239.767284 -3.423830 -6.831270 0.000000 0.000000 0.000000 0.472308 0.881434
976055241.777284 -3.387120 -6.778360 0.000000 0.000000 0.000000 0.466882 0.884319
976055241.787284 -3.261750 -6.328740 0.000000 0.000000 0.000000 0.518226 0.855244
976055241.987284 -3.219590 -6.247340 0.000000 0.000000 0.000000 0.518226 0.855244
976055242.227284 -3.191840 -6.194720 0.000000 0.000000 0.000000 0.515593 0.856833
976055242.307284 -3.166160 -6.147080 0.000000 0.000000 0.000000 0.512960 0.858412
976055242.567284 -3.139470 -6.098460 0.000000 0.000000 0.000000 0.510318 0.859986
976055242.677284 -3.109720 -6.045870 0.000000 0.000000 0.000000 0.505024 0.863105
976055243.337284 -3.081010 -5.996280 0.000000 0.000000 0.000000 0.502372 0.864652
976055243.357284 -3.054360 -5.950650 0.000000 0.000000 0.000000 0.497045 0.867725
976055243.637284 -3.011310 -5.877250 0.000000 0.000000 0.000000 0.494379 0.869247
976055243.657284 -2.991860 -5.845530 0.000000 0.000000 0.000000 0.499711 0.866192
976055243.857284 -2.987760 -5.838580 0.000000 0.000000 0.000000 0.497045 0.867725
976055245.887284 -2.989810 -5.841550 0.000000 0.000000 0.000000 0.497045 0.867725
976055245.897284 -2.987760 -5.838580 0.000000 0.000000 0.000000 0.332449 0.943121
976055246.897284 -2.987760 -5.838580 0.000000 0.000000 0.000000 0.317921 0.948117
976055246.917284 -2.997930 -5.861050 0.000000 0.000000 0.000000 0.251783 0.967784
976055247.247284 -2.997930 -5.861050 0.000000 0.000000 0.000000 0.224926 0.974376
976055247.307284 -2.997930 -5.861050 0.000000 0.000000 0.000000 0.197897 0.980223
976055247.857284 -2.997930 -5.861050 0.000000 0.000000 0.000000 0.170717 0.985320
976055247.877284 -2.995010 -5.859850 0.000000 0.000000 0.000000 0.152523 0.988300
976055248.747284 -2.938830 -5.845940 0.000000 0.000000 0.000000 0.109880 0.993945
976055250.217284 -2.865770 -5.829860 0.000000 0.000000 0.000000 0.106825 0.994278
976055250.227284 -2.534160 -5.811220 0.000000 0.000000 0.000000 0.111901 0.993719
976055250.277284 -2.316650 -5.764790 0.000000 0.000000 0.000000 0.102736 0.994709
976055250.587284 -2.253640 -5.751580 0.000000 0.000000 0.000000 0.102736 0.994709
976055250.717284 -2.197590 -5.739050 0.000000 0.000000 0.000000 0.105792 0.994388
976055250.977284 -2.145430 -5.727910 0.000000 0.000000 0.000000 0.105792 0.994388
976055251.747284 -2.088300 -5.716280 0.000000 0.000000 0.000000 0.105792 0.994388
976055252.147284 -1.855860 -5.668390 0.000000 0.000000 0.000000 0.093562 0.995613
976055252.307284 -1.743280 -5.648320 0.000000 0.000000 0.000000 0.081318 0.996688
976055254.297284 -1.686840 -5.639770 0.000000 0.000000 0.000000 0.078255 0.996933
976055254.307284 -1.355410 -5.592980 0.000000 0.000000 0.000000 0.071092 0.997470
976055254.497284 -1.294160 -5.583190 0.000000 0.000000 0.000000 0.055760 0.998444
976055254.767284 -1.296140 -5.583440 0.000000 0.000000 0.000000 0.040414 0.999183
976055254.937284 -1.296140 -5.583440 0.000000 0.000000 0.000000 0.021987 0.999758
976055255.257284 -1.296140 -5.583440 0.000000 0.000000 0.000000 0.000479 1.000000
976055255.277284 -1.297130 -5.583570 0.000000 0.000000 0.000000 -0.021029 0.999779
976055255.667284 -1.296140 -5.583440 0.000000 0.000000 0.000000 -0.054803 0.998497
976055255.677284 -1.293040 -5.584050 0.000000 0.000000 0.000000 -0.097693 0.995217
976055256.217284 -1.290920 -5.584790 0.000000 0.000000 0.000000 -0.122126 0.992515
976055256.277284 -1.286710 -5.586270 0.000000 0.000000 0.000000 -0.161665 0.986846
976055258.397284 -1.266790 -5.597250 0.000000 0.000000 0.000000 -0.167303 0.985906
976055258.407284 -1.250900 -5.606610 0.000000 0.000000 0.000000 -0.376726 0.926325
976055258.497284 -1.279190 -5.731840 0.000000 0.000000 0.000000 -0.416471 0.909149
976055258.767284 -1.277820 -5.733610 0.000000 0.000000 0.000000 -0.438691 0.898638
976055258.877284 -1.278020 -5.732630 0.000000 0.000000 0.000000 -0.460647 0.887583
976055259.187284 -1.277820 -5.733610 0.000000 0.000000 0.000000 -0.479632 0.877470
976055259.297284 -1.276650 -5.734400 0.000000 0.000000 0.000000 -0.501053 0.865417
976055259.567284 -1.276650 -5.734400 0.000000 0.000000 0.000000 -0.524791 0.851231
976055259.757284 -1.276270 -5.736360 0.000000 0.000000 0.000000 -0.548128 0.836394
976055260.887284 -1.274900 -5.738130 0.000000 0.000000 0.000000 -0.571046 0.820918
976055260.897284 -1.274510 -5.740090 0.000000 0.000000 0.000000 -0.596000 0.802985
976055262.397284 -1.307270 -5.748200 0.000000 0.000000 0.000000 -0.631825 0.775111
976055262.407284 -1.307270 -5.748200 0.000000 0.000000 0.000000 -0.648350 0.761343
976055262.507284 -1.314990 -6.021680 0.000000 0.000000 0.000000 -0.722091 0.691798
976055262.727284 -1.317080 -6.065050 0.000000 0.000000 0.000000 -0.726328 0.687348
976055262.977284 -1.319690 -6.115680 0.000000 0.000000 0.000000 -0.728435 0.685115
976055263.227284 -1.324660 -6.184180 0.000000 0.000000 0.000000 -0.730538 0.682872
976055263.277284 -1.329220 -6.254630 0.000000 0.000000 0.000000 -0.734721 0.678370
976055263.717284 -1.334080 -6.313920 0.000000 0.000000 0.000000 -0.736800 0.676111
976055263.877284 -1.343210 -6.416000 0.000000 0.000000 0.000000 -0.743002 0.669289
976055264.297284 -1.349820 -6.476670 0.000000 0.000000 0.000000 -0.747101 0.664711
976055264.307284 -1.357580 -6.541670 0.000000 0.000000 0.000000 -0.749141 0.662410
976055264.497284 -1.365020 -6.598430 0.000000 0.000000 0.000000 -0.753198 0.657794
976055266.467284 -1.372320 -6.651070 0.000000 0.000000 0.000000 -0.753198 0.657794
976055266.487284 -1.379760 -6.707830 0.000000 0.000000 0.000000 -0.755214 0.655479
976055266.497284 -1.411600 -6.724920 0.000000 0.000000 0.000000 -0.752049 0.659107
976055266.707284 -1.440820 -6.924830 0.000000 0.000000 0.000000 -0.764071 0.645132
976055267.347284 -1.450910 -6.982650 0.000000 0.000000 0.000000 -0.768024 0.640421
976055267.367284 -1.462270 -7.043850 0.000000 0.000000 0.000000 -0.771945 0.635689
976055267.377284 -1.485550 -7.155070 0.000000 0.000000 0.000000 -0.779699 0.626154
976055267.527284 -1.498850 -7.216720 0.000000 0.000000 0.000000 -0.783532 0.621351
976055267.717284 -1.501380 -7.223480 0.000000 0.000000 0.000000 -0.779699 0.626154
976055267.977284 -1.500870 -7.221300 0.000000 0.000000 0.000000 -0.777770 0.628549
976055268.607284 -1.499890 -7.221070 0.000000 0.000000 0.000000 -0.773893 0.633317
976055268.617284 -1.500050 -7.215980 0.000000 0.000000 0.000000 -0.745943 0.666010
976055270.447284 -1.500050 -7.215980 0.000000 0.000000 0.000000 -0.718748 0.695271
976055270.467284 -1.498920 -7.220850 0.000000 0.000000 0.000000 -0.635233 0.772321
976055270.477284 -1.467170 -7.332010 0.000000 0.000000 0.000000 -0.588587 0.808434
976055270.497284 -1.395080 -7.531170 0.000000 0.000000 0.000000 -0.593544 0.804802
976055270.777284 -1.393940 -7.532000 0.000000 0.000000 0.000000 -0.591066 0.806623
976055270.917284 -1.395080 -7.531170 0.000000 0.000000 0.000000 -0.593544 0.804802
976055271.197284 -1.395080 -7.531170 0.000000 0.000000 0.000000 -0.596016 0.802973
976055271.397284 -1.395240 -7.530190 0.000000 0.000000 0.000000 -0.596016 0.802973
976055271.667284 -1.393940 -7.532000 0.000000 0.000000 0.000000 -0.608279 0.793724
976055271.697284 -1.393940 -7.532000 0.000000 0.000000 0.000000 -0.615571 0.788082
976055272.877284 -1.393940 -7.532000 0.000000 0.000000 0.000000 -0.632379 0.774659
976055274.257284 -1.399320 -7.485350 0.000000 0.000000 0.000000 -0.631441 0.775424
976055274.297284 -1.401550 -7.731060 0.000000 0.000000 0.000000 -0.717478 0.696581
976055274.557284 -1.403720 -7.774670 0.000000 0.000000 0.000000 -0.723870 0.689937
976055274.747284 -1.405230 -7.817020 0.000000 0.000000 0.000000 -0.719613 0.694375
976055275.137284 -1.407190 -7.881500 0.000000 0.000000 0.000000 -0.719613 0.694375
976055275.307284 -1.410660 -8.018700 0.000000 0.000000 0.000000 -0.719613 0.694375
976055275.757284 -1.413250 -8.067680 0.000000 0.000000 0.000000 -0.721745 0.692159
976055275.897284 -1.417810 -8.181130 0.000000 0.000000 0.000000 -0.723870 0.689937
976055276.337284 -1.420800 -8.249070 0.000000 0.000000 0.000000 -0.725985 0.687711
976055276.497284 -1.427210 -8.359960 0.000000 0.000000 0.000000 -0.728096 0.685475
976055278.757284 -1.430230 -8.414300 0.000000 0.000000 0.000000 -0.730197 0.683237
976055278.767284 -1.459330 -8.593630 0.000000 0.000000 0.000000 -0.728980 0.684536
976055278.897284 -1.495180 -9.002160 0.000000 0.000000 0.000000 -0.745587 0.666408
976055279.157284 -1.501700 -9.060400 0.000000 0.000000 0.000000 -0.747629 0.664116
976055279.307284 -1.507900 -9.119580 0.000000 0.000000 0.000000 -0.747629 0.664116
976055279.517284 -1.515390 -9.174980 0.000000 0.000000 0.000000 -0.749668 0.661814
976055279.767284 -1.521610 -9.231000 0.000000 0.000000 0.000000 -0.749668 0.661814
976055279.987284 -1.529700 -9.290830 0.000000 0.000000 0.000000 -0.751699 0.659506
976055280.987284 -1.537470 -9.351600 0.000000 0.000000 0.000000 -0.751699 0.659506
976055282.537284 -1.560870 -9.521280 0.000000 0.000000 0.000000 -0.757745 0.652551
976055282.547284 -1.565900 -9.544310 0.000000 0.000000 0.000000 -0.741196 0.671289
976055282.557284 -1.571920 -9.604840 0.000000 0.000000 0.000000 -0.743257 0.669007
976055282.697284 -1.594650 -9.804430 0.000000 0.000000 0.000000 -0.745307 0.666722
976055283.377284 -1.594650 -9.804430 0.000000 0.000000 0.000000 -0.745307 0.666722
976055283.987284 -1.594650 -9.804430 0.000000 0.000000 0.000000 -0.743257 0.669007
976055284.247284 -1.594280 -9.805360 0.000000 0.000000 0.000000 -0.669437 0.742869
976055284.297284 -1.594470 -9.807590 0.000000 0.000000 0.000000 -0.657944 0.753067
976055286.197284 -1.592810 -9.814460 0.000000 0.000000 0.000000 -0.653304 0.757096
976055286.227284 -1.589130 -9.839910 0.000000 0.000000 0.000000 -0.648639 0.761096
976055286.237284 -1.563320 -9.985710 0.000000 0.000000 0.000000 -0.641594 0.767044
976055286.307284 -1.516510 -10.270600 0.000000 0.000000 0.000000 -0.653304 0.757096
976055286.627284 -1.507120 -10.334700 0.000000 0.000000 0.000000 -0.660256 0.751040
976055286.697284 -1.498520 -10.434600 0.000000 0.000000 0.000000 -0.694158 0.719822
976055286.937284 -1.497310 -10.494400 0.000000 0.000000 0.000000 -0.707310 0.706904
976055287.207284 -1.485030 -10.531100 0.000000 0.000000 0.000000 -0.679631 0.733554
976055287.477284 -1.479590 -10.590600 0.000000 0.000000 0.000000 -0.681884 0.731460
976055287.497284 -1.476730 -10.642500 0.000000 0.000000 0.000000 -0.684126 0.729364
976055287.927284 -1.473430 -10.695400 0.000000 0.000000 0.000000 -0.686366 0.727257
976055288.107284 -1.467530 -10.820200 0.000000 0.000000 0.000000 -0.695252 0.718766
976055290.147284 -1.465170 -10.875700 0.000000 0.000000 0.000000 -0.697459 0.716625
976055290.157284 -1.464100 -10.928500 0.000000 0.000000 0.000000 -0.699655 0.714481
976055290.327284 -1.466840 -11.454000 0.000000 0.000000 0.000000 -0.723401 0.690429
976055290.537284 -1.469470 -11.515200 0.000000 0.000000 0.000000 -0.725520 0.688201
976055290.687284 -1.451210 -11.552700 0.000000 0.000000 0.000000 -0.705292 0.708917
976055290.947284 -1.451100 -11.581300 0.000000 0.000000 0.000000 -0.709635 0.704570
976055291.107284 -1.452380 -11.636000 0.000000 0.000000 0.000000 -0.722502 0.691368
976055291.247284 -1.454010 -11.639200 0.000000 0.000000 0.000000 -0.755607 0.655025
976055291.367284 -1.465580 -11.694000 0.000000 0.000000 0.000000 -0.788776 0.614681
976055291.747284 -1.479530 -11.754700 0.000000 0.000000 0.000000 -0.779242 0.626723
976055291.777284 -1.492130 -11.815800 0.000000 0.000000 0.000000 -0.773430 0.633881
976055293.937284 -1.497860 -11.844300 0.000000 0.000000 0.000000 -0.771477 0.636257
976055293.947284 -1.537750 -12.074700 0.000000 0.000000 0.000000 -0.757614 0.652703
976055293.997284 -1.577150 -12.621100 0.000000 0.000000 0.000000 -0.682571 0.730819
976055294.297284 -1.571320 -12.677600 0.000000 0.000000 0.000000 -0.648175 0.761492
976055294.357284 -1.558910 -12.737000 0.000000 0.000000 0.000000 -0.622071 0.782961
976055294.607284 -1.544070 -12.798500 0.000000 0.000000 0.000000 -0.622071 0.782961
976055294.867284 -1.537500 -12.829800 0.000000 0.000000 0.000000 -0.629263 0.777192
976055294.957284 -1.525830 -12.886200 0.000000 0.000000 0.000000 -0.634027 0.773311
976055295.167284 -1.514380 -12.940400 0.000000 0.000000 0.000000 -0.636398 0.771361
976055295.317284 -1.504100 -12.996400 0.000000 0.000000 0.000000 -0.641126 0.767435
976055295.597284 -1.493070 -13.055600 0.000000 0.000000 0.000000 -0.641126 0.767435
976055295.677284 -1.481830 -13.116900 0.000000 0.000000 0.000000 -0.636398 0.771361
976055297.787284 -1.470170 -13.173300 0.000000 0.000000 0.000000 -0.634027 0.773311
976055297.797284 -1.437720 -13.344100 0.000000 0.000000 0.000000 -0.650513 0.759495
976055297.837284 -1.352790 -13.655200 0.000000 0.000000 0.000000 -0.665288 0.746586
976055298.987284 -1.346660 -13.712200 0.000000 0.000000 0.000000 -0.667581 0.744537
976055299.457284 -1.313520 -14.033300 0.000000 0.000000 0.000000 -0.669864 0.742484
976055299.487284 -1.306800 -14.091100 0.000000 0.000000 0.000000 -0.667581 0.744537
976055299.687284 -1.300090 -14.148900 0.000000 0.000000 0.000000 -0.667581 0.744537
976055301.777284 -1.294190 -14.207300 0.000000 0.000000 0.000000 -0.667581 0.744537
976055301.787284 -1.250420 -14.661000 0.000000 0.000000 0.000000 -0.662855 0.748748
976055301.847284 -1.234590 -14.764800 0.000000 0.000000 0.000000 -0.646597 0.762832
976055302.117284 -1.221230 -14.842000 0.000000 0.000000 0.000000 -0.646597 0.762832
976055302.197284 -1.213320 -14.893900 0.000000 0.000000 0.000000 -0.651272 0.758844
976055302.397284 -1.206790 -14.937800 0.000000 0.000000 0.000000 -0.658241 0.752807
976055302.727284 -1.199510 -14.989000 0.000000 0.000000 0.000000 -0.653603 0.756838
976055302.887284 -1.189570 -15.049600 0.000000 0.000000 0.000000 -0.651272 0.758844
976055303.287284 -1.179890 -15.113000 0.000000 0.000000 0.000000 -0.648940 0.760840
976055303.317284 -1.170460 -15.171400 0.000000 0.000000 0.000000 -0.648940 0.760840
976055303.507284 -1.162540 -15.223200 0.000000 0.000000 0.000000 -0.651272 0.758844
976055305.507284 -1.153350 -15.276700 0.000000 0.000000 0.000000 -0.653603 0.756838
976055305.517284 -1.131650 -15.431400 0.000000 0.000000 0.000000 -0.655923 0.754828
976055305.647284 -1.130770 -15.437200 0.000000 0.000000 0.000000 -0.685547 0.728028
976055305.867284 -1.130770 -15.437200 0.000000 0.000000 0.000000 -0.703233 0.710959
976055306.307284 -1.130500 -15.434300 0.000000 0.000000 0.000000 -0.718362 0.695669
976055306.397284 -1.130500 -15.434300 0.000000 0.000000 0.000000 -0.763713 0.645556
976055306.727284 -1.130640 -15.435800 0.000000 0.000000 0.000000 -0.785092 0.619379
976055306.797284 -1.135300 -15.406000 0.000000 0.000000 0.000000 -0.769134 0.639088
976055307.177284 -1.136010 -15.406800 0.000000 0.000000 0.000000 -0.780784 0.624801
976055307.237284 -1.136000 -15.408200 0.000000 0.000000 0.000000 -0.799610 0.600520
976055307.417284 -1.136710 -15.410300 0.000000 0.000000 0.000000 -0.821205 0.570633
976055309.377284 -1.136000 -15.409600 0.000000 0.000000 0.000000 -0.831585 0.555398
976055309.387284 -1.136000 -15.409600 0.000000 0.000000 0.000000 -0.843338 0.537383
976055309.397284 -1.136000 -15.408200 0.000000 0.000000 0.000000 -0.868729 0.495288
976055309.677284 -1.179030 -15.389900 0.000000 0.000000 0.000000 -0.928675 0.370894
976055309.797284 -1.179030 -15.389900 0.000000 0.000000 0.000000 -0.937512 0.347953
976055310.427284 -1.179030 -15.389900 0.000000 0.000000 0.000000 -0.944778 0.327712
976055310.537284 -1.179030 -15.389900 0.000000 0.000000 0.000000 -0.953478 0.301463
976055310.597284 -1.191700 -15.398500 0.000000 0.000000 0.000000 -0.958875 0.283830
976055310.807284 -1.230440 -15.422100 0.000000 0.000000 0.000000 -0.963944 0.266106
976055311.197284 -1.297350 -15.462800 0.000000 0.000000 0.000000 -0.963944 0.266106
976055311.247284 -1.362850 -15.503600 0.000000 0.000000 0.000000 -0.961449 0.274982
976055311.417284 -1.407930 -15.530700 0.000000 0.000000 0.000000 -0.963122 0.269064
976055313.567284 -1.446670 -15.554300 0.000000 0.000000 0.000000 -0.965561 0.260178
976055313.577284 -1.751720 -15.728100 0.000000 0.000000 0.000000 -0.970193 0.242334
976055313.637284 -1.867230 -15.760500 0.000000 0.000000 0.000000 -0.973297 0.229551
976055313.897284 -1.863040 -15.757600 0.000000 0.000000 0.000000 -0.973297 0.229551
976055314.707284 -1.863740 -15.758300 0.000000 0.000000 0.000000 -0.973297 0.229551
976055314.897284 -1.865150 -15.758400 0.000000 0.000000 0.000000 -0.978008 0.208569
976055315.707284 -1.865150 -15.758400 0.000000 0.000000 0.000000 -0.986073 0.166315
976055315.777284 -1.865150 -15.758400 0.000000 0.000000 0.000000 -0.998228 0.059506
976055317.767284 -1.865840 -15.759100 0.000000 0.000000 0.000000 -0.999585 0.028812
976055317.817284 -1.865150 -15.758400 0.000000 0.000000 0.000000 0.999988 0.004986
976055317.827284 -1.865150 -15.758400 0.000000 0.000000 0.000000 0.999851 0.017275
976055317.977284 -2.182680 -15.672400 0.000000 0.000000 0.000000 0.996569 0.082767
976055318.307284 -2.227060 -15.665300 0.000000 0.000000 0.000000 0.996569 0.082767
976055318.407284 -2.282170 -15.656800 0.000000 0.000000 0.000000 0.996819 0.079702
976055318.677284 -2.353070 -15.645100 0.000000 0.000000 0.000000 0.996819 0.079702
976055318.757284 -2.418900 -15.635100 0.000000 0.000000 0.000000 0.997059 0.076641
976055319.177284 -2.473250 -15.627300 0.000000 0.000000 0.000000 0.997059 0.076641
976055319.187284 -2.496850 -15.623900 0.000000 0.000000 0.000000 0.997290 0.073575
976055319.387284 -2.546130 -15.617800 0.000000 0.000000 0.000000 0.997723 0.067445
976055319.777284 -2.608290 -15.609800 0.000000 0.000000 0.000000 0.998119 0.061313
976055319.857284 -2.733100 -15.597200 0.000000 0.000000 0.000000 0.998641 0.052113
976055321.977284 -2.784450 -15.592000 0.000000 0.000000 0.000000 0.998641 0.052113
976055321.987284 -3.246790 -15.614800 0.000000 0.000000 0.000000 -0.999979 0.006441
976055322.137284 -3.364940 -15.615700 0.000000 0.000000 0.000000 0.999996 0.002776
976055322.427284 -3.424010 -15.616100 0.000000 0.000000 0.000000 -1.000000 0.000296
976055322.537284 -3.480870 -15.616800 0.000000 0.000000 0.000000 -1.000000 0.000296
976055322.807284 -3.538560 -15.616900 0.000000 0.000000 0.000000 -1.000000 0.000296
976055322.937284 -3.600400 -15.617900 0.000000 0.000000 0.000000 -0.999994 0.003366
976055323.327284 -3.659480 -15.618300 0.000000 0.000000 0.000000 -0.999994 0.003366
976055323.347284 -3.708290 -15.619500 0.000000 0.000000 0.000000 -1.000000 0.000296
976055323.607284 -3.724930 -15.619300 0.000000 0.000000 0.000000 -0.999979 0.006441
976055323.697284 -3.739350 -15.619300 0.000000 0.000000 0.000000 -0.999955 0.009511
976055325.727284 -3.738520 -15.619800 0.000000 0.000000 0.000000 -0.999955 0.009511
976055325.737284 -3.703230 -15.624800 0.000000 0.000000 0.000000 -0.957154 0.289578
976055325.897284 -3.702380 -15.625400 0.000000 0.000000 0.000000 -0.940730 0.339158
976055326.217284 -3.701330 -15.623700 0.000000 0.000000 0.000000 -0.922925 0.384980
976055326.327284 -3.702380 -15.625400 0.000000 0.000000 0.000000 -0.905514 0.424316
976055326.587284 -3.701850 -15.624500 0.000000 0.000000 0.000000 -0.885003 0.465586
976055326.807284 -3.701850 -15.624500 0.000000 0.000000 0.000000 -0.865701 0.500561
976055327.397284 -3.701210 -15.587000 0.000000 0.000000 0.000000 -0.837895 0.545832
976055327.567284 -3.701720 -15.587900 0.000000 0.000000 0.000000 -0.784091 0.620646
976055327.577284 -3.701720 -15.587900 0.000000 0.000000 0.000000 -0.752645 0.658427
976055327.807284 -3.701720 -15.587900 0.000000 0.000000 0.000000 -0.723632 0.690186
976055329.977284 -3.701210 -15.587000 0.000000 0.000000 0.000000 -0.691064 0.722794
976055329.987284 -3.604750 -15.680600 0.000000 0.000000 0.000000 -0.684648 0.728874
976055329.997284 -3.605010 -15.679300 0.000000 0.000000 0.000000 -0.650339 0.759645
976055330.097284 -3.556140 -15.689800 0.000000 0.000000 0.000000 -0.306613 0.951834
976055330.357284 -3.554500 -15.690900 0.000000 0.000000 0.000000 -0.256497 0.966545
976055330.597284 -3.497480 -15.639900 0.000000 0.000000 0.000000 -0.222329 0.974972
976055330.807284 -3.495270 -15.640300 0.000000 0.000000 0.000000 -0.180195 0.983631
976055330.927284 -3.493640 -15.641400 0.000000 0.000000 0.000000 -0.134682 0.990889
976055331.217284 -3.493640 -15.641400 0.000000 0.000000 0.000000 -0.085823 0.996310
976055331.307284 -3.492250 -15.641200 0.000000 0.000000 0.000000 -0.039827 0.999207
976055331.817284 -3.492250 -15.641200 0.000000 0.000000 0.000000 0.003181 0.999995
976055331.907284 -3.499450 -15.597800 0.000000 0.000000 0.000000 0.076841 0.997043
976055334.127284 -3.491890 -15.595800 0.000000 0.000000 0.000000 0.064581 0.997912
976055334.187284 -3.469330 -15.593500 0.000000 0.000000 0.000000 0.058447 0.998291
976055334.197284 -3.408870 -15.586400 0.000000 0.000000 0.000000 0.058447 0.998291
976055334.307284 -2.870100 -15.533200 0.000000 0.000000 0.000000 0.030820 0.999525
976055334.637284 -2.813720 -15.531800 0.000000 0.000000 0.000000 0.012388 0.999923
976055334.707284 -2.750710 -15.531400 0.000000 0.000000 0.000000 -0.012193 0.999926
976055335.417284 -2.550570 -15.554300 0.000000 0.000000 0.000000 -0.101131 0.994873
976055335.667284 -2.578240 -15.450000 0.000000 0.000000 0.000000 -0.036770 0.999324
976055335.827284 -2.514990 -15.456400 0.000000 0.000000 0.000000 -0.064389 0.997925
976055336.427284 -2.453010 -15.465500 0.000000 0.000000 0.000000 -0.088898 0.996041
976055338.297284 -2.345500 -15.488200 0.000000 0.000000 0.000000 -0.110300 0.993898
976055338.307284 -2.116030 -15.538100 0.000000 0.000000 0.000000 -0.104190 0.994557
976055338.387284 -1.775300 -15.616800 0.000000 0.000000 0.000000 -0.125557 0.992086
976055338.627284 -1.716290 -15.632200 0.000000 0.000000 0.000000 -0.131651 0.991296
976055338.777284 -1.659510 -15.647700 0.000000 0.000000 0.000000 -0.137740 0.990468
976055338.987284 -1.604550 -15.662400 0.000000 0.000000 0.000000 -0.137740 0.990468
976055339.167284 -1.562460 -15.621700 0.000000 0.000000 0.000000 -0.131369 0.991334
976055339.547284 -1.533890 -15.628800 0.000000 0.000000 0.000000 -0.134414 0.990925
976055339.727284 -1.418840 -15.662700 0.000000 0.000000 0.000000 -0.146583 0.989198
976055340.107284 -1.362900 -15.679500 0.000000 0.000000 0.000000 -0.146583 0.989198
976055340.157284 -1.306550 -15.695400 0.000000 0.000000 0.000000 -0.143543 0.989644
976055342.277284 -1.249690 -15.712600 0.000000 0.000000 0.000000 -0.146583 0.989198
976055342.287284 -0.806070 -15.848800 0.000000 0.000000 0.000000 -0.149623 0.988743
976055342.327284 -0.801490 -15.850800 0.000000 0.000000 0.000000 -0.158730 0.987322
976055342.647284 -0.802407 -15.850400 0.000000 0.000000 0.000000 -0.167825 0.985817
976055342.687284 -0.800575 -15.851200 0.000000 0.000000 0.000000 -0.179929 0.983680
976055342.937284 -0.801490 -15.850800 0.000000 0.000000 0.000000 -0.192005 0.981394
976055343.167284 -0.802407 -15.850400 0.000000 0.000000 0.000000 -0.216069 0.976378
976055343.457284 -0.803322 -15.850000 0.000000 0.000000 0.000000 -0.242985 0.970030
976055343.467284 -0.803322 -15.850000 0.000000 0.000000 0.000000 -0.275628 0.961265
976055343.647284 -0.800575 -15.851200 0.000000 0.000000 0.000000 -0.313796 0.949490
976055344.187284 -0.800057 -15.852500 0.000000 0.000000 0.000000 -0.331247 0.943544
976055344.197284 -0.797308 -15.853700 0.000000 0.000000 0.000000 -0.354339 0.935117
976055344.207284 -0.806100 -15.870600 0.000000 0.000000 0.000000 -0.332824 0.942989
976055346.507284 -0.806100 -15.870600 0.000000 0.000000 0.000000 -0.353028 0.935613
976055346.557284 -0.806100 -15.870600 0.000000 0.000000 0.000000 -0.381606 0.924325
976055346.567284 -0.806100 -15.870600 0.000000 0.000000 0.000000 -0.407019 0.913420
976055346.707284 -0.823921 -15.894500 0.000000 0.000000 0.000000 -0.620194 0.784448
976055347.507284 -0.824242 -15.895400 0.000000 0.000000 0.000000 -0.644004 0.765023
976055347.787284 -0.824262 -15.992500 0.000000 0.000000 0.000000 -0.728743 0.684787
976055347.847284 -0.828312 -16.067100 0.000000 0.000000 0.000000 -0.724518 0.689256
976055348.437284 -0.830326 -16.101300 0.000000 0.000000 0.000000 -0.726634 0.687025
976055348.447284 -0.829327 -16.085800 0.000000 0.000000 0.000000 -0.728743 0.684787
976055348.697284 -0.828005 -16.069300 0.000000 0.000000 0.000000 -0.730842 0.682546
976055350.817284 -0.828333 -16.073500 0.000000 0.000000 0.000000 -0.732938 0.680296
976055350.827284 -0.892173 -16.475400 0.000000 0.000000 0.000000 -0.746822 0.665024
976055350.847284 -0.905727 -16.599200 0.000000 0.000000 0.000000 -0.748863 0.662725
976055351.147284 -0.911856 -16.647600 0.000000 0.000000 0.000000 -0.750894 0.660423
976055351.307284 -0.918869 -16.702100 0.000000 0.000000 0.000000 -0.752921 0.658110
976055351.597284 -0.927040 -16.766700 0.000000 0.000000 0.000000 -0.754938 0.655796
976055351.667284 -0.936164 -16.831000 0.000000 0.000000 0.000000 -0.754938 0.655796
976055351.887284 -0.943789 -16.887400 0.000000 0.000000 0.000000 -0.756951 0.653471
976055352.447284 -0.952708 -16.941200 0.000000 0.000000 0.000000 -0.760953 0.648808
976055352.477284 -0.971085 -17.057200 0.000000 0.000000 0.000000 -0.762941 0.646468
976055354.507284 -0.981195 -17.118000 0.000000 0.000000 0.000000 -0.762941 0.646468
976055354.517284 -0.962682 -17.134600 0.000000 0.000000 0.000000 -0.745554 0.666446
976055354.527284 -0.968654 -17.189800 0.000000 0.000000 0.000000 -0.745554 0.666446
976055354.647284 -0.982615 -17.312200 0.000000 0.000000 0.000000 -0.807378 0.590034
976055354.887284 -0.982615 -17.312200 0.000000 0.000000 0.000000 -0.826856 0.562413
976055355.447284 -0.982615 -17.312200 0.000000 0.000000 0.000000 -0.843746 0.536742
976055355.497284 -0.982615 -17.312200 0.000000 0.000000 0.000000 -0.867580 0.497298
976055355.747284 -0.982615 -17.312200 0.000000 0.000000 0.000000 -0.885324 0.464975
976055355.847284 -0.982367 -17.311200 0.000000 0.000000 0.000000 -0.897843 0.440317
976055356.197284 -1.018760 -17.315500 0.000000 0.000000 0.000000 -0.900963 0.433895
976055356.307284 -1.018760 -17.315500 0.000000 0.000000 0.000000 -0.912617 0.408816
976055358.577284 -1.019960 -17.316200 0.000000 0.000000 0.000000 -0.924747 0.380583
976055358.587284 -1.021150 -17.317000 0.000000 0.000000 0.000000 -0.957642 0.287960
976055358.657284 -1.088550 -17.277600 0.000000 0.000000 0.000000 -0.994047 0.108955
976055358.867284 -1.087570 -17.277800 0.000000 0.000000 0.000000 -0.996160 0.087549
976055359.457284 -1.094840 -17.278300 0.000000 0.000000 0.000000 -0.998200 0.059970
976055359.897284 -1.265210 -17.285200 0.000000 0.000000 0.000000 -0.999970 0.007771
976055360.117284 -1.381580 -17.288500 0.000000 0.000000 0.000000 -0.999999 0.001626
976055360.537284 -1.427680 -17.288700 0.000000 0.000000 0.000000 -0.999999 0.001626
976055360.687284 -1.554240 -17.291900 0.000000 0.000000 0.000000 -0.999941 0.010841
976055362.977284 -1.619200 -17.294100 0.000000 0.000000 0.000000 -0.999856 0.016991
976055362.987284 -1.788360 -17.242500 0.000000 0.000000 0.000000 -0.999717 0.023779
976055363.477284 -2.175820 -17.260000 0.000000 0.000000 0.000000 -0.999934 0.011491
976055363.767284 -2.347070 -17.261800 0.000000 0.000000 0.000000 0.999993 0.003871
976055363.847284 -2.406300 -17.261300 0.000000 0.000000 0.000000 0.999976 0.006941
976055364.167284 -2.442200 -17.261700 0.000000 0.000000 0.000000 0.999950 0.010016
976055364.227284 -2.505340 -17.260300 0.000000 0.000000 0.000000 0.999950 0.010016
976055364.447284 -2.559460 -17.259900 0.000000 0.000000 0.000000 0.999914 0.013091
976055364.817284 -2.611210 -17.257900 0.000000 0.000000 0.000000 0.999815 0.019235
976055364.827284 -2.670230 -17.256400 0.000000 0.000000 0.000000 0.999751 0.022304
976055365.217284 -2.550590 -17.274700 0.000000 0.000000 0.000000 -0.999768 0.021555
976055367.777284 -2.608350 -17.278200 0.000000 0.000000 0.000000 -0.999829 0.018485
976055367.787284 -3.386910 -17.283500 0.000000 0.000000 0.000000 0.999770 0.021460
976055368.127284 -3.445100 -17.281900 0.000000 0.000000 0.000000 0.999770 0.021460
976055368.177284 -3.499210 -17.279800 0.000000 0.000000 0.000000 0.999831 0.018390
976055368.347284 -3.604120 -17.288900 0.000000 0.000000 0.000000 -0.999988 0.004856
976055368.617284 -3.634250 -17.289900 0.000000 0.000000 0.000000 -0.999969 0.007931
976055368.707284 -3.696440 -17.290800 0.000000 0.000000 0.000000 -0.999939 0.011001
976055368.977284 -3.753720 -17.293000 0.000000 0.000000 0.000000 -0.999901 0.014076
976055369.117284 -3.809000 -17.295300 0.000000 0.000000 0.000000 -0.999853 0.017150
976055371.187284 -3.868260 -17.297400 0.000000 0.000000 0.000000 -0.999652 0.026363
976055371.197284 -3.927660 -17.301400 0.000000 0.000000 0.000000 -0.999472 0.032506
976055371.307284 -4.451370 -17.339700 0.000000 0.000000 0.000000 -0.999796 0.020220
976055371.697284 -4.512700 -17.342600 0.000000 0.000000 0.000000 -0.999853 0.017150
976055371.707284 -4.570900 -17.343800 0.000000 0.000000 0.000000 -0.999939 0.011001
976055372.277284 -4.578850 -17.359800 0.000000 0.000000 0.000000 -0.999161 0.040955
976055372.397284 -4.695850 -17.371700 0.000000 0.000000 0.000000 -0.998890 0.047094
976055372.547284 -4.753850 -17.376700 0.000000 0.000000 0.000000 -0.998890 0.047094
976055372.827284 -4.809860 -17.382700 0.000000 0.000000 0.000000 -0.998741 0.050165
976055372.907284 -4.866860 -17.388700 0.000000 0.000000 0.000000 -0.998741 0.050165
976055375.147284 -4.924860 -17.395600 0.000000 0.000000 0.000000 -0.998582 0.053231
976055375.157284 -4.989860 -17.403600 0.000000 0.000000 0.000000 -0.997646 0.068567
976055375.267284 -4.959600 -17.431800 0.000000 0.000000 0.000000 -0.952733 0.303807
976055375.607284 -4.958560 -17.430900 0.000000 0.000000 0.000000 -0.940885 0.338725
976055375.667284 -4.957520 -17.429900 0.000000 0.000000 0.000000 -0.919519 0.393046
976055375.997284 -4.957520 -17.429900 0.000000 0.000000 0.000000 -0.900433 0.434994
976055376.717284 -4.957520 -17.429900 0.000000 0.000000 0.000000 -0.882342 0.470609
976055376.877284 -4.922390 -17.461500 0.000000 0.000000 0.000000 -0.812338 0.583187
976055376.887284 -4.921390 -17.461500 0.000000 0.000000 0.000000 -0.784603 0.619999
976055377.717284 -4.921310 -17.459500 0.000000 0.000000 0.000000 -0.751162 0.660118
976055379.407284 -4.921270 -17.458500 0.000000 0.000000 0.000000 -0.722077 0.691813
976055379.417284 -4.872180 -17.469500 0.000000 0.000000 0.000000 -0.517272 0.855821
976055379.427284 -4.871230 -17.470600 0.000000 0.000000 0.000000 -0.485373 0.874307
976055379.477284 -4.843060 -17.477500 0.000000 0.000000 0.000000 -0.330324 0.943868
976055379.757284 -4.842130 -17.478600 0.000000 0.000000 0.000000 -0.277640 0.960685
976055379.867284 -4.842130 -17.478600 0.000000 0.000000 0.000000 -0.227101 0.973871
976055380.137284 -4.784830 -17.439400 0.000000 0.000000 0.000000 -0.181764 0.983342
976055380.267284 -4.785780 -17.438300 0.000000 0.000000 0.000000 -0.139307 0.990249
976055380.707284 -4.784830 -17.439400 0.000000 0.000000 0.000000 -0.096592 0.995324
976055380.947284 -4.782840 -17.439500 0.000000 0.000000 0.000000 0.004658 0.999989
976055381.397284 -4.779790 -17.438700 0.000000 0.000000 0.000000 0.050728 0.998713
976055381.467284 -4.765970 -17.363500 0.000000 0.000000 0.000000 0.130180 0.991490
976055383.857284 -4.762900 -17.362800 0.000000 0.000000 0.000000 0.178749 0.983895
976055383.867284 -4.775040 -17.330100 0.000000 0.000000 0.000000 0.460109 0.887862
976055384.677284 -4.803350 -17.273500 0.000000 0.000000 0.000000 0.654234 0.756292
976055384.797284 -4.804350 -17.273400 0.000000 0.000000 0.000000 0.744076 0.668096
976055384.867284 -4.863270 -17.258400 0.000000 0.000000 0.000000 0.776010 0.630720
976055385.177284 -4.864740 -17.252300 0.000000 0.000000 0.000000 0.798735 0.601683
976055385.377284 -4.869510 -17.237800 0.000000 0.000000 0.000000 0.791277 0.611458
976055385.617284 -4.878430 -17.201900 0.000000 0.000000 0.000000 0.793154 0.609022
976055385.707284 -4.897280 -17.130000 0.000000 0.000000 0.000000 0.795023 0.606580
976055388.647284 -4.919590 -17.051800 0.000000 0.000000 0.000000 0.798735 0.601683
976055388.667284 -5.086820 -16.273400 0.000000 0.000000 0.000000 0.756268 0.654262
976055388.947284 -5.237090 -16.290400 0.000000 0.000000 0.000000 0.808162 0.588960
976055389.677284 -5.254870 -16.235700 0.000000 0.000000 0.000000 0.809969 0.586472
976055389.907284 -5.297650 -16.100900 0.000000 0.000000 0.000000 0.806350 0.591438
976055390.967284 -5.333730 -15.985600 0.000000 0.000000 0.000000 0.808162 0.588960
976055392.257284 -5.351510 -15.930900 0.000000 0.000000 0.000000 0.806350 0.591438
976055392.267284 -5.465670 -15.574400 0.000000 0.000000 0.000000 0.813558 0.581484
976055392.407284 -5.508070 -15.431300 0.000000 0.000000 0.000000 0.841614 0.540079
976055392.667284 -5.530900 -15.380400 0.000000 0.000000 0.000000 0.841614 0.540079
976055392.897284 -5.555380 -15.325700 0.000000 0.000000 0.000000 0.839952 0.542661
976055393.147284 -5.578880 -15.270900 0.000000 0.000000 0.000000 0.834913 0.550382
976055393.167284 -5.600720 -15.219800 0.000000 0.000000 0.000000 0.824626 0.565679
976055393.527284 -5.619780 -15.167300 0.000000 0.000000 0.000000 0.810471 0.585779
976055393.547284 -5.628730 -15.138300 0.000000 0.000000 0.000000 0.803210 0.595696
976055393.807284 -5.644680 -15.080200 0.000000 0.000000 0.000000 0.793963 0.607966
976055394.217284 -5.660460 -15.023000 0.000000 0.000000 0.000000 0.793963 0.607966
976055394.287284 -5.688700 -14.916200 0.000000 0.000000 0.000000 0.792093 0.610401
976055396.657284 -5.703660 -14.857900 0.000000 0.000000 0.000000 0.792093 0.610401
976055396.667284 -5.817970 -14.443000 0.000000 0.000000 0.000000 0.782375 0.622808
976055396.767284 -5.856260 -14.274300 0.000000 0.000000 0.000000 0.780456 0.625211
976055397.387284 -5.868540 -14.218600 0.000000 0.000000 0.000000 0.778530 0.627608
976055397.487284 -5.893070 -14.103100 0.000000 0.000000 0.000000 0.772714 0.634755
976055397.567284 -5.903410 -14.047000 0.000000 0.000000 0.000000 0.760878 0.648895
976055397.907284 -5.911570 -13.991400 0.000000 0.000000 0.000000 0.758882 0.651228
976055397.967284 -5.920710 -13.936000 0.000000 0.000000 0.000000 0.758882 0.651228
976055398.477284 -5.930030 -13.875500 0.000000 0.000000 0.000000 0.760878 0.648895
976055398.567284 -5.947250 -13.756200 0.000000 0.000000 0.000000 0.748787 0.662811
976055400.817284 -5.953000 -13.702100 0.000000 0.000000 0.000000 0.730173 0.683262
976055400.827284 -5.934010 -13.484900 0.000000 0.000000 0.000000 0.714403 0.699735
976055400.977284 -5.938650 -13.083000 0.000000 0.000000 0.000000 0.705749 0.708462
976055401.297284 -5.938370 -13.021900 0.000000 0.000000 0.000000 0.703567 0.710629
976055401.377284 -5.938130 -12.964000 0.000000 0.000000 0.000000 0.703567 0.710629
976055401.627284 -5.937580 -12.907100 0.000000 0.000000 0.000000 0.703567 0.710629
976055401.767284 -5.936720 -12.851200 0.000000 0.000000 0.000000 0.703567 0.710629
976055402.117284 -5.935520 -12.793000 0.000000 0.000000 0.000000 0.703567 0.710629
976055402.167284 -5.934930 -12.732900 0.000000 0.000000 0.000000 0.703567 0.710629
976055402.517284 -5.934690 -12.675000 0.000000 0.000000 0.000000 0.703567 0.710629
976055402.597284 -5.934140 -12.618100 0.000000 0.000000 0.000000 0.703567 0.710629
976055404.897284 -5.933890 -12.560200 0.000000 0.000000 0.000000 0.707924 0.706288
976055404.907284 -5.984830 -12.038400 0.000000 0.000000 0.000000 0.725592 0.688125
976055404.977284 -5.989490 -11.922800 0.000000 0.000000 0.000000 0.719217 0.694785
976055405.307284 -5.991580 -11.862700 0.000000 0.000000 0.000000 0.717077 0.696994
976055405.377284 -5.992970 -11.804600 0.000000 0.000000 0.000000 0.717077 0.696994
976055405.697284 -5.995070 -11.744500 0.000000 0.000000 0.000000 0.714934 0.699192
976055405.767284 -5.996460 -11.686300 0.000000 0.000000 0.000000 0.714934 0.699192
976055406.877284 -5.997500 -11.629100 0.000000 0.000000 0.000000 0.714934 0.699192
976055408.857284 -6.010860 -11.411900 0.000000 0.000000 0.000000 0.742865 0.669441
976055408.867284 -6.036920 -11.177700 0.000000 0.000000 0.000000 0.746965 0.664864
976055408.967284 -6.085710 -10.774900 0.000000 0.000000 0.000000 0.746965 0.664864
976055409.217284 -6.091630 -10.718300 0.000000 0.000000 0.000000 0.742865 0.669441
976055409.367284 -6.097550 -10.661700 0.000000 0.000000 0.000000 0.742865 0.669441
976055409.647284 -6.101980 -10.613200 0.000000 0.000000 0.000000 0.744920 0.667154
976055409.827284 -6.105200 -10.591600 0.000000 0.000000 0.000000 0.744920 0.667154
976055410.537284 -6.104870 -10.594700 0.000000 0.000000 0.000000 0.742865 0.669441
976055410.757284 -6.104870 -10.594700 0.000000 0.000000 0.000000 0.742865 0.669441
976055410.847284 -6.104870 -10.594700 0.000000 0.000000 0.000000 0.744920 0.667154
976055413.187284 -6.104870 -10.594700 0.000000 0.000000 0.000000 0.744920 0.667154
976055413.197284 -6.106520 -10.591100 0.000000 0.000000 0.000000 0.853002 0.521908
976055413.247284 -6.153240 -10.570000 0.000000 0.000000 0.000000 0.943348 0.331805
976055413.587284 -6.153240 -10.570000 0.000000 0.000000 0.000000 0.954022 0.299736
976055413.647284 -6.153240 -10.570000 0.000000 0.000000 0.000000 0.966030 0.258430
976055413.957284 -6.178310 -10.647000 0.000000 0.000000 0.000000 0.974866 0.222791
976055414.747284 -6.178310 -10.647000 0.000000 0.000000 0.000000 0.984096 0.177639
976055414.917284 -6.180870 -10.645800 0.000000 0.000000 0.000000 0.998921 0.046440
976055415.527284 -6.186440 -10.656600 0.000000 0.000000 0.000000 -0.999662 0.026003
976055417.447284 -6.187380 -10.657000 0.000000 0.000000 0.000000 -0.997402 0.072039
976055417.467284 -6.188310 -10.657300 0.000000 0.000000 0.000000 -0.992657 0.120964
976055417.487284 -6.186340 -10.746500 0.000000 0.000000 0.000000 -0.833675 0.552255
976055417.707284 -6.133070 -10.743500 0.000000 0.000000 0.000000 -0.804136 0.594446
976055417.967284 -6.133070 -10.743500 0.000000 0.000000 0.000000 -0.791164 0.611604
976055418.317284 -6.133070 -10.743500 0.000000 0.000000 0.000000 -0.770044 0.637991
976055418.387284 -6.133240 -10.748900 0.000000 0.000000 0.000000 -0.703692 0.710506
976055418.787284 -6.133070 -10.755200 0.000000 0.000000 0.000000 -0.677023 0.735962
976055418.947284 -6.129130 -10.807000 0.000000 0.000000 0.000000 -0.681533 0.731788
976055419.287284 -6.123310 -10.881500 0.000000 0.000000 0.000000 -0.677023 0.735962
976055419.367284 -6.050430 -10.919000 0.000000 0.000000 0.000000 -0.648365 0.761330
976055421.707284 -6.044710 -10.951500 0.000000 0.000000 0.000000 -0.650699 0.759336
976055421.717284 -5.969870 -11.544400 0.000000 0.000000 0.000000 -0.666881 0.745164
976055421.787284 -5.964030 -11.594300 0.000000 0.000000 0.000000 -0.669169 0.743110
976055422.157284 -5.957880 -11.647400 0.000000 0.000000 0.000000 -0.669169 0.743110
976055422.187284 -5.951120 -11.706800 0.000000 0.000000 0.000000 -0.666881 0.745164
976055422.497284 -5.943230 -11.771200 0.000000 0.000000 0.000000 -0.664590 0.747208
976055422.547284 -5.936370 -11.828400 0.000000 0.000000 0.000000 -0.666881 0.745164
976055422.827284 -5.930220 -11.881400 0.000000 0.000000 0.000000 -0.666881 0.745164
976055422.947284 -5.917940 -11.932500 0.000000 0.000000 0.000000 -0.652641 0.757667
976055423.337284 -5.909550 -11.991000 0.000000 0.000000 0.000000 -0.652641 0.757667
976055423.347284 -5.900270 -12.049100 0.000000 0.000000 0.000000 -0.654968 0.755657
976055425.637284 -5.896070 -12.079500 0.000000 0.000000 0.000000 -0.657285 0.753642
976055425.677284 -5.888130 -12.137100 0.000000 0.000000 0.000000 -0.657285 0.753642
976055425.687284 -5.857740 -12.365100 0.000000 0.000000 0.000000 -0.668786 0.743455
976055425.707284 -5.825310 -12.711900 0.000000 0.000000 0.000000 -0.677873 0.735179
976055426.277284 -5.820970 -12.766900 0.000000 0.000000 0.000000 -0.675612 0.737257
976055426.417284 -5.809550 -12.884400 0.000000 0.000000 0.000000 -0.677873 0.735179
976055426.517284 -5.762750 -12.910100 0.000000 0.000000 0.000000 -0.670925 0.741526
976055426.787284 -5.757850 -12.967700 0.000000 0.000000 0.000000 -0.673198 0.739462
976055426.907284 -5.751590 -13.025700 0.000000 0.000000 0.000000 -0.675469 0.737389
976055427.187284 -5.746680 -13.083200 0.000000 0.000000 0.000000 -0.677729 0.735312
976055427.317284 -5.741780 -13.140800 0.000000 0.000000 0.000000 -0.679987 0.733224
976055429.657284 -5.738300 -13.195700 0.000000 0.000000 0.000000 -0.684480 0.729032
976055429.677284 -5.734680 -13.255100 0.000000 0.000000 0.000000 -0.688947 0.724812
976055429.717284 -5.731480 -13.838500 0.000000 0.000000 0.000000 -0.717342 0.696721
976055430.237284 -5.733280 -13.896200 0.000000 0.000000 0.000000 -0.721610 0.692300
976055430.387284 -5.669220 -13.972300 0.000000 0.000000 0.000000 -0.699548 0.714585
976055430.537284 -5.668670 -14.032500 0.000000 0.000000 0.000000 -0.703926 0.710273
976055430.797284 -5.668370 -14.090400 0.000000 0.000000 0.000000 -0.708277 0.705934
976055430.907284 -5.668290 -14.146200 0.000000 0.000000 0.000000 -0.710445 0.703753
976055431.247284 -5.668280 -14.205600 0.000000 0.000000 0.000000 -0.712602 0.701569
976055431.317284 -5.669350 -14.263200 0.000000 0.000000 0.000000 -0.712602 0.701569
976055433.597284 -5.669890 -14.321800 0.000000 0.000000 0.000000 -0.714756 0.699374
976055433.717284 -5.678400 -14.917200 0.000000 0.000000 0.000000 -0.718366 0.695666
976055433.977284 -5.680670 -14.976200 0.000000 0.000000 0.000000 -0.722627 0.691238
976055434.137284 -5.682540 -15.037400 0.000000 0.000000 0.000000 -0.724749 0.689013
976055434.337284 -5.684990 -15.092700 0.000000 0.000000 0.000000 -0.724749 0.689013
976055434.597284 -5.687450 -15.148100 0.000000 0.000000 0.000000 -0.724749 0.689013
976055434.857284 -5.690100 -15.204900 0.000000 0.000000 0.000000 -0.724749 0.689013
976055434.937284 -5.692370 -15.263900 0.000000 0.000000 0.000000 -0.724749 0.689013
976055435.227284 -5.695640 -15.324900 0.000000 0.000000 0.000000 -0.726861 0.686785
976055435.317284 -5.698090 -15.380300 0.000000 0.000000 0.000000 -0.728969 0.684546
976055437.657284 -5.702150 -15.436900 0.000000 0.000000 0.000000 -0.731067 0.682305
976055437.667284 -5.705610 -15.494300 0.000000 0.000000 0.000000 -0.731067 0.682305
976055437.717284 -5.720870 -16.029600 0.000000 0.000000 0.000000 -0.738117 0.674673
976055438.457284 -5.725800 -16.086000 0.000000 0.000000 0.000000 -0.742249 0.670124
976055438.537284 -5.743910 -16.260400 0.000000 0.000000 0.000000 -0.746353 0.665551
976055438.757284 -5.749610 -16.317400 0.000000 0.000000 0.000000 -0.746353 0.665551
976055438.917284 -5.756590 -16.372900 0.000000 0.000000 0.000000 -0.748392 0.663256
976055439.197284 -5.763060 -16.430500 0.000000 0.000000 0.000000 -0.748392 0.663256
976055439.317284 -5.769640 -16.489600 0.000000 0.000000 0.000000 -0.750428 0.660952
976055441.577284 -5.776870 -16.547900 0.000000 0.000000 0.000000 -0.750428 0.660952
976055441.587284 -5.790200 -16.659600 0.000000 0.000000 0.000000 -0.746353 0.665551
976055441.657284 -5.790930 -17.093600 0.000000 0.000000 0.000000 -0.733852 0.679310
976055441.987284 -5.791890 -17.101300 0.000000 0.000000 0.000000 -0.735934 0.677053
976055442.327284 -5.791840 -17.099900 0.000000 0.000000 0.000000 -0.735934 0.677053
976055442.477284 -5.791890 -17.101300 0.000000 0.000000 0.000000 -0.733852 0.679310
976055442.747284 -5.791890 -17.101300 0.000000 0.000000 0.000000 -0.731760 0.681563
976055442.837284 -5.791890 -17.101300 0.000000 0.000000 0.000000 -0.723328 0.690505
976055442.997284 -5.791890 -17.101300 0.000000 0.000000 0.000000 -0.708309 0.705902
976055443.137284 -5.791890 -17.101300 0.000000 0.000000 0.000000 -0.684050 0.729435
976055443.407284 -5.791930 -17.102700 0.000000 0.000000 0.000000 -0.649715 0.760178
976055443.497284 -5.791980 -17.104100 0.000000 0.000000 0.000000 -0.628447 0.777852
976055445.647284 -5.790700 -17.108400 0.000000 0.000000 0.000000 -0.579488 0.814981
976055445.657284 -5.725370 -17.120500 0.000000 0.000000 0.000000 -0.356154 0.934427
976055445.737284 -5.713750 -17.088800 0.000000 0.000000 0.000000 -0.199580 0.979881
976055446.797284 -5.713750 -17.088800 0.000000 0.000000 0.000000 -0.154221 0.988036
976055446.837284 -5.667790 -17.041200 0.000000 0.000000 0.000000 -0.079256 0.996854
976055446.857284 -5.627220 -17.047300 0.000000 0.000000 0.000000 -0.088442 0.996081
976055447.537284 -5.550440 -17.060500 0.000000 0.000000 0.000000 -0.079256 0.996854
976055449.767284 -5.373640 -17.088900 0.000000 0.000000 0.000000 -0.094562 0.995519
976055449.777284 -5.262080 -17.109000 0.000000 0.000000 0.000000 -0.091502 0.995805
976055449.817284 -4.775270 -17.201800 0.000000 0.000000 0.000000 -0.091502 0.995805
976055450.157284 -4.720190 -17.211800 0.000000 0.000000 0.000000 -0.091502 0.995805
976055450.217284 -4.660270 -17.223000 0.000000 0.000000 0.000000 -0.088442 0.996081
976055450.497284 -4.659650 -17.116600 0.000000 0.000000 0.000000 -0.013695 0.999906
976055450.657284 -4.602340 -17.117100 0.000000 0.000000 0.000000 -0.010623 0.999944
976055450.917284 -4.547850 -17.117700 0.000000 0.000000 0.000000 -0.007550 0.999972
976055451.147284 -4.491230 -17.119000 0.000000 0.000000 0.000000 -0.010623 0.999944
976055451.347284 -4.431050 -17.120800 0.000000 0.000000 0.000000 -0.013695 0.999906
976055451.417284 -4.370180 -17.121900 0.000000 0.000000 0.000000 -0.016768 0.999859
976055453.577284 -4.312830 -17.123900 0.000000 0.000000 0.000000 -0.016768 0.999859
976055453.587284 -3.967100 -17.142500 0.000000 0.000000 0.000000 -0.041339 0.999145
976055453.617284 -3.738800 -17.161600 0.000000 0.000000 0.000000 -0.041339 0.999145
976055453.927284 -3.679950 -17.166300 0.000000 0.000000 0.000000 -0.041339 0.999145
976055454.157284 -3.624530 -17.155500 0.000000 0.000000 0.000000 -0.016663 0.999861
976055454.227284 -3.568340 -17.157500 0.000000 0.000000 0.000000 -0.016663 0.999861
976055454.477284 -3.510100 -17.158700 0.000000 0.000000 0.000000 -0.010518 0.999945
976055454.677284 -3.449030 -17.159600 0.000000 0.000000 0.000000 -0.007445 0.999972
976055454.817284 -3.392950 -17.160200 0.000000 0.000000 0.000000 -0.001299 0.999999
976055455.127284 -3.336230 -17.160100 0.000000 0.000000 0.000000 0.004846 0.999988
976055455.217284 -3.280260 -17.159300 0.000000 0.000000 0.000000 0.001773 0.999998
976055457.437284 -3.220710 -17.158900 0.000000 0.000000 0.000000 -0.001299 0.999999
976055457.447284 -2.987830 -17.162200 0.000000 0.000000 0.000000 -0.013590 0.999908
976055457.617284 -2.574950 -17.208200 0.000000 0.000000 0.000000 -0.009770 0.999952
976055457.917284 -2.512160 -17.209400 0.000000 0.000000 0.000000 -0.009770 0.999952
976055458.147284 -2.456560 -17.210100 0.000000 0.000000 0.000000 -0.003624 0.999993
976055458.227284 -2.405960 -17.210600 0.000000 0.000000 0.000000 -0.006697 0.999978
976055458.477284 -2.344740 -17.210600 0.000000 0.000000 0.000000 -0.003624 0.999993
976055458.677284 -2.281330 -17.211100 0.000000 0.000000 0.000000 -0.003624 0.999993
976055458.817284 -2.222140 -17.212000 0.000000 0.000000 0.000000 -0.006697 0.999978
976055459.207284 -2.170120 -17.212400 0.000000 0.000000 0.000000 -0.006697 0.999978
976055459.217284 -2.111720 -17.212700 0.000000 0.000000 0.000000 -0.009770 0.999952
976055461.437284 -2.051730 -17.214300 0.000000 0.000000 0.000000 -0.009770 0.999952
976055461.447284 -1.814630 -17.220900 0.000000 0.000000 0.000000 -0.015915 0.999873
976055461.617284 -1.441610 -17.161600 0.000000 0.000000 0.000000 -0.006387 0.999980
976055461.997284 -1.367200 -17.161600 0.000000 0.000000 0.000000 -0.000242 1.000000
976055462.157284 -1.305800 -17.160700 0.000000 0.000000 0.000000 -0.000242 1.000000
976055462.327284 -1.256400 -17.160900 0.000000 0.000000 0.000000 0.002831 0.999996
976055462.457284 -1.207800 -17.160600 0.000000 0.000000 0.000000 -0.000242 1.000000
976055462.707284 -1.149790 -17.160900 0.000000 0.000000 0.000000 -0.003314 0.999995
976055462.927284 -1.083990 -17.160800 0.000000 0.000000 0.000000 -0.003314 0.999995
976055463.167284 -1.019590 -17.160900 0.000000 0.000000 0.000000 -0.003314 0.999995
976055463.217284 -0.976578 -17.161400 0.000000 0.000000 0.000000 -0.003314 0.999995
976055465.497284 -0.951579 -17.161100 0.000000 0.000000 0.000000 -0.006387 0.999980
976055465.507284 -0.959372 -17.161600 0.000000 0.000000 0.000000 0.137595 0.990489
976055465.617284 -0.954181 -17.099800 0.000000 0.000000 0.000000 0.260004 0.965608
976055465.947284 -0.954181 -17.099800 0.000000 0.000000 0.000000 0.307144 0.951663
976055465.997284 -0.954971 -17.099200 0.000000 0.000000 0.000000 0.362149 0.932120
976055466.197284 -0.954971 -17.099200 0.000000 0.000000 0.000000 0.407520 0.913196
976055466.457284 -0.954971 -17.099200 0.000000 0.000000 0.000000 0.440908 0.897552
976055466.677284 -0.987351 -17.063600 0.000000 0.000000 0.000000 0.472966 0.881080
976055466.757284 -0.987351 -17.063600 0.000000 0.000000 0.000000 0.510422 0.859924
976055467.127284 -0.987351 -17.063600 0.000000 0.000000 0.000000 0.531402 0.847120
976055467.327284 -0.987351 -17.063600 0.000000 0.000000 0.000000 0.602233 0.798321
976055469.747284 -0.987351 -17.063600 0.000000 0.000000 0.000000 0.638375 0.769726
976055469.757284 -1.031000 -16.944500 0.000000 0.000000 0.000000 0.736195 0.676770
976055469.767284 -1.042590 -16.800700 0.000000 0.000000 0.000000 0.732022 0.681281
976055470.387284 -1.057110 -16.549900 0.000000 0.000000 0.000000 0.721468 0.692448
976055470.597284 -1.054770 -16.389000 0.000000 0.000000 0.000000 0.675314 0.737531
976055470.717284 -1.048390 -16.332200 0.000000 0.000000 0.000000 0.663906 0.747816
976055470.997284 -1.041100 -16.263300 0.000000 0.000000 0.000000 0.666199 0.745774
976055471.367284 -1.033730 -16.202100 0.000000 0.000000 0.000000 0.668489 0.743722
976055471.467284 -1.028970 -16.150500 0.000000 0.000000 0.000000 0.670769 0.741666
976055471.667284 -1.021400 -16.070100 0.000000 0.000000 0.000000 0.673046 0.739600
976055473.917284 -1.015440 -16.009100 0.000000 0.000000 0.000000 0.675314 0.737531
976055473.977284 -1.148040 -16.060700 0.000000 0.000000 0.000000 0.737182 0.675694
976055473.987284 -1.189780 -15.574300 0.000000 0.000000 0.000000 0.739256 0.673424
976055474.837284 -1.199980 -15.457500 0.000000 0.000000 0.000000 0.735104 0.677954
976055474.987284 -1.219730 -15.228700 0.000000 0.000000 0.000000 0.739256 0.673424
976055475.217284 -1.225470 -15.169300 0.000000 0.000000 0.000000 0.739256 0.673424
976055475.277284 -1.231580 -15.108600 0.000000 0.000000 0.000000 0.739256 0.673424
976055475.617284 -1.266640 -15.076700 0.000000 0.000000 0.000000 0.759910 0.650028
976055475.687284 -1.274760 -15.022700 0.000000 0.000000 0.000000 0.759910 0.650028
976055478.847284 -1.283820 -14.963700 0.000000 0.000000 0.000000 0.761902 0.647692
976055478.857284 -1.294240 -14.903000 0.000000 0.000000 0.000000 0.759910 0.650028
976055478.867284 -1.302380 -14.846700 0.000000 0.000000 0.000000 0.751864 0.659318
976055478.877284 -1.308250 -14.794900 0.000000 0.000000 0.000000 0.737509 0.675337
976055478.887284 -1.312360 -14.739500 0.000000 0.000000 0.000000 0.720685 0.693263
976055478.897284 -1.312930 -14.679100 0.000000 0.000000 0.000000 0.701240 0.712926
976055478.907284 -1.311270 -14.618700 0.000000 0.000000 0.000000 0.694640 0.719357
976055478.917284 -1.309140 -14.561900 0.000000 0.000000 0.000000 0.696846 0.717221
976055478.927284 -1.308310 -14.507800 0.000000 0.000000 0.000000 0.696846 0.717221
976055478.937284 -1.306190 -14.448700 0.000000 0.000000 0.000000 0.690207 0.723612
976055478.947284 -1.301980 -14.374000 0.000000 0.000000 0.000000 0.694640 0.719357
976055478.957284 -1.300260 -14.320300 0.000000 0.000000 0.000000 0.690207 0.723612
976055479.117284 -1.275200 -14.027800 0.000000 0.000000 0.000000 0.699273 0.714855
976055479.337284 -1.273770 -13.972700 0.000000 0.000000 0.000000 0.697075 0.716998
976055479.477284 -1.271840 -13.909000 0.000000 0.000000 0.000000 0.694867 0.719138
976055479.777284 -1.269000 -13.845700 0.000000 0.000000 0.000000 0.692656 0.721268
976055479.907284 -1.267160 -13.789700 0.000000 0.000000 0.000000 0.692656 0.721268
976055482.217284 -1.265520 -13.739000 0.000000 0.000000 0.000000 0.694867 0.719138
976055482.227284 -1.299570 -13.225300 0.000000 0.000000 0.000000 0.758117 0.652119
976055482.277284 -1.316930 -13.103900 0.000000 0.000000 0.000000 0.754095 0.656765
976055482.537284 -1.324950 -13.047900 0.000000 0.000000 0.000000 0.750045 0.661387
976055482.677284 -1.391890 -13.040500 0.000000 0.000000 0.000000 0.766372 0.642397
976055482.887284 -1.400810 -12.984800 0.000000 0.000000 0.000000 0.760417 0.649435
976055483.137284 -1.409850 -12.923700 0.000000 0.000000 0.000000 0.748316 0.663342
976055483.407284 -1.415950 -12.860500 0.000000 0.000000 0.000000 0.731787 0.681534
976055483.477284 -1.417970 -12.806300 0.000000 0.000000 0.000000 0.712662 0.701508
976055483.807284 -1.417770 -12.751900 0.000000 0.000000 0.000000 0.703983 0.710217
976055483.967284 -1.418380 -12.693900 0.000000 0.000000 0.000000 0.708337 0.705874
976055486.317284 -1.418520 -12.631900 0.000000 0.000000 0.000000 0.708337 0.705874
976055486.327284 -1.422190 -12.284300 0.000000 0.000000 0.000000 0.712662 0.701508
976055486.337284 -1.424340 -12.168100 0.000000 0.000000 0.000000 0.714812 0.699317
976055486.477284 -1.439310 -11.964900 0.000000 0.000000 0.000000 0.729968 0.683481
976055486.787284 -1.442860 -11.903900 0.000000 0.000000 0.000000 0.729968 0.683481
976055486.877284 -1.447960 -11.844500 0.000000 0.000000 0.000000 0.734154 0.678983
976055487.147284 -1.452080 -11.788600 0.000000 0.000000 0.000000 0.736238 0.676722
976055487.307284 -1.456500 -11.733600 0.000000 0.000000 0.000000 0.736238 0.676722
976055487.507284 -1.460960 -11.675500 0.000000 0.000000 0.000000 0.734154 0.678983
976055487.677284 -1.466060 -11.616100 0.000000 0.000000 0.000000 0.734154 0.678983
976055487.997284 -1.470820 -11.558900 0.000000 0.000000 0.000000 0.734154 0.678983
976055488.137284 -1.474940 -11.502900 0.000000 0.000000 0.000000 0.734154 0.678983
976055490.357284 -1.479700 -11.445800 0.000000 0.000000 0.000000 0.734154 0.678983
976055490.367284 -1.532710 -10.985400 0.000000 0.000000 0.000000 0.757049 0.653358
976055490.477284 -1.558750 -10.815200 0.000000 0.000000 0.000000 0.763041 0.646350
976055490.787284 -1.568650 -10.755100 0.000000 0.000000 0.000000 0.763041 0.646350
976055490.877284 -1.578790 -10.700100 0.000000 0.000000 0.000000 0.766998 0.641649
976055491.227284 -1.588420 -10.647300 0.000000 0.000000 0.000000 0.768965 0.639291
976055491.497284 -1.598550 -10.592200 0.000000 0.000000 0.000000 0.770927 0.636924
976055491.507284 -1.610640 -10.532600 0.000000 0.000000 0.000000 0.770927 0.636924
976055491.657284 -1.621510 -10.472300 0.000000 0.000000 0.000000 0.766998 0.641649
976055491.927284 -1.631160 -10.415300 0.000000 0.000000 0.000000 0.757049 0.653358
976055492.187284 -1.635130 -10.389600 0.000000 0.000000 0.000000 0.748963 0.662612
976055494.387284 -1.640160 -10.334800 0.000000 0.000000 0.000000 0.730354 0.683069
976055494.397284 -1.636630 -10.157500 0.000000 0.000000 0.000000 0.671236 0.741244
976055494.457284 -1.566490 -9.704150 0.000000 0.000000 0.000000 0.673856 0.738863
976055494.787284 -1.561640 -9.651140 0.000000 0.000000 0.000000 0.673856 0.738863
976055494.817284 -1.558450 -9.623250 0.000000 0.000000 0.000000 0.673856 0.738863
976055495.137284 -1.554270 -9.562990 0.000000 0.000000 0.000000 0.678383 0.734708
976055495.217284 -1.548550 -9.499960 0.000000 0.000000 0.000000 0.678383 0.734708
976055495.537284 -1.543570 -9.440870 0.000000 0.000000 0.000000 0.676121 0.736791
976055495.587284 -1.539520 -9.386690 0.000000 0.000000 0.000000 0.676121 0.736791
976055496.157284 -1.534660 -9.333670 0.000000 0.000000 0.000000 0.676121 0.736791
976055496.337284 -1.519180 -9.153440 0.000000 0.000000 0.000000 0.676121 0.736791
976055498.867284 -1.517150 -9.126350 0.000000 0.000000 0.000000 0.676121 0.736791
976055498.877284 -1.513090 -9.072170 0.000000 0.000000 0.000000 0.678383 0.734708
976055498.887284 -1.521060 -8.438020 0.000000 0.000000 0.000000 0.682089 0.731270
976055499.747284 -1.516510 -8.381120 0.000000 0.000000 0.000000 0.663906 0.747816
976055499.777284 -1.484530 -8.148310 0.000000 0.000000 0.000000 0.656987 0.753902
976055500.167284 -1.477010 -8.091800 0.000000 0.000000 0.000000 0.656987 0.753902
976055500.187284 -1.469100 -8.032330 0.000000 0.000000 0.000000 0.659298 0.751882
976055500.727284 -1.511910 -8.012450 0.000000 0.000000 0.000000 0.680145 0.733078
976055500.747284 -1.507390 -7.957640 0.000000 0.000000 0.000000 0.680145 0.733078
976055500.777284 -1.503950 -7.903740 0.000000 0.000000 0.000000 0.680145 0.733078
976055503.397284 -1.499190 -7.845940 0.000000 0.000000 0.000000 0.680145 0.733078
976055503.417284 -1.495010 -7.783070 0.000000 0.000000 0.000000 0.682392 0.730986
976055503.427284 -1.470140 -7.262350 0.000000 0.000000 0.000000 0.695755 0.718280
976055503.687284 -1.465780 -7.124240 0.000000 0.000000 0.000000 0.689103 0.724664
976055503.957284 -1.461780 -7.039280 0.000000 0.000000 0.000000 0.691324 0.722545
976055503.977284 -1.466760 -7.026210 0.000000 0.000000 0.000000 0.715706 0.698401
976055504.267284 -1.466770 -6.976200 0.000000 0.000000 0.000000 0.702710 0.711476
976055504.377284 -1.465840 -6.929210 0.000000 0.000000 0.000000 0.693914 0.720058
976055504.827284 -1.463770 -6.875240 0.000000 0.000000 0.000000 0.698325 0.715781
976055505.457284 -1.461200 -6.745260 0.000000 0.000000 0.000000 0.702710 0.711476
976055505.507284 -1.461080 -6.688250 0.000000 0.000000 0.000000 0.707069 0.707144
976055505.587284 -1.461980 -6.582220 0.000000 0.000000 0.000000 0.713559 0.700595
976055508.897284 -1.463810 -6.523170 0.000000 0.000000 0.000000 0.715706 0.698401
976055508.907284 -1.465600 -6.462120 0.000000 0.000000 0.000000 0.717851 0.696197
976055508.917284 -1.467420 -6.402070 0.000000 0.000000 0.000000 0.722115 0.691773
976055508.927284 -1.470270 -6.344000 0.000000 0.000000 0.000000 0.724239 0.689549
976055508.937284 -1.473200 -6.289930 0.000000 0.000000 0.000000 0.724239 0.689549
976055508.947284 -1.476110 -6.234870 0.000000 0.000000 0.000000 0.722115 0.691773
976055508.957284 -1.477910 -6.173820 0.000000 0.000000 0.000000 0.715706 0.698401
976055508.967284 -1.476620 -6.057820 0.000000 0.000000 0.000000 0.689476 0.724309
976055508.977284 -1.412330 -5.997470 0.000000 0.000000 0.000000 0.700398 0.713752
976055508.987284 -1.409340 -5.941230 0.000000 0.000000 0.000000 0.678141 0.734932
976055508.997284 -1.404570 -5.880880 0.000000 0.000000 0.000000 0.675878 0.737014
976055509.427284 -1.378130 -5.533970 0.000000 0.000000 0.000000 0.678141 0.734932
976055509.437284 -1.374140 -5.477670 0.000000 0.000000 0.000000 0.680394 0.732847
976055509.577284 -1.369320 -5.418330 0.000000 0.000000 0.000000 0.678141 0.734932
976055510.957284 -1.364440 -5.359980 0.000000 0.000000 0.000000 0.678141 0.734932
976055512.827284 -1.349690 -5.186940 0.000000 0.000000 0.000000 0.673612 0.739085
976055512.837284 -1.348870 -4.925070 0.000000 0.000000 0.000000 0.705072 0.709135
976055512.977284 -1.353860 -4.519410 0.000000 0.000000 0.000000 0.713738 0.700413
976055513.257284 -1.354990 -4.460200 0.000000 0.000000 0.000000 0.711580 0.702605
976055513.377284 -1.355810 -4.403990 0.000000 0.000000 0.000000 0.711580 0.702605
976055513.757284 -1.356430 -4.349760 0.000000 0.000000 0.000000 0.711580 0.702605
976055513.797284 -1.358350 -4.292650 0.000000 0.000000 0.000000 0.713738 0.700413
976055514.157284 -1.359690 -4.231460 0.000000 0.000000 0.000000 0.715884 0.698219
976055514.207284 -1.362020 -4.170380 0.000000 0.000000 0.000000 0.720161 0.693807
976055514.407284 -1.364140 -4.111280 0.000000 0.000000 0.000000 0.722292 0.691589
976055514.857284 -1.366750 -4.057260 0.000000 0.000000 0.000000 0.724411 0.689368
976055515.537284 -1.415410 -3.806140 0.000000 0.000000 0.000000 0.723211 0.690627
976055518.247284 -1.416690 -3.748600 0.000000 0.000000 0.000000 0.703837 0.710361
976055518.257284 -1.414840 -3.691560 0.000000 0.000000 0.000000 0.683926 0.729552
976055518.267284 -1.409720 -3.636010 0.000000 0.000000 0.000000 0.665788 0.746141
976055518.277284 -1.401790 -3.578990 0.000000 0.000000 0.000000 0.649586 0.760288
976055518.287284 -1.397250 -3.550900 0.000000 0.000000 0.000000 0.644902 0.764265
976055518.297284 -1.387510 -3.492570 0.000000 0.000000 0.000000 0.642549 0.766245
976055518.307284 -1.377770 -3.434240 0.000000 0.000000 0.000000 0.642549 0.766245
976055518.317284 -1.367540 -3.378880 0.000000 0.000000 0.000000 0.642549 0.766245
976055518.327284 -1.347420 -3.266170 0.000000 0.000000 0.000000 0.642549 0.766245
976055518.337284 -1.342210 -3.235940 0.000000 0.000000 0.000000 0.640193 0.768214
976055518.347284 -1.331490 -3.177450 0.000000 0.000000 0.000000 0.640193 0.768214
976055518.357284 -1.321580 -3.120110 0.000000 0.000000 0.000000 0.640193 0.768214
976055518.807284 -1.312020 -3.066880 0.000000 0.000000 0.000000 0.640193 0.768214
976055518.837284 -1.316930 -2.825460 0.000000 0.000000 0.000000 0.683093 0.730331
976055519.257284 -1.314470 -2.769470 0.000000 0.000000 0.000000 0.696440 0.717615
976055519.397284 -1.315300 -2.681400 0.000000 0.000000 0.000000 0.724546 0.689227
976055519.997284 -1.319580 -2.622860 0.000000 0.000000 0.000000 0.732961 0.680270
976055520.627284 -1.327920 -2.506760 0.000000 0.000000 0.000000 0.735046 0.678017
976055522.747284 -1.335800 -2.419290 0.000000 0.000000 0.000000 0.735046 0.678017
976055522.757284 -1.349170 -2.245850 0.000000 0.000000 0.000000 0.724546 0.689227
976055523.507284 -1.425320 -1.753190 0.000000 0.000000 0.000000 0.730415 0.683003
976055523.627284 -1.435160 -1.599240 0.000000 0.000000 0.000000 0.726201 0.687482
976055523.717284 -1.438000 -1.542560 0.000000 0.000000 0.000000 0.726201 0.687482
976055524.807284 -1.441050 -1.495360 0.000000 0.000000 0.000000 0.726201 0.687482
976055524.897284 -1.448140 -1.204520 0.000000 0.000000 0.000000 0.682608 0.730785
976055527.497284 -1.443410 -1.148640 0.000000 0.000000 0.000000 0.680361 0.732877
976055527.507284 -1.488080 -0.809014 0.000000 0.000000 0.000000 0.737580 0.675259
976055527.677284 -1.521160 -0.471092 0.000000 0.000000 0.000000 0.743771 0.668434
976055528.297284 -1.526560 -0.419175 0.000000 0.000000 0.000000 0.745823 0.666144
976055528.947284 -1.534130 -0.360524 0.000000 0.000000 0.000000 0.745823 0.666144
976055529.397284 -1.654290 -0.083227 0.000000 0.000000 0.000000 0.773018 0.634384
976055529.527284 -1.656560 -0.068534 0.000000 0.000000 0.000000 0.761193 0.648526
976055532.537284 -1.656490 -0.070771 0.000000 0.000000 0.000000 0.751138 0.660145
976055532.557284 -1.657440 -0.069010 0.000000 0.000000 0.000000 0.742969 0.669326
976055532.567284 -1.657440 -0.069010 0.000000 0.000000 0.000000 0.730504 0.682908
976055532.577284 -1.657440 -0.069010 0.000000 0.000000 0.000000 0.711341 0.702847
976055532.587284 -1.656560 -0.068534 0.000000 0.000000 0.000000 0.666832 0.745208
976055532.597284 -1.656560 -0.068534 0.000000 0.000000 0.000000 0.648312 0.761375
976055532.607284 -1.656560 -0.068534 0.000000 0.000000 0.000000 0.631790 0.775140
976055532.617284 -1.657040 -0.067656 0.000000 0.000000 0.000000 0.607675 0.794186
976055532.627284 -1.656630 -0.066302 0.000000 0.000000 0.000000 0.582987 0.812482
976055532.637284 -1.578890 -0.033021 0.000000 0.000000 0.000000 0.592026 0.805919
976055532.647284 -1.578890 -0.033021 0.000000 0.000000 0.000000 0.577069 0.816696
976055532.827284 -1.578890 -0.033021 0.000000 0.000000 0.000000 0.556818 0.830635
976055532.897284 -1.574600 -0.026728 0.000000 0.000000 0.000000 0.453523 0.891245
976055533.307284 -1.574300 -0.025344 0.000000 0.000000 0.000000 0.439777 0.898107
976055533.517284 -1.571460 -0.022355 0.000000 0.000000 0.000000 0.378106 0.925762
976055533.947284 -1.526490 -0.060957 0.000000 0.000000 0.000000 0.367445 0.930045
976055534.137284 -1.526490 -0.060957 0.000000 0.000000 0.000000 0.321295 0.946979
976055536.717284 -1.525660 -0.060403 0.000000 0.000000 0.000000 0.292049 0.956403
976055536.727284 -1.459950 -0.085015 0.000000 0.000000 0.000000 0.083326 0.996522
976055536.887284 -1.218740 -0.073214 0.000000 0.000000 0.000000 0.018894 0.999821
976055537.307284 -1.170740 -0.071960 0.000000 0.000000 0.000000 0.012749 0.999919
976055537.577284 -1.125500 -0.070112 0.000000 0.000000 0.000000 0.009676 0.999953
976055537.687284 -0.998430 -0.067774 0.000000 0.000000 0.000000 0.003531 0.999994
976055538.107284 -0.931854 -0.067616 0.000000 0.000000 0.000000 0.000459 1.000000
976055538.827284 -0.878864 -0.066711 0.000000 0.000000 0.000000 -0.002614 0.999997
976055541.977284 -0.711889 -0.067161 0.000000 0.000000 0.000000 -0.005687 0.999984
976055541.987284 -0.646156 -0.067547 0.000000 0.000000 0.000000 -0.005687 0.999984
976055542.547284 -0.322783 -0.096767 0.000000 0.000000 0.000000 0.002892 0.999996
976055542.627284 -0.322783 -0.096767 0.000000 0.000000 0.000000 0.002892 0.999996
976055542.827284 -0.322783 -0.096767 0.000000 0.000000 0.000000 0.002892 0.999996
976055543.227284 -0.322783 -0.096767 0.000000 0.000000 0.000000 0.002892 0.999996
976055543.437284 -0.322783 -0.096767 0.000000 0.000000 0.000000 0.002892 0.999996
976055543.587284 -0.322783 -0.096767 0.000000 0.000000 0.000000 0.002892 0.999996
976055543.747284 -0.322783 -0.096767 0.000000 0.000000 0.000000 0.002892 0.999996
976055543.947284 -0.322783 -0.096767 0.000000 0.000000 0.000000 0.002892 0.999996
976055544.147284 -0.322783 -0.096767 0.000000 0.000000 0.000000 0.002892 0.999996
976055544.307284 -0.322783 -0.096767 0.000000 0.000000 0.000000 0.002892 0.999996
976055544.507284 -0.322783 -0.096767 0.000000 0.000000 0.000000 0.002892 0.999996
976055544.707284 -0.322783 -0.096767 0.000000 0.000000 0.000000 0.002892 0.999996
976055544.867284 -0.322783 -0.096767 0.000000 0.000000 0.000000 0.002892 0.999996
976055545.627284 -0.322783 -0.096767 0.000000 0.000000 0.000000 0.002892 0.999996
976055545.827284 -0.322783 -0.096767 0.000000 0.000000 0.000000 0.002892 0.999996
976055545.987284 -0.322783 -0.096767 0.000000 0.000000 0.000000 0.002892 0.999996
976055546.187284 -0.322783 -0.096767 0.000000 0.000000 0.000000 0.002892 0.999996
976055546.387284 -0.322783 -0.096767 0.000000 0.000000 0.000000 0.002892 0.999996
976055546.547284 -0.322783 -0.096767 0.000000 0.000000 0.000000 0.002892 0.999996
976055546.747284 -0.322783 -0.096767 0.000000 0.000000 0.000000 0.002892 0.999996
976055546.947284 -0.322783 -0.096767 0.000000 0.000000 0.000000 0.002892 0.999996
976055547.107284 -0.322783 -0.096767 0.000000 0.000000 0.000000 0.002892 0.999996
976055547.307284 -0.322783 -0.096767 0.000000 0.000000 0.000000 0.002892 0.999996
976055547.507284 -0.322783 -0.096767 0.000000 0.000000 0.000000 0.002892 0.999996
976055547.667284 -0.322783 -0.096767 0.000000 0.000000 0.000000 0.002892 0.999996
976055547.867284 -0.322783 -0.096767 0.000000 0.000000 0.000000 0.002892 0.999996
976055548.637284 -0.322783 -0.096767 0.000000 0.000000 0.000000 0.002892 0.999996
